id_note,id_eleve,matiere,note,trimestre
N000010,E0001,maths,12.08,1
N000011,E0001,francais,11.61,1
N000012,E0001,sciences,11.54,1
N000013,E0001,anglais,11.35,1
N000014,E0001,histoire_geographie,14.74,1
N000020,E0001,maths,10.65,2
N000021,E0001,francais,12.47,2
N000022,E0001,sciences,12.7,2
N000023,E0001,anglais,9.4,2
N000024,E0001,histoire_geographie,13.9,2
N000030,E0001,maths,11.53,3
N000031,E0001,francais,11.33,3
N000032,E0001,sciences,11.02,3
N000033,E0001,anglais,12.73,3
N000034,E0001,histoire_geographie,11.5,3
N000110,E0002,maths,10.61,1
N000111,E0002,francais,12.66,1
N000112,E0002,sciences,16.41,1
N000113,E0002,anglais,13.64,1
N000114,E0002,histoire_geographie,15.13,1
N000120,E0002,maths,11.81,2
N000121,E0002,francais,13.34,2
N000122,E0002,sciences,12.82,2
N000123,E0002,anglais,14.33,2
N000124,E0002,histoire_geographie,13.5,2
N000130,E0002,maths,14.54,3
N000131,E0002,francais,13.39,3
N000132,E0002,sciences,12.78,3
N000133,E0002,anglais,14.6,3
N000134,E0002,histoire_geographie,14.31,3
N000210,E0003,maths,6.63,1
N000211,E0003,francais,7.23,1
N000212,E0003,sciences,9.56,1
N000213,E0003,anglais,6.76,1
N000214,E0003,histoire_geographie,10.78,1
N000220,E0003,maths,6.08,2
N000221,E0003,francais,8.38,2
N000222,E0003,sciences,8.35,2
N000223,E0003,anglais,6.92,2
N000224,E0003,histoire_geographie,9.08,2
N000230,E0003,maths,7.81,3
N000231,E0003,francais,7.65,3
N000232,E0003,sciences,9.15,3
N000233,E0003,anglais,8.34,3
N000234,E0003,histoire_geographie,8.42,3
N000310,E0004,maths,4.15,1
N000311,E0004,francais,6.36,1
N000312,E0004,sciences,4.48,1
N000313,E0004,anglais,6.28,1
N000314,E0004,histoire_geographie,4.07,1
N000320,E0004,maths,2.94,2
N000321,E0004,francais,4.51,2
N000322,E0004,sciences,4.8,2
N000323,E0004,anglais,4.63,2
N000324,E0004,histoire_geographie,4.33,2
N000330,E0004,maths,4.34,3
N000331,E0004,francais,4.95,3
N000332,E0004,sciences,4.76,3
N000333,E0004,anglais,2.36,3
N000334,E0004,histoire_geographie,6.21,3
N000410,E0005,maths,10.0,1
N000411,E0005,francais,8.98,1
N000412,E0005,sciences,8.64,1
N000413,E0005,anglais,8.76,1
N000414,E0005,histoire_geographie,11.19,1
N000420,E0005,maths,8.3,2
N000421,E0005,francais,9.78,2
N000422,E0005,sciences,10.01,2
N000423,E0005,anglais,8.08,2
N000424,E0005,histoire_geographie,9.98,2
N000430,E0005,maths,7.63,3
N000431,E0005,francais,8.41,3
N000432,E0005,sciences,8.49,3
N000433,E0005,anglais,8.3,3
N000434,E0005,histoire_geographie,11.05,3
N000510,E0006,maths,5.73,1
N000511,E0006,francais,8.56,1
N000512,E0006,sciences,7.73,1
N000513,E0006,anglais,7.67,1
N000514,E0006,histoire_geographie,8.28,1
N000520,E0006,maths,8.27,2
N000521,E0006,francais,7.3,2
N000522,E0006,sciences,6.07,2
N000523,E0006,anglais,6.54,2
N000524,E0006,histoire_geographie,6.97,2
N000530,E0006,maths,7.43,3
N000531,E0006,francais,7.26,3
N000532,E0006,sciences,4.02,3
N000533,E0006,anglais,6.92,3
N000534,E0006,histoire_geographie,8.68,3
N000610,E0007,maths,6.48,1
N000611,E0007,francais,9.98,1
N000612,E0007,sciences,7.39,1
N000613,E0007,anglais,7.65,1
N000614,E0007,histoire_geographie,8.41,1
N000620,E0007,maths,5.94,2
N000621,E0007,francais,9.8,2
N000622,E0007,sciences,10.03,2
N000623,E0007,anglais,7.24,2
N000624,E0007,histoire_geographie,10.4,2
N000630,E0007,maths,7.75,3
N000631,E0007,francais,7.97,3
N000632,E0007,sciences,8.85,3
N000633,E0007,anglais,8.36,3
N000634,E0007,histoire_geographie,8.44,3
N000710,E0008,maths,12.9,1
N000711,E0008,francais,14.36,1
N000712,E0008,sciences,13.42,1
N000713,E0008,anglais,11.48,1
N000714,E0008,histoire_geographie,15.37,1
N000720,E0008,maths,11.86,2
N000721,E0008,francais,13.58,2
N000722,E0008,sciences,11.78,2
N000723,E0008,anglais,12.32,2
N000724,E0008,histoire_geographie,13.09,2
N000730,E0008,maths,10.77,3
N000731,E0008,francais,13.26,3
N000732,E0008,sciences,12.91,3
N000733,E0008,anglais,14.73,3
N000734,E0008,histoire_geographie,13.41,3
N000810,E0009,maths,16.09,1
N000811,E0009,francais,13.74,1
N000812,E0009,sciences,13.49,1
N000813,E0009,anglais,16.66,1
N000814,E0009,histoire_geographie,13.72,1
N000820,E0009,maths,14.3,2
N000821,E0009,francais,14.1,2
N000822,E0009,sciences,12.98,2
N000823,E0009,anglais,13.39,2
N000824,E0009,histoire_geographie,14.85,2
N000830,E0009,maths,12.56,3
N000831,E0009,francais,13.78,3
N000832,E0009,sciences,12.83,3
N000833,E0009,anglais,13.12,3
N000834,E0009,histoire_geographie,13.2,3
N000910,E0010,maths,9.98,1
N000911,E0010,francais,10.87,1
N000912,E0010,sciences,10.37,1
N000913,E0010,anglais,9.79,1
N000914,E0010,histoire_geographie,8.77,1
N000920,E0010,maths,9.72,2
N000921,E0010,francais,7.98,2
N000922,E0010,sciences,10.89,2
N000923,E0010,anglais,9.98,2
N000924,E0010,histoire_geographie,11.29,2
N000930,E0010,maths,10.48,3
N000931,E0010,francais,11.4,3
N000932,E0010,sciences,10.17,3
N000933,E0010,anglais,8.99,3
N000934,E0010,histoire_geographie,11.77,3
N001010,E0011,maths,4.52,1
N001011,E0011,francais,6.03,1
N001012,E0011,sciences,3.8,1
N001013,E0011,anglais,3.72,1
N001014,E0011,histoire_geographie,6.18,1
N001020,E0011,maths,4.9,2
N001021,E0011,francais,5.07,2
N001022,E0011,sciences,6.84,2
N001023,E0011,anglais,5.36,2
N001024,E0011,histoire_geographie,7.33,2
N001030,E0011,maths,5.65,3
N001031,E0011,francais,5.7,3
N001032,E0011,sciences,6.85,3
N001033,E0011,anglais,6.21,3
N001034,E0011,histoire_geographie,7.37,3
N001110,E0012,maths,5.28,1
N001111,E0012,francais,6.42,1
N001112,E0012,sciences,5.63,1
N001113,E0012,anglais,5.79,1
N001114,E0012,histoire_geographie,7.15,1
N001120,E0012,maths,7.47,2
N001121,E0012,francais,7.26,2
N001122,E0012,sciences,6.46,2
N001123,E0012,anglais,4.72,2
N001124,E0012,histoire_geographie,6.48,2
N001130,E0012,maths,6.88,3
N001131,E0012,francais,6.3,3
N001132,E0012,sciences,5.7,3
N001133,E0012,anglais,8.21,3
N001134,E0012,histoire_geographie,7.72,3
N001210,E0013,maths,8.18,1
N001211,E0013,francais,11.96,1
N001212,E0013,sciences,11.79,1
N001213,E0013,anglais,10.16,1
N001214,E0013,histoire_geographie,13.0,1
N001220,E0013,maths,9.9,2
N001221,E0013,francais,11.13,2
N001222,E0013,sciences,9.16,2
N001223,E0013,anglais,12.67,2
N001224,E0013,histoire_geographie,12.0,2
N001230,E0013,maths,10.57,3
N001231,E0013,francais,14.37,3
N001232,E0013,sciences,12.09,3
N001233,E0013,anglais,11.31,3
N001234,E0013,histoire_geographie,12.43,3
N001310,E0014,maths,10.13,1
N001311,E0014,francais,11.06,1
N001312,E0014,sciences,8.62,1
N001313,E0014,anglais,10.73,1
N001314,E0014,histoire_geographie,12.07,1
N001320,E0014,maths,11.24,2
N001321,E0014,francais,11.26,2
N001322,E0014,sciences,9.69,2
N001323,E0014,anglais,10.04,2
N001324,E0014,histoire_geographie,9.62,2
N001330,E0014,maths,8.27,3
N001331,E0014,francais,9.01,3
N001332,E0014,sciences,10.7,3
N001333,E0014,anglais,11.43,3
N001334,E0014,histoire_geographie,11.63,3
N001410,E0015,maths,6.0,1
N001411,E0015,francais,7.48,1
N001412,E0015,sciences,6.29,1
N001413,E0015,anglais,7.16,1
N001414,E0015,histoire_geographie,8.65,1
N001420,E0015,maths,5.88,2
N001421,E0015,francais,6.63,2
N001422,E0015,sciences,6.85,2
N001423,E0015,anglais,4.4,2
N001424,E0015,histoire_geographie,4.68,2
N001430,E0015,maths,5.88,3
N001431,E0015,francais,7.98,3
N001432,E0015,sciences,5.04,3
N001433,E0015,anglais,7.62,3
N001434,E0015,histoire_geographie,8.04,3
N001510,E0016,maths,8.73,1
N001511,E0016,francais,9.71,1
N001512,E0016,sciences,10.12,1
N001513,E0016,anglais,9.43,1
N001514,E0016,histoire_geographie,9.34,1
N001520,E0016,maths,8.98,2
N001521,E0016,francais,11.1,2
N001522,E0016,sciences,9.8,2
N001523,E0016,anglais,9.65,2
N001524,E0016,histoire_geographie,9.95,2
N001530,E0016,maths,8.25,3
N001531,E0016,francais,8.68,3
N001532,E0016,sciences,8.64,3
N001533,E0016,anglais,11.2,3
N001534,E0016,histoire_geographie,10.26,3
N001610,E0017,maths,7.96,1
N001611,E0017,francais,7.83,1
N001612,E0017,sciences,11.53,1
N001613,E0017,anglais,7.64,1
N001614,E0017,histoire_geographie,8.17,1
N001620,E0017,maths,8.76,2
N001621,E0017,francais,8.5,2
N001622,E0017,sciences,10.02,2
N001623,E0017,anglais,9.47,2
N001624,E0017,histoire_geographie,9.6,2
N001630,E0017,maths,8.55,3
N001631,E0017,francais,8.88,3
N001632,E0017,sciences,8.38,3
N001633,E0017,anglais,9.29,3
N001634,E0017,histoire_geographie,10.6,3
N001710,E0018,maths,10.82,1
N001711,E0018,francais,10.64,1
N001712,E0018,sciences,9.57,1
N001713,E0018,anglais,8.9,1
N001714,E0018,histoire_geographie,11.58,1
N001720,E0018,maths,8.76,2
N001721,E0018,francais,10.66,2
N001722,E0018,sciences,12.09,2
N001723,E0018,anglais,10.14,2
N001724,E0018,histoire_geographie,10.44,2
N001730,E0018,maths,9.51,3
N001731,E0018,francais,9.94,3
N001732,E0018,sciences,9.79,3
N001733,E0018,anglais,9.58,3
N001734,E0018,histoire_geographie,11.53,3
N001810,E0019,maths,6.75,1
N001811,E0019,francais,9.97,1
N001812,E0019,sciences,9.73,1
N001813,E0019,anglais,8.36,1
N001814,E0019,histoire_geographie,7.97,1
N001820,E0019,maths,7.33,2
N001821,E0019,francais,8.1,2
N001822,E0019,sciences,8.17,2
N001823,E0019,anglais,6.85,2
N001824,E0019,histoire_geographie,10.05,2
N001830,E0019,maths,8.8,3
N001831,E0019,francais,8.96,3
N001832,E0019,sciences,8.08,3
N001833,E0019,anglais,7.89,3
N001834,E0019,histoire_geographie,10.25,3
N001910,E0020,maths,7.62,1
N001911,E0020,francais,8.16,1
N001912,E0020,sciences,9.37,1
N001913,E0020,anglais,10.79,1
N001914,E0020,histoire_geographie,7.67,1
N001920,E0020,maths,6.53,2
N001921,E0020,francais,10.99,2
N001922,E0020,sciences,9.57,2
N001923,E0020,anglais,8.24,2
N001924,E0020,histoire_geographie,9.94,2
N001930,E0020,maths,6.93,3
N001931,E0020,francais,9.34,3
N001932,E0020,sciences,7.97,3
N001933,E0020,anglais,9.04,3
N001934,E0020,histoire_geographie,9.2,3
N002010,E0021,maths,6.73,1
N002011,E0021,francais,7.3,1
N002012,E0021,sciences,8.79,1
N002013,E0021,anglais,9.74,1
N002014,E0021,histoire_geographie,8.35,1
N002020,E0021,maths,6.56,2
N002021,E0021,francais,9.46,2
N002022,E0021,sciences,7.8,2
N002023,E0021,anglais,8.64,2
N002024,E0021,histoire_geographie,10.13,2
N002030,E0021,maths,6.91,3
N002031,E0021,francais,9.14,3
N002032,E0021,sciences,7.92,3
N002033,E0021,anglais,8.95,3
N002034,E0021,histoire_geographie,9.41,3
N002110,E0022,maths,7.82,1
N002111,E0022,francais,10.03,1
N002112,E0022,sciences,10.77,1
N002113,E0022,anglais,7.21,1
N002114,E0022,histoire_geographie,9.84,1
N002120,E0022,maths,10.31,2
N002121,E0022,francais,9.71,2
N002122,E0022,sciences,8.66,2
N002123,E0022,anglais,7.17,2
N002124,E0022,histoire_geographie,10.29,2
N002130,E0022,maths,7.19,3
N002131,E0022,francais,8.95,3
N002132,E0022,sciences,8.26,3
N002133,E0022,anglais,9.0,3
N002134,E0022,histoire_geographie,12.64,3
N002210,E0023,maths,9.6,1
N002211,E0023,francais,10.64,1
N002212,E0023,sciences,9.61,1
N002213,E0023,anglais,6.7,1
N002214,E0023,histoire_geographie,9.56,1
N002220,E0023,maths,9.6,2
N002221,E0023,francais,10.04,2
N002222,E0023,sciences,10.37,2
N002223,E0023,anglais,10.16,2
N002224,E0023,histoire_geographie,11.38,2
N002230,E0023,maths,8.78,3
N002231,E0023,francais,10.33,3
N002232,E0023,sciences,8.94,3
N002233,E0023,anglais,8.28,3
N002234,E0023,histoire_geographie,11.28,3
N002310,E0024,maths,8.08,1
N002311,E0024,francais,7.68,1
N002312,E0024,sciences,6.03,1
N002313,E0024,anglais,7.39,1
N002314,E0024,histoire_geographie,8.74,1
N002320,E0024,maths,6.73,2
N002321,E0024,francais,10.97,2
N002322,E0024,sciences,6.78,2
N002323,E0024,anglais,6.3,2
N002324,E0024,histoire_geographie,9.41,2
N002330,E0024,maths,9.23,3
N002331,E0024,francais,9.12,3
N002332,E0024,sciences,9.23,3
N002333,E0024,anglais,8.71,3
N002334,E0024,histoire_geographie,9.45,3
N002410,E0025,maths,6.72,1
N002411,E0025,francais,6.09,1
N002412,E0025,sciences,6.46,1
N002413,E0025,anglais,4.15,1
N002414,E0025,histoire_geographie,8.39,1
N002420,E0025,maths,5.92,2
N002421,E0025,francais,5.64,2
N002422,E0025,sciences,6.26,2
N002423,E0025,anglais,4.07,2
N002424,E0025,histoire_geographie,9.25,2
N002430,E0025,maths,6.01,3
N002431,E0025,francais,7.16,3
N002432,E0025,sciences,6.23,3
N002433,E0025,anglais,7.92,3
N002434,E0025,histoire_geographie,9.23,3
N002510,E0026,maths,8.24,1
N002511,E0026,francais,6.91,1
N002512,E0026,sciences,7.9,1
N002513,E0026,anglais,7.18,1
N002514,E0026,histoire_geographie,8.8,1
N002520,E0026,maths,6.21,2
N002521,E0026,francais,9.13,2
N002522,E0026,sciences,7.51,2
N002523,E0026,anglais,5.82,2
N002524,E0026,histoire_geographie,9.05,2
N002530,E0026,maths,7.6,3
N002531,E0026,francais,8.71,3
N002532,E0026,sciences,10.32,3
N002533,E0026,anglais,7.06,3
N002534,E0026,histoire_geographie,11.37,3
N002610,E0027,maths,5.97,1
N002611,E0027,francais,6.95,1
N002612,E0027,sciences,6.29,1
N002613,E0027,anglais,7.1,1
N002614,E0027,histoire_geographie,8.42,1
N002620,E0027,maths,7.53,2
N002621,E0027,francais,5.36,2
N002622,E0027,sciences,6.04,2
N002623,E0027,anglais,5.39,2
N002624,E0027,histoire_geographie,8.2,2
N002630,E0027,maths,6.82,3
N002631,E0027,francais,6.08,3
N002632,E0027,sciences,6.24,3
N002633,E0027,anglais,5.67,3
N002634,E0027,histoire_geographie,7.98,3
N002710,E0028,maths,6.93,1
N002711,E0028,francais,5.69,1
N002712,E0028,sciences,8.88,1
N002713,E0028,anglais,5.45,1
N002714,E0028,histoire_geographie,9.52,1
N002720,E0028,maths,7.91,2
N002721,E0028,francais,7.63,2
N002722,E0028,sciences,7.46,2
N002723,E0028,anglais,7.26,2
N002724,E0028,histoire_geographie,7.02,2
N002730,E0028,maths,5.96,3
N002731,E0028,francais,7.81,3
N002732,E0028,sciences,9.44,3
N002733,E0028,anglais,5.46,3
N002734,E0028,histoire_geographie,5.71,3
N002810,E0029,maths,8.67,1
N002811,E0029,francais,7.65,1
N002812,E0029,sciences,8.51,1
N002813,E0029,anglais,8.81,1
N002814,E0029,histoire_geographie,8.93,1
N002820,E0029,maths,10.29,2
N002821,E0029,francais,9.54,2
N002822,E0029,sciences,10.14,2
N002823,E0029,anglais,9.92,2
N002824,E0029,histoire_geographie,9.24,2
N002830,E0029,maths,7.76,3
N002831,E0029,francais,9.28,3
N002832,E0029,sciences,9.25,3
N002833,E0029,anglais,10.63,3
N002834,E0029,histoire_geographie,10.62,3
N002910,E0030,maths,6.32,1
N002911,E0030,francais,6.64,1
N002912,E0030,sciences,5.97,1
N002913,E0030,anglais,4.55,1
N002914,E0030,histoire_geographie,6.62,1
N002920,E0030,maths,7.22,2
N002921,E0030,francais,5.19,2
N002922,E0030,sciences,4.66,2
N002923,E0030,anglais,5.9,2
N002924,E0030,histoire_geographie,7.61,2
N002930,E0030,maths,3.48,3
N002931,E0030,francais,6.82,3
N002932,E0030,sciences,6.25,3
N002933,E0030,anglais,4.01,3
N002934,E0030,histoire_geographie,9.43,3
N003010,E0031,maths,11.14,1
N003011,E0031,francais,12.05,1
N003012,E0031,sciences,12.49,1
N003013,E0031,anglais,10.84,1
N003014,E0031,histoire_geographie,13.77,1
N003020,E0031,maths,10.74,2
N003021,E0031,francais,13.47,2
N003022,E0031,sciences,12.41,2
N003023,E0031,anglais,12.32,2
N003024,E0031,histoire_geographie,12.86,2
N003030,E0031,maths,13.02,3
N003031,E0031,francais,12.0,3
N003032,E0031,sciences,13.67,3
N003033,E0031,anglais,11.43,3
N003034,E0031,histoire_geographie,13.3,3
N003110,E0032,maths,9.16,1
N003111,E0032,francais,9.21,1
N003112,E0032,sciences,9.95,1
N003113,E0032,anglais,9.68,1
N003114,E0032,histoire_geographie,9.62,1
N003120,E0032,maths,9.36,2
N003121,E0032,francais,9.55,2
N003122,E0032,sciences,8.54,2
N003123,E0032,anglais,9.57,2
N003124,E0032,histoire_geographie,6.83,2
N003130,E0032,maths,9.0,3
N003131,E0032,francais,8.19,3
N003132,E0032,sciences,7.87,3
N003133,E0032,anglais,9.18,3
N003134,E0032,histoire_geographie,9.91,3
N003210,E0033,maths,7.85,1
N003211,E0033,francais,9.58,1
N003212,E0033,sciences,7.29,1
N003213,E0033,anglais,8.7,1
N003214,E0033,histoire_geographie,9.31,1
N003220,E0033,maths,7.42,2
N003221,E0033,francais,9.07,2
N003222,E0033,sciences,9.02,2
N003223,E0033,anglais,6.96,2
N003224,E0033,histoire_geographie,8.9,2
N003230,E0033,maths,9.28,3
N003231,E0033,francais,6.63,3
N003232,E0033,sciences,6.76,3
N003233,E0033,anglais,6.63,3
N003234,E0033,histoire_geographie,12.0,3
N003310,E0034,maths,8.33,1
N003311,E0034,francais,10.49,1
N003312,E0034,sciences,10.1,1
N003313,E0034,anglais,6.98,1
N003314,E0034,histoire_geographie,11.69,1
N003320,E0034,maths,8.46,2
N003321,E0034,francais,10.2,2
N003322,E0034,sciences,9.98,2
N003323,E0034,anglais,10.15,2
N003324,E0034,histoire_geographie,7.84,2
N003330,E0034,maths,9.53,3
N003331,E0034,francais,10.37,3
N003332,E0034,sciences,10.83,3
N003333,E0034,anglais,9.65,3
N003334,E0034,histoire_geographie,10.33,3
N003410,E0035,maths,6.58,1
N003411,E0035,francais,6.38,1
N003412,E0035,sciences,5.86,1
N003413,E0035,anglais,5.46,1
N003414,E0035,histoire_geographie,7.73,1
N003420,E0035,maths,6.47,2
N003421,E0035,francais,6.19,2
N003422,E0035,sciences,8.16,2
N003423,E0035,anglais,7.6,2
N003424,E0035,histoire_geographie,8.75,2
N003430,E0035,maths,8.16,3
N003431,E0035,francais,7.29,3
N003432,E0035,sciences,6.67,3
N003433,E0035,anglais,5.72,3
N003434,E0035,histoire_geographie,9.16,3
N003510,E0036,maths,8.12,1
N003511,E0036,francais,9.63,1
N003512,E0036,sciences,9.42,1
N003513,E0036,anglais,7.88,1
N003514,E0036,histoire_geographie,9.87,1
N003520,E0036,maths,7.66,2
N003521,E0036,francais,9.15,2
N003522,E0036,sciences,7.37,2
N003523,E0036,anglais,9.76,2
N003524,E0036,histoire_geographie,9.89,2
N003530,E0036,maths,8.03,3
N003531,E0036,francais,10.06,3
N003532,E0036,sciences,7.16,3
N003533,E0036,anglais,8.41,3
N003534,E0036,histoire_geographie,11.05,3
N003610,E0037,maths,12.18,1
N003611,E0037,francais,11.71,1
N003612,E0037,sciences,13.44,1
N003613,E0037,anglais,12.1,1
N003614,E0037,histoire_geographie,15.56,1
N003620,E0037,maths,9.48,2
N003621,E0037,francais,12.37,2
N003622,E0037,sciences,10.49,2
N003623,E0037,anglais,9.72,2
N003624,E0037,histoire_geographie,13.11,2
N003630,E0037,maths,13.28,3
N003631,E0037,francais,14.1,3
N003632,E0037,sciences,12.51,3
N003633,E0037,anglais,12.03,3
N003634,E0037,histoire_geographie,13.76,3
N003710,E0038,maths,8.46,1
N003711,E0038,francais,10.14,1
N003712,E0038,sciences,9.12,1
N003713,E0038,anglais,8.3,1
N003714,E0038,histoire_geographie,9.42,1
N003720,E0038,maths,9.66,2
N003721,E0038,francais,8.92,2
N003722,E0038,sciences,9.45,2
N003723,E0038,anglais,7.73,2
N003724,E0038,histoire_geographie,10.09,2
N003730,E0038,maths,11.04,3
N003731,E0038,francais,13.14,3
N003732,E0038,sciences,9.62,3
N003733,E0038,anglais,8.78,3
N003734,E0038,histoire_geographie,11.54,3
N003810,E0039,maths,11.98,1
N003811,E0039,francais,10.42,1
N003812,E0039,sciences,11.78,1
N003813,E0039,anglais,11.11,1
N003814,E0039,histoire_geographie,11.94,1
N003820,E0039,maths,13.27,2
N003821,E0039,francais,11.84,2
N003822,E0039,sciences,13.13,2
N003823,E0039,anglais,10.24,2
N003824,E0039,histoire_geographie,12.12,2
N003830,E0039,maths,11.15,3
N003831,E0039,francais,11.6,3
N003832,E0039,sciences,11.42,3
N003833,E0039,anglais,12.17,3
N003834,E0039,histoire_geographie,13.28,3
N003910,E0040,maths,13.7,1
N003911,E0040,francais,14.71,1
N003912,E0040,sciences,15.98,1
N003913,E0040,anglais,14.39,1
N003914,E0040,histoire_geographie,15.06,1
N003920,E0040,maths,13.85,2
N003921,E0040,francais,14.15,2
N003922,E0040,sciences,12.37,2
N003923,E0040,anglais,13.8,2
N003924,E0040,histoire_geographie,15.09,2
N003930,E0040,maths,13.44,3
N003931,E0040,francais,14.08,3
N003932,E0040,sciences,15.79,3
N003933,E0040,anglais,15.16,3
N003934,E0040,histoire_geographie,12.32,3
N004010,E0041,maths,7.04,1
N004011,E0041,francais,8.78,1
N004012,E0041,sciences,10.3,1
N004013,E0041,anglais,8.78,1
N004014,E0041,histoire_geographie,10.48,1
N004020,E0041,maths,10.78,2
N004021,E0041,francais,10.06,2
N004022,E0041,sciences,9.87,2
N004023,E0041,anglais,7.96,2
N004024,E0041,histoire_geographie,10.6,2
N004030,E0041,maths,7.84,3
N004031,E0041,francais,9.12,3
N004032,E0041,sciences,9.69,3
N004033,E0041,anglais,9.38,3
N004034,E0041,histoire_geographie,9.4,3
N004110,E0042,maths,10.62,1
N004111,E0042,francais,10.76,1
N004112,E0042,sciences,14.49,1
N004113,E0042,anglais,8.69,1
N004114,E0042,histoire_geographie,13.62,1
N004120,E0042,maths,12.75,2
N004121,E0042,francais,11.97,2
N004122,E0042,sciences,12.48,2
N004123,E0042,anglais,11.53,2
N004124,E0042,histoire_geographie,11.68,2
N004130,E0042,maths,11.16,3
N004131,E0042,francais,13.19,3
N004132,E0042,sciences,10.85,3
N004133,E0042,anglais,11.25,3
N004134,E0042,histoire_geographie,11.6,3
N004210,E0043,maths,8.67,1
N004211,E0043,francais,9.49,1
N004212,E0043,sciences,10.07,1
N004213,E0043,anglais,7.63,1
N004214,E0043,histoire_geographie,10.25,1
N004220,E0043,maths,9.36,2
N004221,E0043,francais,11.2,2
N004222,E0043,sciences,12.59,2
N004223,E0043,anglais,9.36,2
N004224,E0043,histoire_geographie,9.45,2
N004230,E0043,maths,11.49,3
N004231,E0043,francais,9.78,3
N004232,E0043,sciences,11.84,3
N004233,E0043,anglais,8.73,3
N004234,E0043,histoire_geographie,10.21,3
N004310,E0044,maths,11.79,1
N004311,E0044,francais,13.6,1
N004312,E0044,sciences,13.41,1
N004313,E0044,anglais,11.74,1
N004314,E0044,histoire_geographie,12.89,1
N004320,E0044,maths,11.75,2
N004321,E0044,francais,14.06,2
N004322,E0044,sciences,12.81,2
N004323,E0044,anglais,13.45,2
N004324,E0044,histoire_geographie,13.16,2
N004330,E0044,maths,13.25,3
N004331,E0044,francais,14.09,3
N004332,E0044,sciences,11.78,3
N004333,E0044,anglais,10.75,3
N004334,E0044,histoire_geographie,11.17,3
N004410,E0045,maths,9.83,1
N004411,E0045,francais,10.48,1
N004412,E0045,sciences,11.57,1
N004413,E0045,anglais,10.62,1
N004414,E0045,histoire_geographie,9.3,1
N004420,E0045,maths,9.83,2
N004421,E0045,francais,12.08,2
N004422,E0045,sciences,9.54,2
N004423,E0045,anglais,10.28,2
N004424,E0045,histoire_geographie,9.5,2
N004430,E0045,maths,10.08,3
N004431,E0045,francais,10.77,3
N004432,E0045,sciences,7.98,3
N004433,E0045,anglais,8.77,3
N004434,E0045,histoire_geographie,9.86,3
N004510,E0046,maths,12.58,1
N004511,E0046,francais,9.11,1
N004512,E0046,sciences,10.05,1
N004513,E0046,anglais,9.98,1
N004514,E0046,histoire_geographie,13.32,1
N004520,E0046,maths,9.02,2
N004521,E0046,francais,10.66,2
N004522,E0046,sciences,10.58,2
N004523,E0046,anglais,8.48,2
N004524,E0046,histoire_geographie,10.6,2
N004530,E0046,maths,10.14,3
N004531,E0046,francais,9.19,3
N004532,E0046,sciences,9.89,3
N004533,E0046,anglais,10.83,3
N004534,E0046,histoire_geographie,10.13,3
N004610,E0047,maths,14.35,1
N004611,E0047,francais,13.41,1
N004612,E0047,sciences,13.47,1
N004613,E0047,anglais,11.42,1
N004614,E0047,histoire_geographie,13.43,1
N004620,E0047,maths,11.08,2
N004621,E0047,francais,12.61,2
N004622,E0047,sciences,13.29,2
N004623,E0047,anglais,13.47,2
N004624,E0047,histoire_geographie,11.34,2
N004630,E0047,maths,13.62,3
N004631,E0047,francais,14.0,3
N004632,E0047,sciences,14.89,3
N004633,E0047,anglais,12.44,3
N004634,E0047,histoire_geographie,14.55,3
N004710,E0048,maths,4.46,1
N004711,E0048,francais,4.47,1
N004712,E0048,sciences,5.65,1
N004713,E0048,anglais,6.34,1
N004714,E0048,histoire_geographie,4.56,1
N004720,E0048,maths,7.67,2
N004721,E0048,francais,4.18,2
N004722,E0048,sciences,6.48,2
N004723,E0048,anglais,5.45,2
N004724,E0048,histoire_geographie,6.73,2
N004730,E0048,maths,5.79,3
N004731,E0048,francais,6.77,3
N004732,E0048,sciences,6.91,3
N004733,E0048,anglais,4.45,3
N004734,E0048,histoire_geographie,6.62,3
N004810,E0049,maths,11.51,1
N004811,E0049,francais,11.65,1
N004812,E0049,sciences,12.76,1
N004813,E0049,anglais,10.12,1
N004814,E0049,histoire_geographie,12.43,1
N004820,E0049,maths,11.82,2
N004821,E0049,francais,11.34,2
N004822,E0049,sciences,10.09,2
N004823,E0049,anglais,12.04,2
N004824,E0049,histoire_geographie,10.6,2
N004830,E0049,maths,12.02,3
N004831,E0049,francais,11.91,3
N004832,E0049,sciences,10.59,3
N004833,E0049,anglais,9.3,3
N004834,E0049,histoire_geographie,9.27,3
N004910,E0050,maths,7.69,1
N004911,E0050,francais,10.81,1
N004912,E0050,sciences,6.31,1
N004913,E0050,anglais,6.4,1
N004914,E0050,histoire_geographie,8.55,1
N004920,E0050,maths,6.43,2
N004921,E0050,francais,9.14,2
N004922,E0050,sciences,6.92,2
N004923,E0050,anglais,7.04,2
N004924,E0050,histoire_geographie,8.4,2
N004930,E0050,maths,7.84,3
N004931,E0050,francais,11.47,3
N004932,E0050,sciences,8.62,3
N004933,E0050,anglais,8.37,3
N004934,E0050,histoire_geographie,7.51,3
N005010,E0051,maths,12.27,1
N005011,E0051,francais,12.46,1
N005012,E0051,sciences,11.51,1
N005013,E0051,anglais,10.89,1
N005014,E0051,histoire_geographie,13.43,1
N005020,E0051,maths,9.59,2
N005021,E0051,francais,11.5,2
N005022,E0051,sciences,11.98,2
N005023,E0051,anglais,11.64,2
N005024,E0051,histoire_geographie,11.02,2
N005030,E0051,maths,11.78,3
N005031,E0051,francais,11.07,3
N005032,E0051,sciences,11.86,3
N005033,E0051,anglais,12.15,3
N005034,E0051,histoire_geographie,12.18,3
N005110,E0052,maths,13.6,1
N005111,E0052,francais,14.34,1
N005112,E0052,sciences,12.88,1
N005113,E0052,anglais,13.19,1
N005114,E0052,histoire_geographie,11.6,1
N005120,E0052,maths,13.96,2
N005121,E0052,francais,13.05,2
N005122,E0052,sciences,11.92,2
N005123,E0052,anglais,13.57,2
N005124,E0052,histoire_geographie,15.18,2
N005130,E0052,maths,10.97,3
N005131,E0052,francais,13.14,3
N005132,E0052,sciences,13.84,3
N005133,E0052,anglais,14.43,3
N005134,E0052,histoire_geographie,13.19,3
N005210,E0053,maths,9.92,1
N005211,E0053,francais,8.57,1
N005212,E0053,sciences,11.79,1
N005213,E0053,anglais,10.37,1
N005214,E0053,histoire_geographie,11.14,1
N005220,E0053,maths,11.39,2
N005221,E0053,francais,10.35,2
N005222,E0053,sciences,10.0,2
N005223,E0053,anglais,11.17,2
N005224,E0053,histoire_geographie,10.63,2
N005230,E0053,maths,8.93,3
N005231,E0053,francais,12.18,3
N005232,E0053,sciences,9.11,3
N005233,E0053,anglais,9.71,3
N005234,E0053,histoire_geographie,13.04,3
N005310,E0054,maths,8.76,1
N005311,E0054,francais,8.83,1
N005312,E0054,sciences,7.45,1
N005313,E0054,anglais,8.76,1
N005314,E0054,histoire_geographie,10.89,1
N005320,E0054,maths,10.24,2
N005321,E0054,francais,9.61,2
N005322,E0054,sciences,8.62,2
N005323,E0054,anglais,8.21,2
N005324,E0054,histoire_geographie,10.5,2
N005330,E0054,maths,9.01,3
N005331,E0054,francais,9.3,3
N005332,E0054,sciences,7.58,3
N005333,E0054,anglais,10.55,3
N005334,E0054,histoire_geographie,8.57,3
N005410,E0055,maths,10.11,1
N005411,E0055,francais,12.66,1
N005412,E0055,sciences,9.97,1
N005413,E0055,anglais,12.61,1
N005414,E0055,histoire_geographie,10.57,1
N005420,E0055,maths,12.19,2
N005421,E0055,francais,12.34,2
N005422,E0055,sciences,12.44,2
N005423,E0055,anglais,12.06,2
N005424,E0055,histoire_geographie,11.82,2
N005430,E0055,maths,9.57,3
N005431,E0055,francais,11.96,3
N005432,E0055,sciences,10.65,3
N005433,E0055,anglais,10.99,3
N005434,E0055,histoire_geographie,11.56,3
N005510,E0056,maths,9.01,1
N005511,E0056,francais,9.88,1
N005512,E0056,sciences,12.32,1
N005513,E0056,anglais,8.14,1
N005514,E0056,histoire_geographie,10.15,1
N005520,E0056,maths,9.72,2
N005521,E0056,francais,11.0,2
N005522,E0056,sciences,9.83,2
N005523,E0056,anglais,11.96,2
N005524,E0056,histoire_geographie,9.64,2
N005530,E0056,maths,10.17,3
N005531,E0056,francais,9.89,3
N005532,E0056,sciences,11.3,3
N005533,E0056,anglais,9.27,3
N005534,E0056,histoire_geographie,10.9,3
N005610,E0057,maths,8.37,1
N005611,E0057,francais,12.63,1
N005612,E0057,sciences,11.39,1
N005613,E0057,anglais,11.96,1
N005614,E0057,histoire_geographie,12.86,1
N005620,E0057,maths,12.61,2
N005621,E0057,francais,11.41,2
N005622,E0057,sciences,14.02,2
N005623,E0057,anglais,10.42,2
N005624,E0057,histoire_geographie,11.71,2
N005630,E0057,maths,9.6,3
N005631,E0057,francais,9.22,3
N005632,E0057,sciences,13.22,3
N005633,E0057,anglais,12.89,3
N005634,E0057,histoire_geographie,12.78,3
N005710,E0058,maths,10.18,1
N005711,E0058,francais,9.33,1
N005712,E0058,sciences,10.98,1
N005713,E0058,anglais,10.1,1
N005714,E0058,histoire_geographie,11.54,1
N005720,E0058,maths,9.44,2
N005721,E0058,francais,11.29,2
N005722,E0058,sciences,9.99,2
N005723,E0058,anglais,11.47,2
N005724,E0058,histoire_geographie,10.98,2
N005730,E0058,maths,10.47,3
N005731,E0058,francais,12.01,3
N005732,E0058,sciences,12.21,3
N005733,E0058,anglais,10.74,3
N005734,E0058,histoire_geographie,12.95,3
N005810,E0059,maths,11.54,1
N005811,E0059,francais,12.73,1
N005812,E0059,sciences,12.07,1
N005813,E0059,anglais,12.13,1
N005814,E0059,histoire_geographie,11.66,1
N005820,E0059,maths,10.21,2
N005821,E0059,francais,12.87,2
N005822,E0059,sciences,12.89,2
N005823,E0059,anglais,12.05,2
N005824,E0059,histoire_geographie,11.98,2
N005830,E0059,maths,12.61,3
N005831,E0059,francais,11.34,3
N005832,E0059,sciences,13.91,3
N005833,E0059,anglais,9.52,3
N005834,E0059,histoire_geographie,14.66,3
N005910,E0060,maths,13.26,1
N005911,E0060,francais,13.4,1
N005912,E0060,sciences,11.76,1
N005913,E0060,anglais,14.25,1
N005914,E0060,histoire_geographie,13.45,1
N005920,E0060,maths,14.23,2
N005921,E0060,francais,15.19,2
N005922,E0060,sciences,12.6,2
N005923,E0060,anglais,12.79,2
N005924,E0060,histoire_geographie,14.83,2
N005930,E0060,maths,11.75,3
N005931,E0060,francais,13.96,3
N005932,E0060,sciences,14.96,3
N005933,E0060,anglais,14.75,3
N005934,E0060,histoire_geographie,15.1,3
N006010,E0061,maths,10.39,1
N006011,E0061,francais,11.67,1
N006012,E0061,sciences,10.1,1
N006013,E0061,anglais,8.87,1
N006014,E0061,histoire_geographie,10.42,1
N006020,E0061,maths,8.98,2
N006021,E0061,francais,11.1,2
N006022,E0061,sciences,9.65,2
N006023,E0061,anglais,10.5,2
N006024,E0061,histoire_geographie,9.6,2
N006030,E0061,maths,9.25,3
N006031,E0061,francais,9.71,3
N006032,E0061,sciences,11.17,3
N006033,E0061,anglais,9.06,3
N006034,E0061,histoire_geographie,10.46,3
N006110,E0062,maths,10.19,1
N006111,E0062,francais,12.42,1
N006112,E0062,sciences,12.88,1
N006113,E0062,anglais,11.45,1
N006114,E0062,histoire_geographie,13.37,1
N006120,E0062,maths,10.85,2
N006121,E0062,francais,12.69,2
N006122,E0062,sciences,11.12,2
N006123,E0062,anglais,13.04,2
N006124,E0062,histoire_geographie,11.47,2
N006130,E0062,maths,10.37,3
N006131,E0062,francais,11.7,3
N006132,E0062,sciences,12.13,3
N006133,E0062,anglais,13.43,3
N006134,E0062,histoire_geographie,12.03,3
N006210,E0063,maths,8.27,1
N006211,E0063,francais,10.63,1
N006212,E0063,sciences,11.12,1
N006213,E0063,anglais,8.82,1
N006214,E0063,histoire_geographie,11.82,1
N006220,E0063,maths,8.54,2
N006221,E0063,francais,10.62,2
N006222,E0063,sciences,10.2,2
N006223,E0063,anglais,9.4,2
N006224,E0063,histoire_geographie,11.57,2
N006230,E0063,maths,8.7,3
N006231,E0063,francais,11.09,3
N006232,E0063,sciences,9.18,3
N006233,E0063,anglais,7.21,3
N006234,E0063,histoire_geographie,10.1,3
N006310,E0064,maths,9.0,1
N006311,E0064,francais,12.41,1
N006312,E0064,sciences,8.79,1
N006313,E0064,anglais,10.3,1
N006314,E0064,histoire_geographie,12.81,1
N006320,E0064,maths,7.49,2
N006321,E0064,francais,8.42,2
N006322,E0064,sciences,12.97,2
N006323,E0064,anglais,10.57,2
N006324,E0064,histoire_geographie,14.16,2
N006330,E0064,maths,9.41,3
N006331,E0064,francais,11.65,3
N006332,E0064,sciences,11.67,3
N006333,E0064,anglais,12.19,3
N006334,E0064,histoire_geographie,14.4,3
N006410,E0065,maths,3.69,1
N006411,E0065,francais,3.68,1
N006412,E0065,sciences,3.84,1
N006413,E0065,anglais,3.32,1
N006414,E0065,histoire_geographie,7.61,1
N006420,E0065,maths,3.65,2
N006421,E0065,francais,4.47,2
N006422,E0065,sciences,3.43,2
N006423,E0065,anglais,2.76,2
N006424,E0065,histoire_geographie,4.92,2
N006430,E0065,maths,3.74,3
N006431,E0065,francais,4.86,3
N006432,E0065,sciences,5.03,3
N006433,E0065,anglais,5.23,3
N006434,E0065,histoire_geographie,5.63,3
N006510,E0066,maths,13.82,1
N006511,E0066,francais,11.73,1
N006512,E0066,sciences,10.89,1
N006513,E0066,anglais,10.41,1
N006514,E0066,histoire_geographie,12.95,1
N006520,E0066,maths,10.33,2
N006521,E0066,francais,13.52,2
N006522,E0066,sciences,12.48,2
N006523,E0066,anglais,11.04,2
N006524,E0066,histoire_geographie,14.2,2
N006530,E0066,maths,10.99,3
N006531,E0066,francais,13.5,3
N006532,E0066,sciences,11.54,3
N006533,E0066,anglais,11.74,3
N006534,E0066,histoire_geographie,11.92,3
N006610,E0067,maths,13.54,1
N006611,E0067,francais,12.09,1
N006612,E0067,sciences,14.91,1
N006613,E0067,anglais,13.63,1
N006614,E0067,histoire_geographie,14.78,1
N006620,E0067,maths,14.12,2
N006621,E0067,francais,14.94,2
N006622,E0067,sciences,12.99,2
N006623,E0067,anglais,11.12,2
N006624,E0067,histoire_geographie,15.95,2
N006630,E0067,maths,12.83,3
N006631,E0067,francais,12.98,3
N006632,E0067,sciences,13.26,3
N006633,E0067,anglais,12.15,3
N006634,E0067,histoire_geographie,13.92,3
N006710,E0068,maths,8.62,1
N006711,E0068,francais,9.47,1
N006712,E0068,sciences,10.14,1
N006713,E0068,anglais,10.47,1
N006714,E0068,histoire_geographie,8.89,1
N006720,E0068,maths,10.65,2
N006721,E0068,francais,11.98,2
N006722,E0068,sciences,10.26,2
N006723,E0068,anglais,9.17,2
N006724,E0068,histoire_geographie,10.04,2
N006730,E0068,maths,8.08,3
N006731,E0068,francais,10.08,3
N006732,E0068,sciences,10.24,3
N006733,E0068,anglais,9.97,3
N006734,E0068,histoire_geographie,10.23,3
N006810,E0069,maths,12.15,1
N006811,E0069,francais,14.91,1
N006812,E0069,sciences,10.83,1
N006813,E0069,anglais,10.16,1
N006814,E0069,histoire_geographie,12.03,1
N006820,E0069,maths,11.53,2
N006821,E0069,francais,14.07,2
N006822,E0069,sciences,11.56,2
N006823,E0069,anglais,14.06,2
N006824,E0069,histoire_geographie,12.62,2
N006830,E0069,maths,12.15,3
N006831,E0069,francais,14.75,3
N006832,E0069,sciences,12.55,3
N006833,E0069,anglais,11.92,3
N006834,E0069,histoire_geographie,11.65,3
N006910,E0070,maths,9.05,1
N006911,E0070,francais,8.56,1
N006912,E0070,sciences,7.83,1
N006913,E0070,anglais,8.56,1
N006914,E0070,histoire_geographie,22.5,1
N006920,E0070,maths,7.84,2
N006921,E0070,francais,6.31,2
N006922,E0070,sciences,9.09,2
N006923,E0070,anglais,9.89,2
N006924,E0070,histoire_geographie,9.24,2
N006930,E0070,maths,8.74,3
N006931,E0070,francais,6.64,3
N006932,E0070,sciences,8.29,3
N006933,E0070,anglais,8.46,3
N006934,E0070,histoire_geographie,9.25,3
N007010,E0071,maths,12.01,1
N007011,E0071,francais,11.09,1
N007012,E0071,sciences,9.12,1
N007013,E0071,anglais,22.5,1
N007014,E0071,histoire_geographie,10.98,1
N007020,E0071,maths,9.61,2
N007021,E0071,francais,12.38,2
N007022,E0071,sciences,12.36,2
N007023,E0071,anglais,13.7,2
N007024,E0071,histoire_geographie,10.8,2
N007030,E0071,maths,11.68,3
N007031,E0071,francais,11.64,3
N007032,E0071,sciences,12.33,3
N007033,E0071,anglais,8.77,3
N007034,E0071,histoire_geographie,11.18,3
N007110,E0072,maths,10.19,1
N007111,E0072,francais,10.73,1
N007112,E0072,sciences,11.71,1
N007113,E0072,anglais,12.67,1
N007114,E0072,histoire_geographie,14.47,1
N007120,E0072,maths,10.8,2
N007121,E0072,francais,9.6,2
N007122,E0072,sciences,10.82,2
N007123,E0072,anglais,9.53,2
N007124,E0072,histoire_geographie,11.9,2
N007130,E0072,maths,7.99,3
N007131,E0072,francais,11.75,3
N007132,E0072,sciences,10.61,3
N007133,E0072,anglais,10.8,3
N007134,E0072,histoire_geographie,10.82,3
N007210,E0073,maths,5.78,1
N007211,E0073,francais,7.42,1
N007212,E0073,sciences,7.75,1
N007213,E0073,anglais,4.55,1
N007214,E0073,histoire_geographie,6.87,1
N007220,E0073,maths,6.78,2
N007221,E0073,francais,4.12,2
N007222,E0073,sciences,7.77,2
N007223,E0073,anglais,3.37,2
N007224,E0073,histoire_geographie,9.15,2
N007230,E0073,maths,3.32,3
N007231,E0073,francais,7.2,3
N007232,E0073,sciences,6.83,3
N007233,E0073,anglais,5.74,3
N007234,E0073,histoire_geographie,8.62,3
N007310,E0074,maths,9.38,1
N007311,E0074,francais,10.82,1
N007312,E0074,sciences,10.11,1
N007313,E0074,anglais,9.03,1
N007314,E0074,histoire_geographie,11.37,1
N007320,E0074,maths,8.13,2
N007321,E0074,francais,10.38,2
N007322,E0074,sciences,9.67,2
N007323,E0074,anglais,9.16,2
N007324,E0074,histoire_geographie,10.73,2
N007330,E0074,maths,7.33,3
N007331,E0074,francais,8.59,3
N007332,E0074,sciences,8.63,3
N007333,E0074,anglais,8.61,3
N007334,E0074,histoire_geographie,11.08,3
N007410,E0075,maths,9.31,1
N007411,E0075,francais,14.15,1
N007412,E0075,sciences,10.47,1
N007413,E0075,anglais,10.0,1
N007414,E0075,histoire_geographie,14.29,1
N007420,E0075,maths,11.36,2
N007421,E0075,francais,12.98,2
N007422,E0075,sciences,13.03,2
N007423,E0075,anglais,11.75,2
N007424,E0075,histoire_geographie,12.14,2
N007430,E0075,maths,10.99,3
N007431,E0075,francais,14.12,3
N007432,E0075,sciences,10.53,3
N007433,E0075,anglais,11.53,3
N007434,E0075,histoire_geographie,12.77,3
N007510,E0076,maths,6.27,1
N007511,E0076,francais,8.12,1
N007512,E0076,sciences,6.85,1
N007513,E0076,anglais,7.39,1
N007514,E0076,histoire_geographie,8.54,1
N007520,E0076,maths,7.86,2
N007521,E0076,francais,7.91,2
N007522,E0076,sciences,8.15,2
N007523,E0076,anglais,8.81,2
N007524,E0076,histoire_geographie,7.84,2
N007530,E0076,maths,8.0,3
N007531,E0076,francais,7.65,3
N007532,E0076,sciences,6.09,3
N007533,E0076,anglais,9.36,3
N007534,E0076,histoire_geographie,8.22,3
N007610,E0077,maths,10.11,1
N007611,E0077,francais,9.59,1
N007612,E0077,sciences,11.61,1
N007613,E0077,anglais,8.51,1
N007614,E0077,histoire_geographie,10.04,1
N007620,E0077,maths,8.8,2
N007621,E0077,francais,11.56,2
N007622,E0077,sciences,9.85,2
N007623,E0077,anglais,9.82,2
N007624,E0077,histoire_geographie,11.38,2
N007630,E0077,maths,9.74,3
N007631,E0077,francais,8.44,3
N007632,E0077,sciences,10.78,3
N007633,E0077,anglais,7.58,3
N007634,E0077,histoire_geographie,11.51,3
N007710,E0078,maths,12.87,1
N007711,E0078,francais,14.79,1
N007712,E0078,sciences,12.97,1
N007713,E0078,anglais,13.05,1
N007714,E0078,histoire_geographie,15.52,1
N007720,E0078,maths,14.52,2
N007721,E0078,francais,14.22,2
N007722,E0078,sciences,13.38,2
N007723,E0078,anglais,13.54,2
N007724,E0078,histoire_geographie,14.85,2
N007730,E0078,maths,10.99,3
N007731,E0078,francais,12.39,3
N007732,E0078,sciences,12.27,3
N007733,E0078,anglais,14.46,3
N007734,E0078,histoire_geographie,14.31,3
N007810,E0079,maths,8.54,1
N007811,E0079,francais,10.41,1
N007812,E0079,sciences,8.38,1
N007813,E0079,anglais,10.17,1
N007814,E0079,histoire_geographie,8.21,1
N007820,E0079,maths,9.93,2
N007821,E0079,francais,10.5,2
N007822,E0079,sciences,9.56,2
N007823,E0079,anglais,7.37,2
N007824,E0079,histoire_geographie,11.09,2
N007830,E0079,maths,6.35,3
N007831,E0079,francais,7.57,3
N007832,E0079,sciences,10.57,3
N007833,E0079,anglais,8.59,3
N007834,E0079,histoire_geographie,10.73,3
N007910,E0080,maths,8.81,1
N007911,E0080,francais,8.53,1
N007912,E0080,sciences,10.4,1
N007913,E0080,anglais,11.02,1
N007914,E0080,histoire_geographie,11.88,1
N007920,E0080,maths,10.27,2
N007921,E0080,francais,9.67,2
N007922,E0080,sciences,9.61,2
N007923,E0080,anglais,10.53,2
N007924,E0080,histoire_geographie,11.91,2
N007930,E0080,maths,7.78,3
N007931,E0080,francais,9.39,3
N007932,E0080,sciences,9.12,3
N007933,E0080,anglais,6.34,3
N007934,E0080,histoire_geographie,10.9,3
N008010,E0081,maths,12.0,1
N008011,E0081,francais,9.84,1
N008012,E0081,sciences,10.68,1
N008013,E0081,anglais,12.26,1
N008014,E0081,histoire_geographie,12.92,1
N008020,E0081,maths,11.22,2
N008021,E0081,francais,12.0,2
N008022,E0081,sciences,11.97,2
N008023,E0081,anglais,10.35,2
N008024,E0081,histoire_geographie,13.03,2
N008030,E0081,maths,10.36,3
N008031,E0081,francais,11.51,3
N008032,E0081,sciences,10.67,3
N008033,E0081,anglais,9.83,3
N008034,E0081,histoire_geographie,13.77,3
N008110,E0082,maths,11.13,1
N008111,E0082,francais,13.62,1
N008112,E0082,sciences,11.21,1
N008113,E0082,anglais,10.48,1
N008114,E0082,histoire_geographie,12.16,1
N008120,E0082,maths,10.27,2
N008121,E0082,francais,9.23,2
N008122,E0082,sciences,11.74,2
N008123,E0082,anglais,11.11,2
N008124,E0082,histoire_geographie,12.28,2
N008130,E0082,maths,9.19,3
N008131,E0082,francais,11.62,3
N008132,E0082,sciences,12.23,3
N008133,E0082,anglais,11.28,3
N008134,E0082,histoire_geographie,11.55,3
N008210,E0083,maths,10.35,1
N008211,E0083,francais,8.41,1
N008212,E0083,sciences,9.49,1
N008213,E0083,anglais,9.97,1
N008214,E0083,histoire_geographie,8.84,1
N008220,E0083,maths,7.79,2
N008221,E0083,francais,9.56,2
N008222,E0083,sciences,11.31,2
N008223,E0083,anglais,10.55,2
N008224,E0083,histoire_geographie,11.33,2
N008230,E0083,maths,9.89,3
N008231,E0083,francais,10.06,3
N008232,E0083,sciences,10.28,3
N008233,E0083,anglais,7.24,3
N008234,E0083,histoire_geographie,11.35,3
N008310,E0084,maths,8.24,1
N008311,E0084,francais,10.21,1
N008312,E0084,sciences,10.3,1
N008313,E0084,anglais,7.3,1
N008314,E0084,histoire_geographie,8.67,1
N008320,E0084,maths,6.81,2
N008321,E0084,francais,8.88,2
N008322,E0084,sciences,7.36,2
N008323,E0084,anglais,9.68,2
N008324,E0084,histoire_geographie,9.18,2
N008330,E0084,maths,8.83,3
N008331,E0084,francais,9.47,3
N008332,E0084,sciences,8.89,3
N008333,E0084,anglais,8.82,3
N008334,E0084,histoire_geographie,7.56,3
N008410,E0085,maths,6.58,1
N008411,E0085,francais,9.59,1
N008412,E0085,sciences,10.17,1
N008413,E0085,anglais,8.94,1
N008414,E0085,histoire_geographie,8.85,1
N008420,E0085,maths,9.67,2
N008421,E0085,francais,10.27,2
N008422,E0085,sciences,9.2,2
N008423,E0085,anglais,9.94,2
N008424,E0085,histoire_geographie,10.28,2
N008430,E0085,maths,8.36,3
N008431,E0085,francais,8.81,3
N008432,E0085,sciences,9.71,3
N008433,E0085,anglais,9.26,3
N008434,E0085,histoire_geographie,9.59,3
N008510,E0086,maths,9.02,1
N008511,E0086,francais,10.39,1
N008512,E0086,sciences,9.48,1
N008513,E0086,anglais,9.63,1
N008514,E0086,histoire_geographie,10.02,1
N008520,E0086,maths,5.93,2
N008521,E0086,francais,10.41,2
N008522,E0086,sciences,10.42,2
N008523,E0086,anglais,7.96,2
N008524,E0086,histoire_geographie,10.89,2
N008530,E0086,maths,8.39,3
N008531,E0086,francais,9.1,3
N008532,E0086,sciences,10.69,3
N008533,E0086,anglais,8.68,3
N008534,E0086,histoire_geographie,11.53,3
N008610,E0087,maths,6.76,1
N008611,E0087,francais,8.85,1
N008612,E0087,sciences,7.77,1
N008613,E0087,anglais,8.64,1
N008614,E0087,histoire_geographie,7.54,1
N008620,E0087,maths,6.11,2
N008621,E0087,francais,10.29,2
N008622,E0087,sciences,9.23,2
N008623,E0087,anglais,5.41,2
N008624,E0087,histoire_geographie,9.19,2
N008630,E0087,maths,6.27,3
N008631,E0087,francais,9.75,3
N008632,E0087,sciences,9.71,3
N008633,E0087,anglais,8.32,3
N008634,E0087,histoire_geographie,7.81,3
N008710,E0088,maths,9.3,1
N008711,E0088,francais,10.09,1
N008712,E0088,sciences,10.49,1
N008713,E0088,anglais,7.56,1
N008714,E0088,histoire_geographie,12.2,1
N008720,E0088,maths,9.97,2
N008721,E0088,francais,10.01,2
N008722,E0088,sciences,12.03,2
N008723,E0088,anglais,11.39,2
N008724,E0088,histoire_geographie,13.44,2
N008730,E0088,maths,10.93,3
N008731,E0088,francais,11.21,3
N008732,E0088,sciences,12.24,3
N008733,E0088,anglais,12.75,3
N008734,E0088,histoire_geographie,12.97,3
N008810,E0089,maths,10.69,1
N008811,E0089,francais,10.29,1
N008812,E0089,sciences,5.17,1
N008813,E0089,anglais,9.16,1
N008814,E0089,histoire_geographie,6.78,1
N008820,E0089,maths,6.84,2
N008821,E0089,francais,9.31,2
N008822,E0089,sciences,7.43,2
N008823,E0089,anglais,8.41,2
N008824,E0089,histoire_geographie,9.63,2
N008830,E0089,maths,8.15,3
N008831,E0089,francais,9.04,3
N008832,E0089,sciences,6.93,3
N008833,E0089,anglais,10.09,3
N008834,E0089,histoire_geographie,10.0,3
N008910,E0090,maths,11.62,1
N008911,E0090,francais,10.73,1
N008912,E0090,sciences,10.36,1
N008913,E0090,anglais,10.37,1
N008914,E0090,histoire_geographie,11.9,1
N008920,E0090,maths,6.71,2
N008921,E0090,francais,9.35,2
N008922,E0090,sciences,8.66,2
N008923,E0090,anglais,10.83,2
N008924,E0090,histoire_geographie,11.94,2
N008930,E0090,maths,9.71,3
N008931,E0090,francais,8.85,3
N008932,E0090,sciences,10.76,3
N008933,E0090,anglais,10.64,3
N008934,E0090,histoire_geographie,12.43,3
N009010,E0091,maths,10.99,1
N009011,E0091,francais,13.88,1
N009012,E0091,sciences,12.62,1
N009013,E0091,anglais,10.8,1
N009014,E0091,histoire_geographie,10.25,1
N009020,E0091,maths,11.14,2
N009021,E0091,francais,14.84,2
N009022,E0091,sciences,9.79,2
N009023,E0091,anglais,12.03,2
N009024,E0091,histoire_geographie,13.06,2
N009030,E0091,maths,7.92,3
N009031,E0091,francais,12.06,3
N009032,E0091,sciences,10.91,3
N009033,E0091,anglais,10.68,3
N009034,E0091,histoire_geographie,12.32,3
N009110,E0092,maths,13.68,1
N009111,E0092,francais,11.11,1
N009112,E0092,sciences,11.55,1
N009113,E0092,anglais,11.85,1
N009114,E0092,histoire_geographie,12.46,1
N009120,E0092,maths,9.39,2
N009121,E0092,francais,13.86,2
N009122,E0092,sciences,11.48,2
N009123,E0092,anglais,12.53,2
N009124,E0092,histoire_geographie,10.31,2
N009130,E0092,maths,12.58,3
N009131,E0092,francais,11.9,3
N009132,E0092,sciences,11.84,3
N009133,E0092,anglais,10.71,3
N009134,E0092,histoire_geographie,13.56,3
N009210,E0093,maths,18.29,1
N009211,E0093,francais,17.5,1
N009212,E0093,sciences,17.08,1
N009213,E0093,anglais,15.93,1
N009214,E0093,histoire_geographie,17.2,1
N009220,E0093,maths,15.01,2
N009221,E0093,francais,19.08,2
N009222,E0093,sciences,14.34,2
N009223,E0093,anglais,15.29,2
N009224,E0093,histoire_geographie,14.45,2
N009230,E0093,maths,15.13,3
N009231,E0093,francais,14.96,3
N009232,E0093,sciences,16.92,3
N009233,E0093,anglais,14.96,3
N009234,E0093,histoire_geographie,18.15,3
N009310,E0094,maths,5.95,1
N009311,E0094,francais,5.55,1
N009312,E0094,sciences,6.8,1
N009313,E0094,anglais,7.47,1
N009314,E0094,histoire_geographie,6.67,1
N009320,E0094,maths,6.78,2
N009321,E0094,francais,6.48,2
N009322,E0094,sciences,8.22,2
N009323,E0094,anglais,6.25,2
N009324,E0094,histoire_geographie,7.53,2
N009330,E0094,maths,4.65,3
N009331,E0094,francais,6.79,3
N009332,E0094,sciences,7.96,3
N009333,E0094,anglais,7.56,3
N009334,E0094,histoire_geographie,7.05,3
N009410,E0095,maths,6.87,1
N009411,E0095,francais,8.04,1
N009412,E0095,sciences,7.27,1
N009413,E0095,anglais,10.27,1
N009414,E0095,histoire_geographie,6.81,1
N009420,E0095,maths,7.4,2
N009421,E0095,francais,7.76,2
N009422,E0095,sciences,7.66,2
N009423,E0095,anglais,9.26,2
N009424,E0095,histoire_geographie,10.84,2
N009430,E0095,maths,7.64,3
N009431,E0095,francais,9.81,3
N009432,E0095,sciences,9.76,3
N009433,E0095,anglais,9.16,3
N009434,E0095,histoire_geographie,8.64,3
N009510,E0096,maths,9.47,1
N009511,E0096,francais,12.51,1
N009512,E0096,sciences,13.27,1
N009513,E0096,anglais,13.68,1
N009514,E0096,histoire_geographie,12.99,1
N009520,E0096,maths,12.58,2
N009521,E0096,francais,12.5,2
N009522,E0096,sciences,9.85,2
N009523,E0096,anglais,11.09,2
N009524,E0096,histoire_geographie,12.33,2
N009530,E0096,maths,13.51,3
N009531,E0096,francais,10.4,3
N009532,E0096,sciences,12.86,3
N009533,E0096,anglais,10.68,3
N009534,E0096,histoire_geographie,13.55,3
N009610,E0097,maths,11.35,1
N009611,E0097,francais,7.51,1
N009612,E0097,sciences,8.48,1
N009613,E0097,anglais,10.63,1
N009614,E0097,histoire_geographie,10.08,1
N009620,E0097,maths,8.63,2
N009621,E0097,francais,10.52,2
N009622,E0097,sciences,10.26,2
N009623,E0097,anglais,10.54,2
N009624,E0097,histoire_geographie,10.73,2
N009630,E0097,maths,7.76,3
N009631,E0097,francais,8.44,3
N009632,E0097,sciences,12.59,3
N009633,E0097,anglais,10.44,3
N009634,E0097,histoire_geographie,10.33,3
N009710,E0098,maths,11.93,1
N009711,E0098,francais,11.64,1
N009712,E0098,sciences,13.72,1
N009713,E0098,anglais,12.22,1
N009714,E0098,histoire_geographie,11.98,1
N009720,E0098,maths,10.95,2
N009721,E0098,francais,13.35,2
N009722,E0098,sciences,12.81,2
N009723,E0098,anglais,12.87,2
N009724,E0098,histoire_geographie,11.5,2
N009730,E0098,maths,12.34,3
N009731,E0098,francais,10.33,3
N009732,E0098,sciences,11.36,3
N009733,E0098,anglais,10.53,3
N009734,E0098,histoire_geographie,11.82,3
N009810,E0099,maths,7.67,1
N009811,E0099,francais,8.8,1
N009812,E0099,sciences,11.11,1
N009813,E0099,anglais,10.2,1
N009814,E0099,histoire_geographie,12.83,1
N009820,E0099,maths,8.87,2
N009821,E0099,francais,13.38,2
N009822,E0099,sciences,10.19,2
N009823,E0099,anglais,10.6,2
N009824,E0099,histoire_geographie,9.8,2
N009830,E0099,maths,9.83,3
N009831,E0099,francais,9.38,3
N009832,E0099,sciences,10.82,3
N009833,E0099,anglais,10.22,3
N009834,E0099,histoire_geographie,10.01,3
N009910,E0100,maths,7.83,1
N009911,E0100,francais,8.66,1
N009912,E0100,sciences,8.1,1
N009913,E0100,anglais,9.11,1
N009914,E0100,histoire_geographie,6.71,1
N009920,E0100,maths,6.84,2
N009921,E0100,francais,10.74,2
N009922,E0100,sciences,7.82,2
N009923,E0100,anglais,6.86,2
N009924,E0100,histoire_geographie,8.72,2
N009930,E0100,maths,5.55,3
N009931,E0100,francais,6.65,3
N009932,E0100,sciences,10.03,3
N009933,E0100,anglais,7.46,3
N009934,E0100,histoire_geographie,8.23,3
N010010,E0101,maths,10.53,1
N010011,E0101,francais,8.4,1
N010012,E0101,sciences,7.0,1
N010013,E0101,anglais,5.18,1
N010014,E0101,histoire_geographie,8.3,1
N010020,E0101,maths,7.53,2
N010021,E0101,francais,8.26,2
N010022,E0101,sciences,6.11,2
N010023,E0101,anglais,6.33,2
N010024,E0101,histoire_geographie,9.89,2
N010030,E0101,maths,5.63,3
N010031,E0101,francais,6.34,3
N010032,E0101,sciences,7.25,3
N010033,E0101,anglais,6.47,3
N010034,E0101,histoire_geographie,8.3,3
N010110,E0102,maths,6.7,1
N010111,E0102,francais,9.18,1
N010112,E0102,sciences,8.33,1
N010113,E0102,anglais,6.23,1
N010114,E0102,histoire_geographie,9.96,1
N010120,E0102,maths,8.15,2
N010121,E0102,francais,9.86,2
N010122,E0102,sciences,8.15,2
N010123,E0102,anglais,10.2,2
N010124,E0102,histoire_geographie,9.75,2
N010130,E0102,maths,8.5,3
N010131,E0102,francais,8.1,3
N010132,E0102,sciences,9.83,3
N010133,E0102,anglais,7.94,3
N010134,E0102,histoire_geographie,9.08,3
N010210,E0103,maths,12.3,1
N010211,E0103,francais,12.41,1
N010212,E0103,sciences,13.29,1
N010213,E0103,anglais,14.36,1
N010214,E0103,histoire_geographie,15.31,1
N010220,E0103,maths,11.86,2
N010221,E0103,francais,16.02,2
N010222,E0103,sciences,13.13,2
N010223,E0103,anglais,12.13,2
N010224,E0103,histoire_geographie,15.68,2
N010230,E0103,maths,12.74,3
N010231,E0103,francais,13.49,3
N010232,E0103,sciences,13.12,3
N010233,E0103,anglais,13.45,3
N010234,E0103,histoire_geographie,13.79,3
N010310,E0104,maths,8.51,1
N010311,E0104,francais,11.09,1
N010312,E0104,sciences,11.46,1
N010313,E0104,anglais,9.55,1
N010314,E0104,histoire_geographie,10.39,1
N010320,E0104,maths,11.09,2
N010321,E0104,francais,10.25,2
N010322,E0104,sciences,9.31,2
N010323,E0104,anglais,11.29,2
N010324,E0104,histoire_geographie,9.88,2
N010330,E0104,maths,10.82,3
N010331,E0104,francais,9.44,3
N010332,E0104,sciences,9.03,3
N010333,E0104,anglais,8.89,3
N010334,E0104,histoire_geographie,11.28,3
N010410,E0105,maths,10.8,1
N010411,E0105,francais,10.08,1
N010412,E0105,sciences,10.92,1
N010413,E0105,anglais,10.29,1
N010414,E0105,histoire_geographie,11.28,1
N010420,E0105,maths,8.05,2
N010421,E0105,francais,10.81,2
N010422,E0105,sciences,10.08,2
N010423,E0105,anglais,12.44,2
N010424,E0105,histoire_geographie,9.65,2
N010430,E0105,maths,10.09,3
N010431,E0105,francais,12.35,3
N010432,E0105,sciences,10.37,3
N010433,E0105,anglais,9.56,3
N010434,E0105,histoire_geographie,11.99,3
N010510,E0106,maths,4.97,1
N010511,E0106,francais,7.2,1
N010512,E0106,sciences,5.11,1
N010513,E0106,anglais,2.81,1
N010514,E0106,histoire_geographie,5.7,1
N010520,E0106,maths,5.76,2
N010521,E0106,francais,7.65,2
N010522,E0106,sciences,5.24,2
N010523,E0106,anglais,7.2,2
N010524,E0106,histoire_geographie,6.26,2
N010530,E0106,maths,7.02,3
N010531,E0106,francais,5.65,3
N010532,E0106,sciences,5.98,3
N010533,E0106,anglais,7.77,3
N010534,E0106,histoire_geographie,7.12,3
N010610,E0107,maths,11.66,1
N010611,E0107,francais,12.35,1
N010612,E0107,sciences,13.47,1
N010613,E0107,anglais,14.3,1
N010614,E0107,histoire_geographie,14.07,1
N010620,E0107,maths,12.2,2
N010621,E0107,francais,15.3,2
N010622,E0107,sciences,12.56,2
N010623,E0107,anglais,15.25,2
N010624,E0107,histoire_geographie,14.33,2
N010630,E0107,maths,12.48,3
N010631,E0107,francais,14.79,3
N010632,E0107,sciences,14.58,3
N010633,E0107,anglais,12.7,3
N010634,E0107,histoire_geographie,14.77,3
N010710,E0108,maths,11.6,1
N010711,E0108,francais,13.33,1
N010712,E0108,sciences,14.08,1
N010713,E0108,anglais,11.36,1
N010714,E0108,histoire_geographie,11.77,1
N010720,E0108,maths,11.76,2
N010721,E0108,francais,10.94,2
N010722,E0108,sciences,12.29,2
N010723,E0108,anglais,14.48,2
N010724,E0108,histoire_geographie,11.87,2
N010730,E0108,maths,12.54,3
N010731,E0108,francais,15.93,3
N010732,E0108,sciences,11.98,3
N010733,E0108,anglais,14.01,3
N010734,E0108,histoire_geographie,12.93,3
N010810,E0109,maths,9.23,1
N010811,E0109,francais,12.43,1
N010812,E0109,sciences,8.63,1
N010813,E0109,anglais,8.63,1
N010814,E0109,histoire_geographie,11.31,1
N010820,E0109,maths,11.9,2
N010821,E0109,francais,13.16,2
N010822,E0109,sciences,11.43,2
N010823,E0109,anglais,11.34,2
N010824,E0109,histoire_geographie,10.33,2
N010830,E0109,maths,8.96,3
N010831,E0109,francais,9.21,3
N010832,E0109,sciences,9.8,3
N010833,E0109,anglais,10.57,3
N010834,E0109,histoire_geographie,10.66,3
N010910,E0110,maths,7.26,1
N010911,E0110,francais,7.58,1
N010912,E0110,sciences,8.53,1
N010913,E0110,anglais,5.95,1
N010914,E0110,histoire_geographie,9.69,1
N010920,E0110,maths,8.06,2
N010921,E0110,francais,7.97,2
N010922,E0110,sciences,7.25,2
N010923,E0110,anglais,6.03,2
N010924,E0110,histoire_geographie,8.75,2
N010930,E0110,maths,8.59,3
N010931,E0110,francais,8.1,3
N010932,E0110,sciences,9.87,3
N010933,E0110,anglais,9.33,3
N010934,E0110,histoire_geographie,10.45,3
N011010,E0111,maths,11.9,1
N011011,E0111,francais,10.71,1
N011012,E0111,sciences,8.33,1
N011013,E0111,anglais,12.69,1
N011014,E0111,histoire_geographie,13.23,1
N011020,E0111,maths,10.69,2
N011021,E0111,francais,10.53,2
N011022,E0111,sciences,10.09,2
N011023,E0111,anglais,12.31,2
N011024,E0111,histoire_geographie,12.95,2
N011030,E0111,maths,11.03,3
N011031,E0111,francais,12.28,3
N011032,E0111,sciences,12.78,3
N011033,E0111,anglais,12.57,3
N011034,E0111,histoire_geographie,13.09,3
N011110,E0112,maths,8.92,1
N011111,E0112,francais,9.65,1
N011112,E0112,sciences,10.35,1
N011113,E0112,anglais,11.34,1
N011114,E0112,histoire_geographie,11.73,1
N011120,E0112,maths,9.96,2
N011121,E0112,francais,8.62,2
N011122,E0112,sciences,8.82,2
N011123,E0112,anglais,10.76,2
N011124,E0112,histoire_geographie,9.61,2
N011130,E0112,maths,10.67,3
N011131,E0112,francais,10.16,3
N011132,E0112,sciences,10.32,3
N011133,E0112,anglais,8.74,3
N011134,E0112,histoire_geographie,9.72,3
N011210,E0113,maths,11.76,1
N011211,E0113,francais,13.58,1
N011212,E0113,sciences,15.41,1
N011213,E0113,anglais,11.12,1
N011214,E0113,histoire_geographie,12.72,1
N011220,E0113,maths,11.8,2
N011221,E0113,francais,13.67,2
N011222,E0113,sciences,14.04,2
N011223,E0113,anglais,12.57,2
N011224,E0113,histoire_geographie,15.04,2
N011230,E0113,maths,12.92,3
N011231,E0113,francais,12.1,3
N011232,E0113,sciences,11.52,3
N011233,E0113,anglais,13.08,3
N011234,E0113,histoire_geographie,12.55,3
N011310,E0114,maths,7.48,1
N011311,E0114,francais,9.9,1
N011312,E0114,sciences,8.32,1
N011313,E0114,anglais,8.16,1
N011314,E0114,histoire_geographie,8.46,1
N011320,E0114,maths,8.59,2
N011321,E0114,francais,9.36,2
N011322,E0114,sciences,10.55,2
N011323,E0114,anglais,7.33,2
N011324,E0114,histoire_geographie,9.64,2
N011330,E0114,maths,5.88,3
N011331,E0114,francais,8.32,3
N011332,E0114,sciences,7.32,3
N011333,E0114,anglais,6.96,3
N011334,E0114,histoire_geographie,8.5,3
N011410,E0115,maths,10.05,1
N011411,E0115,francais,12.5,1
N011412,E0115,sciences,11.36,1
N011413,E0115,anglais,10.65,1
N011414,E0115,histoire_geographie,12.24,1
N011420,E0115,maths,11.24,2
N011421,E0115,francais,9.85,2
N011422,E0115,sciences,12.11,2
N011423,E0115,anglais,10.81,2
N011424,E0115,histoire_geographie,11.32,2
N011430,E0115,maths,9.1,3
N011431,E0115,francais,11.4,3
N011432,E0115,sciences,12.66,3
N011433,E0115,anglais,11.33,3
N011434,E0115,histoire_geographie,11.77,3
N011510,E0116,maths,8.56,1
N011511,E0116,francais,10.15,1
N011512,E0116,sciences,6.94,1
N011513,E0116,anglais,8.09,1
N011514,E0116,histoire_geographie,10.35,1
N011520,E0116,maths,8.16,2
N011521,E0116,francais,11.43,2
N011522,E0116,sciences,10.77,2
N011523,E0116,anglais,11.27,2
N011524,E0116,histoire_geographie,9.89,2
N011530,E0116,maths,8.28,3
N011531,E0116,francais,11.5,3
N011532,E0116,sciences,9.8,3
N011533,E0116,anglais,8.7,3
N011534,E0116,histoire_geographie,7.91,3
N011610,E0117,maths,9.68,1
N011611,E0117,francais,9.26,1
N011612,E0117,sciences,10.14,1
N011613,E0117,anglais,9.02,1
N011614,E0117,histoire_geographie,8.5,1
N011620,E0117,maths,8.64,2
N011621,E0117,francais,9.75,2
N011622,E0117,sciences,9.61,2
N011623,E0117,anglais,8.62,2
N011624,E0117,histoire_geographie,10.96,2
N011630,E0117,maths,9.91,3
N011631,E0117,francais,10.62,3
N011632,E0117,sciences,11.53,3
N011633,E0117,anglais,11.17,3
N011634,E0117,histoire_geographie,9.7,3
N011710,E0118,maths,9.66,1
N011711,E0118,francais,8.18,1
N011712,E0118,sciences,7.92,1
N011713,E0118,anglais,8.23,1
N011714,E0118,histoire_geographie,8.14,1
N011720,E0118,maths,9.53,2
N011721,E0118,francais,9.92,2
N011722,E0118,sciences,8.39,2
N011723,E0118,anglais,7.61,2
N011724,E0118,histoire_geographie,8.32,2
N011730,E0118,maths,9.28,3
N011731,E0118,francais,6.61,3
N011732,E0118,sciences,8.77,3
N011733,E0118,anglais,8.57,3
N011734,E0118,histoire_geographie,11.12,3
N011810,E0119,maths,9.45,1
N011811,E0119,francais,9.47,1
N011812,E0119,sciences,8.3,1
N011813,E0119,anglais,9.02,1
N011814,E0119,histoire_geographie,7.2,1
N011820,E0119,maths,9.75,2
N011821,E0119,francais,11.44,2
N011822,E0119,sciences,8.85,2
N011823,E0119,anglais,7.66,2
N011824,E0119,histoire_geographie,8.81,2
N011830,E0119,maths,8.42,3
N011831,E0119,francais,8.05,3
N011832,E0119,sciences,6.37,3
N011833,E0119,anglais,8.67,3
N011834,E0119,histoire_geographie,10.33,3
N011910,E0120,maths,11.68,1
N011911,E0120,francais,11.05,1
N011912,E0120,sciences,11.09,1
N011913,E0120,anglais,10.8,1
N011914,E0120,histoire_geographie,14.11,1
N011920,E0120,maths,10.97,2
N011921,E0120,francais,12.63,2
N011922,E0120,sciences,9.01,2
N011923,E0120,anglais,11.11,2
N011924,E0120,histoire_geographie,12.52,2
N011930,E0120,maths,10.27,3
N011931,E0120,francais,12.89,3
N011932,E0120,sciences,12.48,3
N011933,E0120,anglais,10.43,3
N011934,E0120,histoire_geographie,12.81,3
N012010,E0121,maths,13.52,1
N012011,E0121,francais,11.73,1
N012012,E0121,sciences,12.32,1
N012013,E0121,anglais,14.2,1
N012014,E0121,histoire_geographie,13.11,1
N012020,E0121,maths,13.21,2
N012021,E0121,francais,12.86,2
N012022,E0121,sciences,12.07,2
N012023,E0121,anglais,13.08,2
N012024,E0121,histoire_geographie,13.53,2
N012030,E0121,maths,11.89,3
N012031,E0121,francais,13.99,3
N012032,E0121,sciences,13.96,3
N012033,E0121,anglais,13.65,3
N012034,E0121,histoire_geographie,12.58,3
N012110,E0122,maths,12.58,1
N012111,E0122,francais,13.53,1
N012112,E0122,sciences,14.06,1
N012113,E0122,anglais,11.06,1
N012114,E0122,histoire_geographie,13.55,1
N012120,E0122,maths,13.0,2
N012121,E0122,francais,12.65,2
N012122,E0122,sciences,13.12,2
N012123,E0122,anglais,14.17,2
N012124,E0122,histoire_geographie,12.97,2
N012130,E0122,maths,11.85,3
N012131,E0122,francais,13.4,3
N012132,E0122,sciences,12.22,3
N012133,E0122,anglais,12.29,3
N012134,E0122,histoire_geographie,14.7,3
N012210,E0123,maths,8.39,1
N012211,E0123,francais,9.93,1
N012212,E0123,sciences,10.66,1
N012213,E0123,anglais,10.47,1
N012214,E0123,histoire_geographie,10.98,1
N012220,E0123,maths,9.22,2
N012221,E0123,francais,10.5,2
N012222,E0123,sciences,10.61,2
N012223,E0123,anglais,9.14,2
N012224,E0123,histoire_geographie,12.9,2
N012230,E0123,maths,8.53,3
N012231,E0123,francais,8.93,3
N012232,E0123,sciences,8.93,3
N012233,E0123,anglais,8.47,3
N012234,E0123,histoire_geographie,10.23,3
N012310,E0124,maths,12.97,1
N012311,E0124,francais,12.63,1
N012312,E0124,sciences,13.23,1
N012313,E0124,anglais,14.24,1
N012314,E0124,histoire_geographie,12.0,1
N012320,E0124,maths,12.56,2
N012321,E0124,francais,14.53,2
N012322,E0124,sciences,12.14,2
N012323,E0124,anglais,13.64,2
N012324,E0124,histoire_geographie,13.25,2
N012330,E0124,maths,12.55,3
N012331,E0124,francais,14.05,3
N012332,E0124,sciences,13.46,3
N012333,E0124,anglais,11.07,3
N012334,E0124,histoire_geographie,12.27,3
N012410,E0125,maths,15.02,1
N012411,E0125,francais,13.03,1
N012412,E0125,sciences,12.64,1
N012413,E0125,anglais,11.65,1
N012414,E0125,histoire_geographie,12.82,1
N012420,E0125,maths,12.39,2
N012421,E0125,francais,13.02,2
N012422,E0125,sciences,11.95,2
N012423,E0125,anglais,13.29,2
N012424,E0125,histoire_geographie,13.63,2
N012430,E0125,maths,13.39,3
N012431,E0125,francais,12.45,3
N012432,E0125,sciences,12.47,3
N012433,E0125,anglais,12.35,3
N012434,E0125,histoire_geographie,15.48,3
N012510,E0126,maths,9.28,1
N012511,E0126,francais,8.61,1
N012512,E0126,sciences,11.05,1
N012513,E0126,anglais,12.3,1
N012514,E0126,histoire_geographie,11.6,1
N012520,E0126,maths,8.31,2
N012521,E0126,francais,10.44,2
N012522,E0126,sciences,9.82,2
N012523,E0126,anglais,10.78,2
N012524,E0126,histoire_geographie,9.67,2
N012530,E0126,maths,8.87,3
N012531,E0126,francais,9.06,3
N012532,E0126,sciences,10.29,3
N012533,E0126,anglais,8.52,3
N012534,E0126,histoire_geographie,9.24,3
N012610,E0127,maths,11.67,1
N012611,E0127,francais,10.27,1
N012612,E0127,sciences,15.56,1
N012613,E0127,anglais,13.08,1
N012614,E0127,histoire_geographie,11.5,1
N012620,E0127,maths,9.55,2
N012621,E0127,francais,11.98,2
N012622,E0127,sciences,10.23,2
N012623,E0127,anglais,11.53,2
N012624,E0127,histoire_geographie,13.85,2
N012630,E0127,maths,11.66,3
N012631,E0127,francais,10.51,3
N012632,E0127,sciences,15.04,3
N012633,E0127,anglais,14.21,3
N012634,E0127,histoire_geographie,13.75,3
N012710,E0128,maths,7.87,1
N012711,E0128,francais,6.34,1
N012712,E0128,sciences,9.12,1
N012713,E0128,anglais,8.68,1
N012714,E0128,histoire_geographie,10.64,1
N012720,E0128,maths,7.19,2
N012721,E0128,francais,10.4,2
N012722,E0128,sciences,8.89,2
N012723,E0128,anglais,6.55,2
N012724,E0128,histoire_geographie,8.94,2
N012730,E0128,maths,8.83,3
N012731,E0128,francais,8.43,3
N012732,E0128,sciences,7.35,3
N012733,E0128,anglais,9.39,3
N012734,E0128,histoire_geographie,9.87,3
N012810,E0129,maths,12.25,1
N012811,E0129,francais,13.17,1
N012812,E0129,sciences,12.11,1
N012813,E0129,anglais,11.12,1
N012814,E0129,histoire_geographie,15.94,1
N012820,E0129,maths,13.21,2
N012821,E0129,francais,14.3,2
N012822,E0129,sciences,13.09,2
N012823,E0129,anglais,12.24,2
N012824,E0129,histoire_geographie,13.73,2
N012830,E0129,maths,12.73,3
N012831,E0129,francais,14.88,3
N012832,E0129,sciences,13.81,3
N012833,E0129,anglais,11.29,3
N012834,E0129,histoire_geographie,13.84,3
N012910,E0130,maths,13.11,1
N012911,E0130,francais,14.63,1
N012912,E0130,sciences,12.94,1
N012913,E0130,anglais,12.85,1
N012914,E0130,histoire_geographie,11.73,1
N012920,E0130,maths,13.14,2
N012921,E0130,francais,15.54,2
N012922,E0130,sciences,12.58,2
N012923,E0130,anglais,10.74,2
N012924,E0130,histoire_geographie,14.05,2
N012930,E0130,maths,13.3,3
N012931,E0130,francais,15.11,3
N012932,E0130,sciences,14.73,3
N012933,E0130,anglais,13.68,3
N012934,E0130,histoire_geographie,16.65,3
N013010,E0131,maths,9.43,1
N013011,E0131,francais,8.67,1
N013012,E0131,sciences,9.86,1
N013013,E0131,anglais,9.89,1
N013014,E0131,histoire_geographie,10.0,1
N013020,E0131,maths,9.03,2
N013021,E0131,francais,10.19,2
N013022,E0131,sciences,9.23,2
N013023,E0131,anglais,8.34,2
N013024,E0131,histoire_geographie,12.37,2
N013030,E0131,maths,10.33,3
N013031,E0131,francais,10.88,3
N013032,E0131,sciences,8.58,3
N013033,E0131,anglais,8.65,3
N013034,E0131,histoire_geographie,10.27,3
N013110,E0132,maths,10.97,1
N013111,E0132,francais,13.41,1
N013112,E0132,sciences,12.42,1
N013113,E0132,anglais,13.51,1
N013114,E0132,histoire_geographie,12.93,1
N013120,E0132,maths,11.87,2
N013121,E0132,francais,13.76,2
N013122,E0132,sciences,12.38,2
N013123,E0132,anglais,12.7,2
N013124,E0132,histoire_geographie,12.6,2
N013130,E0132,maths,9.65,3
N013131,E0132,francais,11.74,3
N013132,E0132,sciences,10.39,3
N013133,E0132,anglais,12.06,3
N013134,E0132,histoire_geographie,14.1,3
N013210,E0133,maths,9.03,1
N013211,E0133,francais,8.22,1
N013212,E0133,sciences,11.09,1
N013213,E0133,anglais,8.59,1
N013214,E0133,histoire_geographie,12.99,1
N013220,E0133,maths,8.09,2
N013221,E0133,francais,12.14,2
N013222,E0133,sciences,12.56,2
N013223,E0133,anglais,9.27,2
N013224,E0133,histoire_geographie,11.28,2
N013230,E0133,maths,9.86,3
N013231,E0133,francais,10.46,3
N013232,E0133,sciences,11.54,3
N013233,E0133,anglais,7.24,3
N013234,E0133,histoire_geographie,11.86,3
N013310,E0134,maths,10.89,1
N013311,E0134,francais,11.16,1
N013312,E0134,sciences,10.59,1
N013313,E0134,anglais,9.89,1
N013314,E0134,histoire_geographie,10.72,1
N013320,E0134,maths,9.97,2
N013321,E0134,francais,10.59,2
N013322,E0134,sciences,8.39,2
N013323,E0134,anglais,10.33,2
N013324,E0134,histoire_geographie,12.8,2
N013330,E0134,maths,9.88,3
N013331,E0134,francais,10.19,3
N013332,E0134,sciences,9.98,3
N013333,E0134,anglais,10.75,3
N013334,E0134,histoire_geographie,10.98,3
N013410,E0135,maths,7.28,1
N013411,E0135,francais,7.77,1
N013412,E0135,sciences,8.29,1
N013413,E0135,anglais,8.08,1
N013414,E0135,histoire_geographie,5.65,1
N013420,E0135,maths,6.68,2
N013421,E0135,francais,7.66,2
N013422,E0135,sciences,7.77,2
N013423,E0135,anglais,7.28,2
N013424,E0135,histoire_geographie,7.54,2
N013430,E0135,maths,6.53,3
N013431,E0135,francais,6.77,3
N013432,E0135,sciences,6.43,3
N013433,E0135,anglais,6.11,3
N013434,E0135,histoire_geographie,6.05,3
N013510,E0136,maths,9.34,1
N013511,E0136,francais,9.16,1
N013512,E0136,sciences,7.86,1
N013513,E0136,anglais,9.08,1
N013514,E0136,histoire_geographie,9.77,1
N013520,E0136,maths,8.38,2
N013521,E0136,francais,9.29,2
N013522,E0136,sciences,9.81,2
N013523,E0136,anglais,9.59,2
N013524,E0136,histoire_geographie,10.07,2
N013530,E0136,maths,7.63,3
N013531,E0136,francais,9.62,3
N013532,E0136,sciences,9.36,3
N013533,E0136,anglais,6.12,3
N013534,E0136,histoire_geographie,10.94,3
N013610,E0137,maths,6.67,1
N013611,E0137,francais,12.24,1
N013612,E0137,sciences,9.53,1
N013613,E0137,anglais,10.64,1
N013614,E0137,histoire_geographie,11.57,1
N013620,E0137,maths,9.7,2
N013621,E0137,francais,12.97,2
N013622,E0137,sciences,10.97,2
N013623,E0137,anglais,11.4,2
N013624,E0137,histoire_geographie,11.11,2
N013630,E0137,maths,8.49,3
N013631,E0137,francais,10.53,3
N013632,E0137,sciences,10.96,3
N013633,E0137,anglais,7.57,3
N013634,E0137,histoire_geographie,12.26,3
N013710,E0138,maths,11.95,1
N013711,E0138,francais,11.57,1
N013712,E0138,sciences,13.51,1
N013713,E0138,anglais,14.36,1
N013714,E0138,histoire_geographie,13.94,1
N013720,E0138,maths,10.68,2
N013721,E0138,francais,12.0,2
N013722,E0138,sciences,13.98,2
N013723,E0138,anglais,13.51,2
N013724,E0138,histoire_geographie,14.7,2
N013730,E0138,maths,12.37,3
N013731,E0138,francais,13.37,3
N013732,E0138,sciences,13.9,3
N013733,E0138,anglais,12.85,3
N013734,E0138,histoire_geographie,14.56,3
N013810,E0139,maths,9.6,1
N013811,E0139,francais,10.02,1
N013812,E0139,sciences,10.85,1
N013813,E0139,anglais,8.86,1
N013814,E0139,histoire_geographie,12.4,1
N013820,E0139,maths,9.93,2
N013821,E0139,francais,9.4,2
N013822,E0139,sciences,9.23,2
N013823,E0139,anglais,10.07,2
N013824,E0139,histoire_geographie,10.44,2
N013830,E0139,maths,10.04,3
N013831,E0139,francais,10.64,3
N013832,E0139,sciences,10.25,3
N013833,E0139,anglais,12.22,3
N013834,E0139,histoire_geographie,11.09,3
N013910,E0140,maths,12.82,1
N013911,E0140,francais,13.89,1
N013912,E0140,sciences,13.21,1
N013913,E0140,anglais,14.66,1
N013914,E0140,histoire_geographie,12.53,1
N013920,E0140,maths,13.81,2
N013921,E0140,francais,13.81,2
N013922,E0140,sciences,15.79,2
N013923,E0140,anglais,12.47,2
N013924,E0140,histoire_geographie,15.58,2
N013930,E0140,maths,13.77,3
N013931,E0140,francais,14.57,3
N013932,E0140,sciences,13.2,3
N013933,E0140,anglais,12.59,3
N013934,E0140,histoire_geographie,13.79,3
N014010,E0141,maths,9.85,1
N014011,E0141,francais,9.97,1
N014012,E0141,sciences,12.37,1
N014013,E0141,anglais,13.07,1
N014014,E0141,histoire_geographie,10.3,1
N014020,E0141,maths,10.26,2
N014021,E0141,francais,12.22,2
N014022,E0141,sciences,10.46,2
N014023,E0141,anglais,11.98,2
N014024,E0141,histoire_geographie,11.39,2
N014030,E0141,maths,10.1,3
N014031,E0141,francais,10.56,3
N014032,E0141,sciences,11.96,3
N014033,E0141,anglais,10.21,3
N014034,E0141,histoire_geographie,12.55,3
N014110,E0142,maths,8.59,1
N014111,E0142,francais,8.62,1
N014112,E0142,sciences,9.55,1
N014113,E0142,anglais,10.39,1
N014114,E0142,histoire_geographie,9.64,1
N014120,E0142,maths,10.35,2
N014121,E0142,francais,10.46,2
N014122,E0142,sciences,8.54,2
N014123,E0142,anglais,7.54,2
N014124,E0142,histoire_geographie,10.2,2
N014130,E0142,maths,7.49,3
N014131,E0142,francais,8.79,3
N014132,E0142,sciences,8.52,3
N014133,E0142,anglais,10.91,3
N014134,E0142,histoire_geographie,9.05,3
N014210,E0143,maths,7.82,1
N014211,E0143,francais,9.91,1
N014212,E0143,sciences,9.71,1
N014213,E0143,anglais,7.7,1
N014214,E0143,histoire_geographie,11.95,1
N014220,E0143,maths,8.36,2
N014221,E0143,francais,6.49,2
N014222,E0143,sciences,8.51,2
N014223,E0143,anglais,8.43,2
N014224,E0143,histoire_geographie,10.24,2
N014230,E0143,maths,9.18,3
N014231,E0143,francais,8.05,3
N014232,E0143,sciences,7.37,3
N014233,E0143,anglais,8.19,3
N014234,E0143,histoire_geographie,8.7,3
N014310,E0144,maths,7.61,1
N014311,E0144,francais,7.82,1
N014312,E0144,sciences,7.44,1
N014313,E0144,anglais,7.21,1
N014314,E0144,histoire_geographie,9.43,1
N014320,E0144,maths,8.68,2
N014321,E0144,francais,8.02,2
N014322,E0144,sciences,5.67,2
N014323,E0144,anglais,9.23,2
N014324,E0144,histoire_geographie,7.74,2
N014330,E0144,maths,7.59,3
N014331,E0144,francais,8.32,3
N014332,E0144,sciences,5.62,3
N014333,E0144,anglais,7.92,3
N014334,E0144,histoire_geographie,8.6,3
N014410,E0145,maths,7.56,1
N014411,E0145,francais,10.93,1
N014412,E0145,sciences,10.45,1
N014413,E0145,anglais,7.08,1
N014414,E0145,histoire_geographie,10.94,1
N014420,E0145,maths,9.07,2
N014421,E0145,francais,8.49,2
N014422,E0145,sciences,10.15,2
N014423,E0145,anglais,10.98,2
N014424,E0145,histoire_geographie,8.44,2
N014430,E0145,maths,7.86,3
N014431,E0145,francais,10.49,3
N014432,E0145,sciences,9.48,3
N014433,E0145,anglais,9.86,3
N014434,E0145,histoire_geographie,10.66,3
N014510,E0146,maths,12.68,1
N014511,E0146,francais,11.79,1
N014512,E0146,sciences,10.99,1
N014513,E0146,anglais,9.92,1
N014514,E0146,histoire_geographie,11.48,1
N014520,E0146,maths,10.18,2
N014521,E0146,francais,11.79,2
N014522,E0146,sciences,12.74,2
N014523,E0146,anglais,11.22,2
N014524,E0146,histoire_geographie,9.73,2
N014530,E0146,maths,10.43,3
N014531,E0146,francais,10.63,3
N014532,E0146,sciences,9.87,3
N014533,E0146,anglais,10.49,3
N014534,E0146,histoire_geographie,11.21,3
N014610,E0147,maths,8.75,1
N014611,E0147,francais,10.57,1
N014612,E0147,sciences,11.01,1
N014613,E0147,anglais,9.56,1
N014614,E0147,histoire_geographie,10.14,1
N014620,E0147,maths,9.68,2
N014621,E0147,francais,9.35,2
N014622,E0147,sciences,10.34,2
N014623,E0147,anglais,9.93,2
N014624,E0147,histoire_geographie,12.38,2
N014630,E0147,maths,9.98,3
N014631,E0147,francais,8.88,3
N014632,E0147,sciences,10.15,3
N014633,E0147,anglais,9.28,3
N014634,E0147,histoire_geographie,11.73,3
N014710,E0148,maths,14.69,1
N014711,E0148,francais,15.68,1
N014712,E0148,sciences,13.33,1
N014713,E0148,anglais,13.67,1
N014714,E0148,histoire_geographie,12.48,1
N014720,E0148,maths,12.97,2
N014721,E0148,francais,12.66,2
N014722,E0148,sciences,12.46,2
N014723,E0148,anglais,10.87,2
N014724,E0148,histoire_geographie,10.34,2
N014730,E0148,maths,12.89,3
N014731,E0148,francais,11.31,3
N014732,E0148,sciences,13.76,3
N014733,E0148,anglais,12.91,3
N014734,E0148,histoire_geographie,14.7,3
N014810,E0149,maths,6.55,1
N014811,E0149,francais,9.55,1
N014812,E0149,sciences,4.15,1
N014813,E0149,anglais,6.24,1
N014814,E0149,histoire_geographie,8.7,1
N014820,E0149,maths,5.9,2
N014821,E0149,francais,6.43,2
N014822,E0149,sciences,8.17,2
N014823,E0149,anglais,7.12,2
N014824,E0149,histoire_geographie,9.25,2
N014830,E0149,maths,7.39,3
N014831,E0149,francais,7.92,3
N014832,E0149,sciences,8.1,3
N014833,E0149,anglais,8.25,3
N014834,E0149,histoire_geographie,10.74,3
N014910,E0150,maths,13.67,1
N014911,E0150,francais,16.16,1
N014912,E0150,sciences,12.31,1
N014913,E0150,anglais,12.71,1
N014914,E0150,histoire_geographie,13.71,1
N014920,E0150,maths,14.63,2
N014921,E0150,francais,14.87,2
N014922,E0150,sciences,15.2,2
N014923,E0150,anglais,14.26,2
N014924,E0150,histoire_geographie,14.82,2
N014930,E0150,maths,14.45,3
N014931,E0150,francais,16.23,3
N014932,E0150,sciences,14.16,3
N014933,E0150,anglais,13.39,3
N014934,E0150,histoire_geographie,15.33,3
N015010,E0151,maths,10.95,1
N015011,E0151,francais,9.99,1
N015012,E0151,sciences,8.19,1
N015013,E0151,anglais,10.71,1
N015014,E0151,histoire_geographie,13.26,1
N015020,E0151,maths,9.86,2
N015021,E0151,francais,11.73,2
N015022,E0151,sciences,12.67,2
N015023,E0151,anglais,8.91,2
N015024,E0151,histoire_geographie,10.79,2
N015030,E0151,maths,9.98,3
N015031,E0151,francais,9.02,3
N015032,E0151,sciences,9.43,3
N015033,E0151,anglais,12.38,3
N015034,E0151,histoire_geographie,11.18,3
N015110,E0152,maths,7.12,1
N015111,E0152,francais,6.44,1
N015112,E0152,sciences,8.77,1
N015113,E0152,anglais,6.73,1
N015114,E0152,histoire_geographie,10.12,1
N015120,E0152,maths,7.35,2
N015121,E0152,francais,8.44,2
N015122,E0152,sciences,9.62,2
N015123,E0152,anglais,7.53,2
N015124,E0152,histoire_geographie,7.4,2
N015130,E0152,maths,6.28,3
N015131,E0152,francais,9.67,3
N015132,E0152,sciences,7.22,3
N015133,E0152,anglais,8.33,3
N015134,E0152,histoire_geographie,11.23,3
N015210,E0153,maths,8.29,1
N015211,E0153,francais,7.09,1
N015212,E0153,sciences,11.73,1
N015213,E0153,anglais,10.88,1
N015214,E0153,histoire_geographie,11.98,1
N015220,E0153,maths,9.14,2
N015221,E0153,francais,11.43,2
N015222,E0153,sciences,11.51,2
N015223,E0153,anglais,8.03,2
N015224,E0153,histoire_geographie,10.48,2
N015230,E0153,maths,8.24,3
N015231,E0153,francais,9.76,3
N015232,E0153,sciences,10.56,3
N015233,E0153,anglais,9.43,3
N015234,E0153,histoire_geographie,10.03,3
N015310,E0154,maths,12.35,1
N015311,E0154,francais,12.66,1
N015312,E0154,sciences,15.44,1
N015313,E0154,anglais,13.9,1
N015314,E0154,histoire_geographie,14.33,1
N015320,E0154,maths,12.92,2
N015321,E0154,francais,15.52,2
N015322,E0154,sciences,14.91,2
N015323,E0154,anglais,13.36,2
N015324,E0154,histoire_geographie,14.75,2
N015330,E0154,maths,13.66,3
N015331,E0154,francais,15.31,3
N015332,E0154,sciences,14.89,3
N015333,E0154,anglais,12.34,3
N015334,E0154,histoire_geographie,13.01,3
N015410,E0155,maths,5.74,1
N015411,E0155,francais,7.46,1
N015412,E0155,sciences,6.44,1
N015413,E0155,anglais,6.73,1
N015414,E0155,histoire_geographie,9.54,1
N015420,E0155,maths,7.33,2
N015421,E0155,francais,11.49,2
N015422,E0155,sciences,7.41,2
N015423,E0155,anglais,5.99,2
N015424,E0155,histoire_geographie,5.51,2
N015430,E0155,maths,6.63,3
N015431,E0155,francais,8.17,3
N015432,E0155,sciences,6.97,3
N015433,E0155,anglais,9.74,3
N015434,E0155,histoire_geographie,9.68,3
N015510,E0156,maths,12.24,1
N015511,E0156,francais,11.25,1
N015512,E0156,sciences,9.68,1
N015513,E0156,anglais,10.02,1
N015514,E0156,histoire_geographie,12.48,1
N015520,E0156,maths,11.86,2
N015521,E0156,francais,12.3,2
N015522,E0156,sciences,9.34,2
N015523,E0156,anglais,11.68,2
N015524,E0156,histoire_geographie,12.22,2
N015530,E0156,maths,10.34,3
N015531,E0156,francais,13.33,3
N015532,E0156,sciences,11.43,3
N015533,E0156,anglais,11.22,3
N015534,E0156,histoire_geographie,12.33,3
N015610,E0157,maths,10.94,1
N015611,E0157,francais,10.68,1
N015612,E0157,sciences,7.98,1
N015613,E0157,anglais,7.75,1
N015614,E0157,histoire_geographie,11.75,1
N015620,E0157,maths,10.12,2
N015621,E0157,francais,10.93,2
N015622,E0157,sciences,9.86,2
N015623,E0157,anglais,9.88,2
N015624,E0157,histoire_geographie,11.44,2
N015630,E0157,maths,8.32,3
N015631,E0157,francais,9.76,3
N015632,E0157,sciences,11.45,3
N015633,E0157,anglais,10.7,3
N015634,E0157,histoire_geographie,10.26,3
N015710,E0158,maths,9.44,1
N015711,E0158,francais,11.2,1
N015712,E0158,sciences,12.73,1
N015713,E0158,anglais,11.81,1
N015714,E0158,histoire_geographie,14.34,1
N015720,E0158,maths,11.68,2
N015721,E0158,francais,10.76,2
N015722,E0158,sciences,14.07,2
N015723,E0158,anglais,11.13,2
N015724,E0158,histoire_geographie,12.36,2
N015730,E0158,maths,11.15,3
N015731,E0158,francais,12.18,3
N015732,E0158,sciences,12.19,3
N015733,E0158,anglais,12.08,3
N015734,E0158,histoire_geographie,13.3,3
N015810,E0159,maths,8.16,1
N015811,E0159,francais,9.11,1
N015812,E0159,sciences,10.86,1
N015813,E0159,anglais,8.74,1
N015814,E0159,histoire_geographie,11.08,1
N015820,E0159,maths,10.2,2
N015821,E0159,francais,9.73,2
N015822,E0159,sciences,8.68,2
N015823,E0159,anglais,9.45,2
N015824,E0159,histoire_geographie,11.58,2
N015830,E0159,maths,10.54,3
N015831,E0159,francais,9.84,3
N015832,E0159,sciences,10.64,3
N015833,E0159,anglais,10.52,3
N015834,E0159,histoire_geographie,11.29,3
N015910,E0160,maths,9.4,1
N015911,E0160,francais,9.52,1
N015912,E0160,sciences,9.72,1
N015913,E0160,anglais,10.05,1
N015914,E0160,histoire_geographie,11.06,1
N015920,E0160,maths,11.01,2
N015921,E0160,francais,10.41,2
N015922,E0160,sciences,7.28,2
N015923,E0160,anglais,8.97,2
N015924,E0160,histoire_geographie,11.48,2
N015930,E0160,maths,9.43,3
N015931,E0160,francais,9.88,3
N015932,E0160,sciences,9.04,3
N015933,E0160,anglais,8.22,3
N015934,E0160,histoire_geographie,10.46,3
N016010,E0161,maths,9.5,1
N016011,E0161,francais,9.65,1
N016012,E0161,sciences,11.09,1
N016013,E0161,anglais,8.84,1
N016014,E0161,histoire_geographie,10.96,1
N016020,E0161,maths,9.99,2
N016021,E0161,francais,9.99,2
N016022,E0161,sciences,11.78,2
N016023,E0161,anglais,10.36,2
N016024,E0161,histoire_geographie,13.61,2
N016030,E0161,maths,10.26,3
N016031,E0161,francais,10.55,3
N016032,E0161,sciences,10.45,3
N016033,E0161,anglais,12.43,3
N016034,E0161,histoire_geographie,11.46,3
N016110,E0162,maths,11.51,1
N016111,E0162,francais,11.48,1
N016112,E0162,sciences,11.83,1
N016113,E0162,anglais,13.37,1
N016114,E0162,histoire_geographie,14.71,1
N016120,E0162,maths,12.84,2
N016121,E0162,francais,12.29,2
N016122,E0162,sciences,10.84,2
N016123,E0162,anglais,13.66,2
N016124,E0162,histoire_geographie,15.34,2
N016130,E0162,maths,10.91,3
N016131,E0162,francais,13.54,3
N016132,E0162,sciences,12.45,3
N016133,E0162,anglais,11.53,3
N016134,E0162,histoire_geographie,13.78,3
N016210,E0163,maths,9.62,1
N016211,E0163,francais,8.75,1
N016212,E0163,sciences,9.48,1
N016213,E0163,anglais,8.73,1
N016214,E0163,histoire_geographie,12.2,1
N016220,E0163,maths,8.73,2
N016221,E0163,francais,9.52,2
N016222,E0163,sciences,9.25,2
N016223,E0163,anglais,10.57,2
N016224,E0163,histoire_geographie,12.27,2
N016230,E0163,maths,11.53,3
N016231,E0163,francais,11.31,3
N016232,E0163,sciences,8.95,3
N016233,E0163,anglais,9.67,3
N016234,E0163,histoire_geographie,11.11,3
N016310,E0164,maths,7.22,1
N016311,E0164,francais,5.04,1
N016312,E0164,sciences,7.65,1
N016313,E0164,anglais,6.63,1
N016314,E0164,histoire_geographie,7.21,1
N016320,E0164,maths,6.19,2
N016321,E0164,francais,7.33,2
N016322,E0164,sciences,7.58,2
N016323,E0164,anglais,5.17,2
N016324,E0164,histoire_geographie,5.91,2
N016330,E0164,maths,4.44,3
N016331,E0164,francais,4.22,3
N016332,E0164,sciences,5.87,3
N016333,E0164,anglais,5.01,3
N016334,E0164,histoire_geographie,8.77,3
N016410,E0165,maths,4.95,1
N016411,E0165,francais,6.9,1
N016412,E0165,sciences,7.52,1
N016413,E0165,anglais,6.22,1
N016414,E0165,histoire_geographie,7.66,1
N016420,E0165,maths,7.29,2
N016421,E0165,francais,8.58,2
N016422,E0165,sciences,6.82,2
N016423,E0165,anglais,7.05,2
N016424,E0165,histoire_geographie,8.51,2
N016430,E0165,maths,8.82,3
N016431,E0165,francais,7.07,3
N016432,E0165,sciences,6.68,3
N016433,E0165,anglais,6.2,3
N016434,E0165,histoire_geographie,7.78,3
N016510,E0166,maths,9.9,1
N016511,E0166,francais,11.05,1
N016512,E0166,sciences,10.36,1
N016513,E0166,anglais,9.58,1
N016514,E0166,histoire_geographie,13.18,1
N016520,E0166,maths,8.43,2
N016521,E0166,francais,10.75,2
N016522,E0166,sciences,8.8,2
N016523,E0166,anglais,10.67,2
N016524,E0166,histoire_geographie,10.34,2
N016530,E0166,maths,9.3,3
N016531,E0166,francais,10.33,3
N016532,E0166,sciences,8.8,3
N016533,E0166,anglais,10.46,3
N016534,E0166,histoire_geographie,12.1,3
N016610,E0167,maths,10.95,1
N016611,E0167,francais,11.79,1
N016612,E0167,sciences,11.56,1
N016613,E0167,anglais,12.24,1
N016614,E0167,histoire_geographie,11.72,1
N016620,E0167,maths,10.74,2
N016621,E0167,francais,12.48,2
N016622,E0167,sciences,11.01,2
N016623,E0167,anglais,10.69,2
N016624,E0167,histoire_geographie,13.68,2
N016630,E0167,maths,12.1,3
N016631,E0167,francais,12.53,3
N016632,E0167,sciences,9.21,3
N016633,E0167,anglais,10.93,3
N016634,E0167,histoire_geographie,13.67,3
N016710,E0168,maths,10.22,1
N016711,E0168,francais,11.25,1
N016712,E0168,sciences,13.2,1
N016713,E0168,anglais,11.4,1
N016714,E0168,histoire_geographie,12.32,1
N016720,E0168,maths,10.97,2
N016721,E0168,francais,10.44,2
N016722,E0168,sciences,12.89,2
N016723,E0168,anglais,12.98,2
N016724,E0168,histoire_geographie,10.69,2
N016730,E0168,maths,11.16,3
N016731,E0168,francais,11.69,3
N016732,E0168,sciences,7.98,3
N016733,E0168,anglais,8.82,3
N016734,E0168,histoire_geographie,12.33,3
N016810,E0169,maths,6.58,1
N016811,E0169,francais,8.6,1
N016812,E0169,sciences,9.09,1
N016813,E0169,anglais,7.91,1
N016814,E0169,histoire_geographie,7.92,1
N016820,E0169,maths,5.93,2
N016821,E0169,francais,5.95,2
N016822,E0169,sciences,8.86,2
N016823,E0169,anglais,12.21,2
N016824,E0169,histoire_geographie,9.8,2
N016830,E0169,maths,7.14,3
N016831,E0169,francais,8.14,3
N016832,E0169,sciences,7.92,3
N016833,E0169,anglais,8.3,3
N016834,E0169,histoire_geographie,9.45,3
N016910,E0170,maths,5.36,1
N016911,E0170,francais,8.66,1
N016912,E0170,sciences,7.98,1
N016913,E0170,anglais,7.27,1
N016914,E0170,histoire_geographie,9.67,1
N016920,E0170,maths,8.4,2
N016921,E0170,francais,10.3,2
N016922,E0170,sciences,7.82,2
N016923,E0170,anglais,8.73,2
N016924,E0170,histoire_geographie,9.92,2
N016930,E0170,maths,7.07,3
N016931,E0170,francais,9.42,3
N016932,E0170,sciences,9.28,3
N016933,E0170,anglais,6.87,3
N016934,E0170,histoire_geographie,9.61,3
N017010,E0171,maths,10.33,1
N017011,E0171,francais,12.17,1
N017012,E0171,sciences,12.24,1
N017013,E0171,anglais,11.3,1
N017014,E0171,histoire_geographie,12.98,1
N017020,E0171,maths,10.67,2
N017021,E0171,francais,10.46,2
N017022,E0171,sciences,12.94,2
N017023,E0171,anglais,13.33,2
N017024,E0171,histoire_geographie,13.24,2
N017030,E0171,maths,12.19,3
N017031,E0171,francais,10.73,3
N017032,E0171,sciences,11.02,3
N017033,E0171,anglais,10.68,3
N017034,E0171,histoire_geographie,13.58,3
N017110,E0172,maths,11.95,1
N017111,E0172,francais,10.49,1
N017112,E0172,sciences,11.0,1
N017113,E0172,anglais,11.68,1
N017114,E0172,histoire_geographie,11.93,1
N017120,E0172,maths,9.78,2
N017121,E0172,francais,11.06,2
N017122,E0172,sciences,9.44,2
N017123,E0172,anglais,10.74,2
N017124,E0172,histoire_geographie,13.09,2
N017130,E0172,maths,11.46,3
N017131,E0172,francais,10.24,3
N017132,E0172,sciences,11.3,3
N017133,E0172,anglais,11.37,3
N017134,E0172,histoire_geographie,11.94,3
N017210,E0173,maths,9.42,1
N017211,E0173,francais,13.68,1
N017212,E0173,sciences,10.6,1
N017213,E0173,anglais,9.78,1
N017214,E0173,histoire_geographie,12.53,1
N017220,E0173,maths,10.52,2
N017221,E0173,francais,12.5,2
N017222,E0173,sciences,12.45,2
N017223,E0173,anglais,11.31,2
N017224,E0173,histoire_geographie,11.72,2
N017230,E0173,maths,11.0,3
N017231,E0173,francais,9.87,3
N017232,E0173,sciences,11.15,3
N017233,E0173,anglais,10.96,3
N017234,E0173,histoire_geographie,12.37,3
N017310,E0174,maths,10.29,1
N017311,E0174,francais,11.29,1
N017312,E0174,sciences,9.61,1
N017313,E0174,anglais,10.17,1
N017314,E0174,histoire_geographie,7.61,1
N017320,E0174,maths,12.22,2
N017321,E0174,francais,14.0,2
N017322,E0174,sciences,9.32,2
N017323,E0174,anglais,10.79,2
N017324,E0174,histoire_geographie,12.3,2
N017330,E0174,maths,10.0,3
N017331,E0174,francais,10.94,3
N017332,E0174,sciences,10.43,3
N017333,E0174,anglais,8.77,3
N017334,E0174,histoire_geographie,11.63,3
N017410,E0175,maths,6.76,1
N017411,E0175,francais,10.62,1
N017412,E0175,sciences,8.31,1
N017413,E0175,anglais,10.43,1
N017414,E0175,histoire_geographie,8.78,1
N017420,E0175,maths,8.18,2
N017421,E0175,francais,11.33,2
N017422,E0175,sciences,9.05,2
N017423,E0175,anglais,8.01,2
N017424,E0175,histoire_geographie,12.61,2
N017430,E0175,maths,7.9,3
N017431,E0175,francais,9.55,3
N017432,E0175,sciences,9.23,3
N017433,E0175,anglais,9.84,3
N017434,E0175,histoire_geographie,9.05,3
N017510,E0176,maths,9.25,1
N017511,E0176,francais,10.74,1
N017512,E0176,sciences,10.95,1
N017513,E0176,anglais,11.46,1
N017514,E0176,histoire_geographie,11.06,1
N017520,E0176,maths,12.74,2
N017521,E0176,francais,11.89,2
N017522,E0176,sciences,10.88,2
N017523,E0176,anglais,11.71,2
N017524,E0176,histoire_geographie,11.6,2
N017530,E0176,maths,13.43,3
N017531,E0176,francais,12.85,3
N017532,E0176,sciences,10.58,3
N017533,E0176,anglais,11.45,3
N017534,E0176,histoire_geographie,14.58,3
N017610,E0177,maths,5.48,1
N017611,E0177,francais,8.54,1
N017612,E0177,sciences,4.48,1
N017613,E0177,anglais,6.33,1
N017614,E0177,histoire_geographie,8.25,1
N017620,E0177,maths,5.19,2
N017621,E0177,francais,5.99,2
N017622,E0177,sciences,6.41,2
N017623,E0177,anglais,5.55,2
N017624,E0177,histoire_geographie,8.11,2
N017630,E0177,maths,4.6,3
N017631,E0177,francais,7.78,3
N017632,E0177,sciences,7.42,3
N017633,E0177,anglais,6.56,3
N017634,E0177,histoire_geographie,9.27,3
N017710,E0178,maths,10.63,1
N017711,E0178,francais,12.01,1
N017712,E0178,sciences,11.01,1
N017713,E0178,anglais,12.21,1
N017714,E0178,histoire_geographie,12.99,1
N017720,E0178,maths,12.17,2
N017721,E0178,francais,15.45,2
N017722,E0178,sciences,14.69,2
N017723,E0178,anglais,10.87,2
N017724,E0178,histoire_geographie,12.89,2
N017730,E0178,maths,12.23,3
N017731,E0178,francais,11.11,3
N017732,E0178,sciences,11.85,3
N017733,E0178,anglais,11.66,3
N017734,E0178,histoire_geographie,12.14,3
N017810,E0179,maths,11.17,1
N017811,E0179,francais,10.84,1
N017812,E0179,sciences,11.42,1
N017813,E0179,anglais,9.36,1
N017814,E0179,histoire_geographie,10.87,1
N017820,E0179,maths,10.82,2
N017821,E0179,francais,12.77,2
N017822,E0179,sciences,11.85,2
N017823,E0179,anglais,11.39,2
N017824,E0179,histoire_geographie,9.33,2
N017830,E0179,maths,9.68,3
N017831,E0179,francais,9.31,3
N017832,E0179,sciences,11.5,3
N017833,E0179,anglais,9.34,3
N017834,E0179,histoire_geographie,8.81,3
N017910,E0180,maths,13.22,1
N017911,E0180,francais,11.69,1
N017912,E0180,sciences,13.02,1
N017913,E0180,anglais,8.06,1
N017914,E0180,histoire_geographie,13.4,1
N017920,E0180,maths,9.94,2
N017921,E0180,francais,13.22,2
N017922,E0180,sciences,10.14,2
N017923,E0180,anglais,11.7,2
N017924,E0180,histoire_geographie,12.95,2
N017930,E0180,maths,10.24,3
N017931,E0180,francais,11.06,3
N017932,E0180,sciences,12.77,3
N017933,E0180,anglais,14.02,3
N017934,E0180,histoire_geographie,12.61,3
N018010,E0181,maths,6.28,1
N018011,E0181,francais,6.62,1
N018012,E0181,sciences,7.7,1
N018013,E0181,anglais,7.86,1
N018014,E0181,histoire_geographie,7.73,1
N018020,E0181,maths,8.0,2
N018021,E0181,francais,8.17,2
N018022,E0181,sciences,7.7,2
N018023,E0181,anglais,7.25,2
N018024,E0181,histoire_geographie,8.17,2
N018030,E0181,maths,5.68,3
N018031,E0181,francais,7.57,3
N018032,E0181,sciences,6.16,3
N018033,E0181,anglais,6.83,3
N018034,E0181,histoire_geographie,7.52,3
N018110,E0182,maths,10.86,1
N018111,E0182,francais,12.19,1
N018112,E0182,sciences,13.18,1
N018113,E0182,anglais,10.13,1
N018114,E0182,histoire_geographie,12.29,1
N018120,E0182,maths,9.66,2
N018121,E0182,francais,10.32,2
N018122,E0182,sciences,9.94,2
N018123,E0182,anglais,12.08,2
N018124,E0182,histoire_geographie,11.5,2
N018130,E0182,maths,11.34,3
N018131,E0182,francais,9.7,3
N018132,E0182,sciences,8.58,3
N018133,E0182,anglais,7.71,3
N018134,E0182,histoire_geographie,10.06,3
N018210,E0183,maths,11.96,1
N018211,E0183,francais,12.0,1
N018212,E0183,sciences,12.6,1
N018213,E0183,anglais,11.67,1
N018214,E0183,histoire_geographie,12.61,1
N018220,E0183,maths,10.73,2
N018221,E0183,francais,11.61,2
N018222,E0183,sciences,14.48,2
N018223,E0183,anglais,11.5,2
N018224,E0183,histoire_geographie,14.79,2
N018230,E0183,maths,11.82,3
N018231,E0183,francais,14.16,3
N018232,E0183,sciences,11.51,3
N018233,E0183,anglais,12.78,3
N018234,E0183,histoire_geographie,15.48,3
N018310,E0184,maths,11.77,1
N018311,E0184,francais,10.79,1
N018312,E0184,sciences,10.84,1
N018313,E0184,anglais,11.59,1
N018314,E0184,histoire_geographie,13.07,1
N018320,E0184,maths,11.54,2
N018321,E0184,francais,11.02,2
N018322,E0184,sciences,11.74,2
N018323,E0184,anglais,10.86,2
N018324,E0184,histoire_geographie,13.45,2
N018330,E0184,maths,10.39,3
N018331,E0184,francais,12.59,3
N018332,E0184,sciences,14.42,3
N018333,E0184,anglais,12.95,3
N018334,E0184,histoire_geographie,11.81,3
N018410,E0185,maths,8.22,1
N018411,E0185,francais,7.16,1
N018412,E0185,sciences,7.31,1
N018413,E0185,anglais,8.68,1
N018414,E0185,histoire_geographie,8.47,1
N018420,E0185,maths,8.15,2
N018421,E0185,francais,8.28,2
N018422,E0185,sciences,10.24,2
N018423,E0185,anglais,8.76,2
N018424,E0185,histoire_geographie,8.96,2
N018430,E0185,maths,7.83,3
N018431,E0185,francais,10.36,3
N018432,E0185,sciences,9.51,3
N018433,E0185,anglais,9.32,3
N018434,E0185,histoire_geographie,10.97,3
N018510,E0186,maths,7.94,1
N018511,E0186,francais,10.82,1
N018512,E0186,sciences,11.11,1
N018513,E0186,anglais,10.52,1
N018514,E0186,histoire_geographie,10.1,1
N018520,E0186,maths,10.63,2
N018521,E0186,francais,9.96,2
N018522,E0186,sciences,9.06,2
N018523,E0186,anglais,7.34,2
N018524,E0186,histoire_geographie,11.82,2
N018530,E0186,maths,12.57,3
N018531,E0186,francais,10.02,3
N018532,E0186,sciences,9.19,3
N018533,E0186,anglais,11.77,3
N018534,E0186,histoire_geographie,9.9,3
N018610,E0187,maths,11.73,1
N018611,E0187,francais,11.13,1
N018612,E0187,sciences,11.54,1
N018613,E0187,anglais,10.53,1
N018614,E0187,histoire_geographie,11.97,1
N018620,E0187,maths,11.4,2
N018621,E0187,francais,12.28,2
N018622,E0187,sciences,11.53,2
N018623,E0187,anglais,12.0,2
N018624,E0187,histoire_geographie,13.55,2
N018630,E0187,maths,9.89,3
N018631,E0187,francais,11.56,3
N018632,E0187,sciences,10.78,3
N018633,E0187,anglais,11.61,3
N018634,E0187,histoire_geographie,13.66,3
N018710,E0188,maths,14.09,1
N018711,E0188,francais,14.72,1
N018712,E0188,sciences,13.62,1
N018713,E0188,anglais,12.42,1
N018714,E0188,histoire_geographie,15.43,1
N018720,E0188,maths,15.44,2
N018721,E0188,francais,15.18,2
N018722,E0188,sciences,14.26,2
N018723,E0188,anglais,13.49,2
N018724,E0188,histoire_geographie,16.37,2
N018730,E0188,maths,14.76,3
N018731,E0188,francais,16.62,3
N018732,E0188,sciences,13.29,3
N018733,E0188,anglais,13.31,3
N018734,E0188,histoire_geographie,16.32,3
N018810,E0189,maths,10.1,1
N018811,E0189,francais,8.92,1
N018812,E0189,sciences,10.85,1
N018813,E0189,anglais,10.69,1
N018814,E0189,histoire_geographie,10.2,1
N018820,E0189,maths,7.66,2
N018821,E0189,francais,8.9,2
N018822,E0189,sciences,9.78,2
N018823,E0189,anglais,8.95,2
N018824,E0189,histoire_geographie,11.75,2
N018830,E0189,maths,7.19,3
N018831,E0189,francais,9.86,3
N018832,E0189,sciences,9.7,3
N018833,E0189,anglais,9.07,3
N018834,E0189,histoire_geographie,10.88,3
N018910,E0190,maths,6.94,1
N018911,E0190,francais,7.17,1
N018912,E0190,sciences,8.67,1
N018913,E0190,anglais,8.95,1
N018914,E0190,histoire_geographie,10.9,1
N018920,E0190,maths,7.23,2
N018921,E0190,francais,9.36,2
N018922,E0190,sciences,7.23,2
N018923,E0190,anglais,8.66,2
N018924,E0190,histoire_geographie,9.15,2
N018930,E0190,maths,6.77,3
N018931,E0190,francais,8.01,3
N018932,E0190,sciences,8.03,3
N018933,E0190,anglais,8.73,3
N018934,E0190,histoire_geographie,10.65,3
N019010,E0191,maths,9.2,1
N019011,E0191,francais,11.48,1
N019012,E0191,sciences,8.76,1
N019013,E0191,anglais,7.96,1
N019014,E0191,histoire_geographie,9.79,1
N019020,E0191,maths,8.82,2
N019021,E0191,francais,11.22,2
N019022,E0191,sciences,9.87,2
N019023,E0191,anglais,10.06,2
N019024,E0191,histoire_geographie,11.64,2
N019030,E0191,maths,9.31,3
N019031,E0191,francais,9.66,3
N019032,E0191,sciences,11.84,3
N019033,E0191,anglais,8.29,3
N019034,E0191,histoire_geographie,10.84,3
N019110,E0192,maths,7.1,1
N019111,E0192,francais,9.86,1
N019112,E0192,sciences,7.94,1
N019113,E0192,anglais,7.12,1
N019114,E0192,histoire_geographie,6.46,1
N019120,E0192,maths,7.2,2
N019121,E0192,francais,7.94,2
N019122,E0192,sciences,9.07,2
N019123,E0192,anglais,6.33,2
N019124,E0192,histoire_geographie,7.36,2
N019130,E0192,maths,6.88,3
N019131,E0192,francais,7.48,3
N019132,E0192,sciences,6.58,3
N019133,E0192,anglais,5.73,3
N019134,E0192,histoire_geographie,7.48,3
N019210,E0193,maths,11.93,1
N019211,E0193,francais,11.38,1
N019212,E0193,sciences,10.44,1
N019213,E0193,anglais,12.93,1
N019214,E0193,histoire_geographie,10.88,1
N019220,E0193,maths,11.85,2
N019221,E0193,francais,10.77,2
N019222,E0193,sciences,11.97,2
N019223,E0193,anglais,9.94,2
N019224,E0193,histoire_geographie,13.22,2
N019230,E0193,maths,8.11,3
N019231,E0193,francais,12.54,3
N019232,E0193,sciences,12.37,3
N019233,E0193,anglais,10.91,3
N019234,E0193,histoire_geographie,13.97,3
N019310,E0194,maths,10.44,1
N019311,E0194,francais,9.68,1
N019312,E0194,sciences,12.29,1
N019313,E0194,anglais,10.23,1
N019314,E0194,histoire_geographie,11.22,1
N019320,E0194,maths,8.41,2
N019321,E0194,francais,11.43,2
N019322,E0194,sciences,10.65,2
N019323,E0194,anglais,9.86,2
N019324,E0194,histoire_geographie,10.43,2
N019330,E0194,maths,8.35,3
N019331,E0194,francais,10.47,3
N019332,E0194,sciences,7.82,3
N019333,E0194,anglais,9.69,3
N019334,E0194,histoire_geographie,11.54,3
N019410,E0195,maths,10.47,1
N019411,E0195,francais,11.3,1
N019412,E0195,sciences,13.92,1
N019413,E0195,anglais,11.17,1
N019414,E0195,histoire_geographie,13.16,1
N019420,E0195,maths,11.59,2
N019421,E0195,francais,10.97,2
N019422,E0195,sciences,12.18,2
N019423,E0195,anglais,10.96,2
N019424,E0195,histoire_geographie,11.78,2
N019430,E0195,maths,12.93,3
N019431,E0195,francais,12.8,3
N019432,E0195,sciences,9.74,3
N019433,E0195,anglais,9.83,3
N019434,E0195,histoire_geographie,11.59,3
N019510,E0196,maths,12.59,1
N019511,E0196,francais,12.79,1
N019512,E0196,sciences,12.91,1
N019513,E0196,anglais,12.58,1
N019514,E0196,histoire_geographie,13.9,1
N019520,E0196,maths,11.28,2
N019521,E0196,francais,14.84,2
N019522,E0196,sciences,12.3,2
N019523,E0196,anglais,11.29,2
N019524,E0196,histoire_geographie,13.55,2
N019530,E0196,maths,10.42,3
N019531,E0196,francais,14.18,3
N019532,E0196,sciences,13.93,3
N019533,E0196,anglais,13.35,3
N019534,E0196,histoire_geographie,15.97,3
N019610,E0197,maths,9.77,1
N019611,E0197,francais,10.35,1
N019612,E0197,sciences,10.08,1
N019613,E0197,anglais,8.18,1
N019614,E0197,histoire_geographie,11.68,1
N019620,E0197,maths,8.41,2
N019621,E0197,francais,10.77,2
N019622,E0197,sciences,12.82,2
N019623,E0197,anglais,10.05,2
N019624,E0197,histoire_geographie,12.4,2
N019630,E0197,maths,9.03,3
N019631,E0197,francais,8.35,3
N019632,E0197,sciences,11.13,3
N019633,E0197,anglais,9.26,3
N019634,E0197,histoire_geographie,8.4,3
N019710,E0198,maths,5.98,1
N019711,E0198,francais,6.89,1
N019712,E0198,sciences,7.49,1
N019713,E0198,anglais,7.35,1
N019714,E0198,histoire_geographie,9.11,1
N019720,E0198,maths,7.13,2
N019721,E0198,francais,8.81,2
N019722,E0198,sciences,7.88,2
N019723,E0198,anglais,8.37,2
N019724,E0198,histoire_geographie,8.51,2
N019730,E0198,maths,7.88,3
N019731,E0198,francais,8.69,3
N019732,E0198,sciences,8.2,3
N019733,E0198,anglais,9.81,3
N019734,E0198,histoire_geographie,7.98,3
N019810,E0199,maths,7.8,1
N019811,E0199,francais,10.34,1
N019812,E0199,sciences,9.29,1
N019813,E0199,anglais,9.63,1
N019814,E0199,histoire_geographie,10.55,1
N019820,E0199,maths,9.22,2
N019821,E0199,francais,11.09,2
N019822,E0199,sciences,9.14,2
N019823,E0199,anglais,12.08,2
N019824,E0199,histoire_geographie,10.2,2
N019830,E0199,maths,9.9,3
N019831,E0199,francais,9.48,3
N019832,E0199,sciences,8.12,3
N019833,E0199,anglais,9.61,3
N019834,E0199,histoire_geographie,10.6,3
N019910,E0200,maths,8.09,1
N019911,E0200,francais,6.63,1
N019912,E0200,sciences,6.57,1
N019913,E0200,anglais,7.65,1
N019914,E0200,histoire_geographie,12.33,1
N019920,E0200,maths,7.86,2
N019921,E0200,francais,8.68,2
N019922,E0200,sciences,7.69,2
N019923,E0200,anglais,8.73,2
N019924,E0200,histoire_geographie,10.23,2
N019930,E0200,maths,8.64,3
N019931,E0200,francais,6.95,3
N019932,E0200,sciences,8.39,3
N019933,E0200,anglais,8.31,3
N019934,E0200,histoire_geographie,10.51,3
N020010,E0201,maths,10.29,1
N020011,E0201,francais,12.15,1
N020012,E0201,sciences,14.4,1
N020013,E0201,anglais,10.58,1
N020014,E0201,histoire_geographie,14.89,1
N020020,E0201,maths,11.74,2
N020021,E0201,francais,14.18,2
N020022,E0201,sciences,12.22,2
N020023,E0201,anglais,9.39,2
N020024,E0201,histoire_geographie,12.79,2
N020030,E0201,maths,12.42,3
N020031,E0201,francais,10.55,3
N020032,E0201,sciences,10.43,3
N020033,E0201,anglais,13.67,3
N020034,E0201,histoire_geographie,13.64,3
N020110,E0202,maths,5.25,1
N020111,E0202,francais,10.33,1
N020112,E0202,sciences,9.71,1
N020113,E0202,anglais,9.32,1
N020114,E0202,histoire_geographie,10.34,1
N020120,E0202,maths,8.55,2
N020121,E0202,francais,8.51,2
N020122,E0202,sciences,8.37,2
N020123,E0202,anglais,8.28,2
N020124,E0202,histoire_geographie,10.5,2
N020130,E0202,maths,8.51,3
N020131,E0202,francais,11.16,3
N020132,E0202,sciences,8.11,3
N020133,E0202,anglais,9.53,3
N020134,E0202,histoire_geographie,9.79,3
N020210,E0203,maths,11.59,1
N020211,E0203,francais,13.96,1
N020212,E0203,sciences,12.74,1
N020213,E0203,anglais,10.26,1
N020214,E0203,histoire_geographie,14.18,1
N020220,E0203,maths,9.88,2
N020221,E0203,francais,11.83,2
N020222,E0203,sciences,13.49,2
N020223,E0203,anglais,11.78,2
N020224,E0203,histoire_geographie,12.66,2
N020230,E0203,maths,11.89,3
N020231,E0203,francais,9.69,3
N020232,E0203,sciences,13.53,3
N020233,E0203,anglais,11.92,3
N020234,E0203,histoire_geographie,12.73,3
N020310,E0204,maths,6.57,1
N020311,E0204,francais,9.9,1
N020312,E0204,sciences,9.01,1
N020313,E0204,anglais,9.02,1
N020314,E0204,histoire_geographie,8.55,1
N020320,E0204,maths,6.58,2
N020321,E0204,francais,8.07,2
N020322,E0204,sciences,7.64,2
N020323,E0204,anglais,7.94,2
N020324,E0204,histoire_geographie,10.13,2
N020330,E0204,maths,7.59,3
N020331,E0204,francais,8.28,3
N020332,E0204,sciences,8.04,3
N020333,E0204,anglais,5.62,3
N020334,E0204,histoire_geographie,7.48,3
N020410,E0205,maths,12.14,1
N020411,E0205,francais,12.71,1
N020412,E0205,sciences,12.97,1
N020413,E0205,anglais,11.69,1
N020414,E0205,histoire_geographie,14.89,1
N020420,E0205,maths,12.0,2
N020421,E0205,francais,13.16,2
N020422,E0205,sciences,12.04,2
N020423,E0205,anglais,11.52,2
N020424,E0205,histoire_geographie,15.53,2
N020430,E0205,maths,13.38,3
N020431,E0205,francais,13.3,3
N020432,E0205,sciences,13.44,3
N020433,E0205,anglais,14.37,3
N020434,E0205,histoire_geographie,14.82,3
N020510,E0206,maths,13.17,1
N020511,E0206,francais,13.37,1
N020512,E0206,sciences,10.7,1
N020513,E0206,anglais,10.52,1
N020514,E0206,histoire_geographie,13.99,1
N020520,E0206,maths,10.73,2
N020521,E0206,francais,10.09,2
N020522,E0206,sciences,12.8,2
N020523,E0206,anglais,11.02,2
N020524,E0206,histoire_geographie,12.21,2
N020530,E0206,maths,11.36,3
N020531,E0206,francais,14.13,3
N020532,E0206,sciences,13.92,3
N020533,E0206,anglais,11.9,3
N020534,E0206,histoire_geographie,12.45,3
N020610,E0207,maths,11.48,1
N020611,E0207,francais,12.96,1
N020612,E0207,sciences,15.64,1
N020613,E0207,anglais,11.6,1
N020614,E0207,histoire_geographie,15.15,1
N020620,E0207,maths,14.26,2
N020621,E0207,francais,13.14,2
N020622,E0207,sciences,13.27,2
N020623,E0207,anglais,14.08,2
N020624,E0207,histoire_geographie,13.43,2
N020630,E0207,maths,13.4,3
N020631,E0207,francais,13.47,3
N020632,E0207,sciences,14.33,3
N020633,E0207,anglais,14.09,3
N020634,E0207,histoire_geographie,15.45,3
N020710,E0208,maths,15.74,1
N020711,E0208,francais,15.64,1
N020712,E0208,sciences,17.09,1
N020713,E0208,anglais,14.15,1
N020714,E0208,histoire_geographie,13.99,1
N020720,E0208,maths,14.08,2
N020721,E0208,francais,16.74,2
N020722,E0208,sciences,15.09,2
N020723,E0208,anglais,13.27,2
N020724,E0208,histoire_geographie,16.18,2
N020730,E0208,maths,14.6,3
N020731,E0208,francais,16.66,3
N020732,E0208,sciences,16.17,3
N020733,E0208,anglais,14.9,3
N020734,E0208,histoire_geographie,16.16,3
N020810,E0209,maths,9.05,1
N020811,E0209,francais,8.06,1
N020812,E0209,sciences,12.68,1
N020813,E0209,anglais,12.22,1
N020814,E0209,histoire_geographie,9.29,1
N020820,E0209,maths,9.67,2
N020821,E0209,francais,12.27,2
N020822,E0209,sciences,10.7,2
N020823,E0209,anglais,9.11,2
N020824,E0209,histoire_geographie,11.83,2
N020830,E0209,maths,8.87,3
N020831,E0209,francais,9.31,3
N020832,E0209,sciences,12.08,3
N020833,E0209,anglais,10.33,3
N020834,E0209,histoire_geographie,10.97,3
N020910,E0210,maths,11.12,1
N020911,E0210,francais,12.68,1
N020912,E0210,sciences,14.79,1
N020913,E0210,anglais,13.11,1
N020914,E0210,histoire_geographie,14.72,1
N020920,E0210,maths,10.8,2
N020921,E0210,francais,13.72,2
N020922,E0210,sciences,12.12,2
N020923,E0210,anglais,12.22,2
N020924,E0210,histoire_geographie,13.92,2
N020930,E0210,maths,12.49,3
N020931,E0210,francais,15.12,3
N020932,E0210,sciences,13.21,3
N020933,E0210,anglais,12.55,3
N020934,E0210,histoire_geographie,14.94,3
N021010,E0211,maths,7.37,1
N021011,E0211,francais,9.52,1
N021012,E0211,sciences,9.33,1
N021013,E0211,anglais,8.68,1
N021014,E0211,histoire_geographie,10.82,1
N021020,E0211,maths,7.32,2
N021021,E0211,francais,6.54,2
N021022,E0211,sciences,9.06,2
N021023,E0211,anglais,8.29,2
N021024,E0211,histoire_geographie,9.43,2
N021030,E0211,maths,5.67,3
N021031,E0211,francais,10.65,3
N021032,E0211,sciences,6.92,3
N021033,E0211,anglais,4.39,3
N021034,E0211,histoire_geographie,10.02,3
N021110,E0212,maths,8.17,1
N021111,E0212,francais,10.4,1
N021112,E0212,sciences,8.57,1
N021113,E0212,anglais,7.47,1
N021114,E0212,histoire_geographie,12.18,1
N021120,E0212,maths,6.63,2
N021121,E0212,francais,9.77,2
N021122,E0212,sciences,8.84,2
N021123,E0212,anglais,7.34,2
N021124,E0212,histoire_geographie,9.23,2
N021130,E0212,maths,6.1,3
N021131,E0212,francais,10.24,3
N021132,E0212,sciences,7.35,3
N021133,E0212,anglais,7.98,3
N021134,E0212,histoire_geographie,10.68,3
N021210,E0213,maths,13.08,1
N021211,E0213,francais,15.77,1
N021212,E0213,sciences,14.87,1
N021213,E0213,anglais,15.56,1
N021214,E0213,histoire_geographie,15.61,1
N021220,E0213,maths,13.88,2
N021221,E0213,francais,14.81,2
N021222,E0213,sciences,13.61,2
N021223,E0213,anglais,16.47,2
N021224,E0213,histoire_geographie,14.93,2
N021230,E0213,maths,14.65,3
N021231,E0213,francais,14.4,3
N021232,E0213,sciences,14.17,3
N021233,E0213,anglais,15.19,3
N021234,E0213,histoire_geographie,15.0,3
N021310,E0214,maths,13.52,1
N021311,E0214,francais,13.2,1
N021312,E0214,sciences,11.94,1
N021313,E0214,anglais,13.61,1
N021314,E0214,histoire_geographie,18.25,1
N021320,E0214,maths,13.31,2
N021321,E0214,francais,13.34,2
N021322,E0214,sciences,12.59,2
N021323,E0214,anglais,13.17,2
N021324,E0214,histoire_geographie,15.45,2
N021330,E0214,maths,13.86,3
N021331,E0214,francais,16.97,3
N021332,E0214,sciences,15.33,3
N021333,E0214,anglais,15.18,3
N021334,E0214,histoire_geographie,16.2,3
N021410,E0215,maths,5.97,1
N021411,E0215,francais,6.77,1
N021412,E0215,sciences,9.07,1
N021413,E0215,anglais,7.04,1
N021414,E0215,histoire_geographie,8.99,1
N021420,E0215,maths,5.34,2
N021421,E0215,francais,8.72,2
N021422,E0215,sciences,5.68,2
N021423,E0215,anglais,7.32,2
N021424,E0215,histoire_geographie,8.23,2
N021430,E0215,maths,8.56,3
N021431,E0215,francais,7.8,3
N021432,E0215,sciences,6.97,3
N021433,E0215,anglais,8.6,3
N021434,E0215,histoire_geographie,8.79,3
N021510,E0216,maths,8.05,1
N021511,E0216,francais,9.56,1
N021512,E0216,sciences,9.77,1
N021513,E0216,anglais,9.3,1
N021514,E0216,histoire_geographie,10.06,1
N021520,E0216,maths,9.69,2
N021521,E0216,francais,8.57,2
N021522,E0216,sciences,7.61,2
N021523,E0216,anglais,9.88,2
N021524,E0216,histoire_geographie,10.55,2
N021530,E0216,maths,7.15,3
N021531,E0216,francais,7.89,3
N021532,E0216,sciences,12.1,3
N021533,E0216,anglais,8.13,3
N021534,E0216,histoire_geographie,10.72,3
N021610,E0217,maths,10.08,1
N021611,E0217,francais,11.45,1
N021612,E0217,sciences,11.78,1
N021613,E0217,anglais,10.6,1
N021614,E0217,histoire_geographie,11.24,1
N021620,E0217,maths,8.67,2
N021621,E0217,francais,12.52,2
N021622,E0217,sciences,10.77,2
N021623,E0217,anglais,9.32,2
N021624,E0217,histoire_geographie,12.44,2
N021630,E0217,maths,8.86,3
N021631,E0217,francais,11.13,3
N021632,E0217,sciences,11.41,3
N021633,E0217,anglais,11.59,3
N021634,E0217,histoire_geographie,10.31,3
N021710,E0218,maths,6.22,1
N021711,E0218,francais,8.9,1
N021712,E0218,sciences,8.01,1
N021713,E0218,anglais,8.67,1
N021714,E0218,histoire_geographie,9.4,1
N021720,E0218,maths,7.65,2
N021721,E0218,francais,8.94,2
N021722,E0218,sciences,10.22,2
N021723,E0218,anglais,7.63,2
N021724,E0218,histoire_geographie,8.58,2
N021730,E0218,maths,7.79,3
N021731,E0218,francais,8.11,3
N021732,E0218,sciences,8.31,3
N021733,E0218,anglais,9.27,3
N021734,E0218,histoire_geographie,8.06,3
N021810,E0219,maths,13.83,1
N021811,E0219,francais,15.93,1
N021812,E0219,sciences,13.96,1
N021813,E0219,anglais,14.28,1
N021814,E0219,histoire_geographie,14.23,1
N021820,E0219,maths,12.54,2
N021821,E0219,francais,13.46,2
N021822,E0219,sciences,13.52,2
N021823,E0219,anglais,13.31,2
N021824,E0219,histoire_geographie,13.34,2
N021830,E0219,maths,11.73,3
N021831,E0219,francais,14.26,3
N021832,E0219,sciences,15.14,3
N021833,E0219,anglais,11.5,3
N021834,E0219,histoire_geographie,13.21,3
N021910,E0220,maths,4.16,1
N021911,E0220,francais,6.69,1
N021912,E0220,sciences,5.71,1
N021913,E0220,anglais,7.02,1
N021914,E0220,histoire_geographie,8.34,1
N021920,E0220,maths,7.86,2
N021921,E0220,francais,6.83,2
N021922,E0220,sciences,8.3,2
N021923,E0220,anglais,7.9,2
N021924,E0220,histoire_geographie,10.3,2
N021930,E0220,maths,8.88,3
N021931,E0220,francais,7.82,3
N021932,E0220,sciences,7.81,3
N021933,E0220,anglais,7.85,3
N021934,E0220,histoire_geographie,8.05,3
N022010,E0221,maths,6.21,1
N022011,E0221,francais,8.59,1
N022012,E0221,sciences,8.64,1
N022013,E0221,anglais,7.62,1
N022014,E0221,histoire_geographie,11.18,1
N022020,E0221,maths,8.9,2
N022021,E0221,francais,9.55,2
N022022,E0221,sciences,8.98,2
N022023,E0221,anglais,9.61,2
N022024,E0221,histoire_geographie,9.58,2
N022030,E0221,maths,7.66,3
N022031,E0221,francais,10.48,3
N022032,E0221,sciences,9.77,3
N022033,E0221,anglais,9.17,3
N022034,E0221,histoire_geographie,9.39,3
N022110,E0222,maths,9.74,1
N022111,E0222,francais,10.87,1
N022112,E0222,sciences,11.02,1
N022113,E0222,anglais,10.6,1
N022114,E0222,histoire_geographie,14.63,1
N022120,E0222,maths,8.97,2
N022121,E0222,francais,12.78,2
N022122,E0222,sciences,11.41,2
N022123,E0222,anglais,9.04,2
N022124,E0222,histoire_geographie,14.21,2
N022130,E0222,maths,8.02,3
N022131,E0222,francais,14.3,3
N022132,E0222,sciences,9.98,3
N022133,E0222,anglais,10.62,3
N022134,E0222,histoire_geographie,12.06,3
N022210,E0223,maths,12.61,1
N022211,E0223,francais,13.63,1
N022212,E0223,sciences,13.24,1
N022213,E0223,anglais,13.83,1
N022214,E0223,histoire_geographie,12.84,1
N022220,E0223,maths,12.45,2
N022221,E0223,francais,13.14,2
N022222,E0223,sciences,13.07,2
N022223,E0223,anglais,12.33,2
N022224,E0223,histoire_geographie,12.48,2
N022230,E0223,maths,10.19,3
N022231,E0223,francais,13.72,3
N022232,E0223,sciences,14.26,3
N022233,E0223,anglais,11.52,3
N022234,E0223,histoire_geographie,10.84,3
N022310,E0224,maths,14.6,1
N022311,E0224,francais,13.67,1
N022312,E0224,sciences,14.12,1
N022313,E0224,anglais,11.51,1
N022314,E0224,histoire_geographie,14.74,1
N022320,E0224,maths,11.84,2
N022321,E0224,francais,14.48,2
N022322,E0224,sciences,11.54,2
N022323,E0224,anglais,15.82,2
N022324,E0224,histoire_geographie,14.02,2
N022330,E0224,maths,13.54,3
N022331,E0224,francais,13.8,3
N022332,E0224,sciences,12.57,3
N022333,E0224,anglais,14.01,3
N022334,E0224,histoire_geographie,16.47,3
N022410,E0225,maths,8.86,1
N022411,E0225,francais,12.04,1
N022412,E0225,sciences,9.16,1
N022413,E0225,anglais,10.16,1
N022414,E0225,histoire_geographie,12.08,1
N022420,E0225,maths,10.64,2
N022421,E0225,francais,8.95,2
N022422,E0225,sciences,10.41,2
N022423,E0225,anglais,8.85,2
N022424,E0225,histoire_geographie,13.05,2
N022430,E0225,maths,8.39,3
N022431,E0225,francais,11.81,3
N022432,E0225,sciences,13.02,3
N022433,E0225,anglais,8.99,3
N022434,E0225,histoire_geographie,13.04,3
N022510,E0226,maths,8.61,1
N022511,E0226,francais,9.17,1
N022512,E0226,sciences,8.81,1
N022513,E0226,anglais,8.78,1
N022514,E0226,histoire_geographie,10.39,1
N022520,E0226,maths,8.4,2
N022521,E0226,francais,8.49,2
N022522,E0226,sciences,11.12,2
N022523,E0226,anglais,6.59,2
N022524,E0226,histoire_geographie,10.46,2
N022530,E0226,maths,8.13,3
N022531,E0226,francais,9.09,3
N022532,E0226,sciences,9.36,3
N022533,E0226,anglais,9.44,3
N022534,E0226,histoire_geographie,9.99,3
N022610,E0227,maths,7.7,1
N022611,E0227,francais,9.2,1
N022612,E0227,sciences,8.4,1
N022613,E0227,anglais,6.48,1
N022614,E0227,histoire_geographie,9.32,1
N022620,E0227,maths,7.55,2
N022621,E0227,francais,8.01,2
N022622,E0227,sciences,8.34,2
N022623,E0227,anglais,8.98,2
N022624,E0227,histoire_geographie,11.84,2
N022630,E0227,maths,7.42,3
N022631,E0227,francais,11.3,3
N022632,E0227,sciences,8.73,3
N022633,E0227,anglais,8.14,3
N022634,E0227,histoire_geographie,7.44,3
N022710,E0228,maths,7.86,1
N022711,E0228,francais,9.04,1
N022712,E0228,sciences,5.78,1
N022713,E0228,anglais,6.82,1
N022714,E0228,histoire_geographie,9.12,1
N022720,E0228,maths,7.85,2
N022721,E0228,francais,9.26,2
N022722,E0228,sciences,9.6,2
N022723,E0228,anglais,7.87,2
N022724,E0228,histoire_geographie,11.61,2
N022730,E0228,maths,7.89,3
N022731,E0228,francais,10.36,3
N022732,E0228,sciences,7.65,3
N022733,E0228,anglais,7.95,3
N022734,E0228,histoire_geographie,8.19,3
N022810,E0229,maths,12.03,1
N022811,E0229,francais,13.6,1
N022812,E0229,sciences,11.19,1
N022813,E0229,anglais,11.42,1
N022814,E0229,histoire_geographie,10.49,1
N022820,E0229,maths,13.29,2
N022821,E0229,francais,10.38,2
N022822,E0229,sciences,12.51,2
N022823,E0229,anglais,11.71,2
N022824,E0229,histoire_geographie,13.34,2
N022830,E0229,maths,9.29,3
N022831,E0229,francais,11.71,3
N022832,E0229,sciences,12.82,3
N022833,E0229,anglais,11.11,3
N022834,E0229,histoire_geographie,13.4,3
N022910,E0230,maths,8.82,1
N022911,E0230,francais,10.39,1
N022912,E0230,sciences,10.59,1
N022913,E0230,anglais,10.5,1
N022914,E0230,histoire_geographie,12.24,1
N022920,E0230,maths,9.15,2
N022921,E0230,francais,10.65,2
N022922,E0230,sciences,9.37,2
N022923,E0230,anglais,11.58,2
N022924,E0230,histoire_geographie,11.0,2
N022930,E0230,maths,8.28,3
N022931,E0230,francais,10.83,3
N022932,E0230,sciences,9.52,3
N022933,E0230,anglais,8.19,3
N022934,E0230,histoire_geographie,10.93,3
N023010,E0231,maths,10.17,1
N023011,E0231,francais,8.85,1
N023012,E0231,sciences,7.87,1
N023013,E0231,anglais,10.0,1
N023014,E0231,histoire_geographie,12.98,1
N023020,E0231,maths,9.03,2
N023021,E0231,francais,11.67,2
N023022,E0231,sciences,8.88,2
N023023,E0231,anglais,10.18,2
N023024,E0231,histoire_geographie,10.48,2
N023030,E0231,maths,5.88,3
N023031,E0231,francais,8.28,3
N023032,E0231,sciences,10.5,3
N023033,E0231,anglais,7.91,3
N023034,E0231,histoire_geographie,11.35,3
N023110,E0232,maths,6.14,1
N023111,E0232,francais,8.32,1
N023112,E0232,sciences,8.26,1
N023113,E0232,anglais,7.74,1
N023114,E0232,histoire_geographie,6.99,1
N023120,E0232,maths,6.62,2
N023121,E0232,francais,7.29,2
N023122,E0232,sciences,8.18,2
N023123,E0232,anglais,8.82,2
N023124,E0232,histoire_geographie,7.64,2
N023130,E0232,maths,8.21,3
N023131,E0232,francais,7.99,3
N023132,E0232,sciences,9.44,3
N023133,E0232,anglais,7.26,3
N023134,E0232,histoire_geographie,8.56,3
N023210,E0233,maths,10.45,1
N023211,E0233,francais,15.37,1
N023212,E0233,sciences,12.52,1
N023213,E0233,anglais,13.34,1
N023214,E0233,histoire_geographie,13.53,1
N023220,E0233,maths,13.93,2
N023221,E0233,francais,11.93,2
N023222,E0233,sciences,12.71,2
N023223,E0233,anglais,12.14,2
N023224,E0233,histoire_geographie,15.59,2
N023230,E0233,maths,12.57,3
N023231,E0233,francais,11.6,3
N023232,E0233,sciences,12.97,3
N023233,E0233,anglais,11.5,3
N023234,E0233,histoire_geographie,15.32,3
N023310,E0234,maths,8.76,1
N023311,E0234,francais,10.3,1
N023312,E0234,sciences,11.23,1
N023313,E0234,anglais,6.78,1
N023314,E0234,histoire_geographie,9.58,1
N023320,E0234,maths,8.32,2
N023321,E0234,francais,9.08,2
N023322,E0234,sciences,9.22,2
N023323,E0234,anglais,9.42,2
N023324,E0234,histoire_geographie,11.02,2
N023330,E0234,maths,9.6,3
N023331,E0234,francais,7.65,3
N023332,E0234,sciences,10.41,3
N023333,E0234,anglais,8.96,3
N023334,E0234,histoire_geographie,9.97,3
N023410,E0235,maths,12.17,1
N023411,E0235,francais,11.23,1
N023412,E0235,sciences,12.06,1
N023413,E0235,anglais,11.39,1
N023414,E0235,histoire_geographie,12.2,1
N023420,E0235,maths,10.26,2
N023421,E0235,francais,11.94,2
N023422,E0235,sciences,13.95,2
N023423,E0235,anglais,11.12,2
N023424,E0235,histoire_geographie,11.31,2
N023430,E0235,maths,10.01,3
N023431,E0235,francais,13.84,3
N023432,E0235,sciences,14.11,3
N023433,E0235,anglais,12.11,3
N023434,E0235,histoire_geographie,12.13,3
N023510,E0236,maths,10.03,1
N023511,E0236,francais,11.05,1
N023512,E0236,sciences,11.98,1
N023513,E0236,anglais,12.06,1
N023514,E0236,histoire_geographie,12.32,1
N023520,E0236,maths,12.15,2
N023521,E0236,francais,8.57,2
N023522,E0236,sciences,10.74,2
N023523,E0236,anglais,11.04,2
N023524,E0236,histoire_geographie,10.18,2
N023530,E0236,maths,10.14,3
N023531,E0236,francais,10.99,3
N023532,E0236,sciences,10.71,3
N023533,E0236,anglais,9.98,3
N023534,E0236,histoire_geographie,10.14,3
N023610,E0237,maths,11.61,1
N023611,E0237,francais,11.09,1
N023612,E0237,sciences,8.99,1
N023613,E0237,anglais,11.06,1
N023614,E0237,histoire_geographie,11.92,1
N023620,E0237,maths,9.97,2
N023621,E0237,francais,11.14,2
N023622,E0237,sciences,11.56,2
N023623,E0237,anglais,8.95,2
N023624,E0237,histoire_geographie,13.59,2
N023630,E0237,maths,11.57,3
N023631,E0237,francais,12.23,3
N023632,E0237,sciences,11.85,3
N023633,E0237,anglais,7.46,3
N023634,E0237,histoire_geographie,13.5,3
N023710,E0238,maths,9.73,1
N023711,E0238,francais,10.16,1
N023712,E0238,sciences,11.66,1
N023713,E0238,anglais,10.68,1
N023714,E0238,histoire_geographie,13.0,1
N023720,E0238,maths,7.8,2
N023721,E0238,francais,11.95,2
N023722,E0238,sciences,10.93,2
N023723,E0238,anglais,9.82,2
N023724,E0238,histoire_geographie,12.91,2
N023730,E0238,maths,9.55,3
N023731,E0238,francais,8.04,3
N023732,E0238,sciences,10.38,3
N023733,E0238,anglais,11.38,3
N023734,E0238,histoire_geographie,10.65,3
N023810,E0239,maths,9.92,1
N023811,E0239,francais,9.65,1
N023812,E0239,sciences,10.48,1
N023813,E0239,anglais,10.56,1
N023814,E0239,histoire_geographie,8.94,1
N023820,E0239,maths,7.51,2
N023821,E0239,francais,7.51,2
N023822,E0239,sciences,8.57,2
N023823,E0239,anglais,10.17,2
N023824,E0239,histoire_geographie,7.94,2
N023830,E0239,maths,8.63,3
N023831,E0239,francais,11.62,3
N023832,E0239,sciences,9.85,3
N023833,E0239,anglais,9.98,3
N023834,E0239,histoire_geographie,8.19,3
N023910,E0240,maths,9.34,1
N023911,E0240,francais,12.14,1
N023912,E0240,sciences,11.45,1
N023913,E0240,anglais,10.58,1
N023914,E0240,histoire_geographie,12.94,1
N023920,E0240,maths,9.88,2
N023921,E0240,francais,13.16,2
N023922,E0240,sciences,13.54,2
N023923,E0240,anglais,12.15,2
N023924,E0240,histoire_geographie,13.13,2
N023930,E0240,maths,10.71,3
N023931,E0240,francais,12.31,3
N023932,E0240,sciences,10.99,3
N023933,E0240,anglais,11.43,3
N023934,E0240,histoire_geographie,11.44,3
N024010,E0241,maths,7.03,1
N024011,E0241,francais,7.68,1
N024012,E0241,sciences,8.0,1
N024013,E0241,anglais,6.92,1
N024014,E0241,histoire_geographie,6.52,1
N024020,E0241,maths,8.01,2
N024021,E0241,francais,7.95,2
N024022,E0241,sciences,9.02,2
N024023,E0241,anglais,8.19,2
N024024,E0241,histoire_geographie,8.85,2
N024030,E0241,maths,8.3,3
N024031,E0241,francais,8.29,3
N024032,E0241,sciences,8.56,3
N024033,E0241,anglais,6.05,3
N024034,E0241,histoire_geographie,8.84,3
N024110,E0242,maths,25.0,1
N024111,E0242,francais,5.57,1
N024112,E0242,sciences,6.68,1
N024113,E0242,anglais,8.1,1
N024114,E0242,histoire_geographie,7.72,1
N024120,E0242,maths,3.11,2
N024121,E0242,francais,7.04,2
N024122,E0242,sciences,5.31,2
N024123,E0242,anglais,4.76,2
N024124,E0242,histoire_geographie,5.88,2
N024130,E0242,maths,3.75,3
N024131,E0242,francais,5.81,3
N024132,E0242,sciences,4.49,3
N024133,E0242,anglais,5.65,3
N024134,E0242,histoire_geographie,8.48,3
N024210,E0243,maths,12.4,1
N024211,E0243,francais,12.66,1
N024212,E0243,sciences,12.06,1
N024213,E0243,anglais,12.92,1
N024214,E0243,histoire_geographie,13.2,1
N024220,E0243,maths,10.27,2
N024221,E0243,francais,13.14,2
N024222,E0243,sciences,13.29,2
N024223,E0243,anglais,12.81,2
N024224,E0243,histoire_geographie,13.69,2
N024230,E0243,maths,10.26,3
N024231,E0243,francais,11.77,3
N024232,E0243,sciences,11.55,3
N024233,E0243,anglais,12.75,3
N024234,E0243,histoire_geographie,11.93,3
N024310,E0244,maths,8.66,1
N024311,E0244,francais,15.52,1
N024312,E0244,sciences,12.64,1
N024313,E0244,anglais,12.28,1
N024314,E0244,histoire_geographie,12.13,1
N024320,E0244,maths,9.64,2
N024321,E0244,francais,13.19,2
N024322,E0244,sciences,9.95,2
N024323,E0244,anglais,11.62,2
N024324,E0244,histoire_geographie,13.85,2
N024330,E0244,maths,12.79,3
N024331,E0244,francais,12.84,3
N024332,E0244,sciences,11.72,3
N024333,E0244,anglais,10.99,3
N024334,E0244,histoire_geographie,10.09,3
N024410,E0245,maths,10.39,1
N024411,E0245,francais,8.94,1
N024412,E0245,sciences,9.96,1
N024413,E0245,anglais,7.47,1
N024414,E0245,histoire_geographie,11.01,1
N024420,E0245,maths,8.81,2
N024421,E0245,francais,9.86,2
N024422,E0245,sciences,10.84,2
N024423,E0245,anglais,9.29,2
N024424,E0245,histoire_geographie,11.67,2
N024430,E0245,maths,8.92,3
N024431,E0245,francais,9.23,3
N024432,E0245,sciences,10.03,3
N024433,E0245,anglais,10.64,3
N024434,E0245,histoire_geographie,11.89,3
N024510,E0246,maths,13.45,1
N024511,E0246,francais,13.13,1
N024512,E0246,sciences,13.57,1
N024513,E0246,anglais,12.07,1
N024514,E0246,histoire_geographie,14.74,1
N024520,E0246,maths,13.86,2
N024521,E0246,francais,13.69,2
N024522,E0246,sciences,12.65,2
N024523,E0246,anglais,11.92,2
N024524,E0246,histoire_geographie,13.43,2
N024530,E0246,maths,11.02,3
N024531,E0246,francais,14.91,3
N024532,E0246,sciences,13.8,3
N024533,E0246,anglais,11.26,3
N024534,E0246,histoire_geographie,15.84,3
N024610,E0247,maths,12.74,1
N024611,E0247,francais,13.74,1
N024612,E0247,sciences,12.56,1
N024613,E0247,anglais,12.76,1
N024614,E0247,histoire_geographie,13.54,1
N024620,E0247,maths,11.7,2
N024621,E0247,francais,14.71,2
N024622,E0247,sciences,14.04,2
N024623,E0247,anglais,11.59,2
N024624,E0247,histoire_geographie,11.42,2
N024630,E0247,maths,11.73,3
N024631,E0247,francais,14.05,3
N024632,E0247,sciences,11.04,3
N024633,E0247,anglais,11.48,3
N024634,E0247,histoire_geographie,11.38,3
N024710,E0248,maths,8.53,1
N024711,E0248,francais,12.67,1
N024712,E0248,sciences,12.51,1
N024713,E0248,anglais,10.44,1
N024714,E0248,histoire_geographie,12.32,1
N024720,E0248,maths,10.15,2
N024721,E0248,francais,10.95,2
N024722,E0248,sciences,10.27,2
N024723,E0248,anglais,10.17,2
N024724,E0248,histoire_geographie,10.44,2
N024730,E0248,maths,10.74,3
N024731,E0248,francais,11.98,3
N024732,E0248,sciences,10.19,3
N024733,E0248,anglais,10.69,3
N024734,E0248,histoire_geographie,13.41,3
N024810,E0249,maths,7.83,1
N024811,E0249,francais,10.2,1
N024812,E0249,sciences,10.58,1
N024813,E0249,anglais,11.51,1
N024814,E0249,histoire_geographie,11.38,1
N024820,E0249,maths,10.89,2
N024821,E0249,francais,10.16,2
N024822,E0249,sciences,13.78,2
N024823,E0249,anglais,10.57,2
N024824,E0249,histoire_geographie,12.91,2
N024830,E0249,maths,11.9,3
N024831,E0249,francais,11.22,3
N024832,E0249,sciences,10.51,3
N024833,E0249,anglais,11.3,3
N024834,E0249,histoire_geographie,12.35,3
N024910,E0250,maths,8.78,1
N024911,E0250,francais,9.5,1
N024912,E0250,sciences,10.07,1
N024913,E0250,anglais,8.92,1
N024914,E0250,histoire_geographie,10.51,1
N024920,E0250,maths,9.54,2
N024921,E0250,francais,8.51,2
N024922,E0250,sciences,7.62,2
N024923,E0250,anglais,9.7,2
N024924,E0250,histoire_geographie,8.65,2
N024930,E0250,maths,7.18,3
N024931,E0250,francais,8.85,3
N024932,E0250,sciences,6.69,3
N024933,E0250,anglais,5.38,3
N024934,E0250,histoire_geographie,9.68,3
N025010,E0251,maths,7.39,1
N025011,E0251,francais,11.8,1
N025012,E0251,sciences,8.78,1
N025013,E0251,anglais,7.34,1
N025014,E0251,histoire_geographie,12.06,1
N025020,E0251,maths,9.8,2
N025021,E0251,francais,11.06,2
N025022,E0251,sciences,10.17,2
N025023,E0251,anglais,9.25,2
N025024,E0251,histoire_geographie,11.84,2
N025030,E0251,maths,9.84,3
N025031,E0251,francais,9.96,3
N025032,E0251,sciences,10.15,3
N025033,E0251,anglais,10.74,3
N025034,E0251,histoire_geographie,11.32,3
N025110,E0252,maths,9.76,1
N025111,E0252,francais,11.02,1
N025112,E0252,sciences,9.96,1
N025113,E0252,anglais,7.47,1
N025114,E0252,histoire_geographie,11.89,1
N025120,E0252,maths,8.99,2
N025121,E0252,francais,10.69,2
N025122,E0252,sciences,10.42,2
N025123,E0252,anglais,7.59,2
N025124,E0252,histoire_geographie,11.17,2
N025130,E0252,maths,10.31,3
N025131,E0252,francais,7.61,3
N025132,E0252,sciences,9.44,3
N025133,E0252,anglais,8.31,3
N025134,E0252,histoire_geographie,11.9,3
N025210,E0253,maths,11.76,1
N025211,E0253,francais,9.83,1
N025212,E0253,sciences,8.94,1
N025213,E0253,anglais,10.56,1
N025214,E0253,histoire_geographie,9.79,1
N025220,E0253,maths,9.85,2
N025221,E0253,francais,11.45,2
N025222,E0253,sciences,13.12,2
N025223,E0253,anglais,12.09,2
N025224,E0253,histoire_geographie,11.75,2
N025230,E0253,maths,9.8,3
N025231,E0253,francais,9.81,3
N025232,E0253,sciences,9.49,3
N025233,E0253,anglais,11.01,3
N025234,E0253,histoire_geographie,12.09,3
N025310,E0254,maths,9.15,1
N025311,E0254,francais,10.99,1
N025312,E0254,sciences,10.1,1
N025313,E0254,anglais,9.21,1
N025314,E0254,histoire_geographie,11.25,1
N025320,E0254,maths,6.06,2
N025321,E0254,francais,8.39,2
N025322,E0254,sciences,10.48,2
N025323,E0254,anglais,8.8,2
N025324,E0254,histoire_geographie,8.24,2
N025330,E0254,maths,9.22,3
N025331,E0254,francais,10.49,3
N025332,E0254,sciences,9.4,3
N025333,E0254,anglais,6.79,3
N025334,E0254,histoire_geographie,9.89,3
N025410,E0255,maths,11.88,1
N025411,E0255,francais,11.64,1
N025412,E0255,sciences,11.39,1
N025413,E0255,anglais,9.42,1
N025414,E0255,histoire_geographie,10.45,1
N025420,E0255,maths,9.79,2
N025421,E0255,francais,11.63,2
N025422,E0255,sciences,11.22,2
N025423,E0255,anglais,13.55,2
N025424,E0255,histoire_geographie,9.69,2
N025430,E0255,maths,7.88,3
N025431,E0255,francais,10.93,3
N025432,E0255,sciences,12.21,3
N025433,E0255,anglais,9.83,3
N025434,E0255,histoire_geographie,11.64,3
N025510,E0256,maths,11.0,1
N025511,E0256,francais,8.51,1
N025512,E0256,sciences,10.66,1
N025513,E0256,anglais,7.53,1
N025514,E0256,histoire_geographie,11.69,1
N025520,E0256,maths,9.2,2
N025521,E0256,francais,10.7,2
N025522,E0256,sciences,10.35,2
N025523,E0256,anglais,9.61,2
N025524,E0256,histoire_geographie,12.39,2
N025530,E0256,maths,8.71,3
N025531,E0256,francais,13.78,3
N025532,E0256,sciences,11.3,3
N025533,E0256,anglais,10.1,3
N025534,E0256,histoire_geographie,10.33,3
N025610,E0257,maths,11.28,1
N025611,E0257,francais,16.06,1
N025612,E0257,sciences,12.53,1
N025613,E0257,anglais,13.17,1
N025614,E0257,histoire_geographie,11.53,1
N025620,E0257,maths,11.96,2
N025621,E0257,francais,13.02,2
N025622,E0257,sciences,13.5,2
N025623,E0257,anglais,12.65,2
N025624,E0257,histoire_geographie,14.76,2
N025630,E0257,maths,11.71,3
N025631,E0257,francais,12.67,3
N025632,E0257,sciences,14.32,3
N025633,E0257,anglais,12.13,3
N025634,E0257,histoire_geographie,14.06,3
N025710,E0258,maths,9.06,1
N025711,E0258,francais,10.03,1
N025712,E0258,sciences,10.39,1
N025713,E0258,anglais,8.73,1
N025714,E0258,histoire_geographie,10.12,1
N025720,E0258,maths,8.79,2
N025721,E0258,francais,9.05,2
N025722,E0258,sciences,9.7,2
N025723,E0258,anglais,8.73,2
N025724,E0258,histoire_geographie,13.36,2
N025730,E0258,maths,10.02,3
N025731,E0258,francais,10.41,3
N025732,E0258,sciences,9.24,3
N025733,E0258,anglais,8.48,3
N025734,E0258,histoire_geographie,11.88,3
N025810,E0259,maths,8.17,1
N025811,E0259,francais,8.31,1
N025812,E0259,sciences,7.63,1
N025813,E0259,anglais,9.92,1
N025814,E0259,histoire_geographie,10.82,1
N025820,E0259,maths,8.01,2
N025821,E0259,francais,9.54,2
N025822,E0259,sciences,8.94,2
N025823,E0259,anglais,9.04,2
N025824,E0259,histoire_geographie,10.06,2
N025830,E0259,maths,6.98,3
N025831,E0259,francais,8.73,3
N025832,E0259,sciences,6.31,3
N025833,E0259,anglais,8.08,3
N025834,E0259,histoire_geographie,10.43,3
N025910,E0260,maths,10.34,1
N025911,E0260,francais,9.64,1
N025912,E0260,sciences,10.67,1
N025913,E0260,anglais,10.05,1
N025914,E0260,histoire_geographie,11.88,1
N025920,E0260,maths,8.69,2
N025921,E0260,francais,10.8,2
N025922,E0260,sciences,8.58,2
N025923,E0260,anglais,8.41,2
N025924,E0260,histoire_geographie,11.15,2
N025930,E0260,maths,7.5,3
N025931,E0260,francais,11.18,3
N025932,E0260,sciences,8.86,3
N025933,E0260,anglais,10.21,3
N025934,E0260,histoire_geographie,12.38,3
N026010,E0261,maths,5.92,1
N026011,E0261,francais,7.94,1
N026012,E0261,sciences,8.12,1
N026013,E0261,anglais,8.72,1
N026014,E0261,histoire_geographie,9.09,1
N026020,E0261,maths,9.16,2
N026021,E0261,francais,8.45,2
N026022,E0261,sciences,7.88,2
N026023,E0261,anglais,8.33,2
N026024,E0261,histoire_geographie,8.83,2
N026030,E0261,maths,6.39,3
N026031,E0261,francais,8.95,3
N026032,E0261,sciences,9.26,3
N026033,E0261,anglais,8.69,3
N026034,E0261,histoire_geographie,6.29,3
N026110,E0262,maths,11.57,1
N026111,E0262,francais,11.37,1
N026112,E0262,sciences,11.51,1
N026113,E0262,anglais,11.73,1
N026114,E0262,histoire_geographie,12.07,1
N026120,E0262,maths,10.54,2
N026121,E0262,francais,13.39,2
N026122,E0262,sciences,12.06,2
N026123,E0262,anglais,12.02,2
N026124,E0262,histoire_geographie,13.84,2
N026130,E0262,maths,9.38,3
N026131,E0262,francais,12.05,3
N026132,E0262,sciences,11.77,3
N026133,E0262,anglais,9.71,3
N026134,E0262,histoire_geographie,11.72,3
N026210,E0263,maths,15.27,1
N026211,E0263,francais,15.36,1
N026212,E0263,sciences,13.74,1
N026213,E0263,anglais,14.72,1
N026214,E0263,histoire_geographie,16.82,1
N026220,E0263,maths,14.64,2
N026221,E0263,francais,14.54,2
N026222,E0263,sciences,15.64,2
N026223,E0263,anglais,14.11,2
N026224,E0263,histoire_geographie,16.6,2
N026230,E0263,maths,14.83,3
N026231,E0263,francais,14.55,3
N026232,E0263,sciences,14.44,3
N026233,E0263,anglais,12.3,3
N026234,E0263,histoire_geographie,14.73,3
N026310,E0264,maths,9.3,1
N026311,E0264,francais,10.54,1
N026312,E0264,sciences,11.48,1
N026313,E0264,anglais,10.39,1
N026314,E0264,histoire_geographie,10.51,1
N026320,E0264,maths,9.91,2
N026321,E0264,francais,11.22,2
N026322,E0264,sciences,8.68,2
N026323,E0264,anglais,9.28,2
N026324,E0264,histoire_geographie,10.83,2
N026330,E0264,maths,9.58,3
N026331,E0264,francais,12.33,3
N026332,E0264,sciences,9.66,3
N026333,E0264,anglais,9.27,3
N026334,E0264,histoire_geographie,9.99,3
N026410,E0265,maths,9.85,1
N026411,E0265,francais,11.59,1
N026412,E0265,sciences,10.7,1
N026413,E0265,anglais,9.15,1
N026414,E0265,histoire_geographie,12.12,1
N026420,E0265,maths,9.0,2
N026421,E0265,francais,10.25,2
N026422,E0265,sciences,9.75,2
N026423,E0265,anglais,9.5,2
N026424,E0265,histoire_geographie,11.95,2
N026430,E0265,maths,11.59,3
N026431,E0265,francais,11.06,3
N026432,E0265,sciences,9.4,3
N026433,E0265,anglais,10.22,3
N026434,E0265,histoire_geographie,11.49,3
N026510,E0266,maths,7.75,1
N026511,E0266,francais,9.4,1
N026512,E0266,sciences,12.36,1
N026513,E0266,anglais,9.54,1
N026514,E0266,histoire_geographie,11.8,1
N026520,E0266,maths,6.32,2
N026521,E0266,francais,9.21,2
N026522,E0266,sciences,10.53,2
N026523,E0266,anglais,10.32,2
N026524,E0266,histoire_geographie,10.77,2
N026530,E0266,maths,7.4,3
N026531,E0266,francais,9.85,3
N026532,E0266,sciences,10.12,3
N026533,E0266,anglais,8.19,3
N026534,E0266,histoire_geographie,10.82,3
N026610,E0267,maths,11.36,1
N026611,E0267,francais,11.89,1
N026612,E0267,sciences,13.95,1
N026613,E0267,anglais,10.92,1
N026614,E0267,histoire_geographie,14.25,1
N026620,E0267,maths,12.62,2
N026621,E0267,francais,12.56,2
N026622,E0267,sciences,12.13,2
N026623,E0267,anglais,12.01,2
N026624,E0267,histoire_geographie,12.55,2
N026630,E0267,maths,10.07,3
N026631,E0267,francais,12.67,3
N026632,E0267,sciences,11.25,3
N026633,E0267,anglais,12.78,3
N026634,E0267,histoire_geographie,14.98,3
N026710,E0268,maths,10.92,1
N026711,E0268,francais,10.72,1
N026712,E0268,sciences,10.27,1
N026713,E0268,anglais,11.97,1
N026714,E0268,histoire_geographie,11.03,1
N026720,E0268,maths,9.7,2
N026721,E0268,francais,11.3,2
N026722,E0268,sciences,11.34,2
N026723,E0268,anglais,12.43,2
N026724,E0268,histoire_geographie,11.36,2
N026730,E0268,maths,8.5,3
N026731,E0268,francais,11.19,3
N026732,E0268,sciences,12.2,3
N026733,E0268,anglais,10.19,3
N026734,E0268,histoire_geographie,12.99,3
N026810,E0269,maths,8.5,1
N026811,E0269,francais,9.95,1
N026812,E0269,sciences,8.95,1
N026813,E0269,anglais,9.53,1
N026814,E0269,histoire_geographie,12.05,1
N026820,E0269,maths,11.11,2
N026821,E0269,francais,9.51,2
N026822,E0269,sciences,8.07,2
N026823,E0269,anglais,7.36,2
N026824,E0269,histoire_geographie,10.36,2
N026830,E0269,maths,8.65,3
N026831,E0269,francais,8.41,3
N026832,E0269,sciences,9.7,3
N026833,E0269,anglais,11.95,3
N026834,E0269,histoire_geographie,11.98,3
N026910,E0270,maths,11.55,1
N026911,E0270,francais,11.2,1
N026912,E0270,sciences,10.68,1
N026913,E0270,anglais,11.45,1
N026914,E0270,histoire_geographie,13.57,1
N026920,E0270,maths,10.93,2
N026921,E0270,francais,12.55,2
N026922,E0270,sciences,14.6,2
N026923,E0270,anglais,11.55,2
N026924,E0270,histoire_geographie,11.29,2
N026930,E0270,maths,10.33,3
N026931,E0270,francais,13.48,3
N026932,E0270,sciences,14.2,3
N026933,E0270,anglais,13.95,3
N026934,E0270,histoire_geographie,14.82,3
N027010,E0271,maths,11.1,1
N027011,E0271,francais,17.16,1
N027012,E0271,sciences,12.55,1
N027013,E0271,anglais,14.74,1
N027014,E0271,histoire_geographie,16.3,1
N027020,E0271,maths,12.1,2
N027021,E0271,francais,14.28,2
N027022,E0271,sciences,13.45,2
N027023,E0271,anglais,14.22,2
N027024,E0271,histoire_geographie,14.81,2
N027030,E0271,maths,13.75,3
N027031,E0271,francais,16.9,3
N027032,E0271,sciences,13.02,3
N027033,E0271,anglais,14.09,3
N027034,E0271,histoire_geographie,15.65,3
N027110,E0272,maths,8.86,1
N027111,E0272,francais,9.59,1
N027112,E0272,sciences,7.53,1
N027113,E0272,anglais,7.82,1
N027114,E0272,histoire_geographie,7.79,1
N027120,E0272,maths,8.36,2
N027121,E0272,francais,5.88,2
N027122,E0272,sciences,7.55,2
N027123,E0272,anglais,6.82,2
N027124,E0272,histoire_geographie,9.17,2
N027130,E0272,maths,6.12,3
N027131,E0272,francais,8.14,3
N027132,E0272,sciences,7.96,3
N027133,E0272,anglais,6.43,3
N027134,E0272,histoire_geographie,8.8,3
N027210,E0273,maths,11.03,1
N027211,E0273,francais,15.04,1
N027212,E0273,sciences,13.47,1
N027213,E0273,anglais,13.12,1
N027214,E0273,histoire_geographie,17.69,1
N027220,E0273,maths,15.07,2
N027221,E0273,francais,15.25,2
N027222,E0273,sciences,15.37,2
N027223,E0273,anglais,14.76,2
N027224,E0273,histoire_geographie,15.32,2
N027230,E0273,maths,13.54,3
N027231,E0273,francais,13.99,3
N027232,E0273,sciences,14.71,3
N027233,E0273,anglais,15.66,3
N027234,E0273,histoire_geographie,15.15,3
N027310,E0274,maths,8.9,1
N027311,E0274,francais,10.05,1
N027312,E0274,sciences,9.18,1
N027313,E0274,anglais,10.75,1
N027314,E0274,histoire_geographie,9.84,1
N027320,E0274,maths,10.24,2
N027321,E0274,francais,12.2,2
N027322,E0274,sciences,8.82,2
N027323,E0274,anglais,8.73,2
N027324,E0274,histoire_geographie,7.45,2
N027330,E0274,maths,9.79,3
N027331,E0274,francais,9.6,3
N027332,E0274,sciences,7.75,3
N027333,E0274,anglais,9.82,3
N027334,E0274,histoire_geographie,10.14,3
N027410,E0275,maths,9.11,1
N027411,E0275,francais,9.58,1
N027412,E0275,sciences,12.42,1
N027413,E0275,anglais,9.6,1
N027414,E0275,histoire_geographie,10.85,1
N027420,E0275,maths,11.25,2
N027421,E0275,francais,11.62,2
N027422,E0275,sciences,9.23,2
N027423,E0275,anglais,10.46,2
N027424,E0275,histoire_geographie,13.49,2
N027430,E0275,maths,10.25,3
N027431,E0275,francais,8.01,3
N027432,E0275,sciences,12.47,3
N027433,E0275,anglais,9.91,3
N027434,E0275,histoire_geographie,11.01,3
N027510,E0276,maths,5.86,1
N027511,E0276,francais,7.84,1
N027512,E0276,sciences,9.24,1
N027513,E0276,anglais,7.38,1
N027514,E0276,histoire_geographie,10.41,1
N027520,E0276,maths,8.47,2
N027521,E0276,francais,6.57,2
N027522,E0276,sciences,7.22,2
N027523,E0276,anglais,9.92,2
N027524,E0276,histoire_geographie,5.78,2
N027530,E0276,maths,7.13,3
N027531,E0276,francais,6.84,3
N027532,E0276,sciences,8.3,3
N027533,E0276,anglais,6.71,3
N027534,E0276,histoire_geographie,8.51,3
N027610,E0277,maths,9.86,1
N027611,E0277,francais,11.17,1
N027612,E0277,sciences,9.64,1
N027613,E0277,anglais,8.33,1
N027614,E0277,histoire_geographie,9.15,1
N027620,E0277,maths,10.39,2
N027621,E0277,francais,10.44,2
N027622,E0277,sciences,9.3,2
N027623,E0277,anglais,9.11,2
N027624,E0277,histoire_geographie,10.06,2
N027630,E0277,maths,8.88,3
N027631,E0277,francais,9.62,3
N027632,E0277,sciences,10.84,3
N027633,E0277,anglais,10.14,3
N027634,E0277,histoire_geographie,9.76,3
N027710,E0278,maths,12.1,1
N027711,E0278,francais,13.28,1
N027712,E0278,sciences,13.34,1
N027713,E0278,anglais,13.05,1
N027714,E0278,histoire_geographie,15.22,1
N027720,E0278,maths,13.87,2
N027721,E0278,francais,14.0,2
N027722,E0278,sciences,10.74,2
N027723,E0278,anglais,12.44,2
N027724,E0278,histoire_geographie,15.52,2
N027730,E0278,maths,13.28,3
N027731,E0278,francais,11.56,3
N027732,E0278,sciences,14.98,3
N027733,E0278,anglais,15.94,3
N027734,E0278,histoire_geographie,15.23,3
N027810,E0279,maths,9.56,1
N027811,E0279,francais,12.26,1
N027812,E0279,sciences,8.67,1
N027813,E0279,anglais,9.24,1
N027814,E0279,histoire_geographie,10.14,1
N027820,E0279,maths,8.75,2
N027821,E0279,francais,8.84,2
N027822,E0279,sciences,9.86,2
N027823,E0279,anglais,7.07,2
N027824,E0279,histoire_geographie,10.98,2
N027830,E0279,maths,8.71,3
N027831,E0279,francais,8.89,3
N027832,E0279,sciences,9.82,3
N027833,E0279,anglais,8.28,3
N027834,E0279,histoire_geographie,10.79,3
N027910,E0280,maths,11.31,1
N027911,E0280,francais,11.07,1
N027912,E0280,sciences,9.18,1
N027913,E0280,anglais,11.04,1
N027914,E0280,histoire_geographie,10.84,1
N027920,E0280,maths,8.08,2
N027921,E0280,francais,10.18,2
N027922,E0280,sciences,11.31,2
N027923,E0280,anglais,10.5,2
N027924,E0280,histoire_geographie,11.18,2
N027930,E0280,maths,10.29,3
N027931,E0280,francais,11.1,3
N027932,E0280,sciences,10.93,3
N027933,E0280,anglais,10.83,3
N027934,E0280,histoire_geographie,10.52,3
N028010,E0281,maths,14.38,1
N028011,E0281,francais,13.73,1
N028012,E0281,sciences,14.04,1
N028013,E0281,anglais,14.19,1
N028014,E0281,histoire_geographie,15.0,1
N028020,E0281,maths,13.53,2
N028021,E0281,francais,14.68,2
N028022,E0281,sciences,13.14,2
N028023,E0281,anglais,14.53,2
N028024,E0281,histoire_geographie,14.87,2
N028030,E0281,maths,14.47,3
N028031,E0281,francais,14.7,3
N028032,E0281,sciences,16.89,3
N028033,E0281,anglais,12.5,3
N028034,E0281,histoire_geographie,15.9,3
N028110,E0282,maths,10.55,1
N028111,E0282,francais,11.38,1
N028112,E0282,sciences,11.82,1
N028113,E0282,anglais,12.17,1
N028114,E0282,histoire_geographie,11.03,1
N028120,E0282,maths,8.84,2
N028121,E0282,francais,11.1,2
N028122,E0282,sciences,13.87,2
N028123,E0282,anglais,11.47,2
N028124,E0282,histoire_geographie,13.88,2
N028130,E0282,maths,9.72,3
N028131,E0282,francais,10.92,3
N028132,E0282,sciences,10.64,3
N028133,E0282,anglais,12.48,3
N028134,E0282,histoire_geographie,11.63,3
N028210,E0283,maths,7.99,1
N028211,E0283,francais,8.72,1
N028212,E0283,sciences,8.05,1
N028213,E0283,anglais,7.8,1
N028214,E0283,histoire_geographie,7.71,1
N028220,E0283,maths,8.07,2
N028221,E0283,francais,8.18,2
N028222,E0283,sciences,8.85,2
N028223,E0283,anglais,7.84,2
N028224,E0283,histoire_geographie,7.89,2
N028230,E0283,maths,6.73,3
N028231,E0283,francais,10.38,3
N028232,E0283,sciences,10.14,3
N028233,E0283,anglais,7.06,3
N028234,E0283,histoire_geographie,10.42,3
N028310,E0284,maths,9.81,1
N028311,E0284,francais,11.25,1
N028312,E0284,sciences,10.4,1
N028313,E0284,anglais,8.0,1
N028314,E0284,histoire_geographie,7.79,1
N028320,E0284,maths,8.82,2
N028321,E0284,francais,8.49,2
N028322,E0284,sciences,8.88,2
N028323,E0284,anglais,9.98,2
N028324,E0284,histoire_geographie,8.63,2
N028330,E0284,maths,9.09,3
N028331,E0284,francais,9.65,3
N028332,E0284,sciences,9.71,3
N028333,E0284,anglais,9.46,3
N028334,E0284,histoire_geographie,8.9,3
N028410,E0285,maths,7.52,1
N028411,E0285,francais,8.1,1
N028412,E0285,sciences,9.26,1
N028413,E0285,anglais,7.18,1
N028414,E0285,histoire_geographie,9.51,1
N028420,E0285,maths,8.28,2
N028421,E0285,francais,7.67,2
N028422,E0285,sciences,7.24,2
N028423,E0285,anglais,8.36,2
N028424,E0285,histoire_geographie,12.02,2
N028430,E0285,maths,8.06,3
N028431,E0285,francais,8.45,3
N028432,E0285,sciences,6.58,3
N028433,E0285,anglais,9.35,3
N028434,E0285,histoire_geographie,10.1,3
N028510,E0286,maths,6.26,1
N028511,E0286,francais,8.67,1
N028512,E0286,sciences,6.84,1
N028513,E0286,anglais,6.81,1
N028514,E0286,histoire_geographie,9.91,1
N028520,E0286,maths,6.63,2
N028521,E0286,francais,8.31,2
N028522,E0286,sciences,7.56,2
N028523,E0286,anglais,4.74,2
N028524,E0286,histoire_geographie,9.71,2
N028530,E0286,maths,9.24,3
N028531,E0286,francais,6.66,3
N028532,E0286,sciences,6.17,3
N028533,E0286,anglais,6.68,3
N028534,E0286,histoire_geographie,7.85,3
N028610,E0287,maths,5.29,1
N028611,E0287,francais,8.09,1
N028612,E0287,sciences,6.32,1
N028613,E0287,anglais,8.74,1
N028614,E0287,histoire_geographie,8.41,1
N028620,E0287,maths,4.78,2
N028621,E0287,francais,9.39,2
N028622,E0287,sciences,7.92,2
N028623,E0287,anglais,5.37,2
N028624,E0287,histoire_geographie,7.38,2
N028630,E0287,maths,5.51,3
N028631,E0287,francais,7.39,3
N028632,E0287,sciences,7.65,3
N028633,E0287,anglais,7.74,3
N028634,E0287,histoire_geographie,8.91,3
N028710,E0288,maths,12.39,1
N028711,E0288,francais,13.16,1
N028712,E0288,sciences,12.57,1
N028713,E0288,anglais,11.97,1
N028714,E0288,histoire_geographie,15.55,1
N028720,E0288,maths,12.35,2
N028721,E0288,francais,13.9,2
N028722,E0288,sciences,12.87,2
N028723,E0288,anglais,14.56,2
N028724,E0288,histoire_geographie,13.03,2
N028730,E0288,maths,11.87,3
N028731,E0288,francais,10.82,3
N028732,E0288,sciences,13.13,3
N028733,E0288,anglais,10.93,3
N028734,E0288,histoire_geographie,12.0,3
N028810,E0289,maths,9.76,1
N028811,E0289,francais,11.06,1
N028812,E0289,sciences,10.53,1
N028813,E0289,anglais,8.3,1
N028814,E0289,histoire_geographie,10.79,1
N028820,E0289,maths,8.97,2
N028821,E0289,francais,12.19,2
N028822,E0289,sciences,11.74,2
N028823,E0289,anglais,9.72,2
N028824,E0289,histoire_geographie,12.28,2
N028830,E0289,maths,9.8,3
N028831,E0289,francais,9.46,3
N028832,E0289,sciences,11.16,3
N028833,E0289,anglais,9.88,3
N028834,E0289,histoire_geographie,10.49,3
N028910,E0290,maths,11.88,1
N028911,E0290,francais,13.47,1
N028912,E0290,sciences,12.89,1
N028913,E0290,anglais,14.1,1
N028914,E0290,histoire_geographie,12.5,1
N028920,E0290,maths,12.47,2
N028921,E0290,francais,15.41,2
N028922,E0290,sciences,13.14,2
N028923,E0290,anglais,13.25,2
N028924,E0290,histoire_geographie,14.69,2
N028930,E0290,maths,13.52,3
N028931,E0290,francais,13.32,3
N028932,E0290,sciences,15.21,3
N028933,E0290,anglais,15.14,3
N028934,E0290,histoire_geographie,14.68,3
N029010,E0291,maths,9.84,1
N029011,E0291,francais,8.87,1
N029012,E0291,sciences,9.39,1
N029013,E0291,anglais,11.55,1
N029014,E0291,histoire_geographie,8.08,1
N029020,E0291,maths,7.27,2
N029021,E0291,francais,11.06,2
N029022,E0291,sciences,9.5,2
N029023,E0291,anglais,9.08,2
N029024,E0291,histoire_geographie,10.57,2
N029030,E0291,maths,8.54,3
N029031,E0291,francais,9.91,3
N029032,E0291,sciences,8.0,3
N029033,E0291,anglais,9.58,3
N029034,E0291,histoire_geographie,10.43,3
N029110,E0292,maths,11.97,1
N029111,E0292,francais,12.64,1
N029112,E0292,sciences,12.15,1
N029113,E0292,anglais,12.75,1
N029114,E0292,histoire_geographie,14.0,1
N029120,E0292,maths,12.77,2
N029121,E0292,francais,13.2,2
N029122,E0292,sciences,13.72,2
N029123,E0292,anglais,12.1,2
N029124,E0292,histoire_geographie,13.29,2
N029130,E0292,maths,12.5,3
N029131,E0292,francais,12.82,3
N029132,E0292,sciences,12.3,3
N029133,E0292,anglais,12.84,3
N029134,E0292,histoire_geographie,14.01,3
N029210,E0293,maths,11.24,1
N029211,E0293,francais,11.58,1
N029212,E0293,sciences,13.23,1
N029213,E0293,anglais,10.58,1
N029214,E0293,histoire_geographie,15.49,1
N029220,E0293,maths,11.6,2
N029221,E0293,francais,14.09,2
N029222,E0293,sciences,10.69,2
N029223,E0293,anglais,12.04,2
N029224,E0293,histoire_geographie,13.76,2
N029230,E0293,maths,11.87,3
N029231,E0293,francais,12.5,3
N029232,E0293,sciences,12.68,3
N029233,E0293,anglais,10.37,3
N029234,E0293,histoire_geographie,12.2,3
N029310,E0294,maths,6.77,1
N029311,E0294,francais,10.58,1
N029312,E0294,sciences,10.43,1
N029313,E0294,anglais,9.59,1
N029314,E0294,histoire_geographie,10.53,1
N029320,E0294,maths,8.32,2
N029321,E0294,francais,10.03,2
N029322,E0294,sciences,7.63,2
N029323,E0294,anglais,10.4,2
N029324,E0294,histoire_geographie,11.94,2
N029330,E0294,maths,8.46,3
N029331,E0294,francais,10.68,3
N029332,E0294,sciences,8.85,3
N029333,E0294,anglais,10.57,3
N029334,E0294,histoire_geographie,9.75,3
N029410,E0295,maths,6.36,1
N029411,E0295,francais,9.01,1
N029412,E0295,sciences,9.14,1
N029413,E0295,anglais,11.8,1
N029414,E0295,histoire_geographie,9.98,1
N029420,E0295,maths,11.09,2
N029421,E0295,francais,9.42,2
N029422,E0295,sciences,11.42,2
N029423,E0295,anglais,11.73,2
N029424,E0295,histoire_geographie,10.43,2
N029430,E0295,maths,7.79,3
N029431,E0295,francais,10.54,3
N029432,E0295,sciences,9.02,3
N029433,E0295,anglais,10.2,3
N029434,E0295,histoire_geographie,11.38,3
N029510,E0296,maths,9.51,1
N029511,E0296,francais,8.88,1
N029512,E0296,sciences,8.93,1
N029513,E0296,anglais,8.85,1
N029514,E0296,histoire_geographie,9.7,1
N029520,E0296,maths,8.01,2
N029521,E0296,francais,10.85,2
N029522,E0296,sciences,9.44,2
N029523,E0296,anglais,9.43,2
N029524,E0296,histoire_geographie,10.13,2
N029530,E0296,maths,9.38,3
N029531,E0296,francais,9.74,3
N029532,E0296,sciences,8.47,3
N029533,E0296,anglais,7.43,3
N029534,E0296,histoire_geographie,12.53,3
N029610,E0297,maths,13.16,1
N029611,E0297,francais,10.85,1
N029612,E0297,sciences,12.06,1
N029613,E0297,anglais,14.48,1
N029614,E0297,histoire_geographie,11.61,1
N029620,E0297,maths,11.84,2
N029621,E0297,francais,14.24,2
N029622,E0297,sciences,13.93,2
N029623,E0297,anglais,12.17,2
N029624,E0297,histoire_geographie,11.41,2
N029630,E0297,maths,9.9,3
N029631,E0297,francais,11.93,3
N029632,E0297,sciences,14.09,3
N029633,E0297,anglais,14.13,3
N029634,E0297,histoire_geographie,13.13,3
N029710,E0298,maths,14.89,1
N029711,E0298,francais,12.08,1
N029712,E0298,sciences,11.15,1
N029713,E0298,anglais,12.58,1
N029714,E0298,histoire_geographie,13.2,1
N029720,E0298,maths,11.49,2
N029721,E0298,francais,13.04,2
N029722,E0298,sciences,13.17,2
N029723,E0298,anglais,14.18,2
N029724,E0298,histoire_geographie,12.97,2
N029730,E0298,maths,12.51,3
N029731,E0298,francais,11.82,3
N029732,E0298,sciences,13.1,3
N029733,E0298,anglais,14.73,3
N029734,E0298,histoire_geographie,13.03,3
N029810,E0299,maths,10.76,1
N029811,E0299,francais,11.9,1
N029812,E0299,sciences,10.97,1
N029813,E0299,anglais,10.84,1
N029814,E0299,histoire_geographie,12.86,1
N029820,E0299,maths,13.24,2
N029821,E0299,francais,9.76,2
N029822,E0299,sciences,11.92,2
N029823,E0299,anglais,12.19,2
N029824,E0299,histoire_geographie,12.39,2
N029830,E0299,maths,11.05,3
N029831,E0299,francais,10.64,3
N029832,E0299,sciences,11.02,3
N029833,E0299,anglais,8.42,3
N029834,E0299,histoire_geographie,13.95,3
N029910,E0300,maths,7.22,1
N029911,E0300,francais,10.0,1
N029912,E0300,sciences,10.41,1
N029913,E0300,anglais,10.1,1
N029914,E0300,histoire_geographie,7.91,1
N029920,E0300,maths,9.04,2
N029921,E0300,francais,8.7,2
N029922,E0300,sciences,7.89,2
N029923,E0300,anglais,6.71,2
N029924,E0300,histoire_geographie,10.06,2
N029930,E0300,maths,9.44,3
N029931,E0300,francais,9.6,3
N029932,E0300,sciences,8.86,3
N029933,E0300,anglais,6.12,3
N029934,E0300,histoire_geographie,8.96,3
N030010,E0301,maths,11.67,1
N030011,E0301,francais,11.44,1
N030012,E0301,sciences,10.18,1
N030013,E0301,anglais,9.26,1
N030014,E0301,histoire_geographie,11.97,1
N030020,E0301,maths,11.96,2
N030021,E0301,francais,9.78,2
N030022,E0301,sciences,12.43,2
N030023,E0301,anglais,10.66,2
N030024,E0301,histoire_geographie,11.06,2
N030030,E0301,maths,10.99,3
N030031,E0301,francais,10.78,3
N030032,E0301,sciences,8.63,3
N030033,E0301,anglais,11.51,3
N030034,E0301,histoire_geographie,13.98,3
N030110,E0302,maths,7.52,1
N030111,E0302,francais,6.68,1
N030112,E0302,sciences,6.87,1
N030113,E0302,anglais,6.69,1
N030114,E0302,histoire_geographie,8.17,1
N030120,E0302,maths,6.78,2
N030121,E0302,francais,7.12,2
N030122,E0302,sciences,6.84,2
N030123,E0302,anglais,5.46,2
N030124,E0302,histoire_geographie,6.88,2
N030130,E0302,maths,7.78,3
N030131,E0302,francais,6.18,3
N030132,E0302,sciences,7.0,3
N030133,E0302,anglais,5.28,3
N030134,E0302,histoire_geographie,6.74,3
N030210,E0303,maths,7.47,1
N030211,E0303,francais,10.35,1
N030212,E0303,sciences,9.41,1
N030213,E0303,anglais,12.79,1
N030214,E0303,histoire_geographie,11.77,1
N030220,E0303,maths,8.86,2
N030221,E0303,francais,10.15,2
N030222,E0303,sciences,11.39,2
N030223,E0303,anglais,9.13,2
N030224,E0303,histoire_geographie,12.58,2
N030230,E0303,maths,7.98,3
N030231,E0303,francais,11.96,3
N030232,E0303,sciences,11.88,3
N030233,E0303,anglais,9.92,3
N030234,E0303,histoire_geographie,11.46,3
N030310,E0304,maths,12.25,1
N030311,E0304,francais,10.84,1
N030312,E0304,sciences,10.83,1
N030313,E0304,anglais,10.54,1
N030314,E0304,histoire_geographie,9.78,1
N030320,E0304,maths,11.96,2
N030321,E0304,francais,12.29,2
N030322,E0304,sciences,11.86,2
N030323,E0304,anglais,11.73,2
N030324,E0304,histoire_geographie,12.29,2
N030330,E0304,maths,9.63,3
N030331,E0304,francais,11.27,3
N030332,E0304,sciences,9.29,3
N030333,E0304,anglais,11.78,3
N030334,E0304,histoire_geographie,11.91,3
N030410,E0305,maths,9.79,1
N030411,E0305,francais,9.22,1
N030412,E0305,sciences,7.2,1
N030413,E0305,anglais,9.81,1
N030414,E0305,histoire_geographie,9.4,1
N030420,E0305,maths,9.01,2
N030421,E0305,francais,8.24,2
N030422,E0305,sciences,9.05,2
N030423,E0305,anglais,7.63,2
N030424,E0305,histoire_geographie,9.04,2
N030430,E0305,maths,9.37,3
N030431,E0305,francais,8.33,3
N030432,E0305,sciences,9.99,3
N030433,E0305,anglais,8.66,3
N030434,E0305,histoire_geographie,10.21,3
N030510,E0306,maths,16.07,1
N030511,E0306,francais,18.07,1
N030512,E0306,sciences,-1.5,1
N030513,E0306,anglais,17.3,1
N030514,E0306,histoire_geographie,17.81,1
N030520,E0306,maths,17.79,2
N030521,E0306,francais,20.0,2
N030522,E0306,sciences,17.65,2
N030523,E0306,anglais,18.68,2
N030524,E0306,histoire_geographie,18.38,2
N030530,E0306,maths,16.27,3
N030531,E0306,francais,17.45,3
N030532,E0306,sciences,17.58,3
N030533,E0306,anglais,19.09,3
N030534,E0306,histoire_geographie,17.98,3
N030610,E0307,maths,10.2,1
N030611,E0307,francais,12.13,1
N030612,E0307,sciences,13.39,1
N030613,E0307,anglais,10.32,1
N030614,E0307,histoire_geographie,14.11,1
N030620,E0307,maths,11.92,2
N030621,E0307,francais,11.26,2
N030622,E0307,sciences,11.14,2
N030623,E0307,anglais,12.04,2
N030624,E0307,histoire_geographie,14.1,2
N030630,E0307,maths,10.24,3
N030631,E0307,francais,11.58,3
N030632,E0307,sciences,10.47,3
N030633,E0307,anglais,11.25,3
N030634,E0307,histoire_geographie,11.22,3
N030710,E0308,maths,6.49,1
N030711,E0308,francais,8.14,1
N030712,E0308,sciences,8.42,1
N030713,E0308,anglais,8.21,1
N030714,E0308,histoire_geographie,8.79,1
N030720,E0308,maths,8.24,2
N030721,E0308,francais,7.98,2
N030722,E0308,sciences,9.0,2
N030723,E0308,anglais,8.89,2
N030724,E0308,histoire_geographie,10.29,2
N030730,E0308,maths,9.04,3
N030731,E0308,francais,7.69,3
N030732,E0308,sciences,7.88,3
N030733,E0308,anglais,9.06,3
N030734,E0308,histoire_geographie,8.91,3
N030810,E0309,maths,4.48,1
N030811,E0309,francais,5.73,1
N030812,E0309,sciences,5.78,1
N030813,E0309,anglais,5.07,1
N030814,E0309,histoire_geographie,8.47,1
N030820,E0309,maths,6.16,2
N030821,E0309,francais,6.72,2
N030822,E0309,sciences,5.81,2
N030823,E0309,anglais,7.12,2
N030824,E0309,histoire_geographie,6.49,2
N030830,E0309,maths,6.48,3
N030831,E0309,francais,5.8,3
N030832,E0309,sciences,6.96,3
N030833,E0309,anglais,5.65,3
N030834,E0309,histoire_geographie,3.54,3
N030910,E0310,maths,10.6,1
N030911,E0310,francais,13.3,1
N030912,E0310,sciences,12.06,1
N030913,E0310,anglais,11.96,1
N030914,E0310,histoire_geographie,12.22,1
N030920,E0310,maths,10.61,2
N030921,E0310,francais,11.72,2
N030922,E0310,sciences,10.16,2
N030923,E0310,anglais,10.5,2
N030924,E0310,histoire_geographie,13.11,2
N030930,E0310,maths,9.48,3
N030931,E0310,francais,11.79,3
N030932,E0310,sciences,10.21,3
N030933,E0310,anglais,8.7,3
N030934,E0310,histoire_geographie,10.73,3
N031010,E0311,maths,10.69,1
N031011,E0311,francais,11.49,1
N031012,E0311,sciences,11.46,1
N031013,E0311,anglais,12.49,1
N031014,E0311,histoire_geographie,14.27,1
N031020,E0311,maths,11.1,2
N031021,E0311,francais,12.42,2
N031022,E0311,sciences,14.2,2
N031023,E0311,anglais,10.58,2
N031024,E0311,histoire_geographie,15.99,2
N031030,E0311,maths,11.07,3
N031031,E0311,francais,12.66,3
N031032,E0311,sciences,10.41,3
N031033,E0311,anglais,12.73,3
N031034,E0311,histoire_geographie,11.28,3
N031110,E0312,maths,10.82,1
N031111,E0312,francais,12.93,1
N031112,E0312,sciences,10.52,1
N031113,E0312,anglais,11.39,1
N031114,E0312,histoire_geographie,11.93,1
N031120,E0312,maths,10.64,2
N031121,E0312,francais,11.19,2
N031122,E0312,sciences,11.05,2
N031123,E0312,anglais,10.23,2
N031124,E0312,histoire_geographie,8.36,2
N031130,E0312,maths,12.6,3
N031131,E0312,francais,13.03,3
N031132,E0312,sciences,9.87,3
N031133,E0312,anglais,11.06,3
N031134,E0312,histoire_geographie,12.59,3
N031210,E0313,maths,11.35,1
N031211,E0313,francais,9.66,1
N031212,E0313,sciences,12.5,1
N031213,E0313,anglais,11.17,1
N031214,E0313,histoire_geographie,13.84,1
N031220,E0313,maths,7.67,2
N031221,E0313,francais,10.71,2
N031222,E0313,sciences,9.42,2
N031223,E0313,anglais,10.61,2
N031224,E0313,histoire_geographie,8.89,2
N031230,E0313,maths,11.0,3
N031231,E0313,francais,11.32,3
N031232,E0313,sciences,10.21,3
N031233,E0313,anglais,10.32,3
N031234,E0313,histoire_geographie,11.85,3
N031310,E0314,maths,10.41,1
N031311,E0314,francais,10.93,1
N031312,E0314,sciences,11.31,1
N031313,E0314,anglais,10.11,1
N031314,E0314,histoire_geographie,11.85,1
N031320,E0314,maths,9.47,2
N031321,E0314,francais,12.51,2
N031322,E0314,sciences,10.05,2
N031323,E0314,anglais,11.33,2
N031324,E0314,histoire_geographie,12.37,2
N031330,E0314,maths,9.21,3
N031331,E0314,francais,9.41,3
N031332,E0314,sciences,11.11,3
N031333,E0314,anglais,11.56,3
N031334,E0314,histoire_geographie,10.82,3
N031410,E0315,maths,6.35,1
N031411,E0315,francais,6.87,1
N031412,E0315,sciences,7.12,1
N031413,E0315,anglais,4.79,1
N031414,E0315,histoire_geographie,9.88,1
N031420,E0315,maths,7.58,2
N031421,E0315,francais,7.44,2
N031422,E0315,sciences,9.67,2
N031423,E0315,anglais,8.61,2
N031424,E0315,histoire_geographie,7.76,2
N031430,E0315,maths,8.03,3
N031431,E0315,francais,7.29,3
N031432,E0315,sciences,8.28,3
N031433,E0315,anglais,4.66,3
N031434,E0315,histoire_geographie,9.99,3
N031510,E0316,maths,9.3,1
N031511,E0316,francais,11.41,1
N031512,E0316,sciences,11.87,1
N031513,E0316,anglais,11.22,1
N031514,E0316,histoire_geographie,11.72,1
N031520,E0316,maths,12.59,2
N031521,E0316,francais,12.96,2
N031522,E0316,sciences,12.55,2
N031523,E0316,anglais,11.71,2
N031524,E0316,histoire_geographie,15.42,2
N031530,E0316,maths,11.36,3
N031531,E0316,francais,13.5,3
N031532,E0316,sciences,12.09,3
N031533,E0316,anglais,9.62,3
N031534,E0316,histoire_geographie,14.21,3
N031610,E0317,maths,12.94,1
N031611,E0317,francais,10.34,1
N031612,E0317,sciences,11.18,1
N031613,E0317,anglais,11.17,1
N031614,E0317,histoire_geographie,12.65,1
N031620,E0317,maths,12.55,2
N031621,E0317,francais,12.09,2
N031622,E0317,sciences,11.25,2
N031623,E0317,anglais,10.58,2
N031624,E0317,histoire_geographie,13.9,2
N031630,E0317,maths,12.25,3
N031631,E0317,francais,12.93,3
N031632,E0317,sciences,10.64,3
N031633,E0317,anglais,9.66,3
N031634,E0317,histoire_geographie,13.86,3
N031710,E0318,maths,8.79,1
N031711,E0318,francais,12.91,1
N031712,E0318,sciences,11.73,1
N031713,E0318,anglais,11.56,1
N031714,E0318,histoire_geographie,11.96,1
N031720,E0318,maths,8.04,2
N031721,E0318,francais,10.88,2
N031722,E0318,sciences,10.3,2
N031723,E0318,anglais,12.17,2
N031724,E0318,histoire_geographie,10.82,2
N031730,E0318,maths,10.52,3
N031731,E0318,francais,10.27,3
N031732,E0318,sciences,9.45,3
N031733,E0318,anglais,11.34,3
N031734,E0318,histoire_geographie,12.33,3
N031810,E0319,maths,12.25,1
N031811,E0319,francais,15.49,1
N031812,E0319,sciences,12.54,1
N031813,E0319,anglais,12.74,1
N031814,E0319,histoire_geographie,12.63,1
N031820,E0319,maths,9.56,2
N031821,E0319,francais,12.59,2
N031822,E0319,sciences,11.65,2
N031823,E0319,anglais,12.3,2
N031824,E0319,histoire_geographie,10.19,2
N031830,E0319,maths,11.32,3
N031831,E0319,francais,11.69,3
N031832,E0319,sciences,12.52,3
N031833,E0319,anglais,11.05,3
N031834,E0319,histoire_geographie,14.42,3
N031910,E0320,maths,9.38,1
N031911,E0320,francais,10.8,1
N031912,E0320,sciences,11.68,1
N031913,E0320,anglais,9.84,1
N031914,E0320,histoire_geographie,12.17,1
N031920,E0320,maths,9.74,2
N031921,E0320,francais,10.92,2
N031922,E0320,sciences,9.62,2
N031923,E0320,anglais,8.76,2
N031924,E0320,histoire_geographie,12.31,2
N031930,E0320,maths,11.34,3
N031931,E0320,francais,13.58,3
N031932,E0320,sciences,12.33,3
N031933,E0320,anglais,10.8,3
N031934,E0320,histoire_geographie,12.33,3
N032010,E0321,maths,11.71,1
N032011,E0321,francais,10.69,1
N032012,E0321,sciences,10.87,1
N032013,E0321,anglais,9.22,1
N032014,E0321,histoire_geographie,8.73,1
N032020,E0321,maths,8.25,2
N032021,E0321,francais,12.08,2
N032022,E0321,sciences,8.65,2
N032023,E0321,anglais,9.89,2
N032024,E0321,histoire_geographie,11.39,2
N032030,E0321,maths,8.78,3
N032031,E0321,francais,8.88,3
N032032,E0321,sciences,11.31,3
N032033,E0321,anglais,11.42,3
N032034,E0321,histoire_geographie,9.06,3
N032110,E0322,maths,5.8,1
N032111,E0322,francais,7.82,1
N032112,E0322,sciences,6.12,1
N032113,E0322,anglais,5.77,1
N032114,E0322,histoire_geographie,7.93,1
N032120,E0322,maths,5.29,2
N032121,E0322,francais,7.86,2
N032122,E0322,sciences,6.11,2
N032123,E0322,anglais,5.39,2
N032124,E0322,histoire_geographie,4.25,2
N032130,E0322,maths,6.03,3
N032131,E0322,francais,8.21,3
N032132,E0322,sciences,7.68,3
N032133,E0322,anglais,6.92,3
N032134,E0322,histoire_geographie,6.88,3
N032210,E0323,maths,11.8,1
N032211,E0323,francais,10.38,1
N032212,E0323,sciences,12.85,1
N032213,E0323,anglais,11.29,1
N032214,E0323,histoire_geographie,12.15,1
N032220,E0323,maths,8.37,2
N032221,E0323,francais,9.03,2
N032222,E0323,sciences,11.29,2
N032223,E0323,anglais,11.66,2
N032224,E0323,histoire_geographie,11.1,2
N032230,E0323,maths,8.64,3
N032231,E0323,francais,11.35,3
N032232,E0323,sciences,9.68,3
N032233,E0323,anglais,8.22,3
N032234,E0323,histoire_geographie,13.36,3
N032310,E0324,maths,9.55,1
N032311,E0324,francais,10.0,1
N032312,E0324,sciences,10.98,1
N032313,E0324,anglais,11.17,1
N032314,E0324,histoire_geographie,11.21,1
N032320,E0324,maths,9.08,2
N032321,E0324,francais,11.08,2
N032322,E0324,sciences,11.72,2
N032323,E0324,anglais,10.09,2
N032324,E0324,histoire_geographie,12.02,2
N032330,E0324,maths,9.22,3
N032331,E0324,francais,10.33,3
N032332,E0324,sciences,10.2,3
N032333,E0324,anglais,8.01,3
N032334,E0324,histoire_geographie,10.93,3
N032410,E0325,maths,11.81,1
N032411,E0325,francais,12.05,1
N032412,E0325,sciences,12.54,1
N032413,E0325,anglais,11.73,1
N032414,E0325,histoire_geographie,11.49,1
N032420,E0325,maths,8.17,2
N032421,E0325,francais,11.77,2
N032422,E0325,sciences,9.89,2
N032423,E0325,anglais,9.27,2
N032424,E0325,histoire_geographie,11.2,2
N032430,E0325,maths,11.74,3
N032431,E0325,francais,9.82,3
N032432,E0325,sciences,12.24,3
N032433,E0325,anglais,10.65,3
N032434,E0325,histoire_geographie,11.68,3
N032510,E0326,maths,6.16,1
N032511,E0326,francais,5.82,1
N032512,E0326,sciences,8.68,1
N032513,E0326,anglais,7.76,1
N032514,E0326,histoire_geographie,8.61,1
N032520,E0326,maths,8.52,2
N032521,E0326,francais,8.52,2
N032522,E0326,sciences,6.69,2
N032523,E0326,anglais,8.21,2
N032524,E0326,histoire_geographie,8.13,2
N032530,E0326,maths,5.7,3
N032531,E0326,francais,7.3,3
N032532,E0326,sciences,7.04,3
N032533,E0326,anglais,7.76,3
N032534,E0326,histoire_geographie,9.6,3
N032610,E0327,maths,10.04,1
N032611,E0327,francais,11.48,1
N032612,E0327,sciences,12.7,1
N032613,E0327,anglais,12.16,1
N032614,E0327,histoire_geographie,12.4,1
N032620,E0327,maths,9.67,2
N032621,E0327,francais,12.34,2
N032622,E0327,sciences,12.15,2
N032623,E0327,anglais,9.08,2
N032624,E0327,histoire_geographie,12.37,2
N032630,E0327,maths,10.62,3
N032631,E0327,francais,11.57,3
N032632,E0327,sciences,12.28,3
N032633,E0327,anglais,10.62,3
N032634,E0327,histoire_geographie,11.29,3
N032710,E0328,maths,14.17,1
N032711,E0328,francais,13.85,1
N032712,E0328,sciences,13.15,1
N032713,E0328,anglais,12.21,1
N032714,E0328,histoire_geographie,15.5,1
N032720,E0328,maths,14.04,2
N032721,E0328,francais,13.65,2
N032722,E0328,sciences,14.39,2
N032723,E0328,anglais,15.65,2
N032724,E0328,histoire_geographie,16.78,2
N032730,E0328,maths,14.45,3
N032731,E0328,francais,15.79,3
N032732,E0328,sciences,15.01,3
N032733,E0328,anglais,14.82,3
N032734,E0328,histoire_geographie,16.22,3
N032810,E0329,maths,12.45,1
N032811,E0329,francais,12.64,1
N032812,E0329,sciences,13.68,1
N032813,E0329,anglais,10.98,1
N032814,E0329,histoire_geographie,15.23,1
N032820,E0329,maths,10.49,2
N032821,E0329,francais,12.72,2
N032822,E0329,sciences,11.91,2
N032823,E0329,anglais,13.98,2
N032824,E0329,histoire_geographie,14.17,2
N032830,E0329,maths,14.14,3
N032831,E0329,francais,11.53,3
N032832,E0329,sciences,11.98,3
N032833,E0329,anglais,14.11,3
N032834,E0329,histoire_geographie,13.03,3
N032910,E0330,maths,10.76,1
N032911,E0330,francais,11.16,1
N032912,E0330,sciences,8.41,1
N032913,E0330,anglais,11.01,1
N032914,E0330,histoire_geographie,11.52,1
N032920,E0330,maths,8.25,2
N032921,E0330,francais,8.91,2
N032922,E0330,sciences,9.58,2
N032923,E0330,anglais,11.75,2
N032924,E0330,histoire_geographie,13.86,2
N032930,E0330,maths,10.36,3
N032931,E0330,francais,11.13,3
N032932,E0330,sciences,9.94,3
N032933,E0330,anglais,10.36,3
N032934,E0330,histoire_geographie,12.51,3
N033010,E0331,maths,10.1,1
N033011,E0331,francais,11.94,1
N033012,E0331,sciences,13.24,1
N033013,E0331,anglais,12.14,1
N033014,E0331,histoire_geographie,14.04,1
N033020,E0331,maths,9.8,2
N033021,E0331,francais,11.3,2
N033022,E0331,sciences,11.9,2
N033023,E0331,anglais,10.98,2
N033024,E0331,histoire_geographie,12.95,2
N033030,E0331,maths,9.32,3
N033031,E0331,francais,11.65,3
N033032,E0331,sciences,13.82,3
N033033,E0331,anglais,11.1,3
N033034,E0331,histoire_geographie,11.14,3
N033110,E0332,maths,9.48,1
N033111,E0332,francais,10.89,1
N033112,E0332,sciences,13.42,1
N033113,E0332,anglais,11.14,1
N033114,E0332,histoire_geographie,13.54,1
N033120,E0332,maths,10.37,2
N033121,E0332,francais,10.81,2
N033122,E0332,sciences,13.27,2
N033123,E0332,anglais,12.11,2
N033124,E0332,histoire_geographie,10.36,2
N033130,E0332,maths,11.99,3
N033131,E0332,francais,12.63,3
N033132,E0332,sciences,13.47,3
N033133,E0332,anglais,9.55,3
N033134,E0332,histoire_geographie,11.13,3
N033210,E0333,maths,10.51,1
N033211,E0333,francais,9.71,1
N033212,E0333,sciences,11.1,1
N033213,E0333,anglais,12.04,1
N033214,E0333,histoire_geographie,12.98,1
N033220,E0333,maths,10.24,2
N033221,E0333,francais,13.48,2
N033222,E0333,sciences,10.7,2
N033223,E0333,anglais,11.96,2
N033224,E0333,histoire_geographie,10.22,2
N033230,E0333,maths,8.51,3
N033231,E0333,francais,12.26,3
N033232,E0333,sciences,13.09,3
N033233,E0333,anglais,10.6,3
N033234,E0333,histoire_geographie,13.98,3
N033310,E0334,maths,11.0,1
N033311,E0334,francais,12.47,1
N033312,E0334,sciences,10.27,1
N033313,E0334,anglais,11.72,1
N033314,E0334,histoire_geographie,-0.5,1
N033320,E0334,maths,11.74,2
N033321,E0334,francais,13.01,2
N033322,E0334,sciences,13.75,2
N033323,E0334,anglais,12.33,2
N033324,E0334,histoire_geographie,12.55,2
N033330,E0334,maths,13.87,3
N033331,E0334,francais,13.15,3
N033332,E0334,sciences,14.14,3
N033333,E0334,anglais,12.87,3
N033334,E0334,histoire_geographie,11.63,3
N033410,E0335,maths,9.74,1
N033411,E0335,francais,11.62,1
N033412,E0335,sciences,9.66,1
N033413,E0335,anglais,11.14,1
N033414,E0335,histoire_geographie,10.76,1
N033420,E0335,maths,10.83,2
N033421,E0335,francais,10.78,2
N033422,E0335,sciences,9.95,2
N033423,E0335,anglais,12.46,2
N033424,E0335,histoire_geographie,13.5,2
N033430,E0335,maths,8.59,3
N033431,E0335,francais,11.46,3
N033432,E0335,sciences,10.87,3
N033433,E0335,anglais,10.2,3
N033434,E0335,histoire_geographie,10.75,3
N033510,E0336,maths,6.18,1
N033511,E0336,francais,6.68,1
N033512,E0336,sciences,8.67,1
N033513,E0336,anglais,6.34,1
N033514,E0336,histoire_geographie,7.11,1
N033520,E0336,maths,5.42,2
N033521,E0336,francais,6.42,2
N033522,E0336,sciences,5.63,2
N033523,E0336,anglais,5.14,2
N033524,E0336,histoire_geographie,8.78,2
N033530,E0336,maths,5.41,3
N033531,E0336,francais,8.12,3
N033532,E0336,sciences,8.15,3
N033533,E0336,anglais,7.12,3
N033534,E0336,histoire_geographie,6.92,3
N033610,E0337,maths,9.94,1
N033611,E0337,francais,10.11,1
N033612,E0337,sciences,8.49,1
N033613,E0337,anglais,10.11,1
N033614,E0337,histoire_geographie,10.01,1
N033620,E0337,maths,10.52,2
N033621,E0337,francais,9.11,2
N033622,E0337,sciences,11.6,2
N033623,E0337,anglais,9.57,2
N033624,E0337,histoire_geographie,13.16,2
N033630,E0337,maths,11.25,3
N033631,E0337,francais,9.46,3
N033632,E0337,sciences,10.19,3
N033633,E0337,anglais,11.54,3
N033634,E0337,histoire_geographie,10.36,3
N033710,E0338,maths,11.12,1
N033711,E0338,francais,12.44,1
N033712,E0338,sciences,11.56,1
N033713,E0338,anglais,11.28,1
N033714,E0338,histoire_geographie,13.1,1
N033720,E0338,maths,10.85,2
N033721,E0338,francais,10.88,2
N033722,E0338,sciences,11.4,2
N033723,E0338,anglais,11.79,2
N033724,E0338,histoire_geographie,12.52,2
N033730,E0338,maths,9.36,3
N033731,E0338,francais,14.66,3
N033732,E0338,sciences,11.95,3
N033733,E0338,anglais,13.14,3
N033734,E0338,histoire_geographie,13.08,3
N033810,E0339,maths,9.18,1
N033811,E0339,francais,9.86,1
N033812,E0339,sciences,10.93,1
N033813,E0339,anglais,8.43,1
N033814,E0339,histoire_geographie,10.21,1
N033820,E0339,maths,11.14,2
N033821,E0339,francais,11.66,2
N033822,E0339,sciences,11.27,2
N033823,E0339,anglais,11.26,2
N033824,E0339,histoire_geographie,10.25,2
N033830,E0339,maths,9.45,3
N033831,E0339,francais,9.97,3
N033832,E0339,sciences,11.31,3
N033833,E0339,anglais,10.09,3
N033834,E0339,histoire_geographie,11.97,3
N033910,E0340,maths,5.22,1
N033911,E0340,francais,7.25,1
N033912,E0340,sciences,7.7,1
N033913,E0340,anglais,6.98,1
N033914,E0340,histoire_geographie,8.52,1
N033920,E0340,maths,7.37,2
N033921,E0340,francais,7.48,2
N033922,E0340,sciences,7.58,2
N033923,E0340,anglais,7.64,2
N033924,E0340,histoire_geographie,7.76,2
N033930,E0340,maths,7.08,3
N033931,E0340,francais,8.99,3
N033932,E0340,sciences,7.62,3
N033933,E0340,anglais,6.06,3
N033934,E0340,histoire_geographie,7.29,3
N034010,E0341,maths,10.32,1
N034011,E0341,francais,10.33,1
N034012,E0341,sciences,12.81,1
N034013,E0341,anglais,10.82,1
N034014,E0341,histoire_geographie,11.98,1
N034020,E0341,maths,11.76,2
N034021,E0341,francais,12.39,2
N034022,E0341,sciences,11.74,2
N034023,E0341,anglais,9.02,2
N034024,E0341,histoire_geographie,11.33,2
N034030,E0341,maths,10.01,3
N034031,E0341,francais,11.98,3
N034032,E0341,sciences,10.2,3
N034033,E0341,anglais,10.75,3
N034034,E0341,histoire_geographie,10.01,3
N034110,E0342,maths,10.87,1
N034111,E0342,francais,13.79,1
N034112,E0342,sciences,12.16,1
N034113,E0342,anglais,12.83,1
N034114,E0342,histoire_geographie,12.73,1
N034120,E0342,maths,13.39,2
N034121,E0342,francais,14.45,2
N034122,E0342,sciences,10.96,2
N034123,E0342,anglais,11.02,2
N034124,E0342,histoire_geographie,14.26,2
N034130,E0342,maths,10.65,3
N034131,E0342,francais,13.51,3
N034132,E0342,sciences,14.85,3
N034133,E0342,anglais,12.01,3
N034134,E0342,histoire_geographie,12.49,3
N034210,E0343,maths,9.6,1
N034211,E0343,francais,11.31,1
N034212,E0343,sciences,11.48,1
N034213,E0343,anglais,12.87,1
N034214,E0343,histoire_geographie,13.48,1
N034220,E0343,maths,9.26,2
N034221,E0343,francais,9.29,2
N034222,E0343,sciences,13.91,2
N034223,E0343,anglais,11.12,2
N034224,E0343,histoire_geographie,12.9,2
N034230,E0343,maths,7.73,3
N034231,E0343,francais,11.82,3
N034232,E0343,sciences,10.47,3
N034233,E0343,anglais,10.43,3
N034234,E0343,histoire_geographie,13.49,3
N034310,E0344,maths,13.72,1
N034311,E0344,francais,14.49,1
N034312,E0344,sciences,11.66,1
N034313,E0344,anglais,13.09,1
N034314,E0344,histoire_geographie,12.16,1
N034320,E0344,maths,13.29,2
N034321,E0344,francais,13.49,2
N034322,E0344,sciences,13.14,2
N034323,E0344,anglais,14.34,2
N034324,E0344,histoire_geographie,13.87,2
N034330,E0344,maths,14.22,3
N034331,E0344,francais,12.33,3
N034332,E0344,sciences,13.13,3
N034333,E0344,anglais,13.94,3
N034334,E0344,histoire_geographie,13.09,3
N034410,E0345,maths,11.24,1
N034411,E0345,francais,12.54,1
N034412,E0345,sciences,13.01,1
N034413,E0345,anglais,11.67,1
N034414,E0345,histoire_geographie,11.36,1
N034420,E0345,maths,11.16,2
N034421,E0345,francais,11.71,2
N034422,E0345,sciences,12.49,2
N034423,E0345,anglais,13.37,2
N034424,E0345,histoire_geographie,13.88,2
N034430,E0345,maths,11.27,3
N034431,E0345,francais,12.1,3
N034432,E0345,sciences,10.54,3
N034433,E0345,anglais,11.79,3
N034434,E0345,histoire_geographie,12.26,3
N034510,E0346,maths,9.43,1
N034511,E0346,francais,9.31,1
N034512,E0346,sciences,10.06,1
N034513,E0346,anglais,6.45,1
N034514,E0346,histoire_geographie,10.5,1
N034520,E0346,maths,8.47,2
N034521,E0346,francais,10.24,2
N034522,E0346,sciences,7.98,2
N034523,E0346,anglais,8.48,2
N034524,E0346,histoire_geographie,10.0,2
N034530,E0346,maths,8.6,3
N034531,E0346,francais,10.35,3
N034532,E0346,sciences,10.15,3
N034533,E0346,anglais,9.78,3
N034534,E0346,histoire_geographie,10.21,3
N034610,E0347,maths,13.75,1
N034611,E0347,francais,15.43,1
N034612,E0347,sciences,16.3,1
N034613,E0347,anglais,12.91,1
N034614,E0347,histoire_geographie,15.46,1
N034620,E0347,maths,12.61,2
N034621,E0347,francais,14.87,2
N034622,E0347,sciences,15.17,2
N034623,E0347,anglais,13.6,2
N034624,E0347,histoire_geographie,14.07,2
N034630,E0347,maths,13.76,3
N034631,E0347,francais,14.18,3
N034632,E0347,sciences,14.65,3
N034633,E0347,anglais,13.1,3
N034634,E0347,histoire_geographie,14.86,3
N034710,E0348,maths,9.98,1
N034711,E0348,francais,9.22,1
N034712,E0348,sciences,9.54,1
N034713,E0348,anglais,8.75,1
N034714,E0348,histoire_geographie,7.81,1
N034720,E0348,maths,8.27,2
N034721,E0348,francais,10.57,2
N034722,E0348,sciences,11.15,2
N034723,E0348,anglais,9.84,2
N034724,E0348,histoire_geographie,9.03,2
N034730,E0348,maths,7.88,3
N034731,E0348,francais,10.45,3
N034732,E0348,sciences,7.69,3
N034733,E0348,anglais,11.42,3
N034734,E0348,histoire_geographie,9.82,3
N034810,E0349,maths,9.88,1
N034811,E0349,francais,8.45,1
N034812,E0349,sciences,8.72,1
N034813,E0349,anglais,9.25,1
N034814,E0349,histoire_geographie,9.83,1
N034820,E0349,maths,8.23,2
N034821,E0349,francais,8.55,2
N034822,E0349,sciences,10.33,2
N034823,E0349,anglais,8.28,2
N034824,E0349,histoire_geographie,9.96,2
N034830,E0349,maths,8.29,3
N034831,E0349,francais,7.91,3
N034832,E0349,sciences,11.37,3
N034833,E0349,anglais,6.55,3
N034834,E0349,histoire_geographie,10.6,3
N034910,E0350,maths,9.29,1
N034911,E0350,francais,12.08,1
N034912,E0350,sciences,10.57,1
N034913,E0350,anglais,9.51,1
N034914,E0350,histoire_geographie,12.68,1
N034920,E0350,maths,11.25,2
N034921,E0350,francais,11.46,2
N034922,E0350,sciences,10.71,2
N034923,E0350,anglais,11.84,2
N034924,E0350,histoire_geographie,11.45,2
N034930,E0350,maths,9.76,3
N034931,E0350,francais,9.54,3
N034932,E0350,sciences,9.84,3
N034933,E0350,anglais,10.79,3
N034934,E0350,histoire_geographie,11.41,3
N035010,E0351,maths,7.99,1
N035011,E0351,francais,7.91,1
N035012,E0351,sciences,8.75,1
N035013,E0351,anglais,10.34,1
N035014,E0351,histoire_geographie,9.4,1
N035020,E0351,maths,9.82,2
N035021,E0351,francais,8.61,2
N035022,E0351,sciences,9.38,2
N035023,E0351,anglais,10.13,2
N035024,E0351,histoire_geographie,10.69,2
N035030,E0351,maths,8.91,3
N035031,E0351,francais,10.14,3
N035032,E0351,sciences,9.83,3
N035033,E0351,anglais,8.73,3
N035034,E0351,histoire_geographie,12.09,3
N035110,E0352,maths,11.77,1
N035111,E0352,francais,11.13,1
N035112,E0352,sciences,12.26,1
N035113,E0352,anglais,11.26,1
N035114,E0352,histoire_geographie,12.34,1
N035120,E0352,maths,11.38,2
N035121,E0352,francais,12.65,2
N035122,E0352,sciences,11.68,2
N035123,E0352,anglais,9.01,2
N035124,E0352,histoire_geographie,15.33,2
N035130,E0352,maths,12.44,3
N035131,E0352,francais,12.3,3
N035132,E0352,sciences,8.82,3
N035133,E0352,anglais,9.85,3
N035134,E0352,histoire_geographie,14.07,3
N035210,E0353,maths,6.22,1
N035211,E0353,francais,9.97,1
N035212,E0353,sciences,8.39,1
N035213,E0353,anglais,8.42,1
N035214,E0353,histoire_geographie,10.37,1
N035220,E0353,maths,7.07,2
N035221,E0353,francais,7.32,2
N035222,E0353,sciences,10.13,2
N035223,E0353,anglais,7.88,2
N035224,E0353,histoire_geographie,8.41,2
N035230,E0353,maths,6.77,3
N035231,E0353,francais,10.03,3
N035232,E0353,sciences,6.82,3
N035233,E0353,anglais,8.48,3
N035234,E0353,histoire_geographie,9.09,3
N035310,E0354,maths,14.29,1
N035311,E0354,francais,14.26,1
N035312,E0354,sciences,15.01,1
N035313,E0354,anglais,13.34,1
N035314,E0354,histoire_geographie,14.45,1
N035320,E0354,maths,14.09,2
N035321,E0354,francais,12.94,2
N035322,E0354,sciences,13.31,2
N035323,E0354,anglais,14.76,2
N035324,E0354,histoire_geographie,15.43,2
N035330,E0354,maths,12.39,3
N035331,E0354,francais,14.05,3
N035332,E0354,sciences,14.02,3
N035333,E0354,anglais,12.93,3
N035334,E0354,histoire_geographie,14.44,3
N035410,E0355,maths,13.77,1
N035411,E0355,francais,14.45,1
N035412,E0355,sciences,14.06,1
N035413,E0355,anglais,15.03,1
N035414,E0355,histoire_geographie,13.83,1
N035420,E0355,maths,13.43,2
N035421,E0355,francais,15.27,2
N035422,E0355,sciences,13.25,2
N035423,E0355,anglais,14.59,2
N035424,E0355,histoire_geographie,15.27,2
N035430,E0355,maths,14.55,3
N035431,E0355,francais,12.28,3
N035432,E0355,sciences,13.95,3
N035433,E0355,anglais,14.36,3
N035434,E0355,histoire_geographie,16.31,3
N035510,E0356,maths,9.75,1
N035511,E0356,francais,11.12,1
N035512,E0356,sciences,9.58,1
N035513,E0356,anglais,8.95,1
N035514,E0356,histoire_geographie,10.91,1
N035520,E0356,maths,8.57,2
N035521,E0356,francais,10.84,2
N035522,E0356,sciences,9.43,2
N035523,E0356,anglais,10.97,2
N035524,E0356,histoire_geographie,10.18,2
N035530,E0356,maths,8.46,3
N035531,E0356,francais,10.62,3
N035532,E0356,sciences,9.5,3
N035533,E0356,anglais,10.09,3
N035534,E0356,histoire_geographie,11.75,3
N035610,E0357,maths,11.57,1
N035611,E0357,francais,14.46,1
N035612,E0357,sciences,11.54,1
N035613,E0357,anglais,11.41,1
N035614,E0357,histoire_geographie,14.65,1
N035620,E0357,maths,12.02,2
N035621,E0357,francais,13.85,2
N035622,E0357,sciences,13.81,2
N035623,E0357,anglais,13.97,2
N035624,E0357,histoire_geographie,15.82,2
N035630,E0357,maths,12.24,3
N035631,E0357,francais,15.48,3
N035632,E0357,sciences,13.67,3
N035633,E0357,anglais,13.22,3
N035634,E0357,histoire_geographie,12.83,3
N035710,E0358,maths,14.19,1
N035711,E0358,francais,13.2,1
N035712,E0358,sciences,13.88,1
N035713,E0358,anglais,13.39,1
N035714,E0358,histoire_geographie,15.94,1
N035720,E0358,maths,14.85,2
N035721,E0358,francais,13.9,2
N035722,E0358,sciences,12.92,2
N035723,E0358,anglais,13.11,2
N035724,E0358,histoire_geographie,17.23,2
N035730,E0358,maths,12.79,3
N035731,E0358,francais,14.72,3
N035732,E0358,sciences,14.32,3
N035733,E0358,anglais,13.93,3
N035734,E0358,histoire_geographie,13.76,3
N035810,E0359,maths,12.32,1
N035811,E0359,francais,11.51,1
N035812,E0359,sciences,11.34,1
N035813,E0359,anglais,11.51,1
N035814,E0359,histoire_geographie,13.95,1
N035820,E0359,maths,12.01,2
N035821,E0359,francais,10.86,2
N035822,E0359,sciences,10.8,2
N035823,E0359,anglais,11.64,2
N035824,E0359,histoire_geographie,12.57,2
N035830,E0359,maths,9.59,3
N035831,E0359,francais,11.33,3
N035832,E0359,sciences,11.76,3
N035833,E0359,anglais,11.05,3
N035834,E0359,histoire_geographie,14.14,3
N035910,E0360,maths,9.87,1
N035911,E0360,francais,11.79,1
N035912,E0360,sciences,11.8,1
N035913,E0360,anglais,11.07,1
N035914,E0360,histoire_geographie,11.87,1
N035920,E0360,maths,9.94,2
N035921,E0360,francais,13.01,2
N035922,E0360,sciences,8.93,2
N035923,E0360,anglais,11.42,2
N035924,E0360,histoire_geographie,9.56,2
N035930,E0360,maths,9.77,3
N035931,E0360,francais,11.35,3
N035932,E0360,sciences,11.24,3
N035933,E0360,anglais,11.21,3
N035934,E0360,histoire_geographie,11.39,3
N036010,E0361,maths,12.05,1
N036011,E0361,francais,12.4,1
N036012,E0361,sciences,10.92,1
N036013,E0361,anglais,11.21,1
N036014,E0361,histoire_geographie,13.27,1
N036020,E0361,maths,9.36,2
N036021,E0361,francais,12.78,2
N036022,E0361,sciences,11.18,2
N036023,E0361,anglais,11.63,2
N036024,E0361,histoire_geographie,11.96,2
N036030,E0361,maths,12.31,3
N036031,E0361,francais,11.17,3
N036032,E0361,sciences,11.07,3
N036033,E0361,anglais,10.89,3
N036034,E0361,histoire_geographie,11.05,3
N036110,E0362,maths,9.52,1
N036111,E0362,francais,11.63,1
N036112,E0362,sciences,14.0,1
N036113,E0362,anglais,12.17,1
N036114,E0362,histoire_geographie,11.79,1
N036120,E0362,maths,10.15,2
N036121,E0362,francais,12.2,2
N036122,E0362,sciences,10.45,2
N036123,E0362,anglais,10.75,2
N036124,E0362,histoire_geographie,10.92,2
N036130,E0362,maths,12.06,3
N036131,E0362,francais,12.4,3
N036132,E0362,sciences,10.99,3
N036133,E0362,anglais,10.44,3
N036134,E0362,histoire_geographie,13.7,3
N036210,E0363,maths,13.9,1
N036211,E0363,francais,15.86,1
N036212,E0363,sciences,15.76,1
N036213,E0363,anglais,16.47,1
N036214,E0363,histoire_geographie,14.33,1
N036220,E0363,maths,12.4,2
N036221,E0363,francais,15.41,2
N036222,E0363,sciences,13.3,2
N036223,E0363,anglais,11.7,2
N036224,E0363,histoire_geographie,14.98,2
N036230,E0363,maths,13.4,3
N036231,E0363,francais,14.88,3
N036232,E0363,sciences,15.77,3
N036233,E0363,anglais,16.97,3
N036234,E0363,histoire_geographie,15.31,3
N036310,E0364,maths,6.68,1
N036311,E0364,francais,9.43,1
N036312,E0364,sciences,8.06,1
N036313,E0364,anglais,7.45,1
N036314,E0364,histoire_geographie,9.22,1
N036320,E0364,maths,7.68,2
N036321,E0364,francais,8.51,2
N036322,E0364,sciences,8.11,2
N036323,E0364,anglais,7.6,2
N036324,E0364,histoire_geographie,9.3,2
N036330,E0364,maths,7.22,3
N036331,E0364,francais,9.02,3
N036332,E0364,sciences,6.7,3
N036333,E0364,anglais,7.82,3
N036334,E0364,histoire_geographie,11.36,3
N036410,E0365,maths,11.22,1
N036411,E0365,francais,11.13,1
N036412,E0365,sciences,12.19,1
N036413,E0365,anglais,12.65,1
N036414,E0365,histoire_geographie,12.81,1
N036420,E0365,maths,10.07,2
N036421,E0365,francais,11.84,2
N036422,E0365,sciences,11.6,2
N036423,E0365,anglais,10.01,2
N036424,E0365,histoire_geographie,11.51,2
N036430,E0365,maths,12.14,3
N036431,E0365,francais,8.97,3
N036432,E0365,sciences,12.54,3
N036433,E0365,anglais,9.55,3
N036434,E0365,histoire_geographie,13.03,3
N036510,E0366,maths,7.38,1
N036511,E0366,francais,9.8,1
N036512,E0366,sciences,11.21,1
N036513,E0366,anglais,9.3,1
N036514,E0366,histoire_geographie,10.48,1
N036520,E0366,maths,9.77,2
N036521,E0366,francais,8.97,2
N036522,E0366,sciences,9.42,2
N036523,E0366,anglais,8.28,2
N036524,E0366,histoire_geographie,11.23,2
N036530,E0366,maths,7.75,3
N036531,E0366,francais,8.18,3
N036532,E0366,sciences,8.73,3
N036533,E0366,anglais,9.37,3
N036534,E0366,histoire_geographie,7.94,3
N036610,E0367,maths,15.08,1
N036611,E0367,francais,16.19,1
N036612,E0367,sciences,18.23,1
N036613,E0367,anglais,17.04,1
N036614,E0367,histoire_geographie,17.29,1
N036620,E0367,maths,13.83,2
N036621,E0367,francais,13.74,2
N036622,E0367,sciences,16.21,2
N036623,E0367,anglais,15.56,2
N036624,E0367,histoire_geographie,16.82,2
N036630,E0367,maths,14.01,3
N036631,E0367,francais,18.13,3
N036632,E0367,sciences,15.89,3
N036633,E0367,anglais,16.34,3
N036634,E0367,histoire_geographie,16.5,3
N036710,E0368,maths,8.33,1
N036711,E0368,francais,9.9,1
N036712,E0368,sciences,11.23,1
N036713,E0368,anglais,9.86,1
N036714,E0368,histoire_geographie,11.17,1
N036720,E0368,maths,10.43,2
N036721,E0368,francais,9.95,2
N036722,E0368,sciences,9.79,2
N036723,E0368,anglais,12.67,2
N036724,E0368,histoire_geographie,15.09,2
N036730,E0368,maths,6.65,3
N036731,E0368,francais,9.62,3
N036732,E0368,sciences,11.17,3
N036733,E0368,anglais,-3.0,3
N036734,E0368,histoire_geographie,12.99,3
N036810,E0369,maths,10.88,1
N036811,E0369,francais,11.6,1
N036812,E0369,sciences,7.97,1
N036813,E0369,anglais,10.33,1
N036814,E0369,histoire_geographie,9.69,1
N036820,E0369,maths,10.86,2
N036821,E0369,francais,9.84,2
N036822,E0369,sciences,9.3,2
N036823,E0369,anglais,9.5,2
N036824,E0369,histoire_geographie,10.78,2
N036830,E0369,maths,10.78,3
N036831,E0369,francais,8.78,3
N036832,E0369,sciences,9.19,3
N036833,E0369,anglais,10.49,3
N036834,E0369,histoire_geographie,9.19,3
N036910,E0370,maths,9.67,1
N036911,E0370,francais,13.1,1
N036912,E0370,sciences,13.39,1
N036913,E0370,anglais,9.66,1
N036914,E0370,histoire_geographie,11.79,1
N036920,E0370,maths,11.74,2
N036921,E0370,francais,11.8,2
N036922,E0370,sciences,9.71,2
N036923,E0370,anglais,11.58,2
N036924,E0370,histoire_geographie,10.17,2
N036930,E0370,maths,13.76,3
N036931,E0370,francais,12.08,3
N036932,E0370,sciences,14.33,3
N036933,E0370,anglais,12.58,3
N036934,E0370,histoire_geographie,11.32,3
N037010,E0371,maths,9.64,1
N037011,E0371,francais,11.08,1
N037012,E0371,sciences,12.47,1
N037013,E0371,anglais,11.42,1
N037014,E0371,histoire_geographie,14.81,1
N037020,E0371,maths,9.76,2
N037021,E0371,francais,12.81,2
N037022,E0371,sciences,10.6,2
N037023,E0371,anglais,10.95,2
N037024,E0371,histoire_geographie,12.92,2
N037030,E0371,maths,10.28,3
N037031,E0371,francais,12.1,3
N037032,E0371,sciences,12.22,3
N037033,E0371,anglais,12.08,3
N037034,E0371,histoire_geographie,13.27,3
N037110,E0372,maths,9.76,1
N037111,E0372,francais,11.03,1
N037112,E0372,sciences,11.04,1
N037113,E0372,anglais,12.81,1
N037114,E0372,histoire_geographie,11.9,1
N037120,E0372,maths,10.31,2
N037121,E0372,francais,9.39,2
N037122,E0372,sciences,12.36,2
N037123,E0372,anglais,7.94,2
N037124,E0372,histoire_geographie,12.46,2
N037130,E0372,maths,10.34,3
N037131,E0372,francais,8.28,3
N037132,E0372,sciences,8.16,3
N037133,E0372,anglais,9.88,3
N037134,E0372,histoire_geographie,8.83,3
N037210,E0373,maths,8.35,1
N037211,E0373,francais,7.76,1
N037212,E0373,sciences,7.97,1
N037213,E0373,anglais,8.24,1
N037214,E0373,histoire_geographie,9.87,1
N037220,E0373,maths,9.26,2
N037221,E0373,francais,10.0,2
N037222,E0373,sciences,8.49,2
N037223,E0373,anglais,9.96,2
N037224,E0373,histoire_geographie,10.4,2
N037230,E0373,maths,6.81,3
N037231,E0373,francais,9.37,3
N037232,E0373,sciences,8.66,3
N037233,E0373,anglais,7.9,3
N037234,E0373,histoire_geographie,11.5,3
N037310,E0374,maths,14.76,1
N037311,E0374,francais,16.35,1
N037312,E0374,sciences,17.51,1
N037313,E0374,anglais,14.31,1
N037314,E0374,histoire_geographie,18.68,1
N037320,E0374,maths,17.79,2
N037321,E0374,francais,15.94,2
N037322,E0374,sciences,15.65,2
N037323,E0374,anglais,16.37,2
N037324,E0374,histoire_geographie,16.14,2
N037330,E0374,maths,15.04,3
N037331,E0374,francais,15.34,3
N037332,E0374,sciences,15.59,3
N037333,E0374,anglais,14.26,3
N037334,E0374,histoire_geographie,17.78,3
N037410,E0375,maths,11.81,1
N037411,E0375,francais,12.46,1
N037412,E0375,sciences,11.32,1
N037413,E0375,anglais,13.25,1
N037414,E0375,histoire_geographie,14.15,1
N037420,E0375,maths,12.83,2
N037421,E0375,francais,11.77,2
N037422,E0375,sciences,11.41,2
N037423,E0375,anglais,11.8,2
N037424,E0375,histoire_geographie,13.4,2
N037430,E0375,maths,16.24,3
N037431,E0375,francais,13.1,3
N037432,E0375,sciences,13.46,3
N037433,E0375,anglais,11.31,3
N037434,E0375,histoire_geographie,13.84,3
N037510,E0376,maths,6.74,1
N037511,E0376,francais,10.02,1
N037512,E0376,sciences,8.98,1
N037513,E0376,anglais,8.75,1
N037514,E0376,histoire_geographie,12.3,1
N037520,E0376,maths,10.53,2
N037521,E0376,francais,11.24,2
N037522,E0376,sciences,7.77,2
N037523,E0376,anglais,10.13,2
N037524,E0376,histoire_geographie,10.19,2
N037530,E0376,maths,9.79,3
N037531,E0376,francais,9.97,3
N037532,E0376,sciences,9.62,3
N037533,E0376,anglais,7.12,3
N037534,E0376,histoire_geographie,9.41,3
N037610,E0377,maths,10.91,1
N037611,E0377,francais,12.96,1
N037612,E0377,sciences,11.22,1
N037613,E0377,anglais,10.77,1
N037614,E0377,histoire_geographie,11.96,1
N037620,E0377,maths,11.15,2
N037621,E0377,francais,10.55,2
N037622,E0377,sciences,11.23,2
N037623,E0377,anglais,12.58,2
N037624,E0377,histoire_geographie,12.97,2
N037630,E0377,maths,12.93,3
N037631,E0377,francais,10.88,3
N037632,E0377,sciences,11.79,3
N037633,E0377,anglais,10.54,3
N037634,E0377,histoire_geographie,12.23,3
N037710,E0378,maths,9.93,1
N037711,E0378,francais,11.13,1
N037712,E0378,sciences,11.22,1
N037713,E0378,anglais,9.67,1
N037714,E0378,histoire_geographie,11.61,1
N037720,E0378,maths,9.96,2
N037721,E0378,francais,11.71,2
N037722,E0378,sciences,10.33,2
N037723,E0378,anglais,9.82,2
N037724,E0378,histoire_geographie,10.48,2
N037730,E0378,maths,10.74,3
N037731,E0378,francais,10.5,3
N037732,E0378,sciences,12.1,3
N037733,E0378,anglais,10.61,3
N037734,E0378,histoire_geographie,11.53,3
N037810,E0379,maths,9.82,1
N037811,E0379,francais,12.32,1
N037812,E0379,sciences,12.89,1
N037813,E0379,anglais,8.85,1
N037814,E0379,histoire_geographie,11.86,1
N037820,E0379,maths,12.16,2
N037821,E0379,francais,11.79,2
N037822,E0379,sciences,8.44,2
N037823,E0379,anglais,10.38,2
N037824,E0379,histoire_geographie,11.63,2
N037830,E0379,maths,12.39,3
N037831,E0379,francais,10.81,3
N037832,E0379,sciences,13.24,3
N037833,E0379,anglais,10.96,3
N037834,E0379,histoire_geographie,15.48,3
N037910,E0380,maths,15.27,1
N037911,E0380,francais,13.29,1
N037912,E0380,sciences,14.72,1
N037913,E0380,anglais,13.68,1
N037914,E0380,histoire_geographie,15.73,1
N037920,E0380,maths,13.54,2
N037921,E0380,francais,14.54,2
N037922,E0380,sciences,17.84,2
N037923,E0380,anglais,14.26,2
N037924,E0380,histoire_geographie,16.24,2
N037930,E0380,maths,14.06,3
N037931,E0380,francais,14.04,3
N037932,E0380,sciences,15.57,3
N037933,E0380,anglais,14.21,3
N037934,E0380,histoire_geographie,16.39,3
N038010,E0381,maths,12.92,1
N038011,E0381,francais,14.62,1
N038012,E0381,sciences,14.42,1
N038013,E0381,anglais,15.94,1
N038014,E0381,histoire_geographie,15.83,1
N038020,E0381,maths,14.13,2
N038021,E0381,francais,14.29,2
N038022,E0381,sciences,13.3,2
N038023,E0381,anglais,13.45,2
N038024,E0381,histoire_geographie,14.03,2
N038030,E0381,maths,13.26,3
N038031,E0381,francais,13.11,3
N038032,E0381,sciences,15.36,3
N038033,E0381,anglais,14.71,3
N038034,E0381,histoire_geographie,15.34,3
N038110,E0382,maths,10.49,1
N038111,E0382,francais,12.84,1
N038112,E0382,sciences,12.52,1
N038113,E0382,anglais,9.95,1
N038114,E0382,histoire_geographie,11.17,1
N038120,E0382,maths,12.41,2
N038121,E0382,francais,10.16,2
N038122,E0382,sciences,11.98,2
N038123,E0382,anglais,10.24,2
N038124,E0382,histoire_geographie,13.1,2
N038130,E0382,maths,10.79,3
N038131,E0382,francais,10.16,3
N038132,E0382,sciences,12.06,3
N038133,E0382,anglais,9.83,3
N038134,E0382,histoire_geographie,10.87,3
N038210,E0383,maths,10.46,1
N038211,E0383,francais,10.62,1
N038212,E0383,sciences,9.97,1
N038213,E0383,anglais,10.36,1
N038214,E0383,histoire_geographie,12.0,1
N038220,E0383,maths,11.23,2
N038221,E0383,francais,12.6,2
N038222,E0383,sciences,12.62,2
N038223,E0383,anglais,10.97,2
N038224,E0383,histoire_geographie,13.31,2
N038230,E0383,maths,12.63,3
N038231,E0383,francais,11.86,3
N038232,E0383,sciences,9.23,3
N038233,E0383,anglais,9.97,3
N038234,E0383,histoire_geographie,10.92,3
N038310,E0384,maths,9.2,1
N038311,E0384,francais,10.76,1
N038312,E0384,sciences,9.78,1
N038313,E0384,anglais,9.45,1
N038314,E0384,histoire_geographie,12.69,1
N038320,E0384,maths,10.01,2
N038321,E0384,francais,11.36,2
N038322,E0384,sciences,11.09,2
N038323,E0384,anglais,9.52,2
N038324,E0384,histoire_geographie,8.96,2
N038330,E0384,maths,9.97,3
N038331,E0384,francais,7.89,3
N038332,E0384,sciences,11.01,3
N038333,E0384,anglais,10.72,3
N038334,E0384,histoire_geographie,12.26,3
N038410,E0385,maths,9.9,1
N038411,E0385,francais,13.91,1
N038412,E0385,sciences,14.38,1
N038413,E0385,anglais,11.64,1
N038414,E0385,histoire_geographie,14.89,1
N038420,E0385,maths,13.09,2
N038421,E0385,francais,13.2,2
N038422,E0385,sciences,11.98,2
N038423,E0385,anglais,13.91,2
N038424,E0385,histoire_geographie,11.79,2
N038430,E0385,maths,12.53,3
N038431,E0385,francais,12.52,3
N038432,E0385,sciences,13.1,3
N038433,E0385,anglais,11.8,3
N038434,E0385,histoire_geographie,12.63,3
N038510,E0386,maths,7.25,1
N038511,E0386,francais,12.37,1
N038512,E0386,sciences,9.29,1
N038513,E0386,anglais,7.53,1
N038514,E0386,histoire_geographie,13.71,1
N038520,E0386,maths,10.27,2
N038521,E0386,francais,8.96,2
N038522,E0386,sciences,11.77,2
N038523,E0386,anglais,8.76,2
N038524,E0386,histoire_geographie,8.35,2
N038530,E0386,maths,9.87,3
N038531,E0386,francais,10.19,3
N038532,E0386,sciences,9.17,3
N038533,E0386,anglais,6.08,3
N038534,E0386,histoire_geographie,10.67,3
N038610,E0387,maths,9.85,1
N038611,E0387,francais,13.33,1
N038612,E0387,sciences,12.66,1
N038613,E0387,anglais,9.75,1
N038614,E0387,histoire_geographie,11.11,1
N038620,E0387,maths,9.8,2
N038621,E0387,francais,11.13,2
N038622,E0387,sciences,10.6,2
N038623,E0387,anglais,10.59,2
N038624,E0387,histoire_geographie,11.26,2
N038630,E0387,maths,9.41,3
N038631,E0387,francais,13.2,3
N038632,E0387,sciences,13.42,3
N038633,E0387,anglais,8.53,3
N038634,E0387,histoire_geographie,11.94,3
N038710,E0388,maths,12.63,1
N038711,E0388,francais,15.34,1
N038712,E0388,sciences,16.1,1
N038713,E0388,anglais,12.24,1
N038714,E0388,histoire_geographie,14.08,1
N038720,E0388,maths,12.46,2
N038721,E0388,francais,14.91,2
N038722,E0388,sciences,14.63,2
N038723,E0388,anglais,12.8,2
N038724,E0388,histoire_geographie,15.32,2
N038730,E0388,maths,14.07,3
N038731,E0388,francais,14.84,3
N038732,E0388,sciences,12.28,3
N038733,E0388,anglais,14.24,3
N038734,E0388,histoire_geographie,15.56,3
N038810,E0389,maths,12.0,1
N038811,E0389,francais,11.23,1
N038812,E0389,sciences,11.8,1
N038813,E0389,anglais,9.38,1
N038814,E0389,histoire_geographie,11.98,1
N038820,E0389,maths,10.41,2
N038821,E0389,francais,11.49,2
N038822,E0389,sciences,12.36,2
N038823,E0389,anglais,12.0,2
N038824,E0389,histoire_geographie,12.08,2
N038830,E0389,maths,11.03,3
N038831,E0389,francais,12.34,3
N038832,E0389,sciences,10.83,3
N038833,E0389,anglais,9.06,3
N038834,E0389,histoire_geographie,12.0,3
N038910,E0390,maths,11.97,1
N038911,E0390,francais,14.13,1
N038912,E0390,sciences,14.21,1
N038913,E0390,anglais,12.27,1
N038914,E0390,histoire_geographie,14.9,1
N038920,E0390,maths,12.23,2
N038921,E0390,francais,14.21,2
N038922,E0390,sciences,13.59,2
N038923,E0390,anglais,12.81,2
N038924,E0390,histoire_geographie,15.33,2
N038930,E0390,maths,14.22,3
N038931,E0390,francais,10.32,3
N038932,E0390,sciences,12.97,3
N038933,E0390,anglais,12.24,3
N038934,E0390,histoire_geographie,13.24,3
N039010,E0391,maths,6.69,1
N039011,E0391,francais,8.56,1
N039012,E0391,sciences,8.37,1
N039013,E0391,anglais,8.29,1
N039014,E0391,histoire_geographie,10.49,1
N039020,E0391,maths,6.88,2
N039021,E0391,francais,6.09,2
N039022,E0391,sciences,8.48,2
N039023,E0391,anglais,8.11,2
N039024,E0391,histoire_geographie,9.3,2
N039030,E0391,maths,5.68,3
N039031,E0391,francais,10.02,3
N039032,E0391,sciences,8.94,3
N039033,E0391,anglais,8.27,3
N039034,E0391,histoire_geographie,8.8,3
N039110,E0392,maths,6.95,1
N039111,E0392,francais,7.98,1
N039112,E0392,sciences,5.79,1
N039113,E0392,anglais,8.59,1
N039114,E0392,histoire_geographie,10.82,1
N039120,E0392,maths,9.53,2
N039121,E0392,francais,7.13,2
N039122,E0392,sciences,7.66,2
N039123,E0392,anglais,9.5,2
N039124,E0392,histoire_geographie,7.91,2
N039130,E0392,maths,7.04,3
N039131,E0392,francais,8.27,3
N039132,E0392,sciences,8.54,3
N039133,E0392,anglais,7.1,3
N039134,E0392,histoire_geographie,9.12,3
N039210,E0393,maths,7.77,1
N039211,E0393,francais,8.94,1
N039212,E0393,sciences,11.12,1
N039213,E0393,anglais,7.14,1
N039214,E0393,histoire_geographie,10.81,1
N039220,E0393,maths,8.88,2
N039221,E0393,francais,11.01,2
N039222,E0393,sciences,9.06,2
N039223,E0393,anglais,8.16,2
N039224,E0393,histoire_geographie,10.24,2
N039230,E0393,maths,8.68,3
N039231,E0393,francais,11.37,3
N039232,E0393,sciences,10.35,3
N039233,E0393,anglais,8.34,3
N039234,E0393,histoire_geographie,9.37,3
N039310,E0394,maths,10.02,1
N039311,E0394,francais,10.72,1
N039312,E0394,sciences,9.75,1
N039313,E0394,anglais,11.53,1
N039314,E0394,histoire_geographie,12.33,1
N039320,E0394,maths,11.08,2
N039321,E0394,francais,9.55,2
N039322,E0394,sciences,10.54,2
N039323,E0394,anglais,11.28,2
N039324,E0394,histoire_geographie,9.13,2
N039330,E0394,maths,9.1,3
N039331,E0394,francais,10.92,3
N039332,E0394,sciences,10.8,3
N039333,E0394,anglais,8.31,3
N039334,E0394,histoire_geographie,11.42,3
N039410,E0395,maths,9.98,1
N039411,E0395,francais,11.36,1
N039412,E0395,sciences,11.35,1
N039413,E0395,anglais,9.52,1
N039414,E0395,histoire_geographie,9.63,1
N039420,E0395,maths,8.74,2
N039421,E0395,francais,9.55,2
N039422,E0395,sciences,7.89,2
N039423,E0395,anglais,9.44,2
N039424,E0395,histoire_geographie,10.1,2
N039430,E0395,maths,9.16,3
N039431,E0395,francais,10.85,3
N039432,E0395,sciences,9.3,3
N039433,E0395,anglais,11.23,3
N039434,E0395,histoire_geographie,11.76,3
N039510,E0396,maths,14.03,1
N039511,E0396,francais,14.37,1
N039512,E0396,sciences,16.05,1
N039513,E0396,anglais,13.28,1
N039514,E0396,histoire_geographie,14.19,1
N039520,E0396,maths,13.06,2
N039521,E0396,francais,14.43,2
N039522,E0396,sciences,14.9,2
N039523,E0396,anglais,12.64,2
N039524,E0396,histoire_geographie,13.9,2
N039530,E0396,maths,15.31,3
N039531,E0396,francais,16.92,3
N039532,E0396,sciences,13.95,3
N039533,E0396,anglais,16.09,3
N039534,E0396,histoire_geographie,16.71,3
N039610,E0397,maths,8.95,1
N039611,E0397,francais,7.43,1
N039612,E0397,sciences,9.04,1
N039613,E0397,anglais,9.02,1
N039614,E0397,histoire_geographie,8.94,1
N039620,E0397,maths,6.87,2
N039621,E0397,francais,10.32,2
N039622,E0397,sciences,7.51,2
N039623,E0397,anglais,8.72,2
N039624,E0397,histoire_geographie,11.94,2
N039630,E0397,maths,7.09,3
N039631,E0397,francais,8.74,3
N039632,E0397,sciences,10.01,3
N039633,E0397,anglais,11.77,3
N039634,E0397,histoire_geographie,10.12,3
N039710,E0398,maths,12.03,1
N039711,E0398,francais,14.04,1
N039712,E0398,sciences,12.34,1
N039713,E0398,anglais,12.1,1
N039714,E0398,histoire_geographie,14.77,1
N039720,E0398,maths,13.89,2
N039721,E0398,francais,11.73,2
N039722,E0398,sciences,12.64,2
N039723,E0398,anglais,13.15,2
N039724,E0398,histoire_geographie,12.27,2
N039730,E0398,maths,12.79,3
N039731,E0398,francais,15.27,3
N039732,E0398,sciences,11.45,3
N039733,E0398,anglais,12.49,3
N039734,E0398,histoire_geographie,12.88,3
N039810,E0399,maths,7.73,1
N039811,E0399,francais,11.71,1
N039812,E0399,sciences,9.51,1
N039813,E0399,anglais,9.2,1
N039814,E0399,histoire_geographie,10.29,1
N039820,E0399,maths,11.26,2
N039821,E0399,francais,9.55,2
N039822,E0399,sciences,5.98,2
N039823,E0399,anglais,9.76,2
N039824,E0399,histoire_geographie,9.48,2
N039830,E0399,maths,9.6,3
N039831,E0399,francais,11.99,3
N039832,E0399,sciences,10.84,3
N039833,E0399,anglais,8.42,3
N039834,E0399,histoire_geographie,9.93,3
N039910,E0400,maths,9.43,1
N039911,E0400,francais,13.89,1
N039912,E0400,sciences,11.63,1
N039913,E0400,anglais,12.15,1
N039914,E0400,histoire_geographie,10.0,1
N039920,E0400,maths,10.45,2
N039921,E0400,francais,10.6,2
N039922,E0400,sciences,10.81,2
N039923,E0400,anglais,10.55,2
N039924,E0400,histoire_geographie,10.99,2
N039930,E0400,maths,10.94,3
N039931,E0400,francais,11.6,3
N039932,E0400,sciences,11.95,3
N039933,E0400,anglais,11.52,3
N039934,E0400,histoire_geographie,13.6,3
