id_commande,id_client,id_magasin,date_commande,date_promisee,date_livraison,montant_ttc,statut
100000,6880,3,2023-01-02,2023-01-07,2023-01-07,240075,livree
100001,9734,5,2023-01-01,2023-01-11,2023-01-12,791025,livree
100002,3723,3,2023-01-02,2023-01-07,2023-01-07,112300,livree
100003,2541,2,2023-01-01,2023-01-06,2023-01-06,852010,livree
100004,15675,2,2023-01-01,2023-01-03,2023-01-11,598215,livree
100005,23466,3,2023-01-01,2023-01-04,2023-01-03,286055,livree
100006,18032,5,2023-01-01,2023-01-04,2023-01-03,901055,livree
100007,9486,1,2023-01-04,2023-01-11,2023-01-11,824755,livree
100008,2959,1,2023-01-03,2023-01-10,2023-01-11,1099955,livree
100009,5006,3,2023-01-04,2023-01-07,2023-01-06,1219875,livree
100010,12982,6,2023-01-02,2023-01-07,2023-01-07,119430,livree
100011,14749,4,2023-01-02,2023-01-12,,1101235,annulee
100012,4729,2,2023-01-04,2023-01-09,2023-01-09,648405,livree
100013,13974,5,2023-01-03,2023-01-06,2023-02-20,1050555,livree
100014,16754,5,2023-01-04,2023-01-11,2023-01-11,93800,livree
100015,3086,6,2023-01-04,2023-01-06,,790260,annulee
100016,20305,1,2023-01-05,2023-01-07,2023-01-07,1071520,livree
100017,13999,4,2023-01-05,2023-01-08,2023-01-08,374020,livree
100018,22781,6,2023-01-03,2023-01-13,2023-01-18,941785,livree
100019,15100,3,2023-01-03,2023-01-06,2023-01-05,967915,livree
100020,7138,3,2023-01-03,2023-01-06,2023-01-09,723215,livree
100021,15460,6,2023-01-06,2023-01-16,2023-01-17,206485,livree
100022,20200,3,2023-01-04,2023-01-07,2023-01-07,410975,livree
100023,9968,1,2023-01-05,2023-01-08,2023-01-11,399010,livree
100024,14358,6,2023-01-06,2023-01-08,2023-01-08,142580,livree
100025,11571,3,2023-01-05,2023-01-07,2023-01-07,1013700,livree
100026,19213,4,2023-01-06,2023-01-08,2023-01-28,418425,livree
100027,18511,4,2023-01-05,2023-01-07,2023-01-08,130795,livree
100028,1318,1,2023-01-06,2023-01-08,2023-01-11,291845,livree
100029,6394,6,2023-01-06,2023-01-08,2023-01-08,1443850,livree
100030,20852,5,2023-01-06,2023-01-13,2023-01-14,1264175,livree
100031,11078,4,2023-01-07,2023-01-17,2023-01-16,1229400,livree
100032,13948,1,2023-01-07,2023-01-17,2023-01-16,508630,livree
100033,1701,6,2023-01-07,2023-01-10,2023-02-24,540920,livree
100034,21099,4,2023-01-07,2023-01-14,2023-01-14,143210,livree
100035,17334,6,2023-01-07,2023-01-12,2023-01-11,576845,livree
100036,14652,1,2023-01-06,2023-01-11,2023-01-10,1360485,livree
100037,3678,5,2023-01-06,2023-01-11,2023-01-11,170820,livree
100038,19464,5,2023-01-08,2023-01-18,2023-01-18,708955,livree
100039,3715,1,2023-01-08,2023-01-13,2023-01-14,711940,livree
100040,6338,1,2023-01-08,2023-01-11,,994690,annulee
100041,4344,6,2023-01-08,2023-01-10,2023-01-09,910215,livree
100042,16488,3,2023-01-09,2023-01-14,2023-02-28,324760,livree
100043,22833,2,2023-01-09,2023-01-12,2023-01-13,744980,livree
100044,8484,4,2023-01-07,2023-01-17,2023-01-16,1221660,livree
100045,23278,5,2023-01-09,2023-01-14,2023-01-13,1207590,livree
100046,20068,4,2023-01-08,2023-01-10,2023-01-09,938640,livree
100047,11239,5,2023-01-09,2023-01-12,2023-01-17,805520,livree
100048,5204,4,2023-01-10,2023-01-15,2023-01-14,815105,livree
100049,21528,6,2023-01-08,2023-01-11,2023-01-10,1058805,livree
100050,20297,2,2023-01-10,2023-01-12,2023-01-11,488945,livree
100051,12290,1,2023-01-09,2023-01-16,2023-01-16,591425,livree
100052,8685,5,2023-01-09,2023-01-12,2023-01-13,1319460,livree
100053,11591,4,2023-01-09,2023-01-16,,858960,annulee
100054,13719,2,2023-01-09,2023-01-16,2023-01-16,178560,livree
100055,8826,3,2023-01-11,2023-01-21,2023-01-21,571005,livree
100056,22805,5,2023-01-09,2023-01-11,2023-01-11,1400690,livree
100057,5717,1,2023-01-09,2023-01-14,2023-01-14,1303400,livree
100058,13884,1,2023-01-11,2023-01-14,2023-02-03,51325,livree
100059,4911,6,2023-01-11,2023-01-16,2023-01-16,101175,livree
100060,12694,5,2023-01-09,2023-01-16,2023-01-16,731300,livree
100061,9248,4,2023-01-10,2023-01-15,2023-01-14,273980,livree
100062,9279,1,2023-01-12,2023-01-19,2023-01-19,1096670,livree
100063,5880,4,2023-01-10,2023-01-13,,415200,annulee
100064,18687,4,2023-01-12,2023-01-15,2023-01-14,505165,livree
100065,20705,1,2023-01-12,2023-01-19,2023-01-19,539465,livree
100066,23037,2,2023-01-12,2023-01-15,2023-01-14,547290,livree
100067,9629,6,2023-01-11,2023-01-21,2023-01-21,727380,livree
100068,4017,2,2023-01-12,2023-01-15,2023-01-23,478965,livree
100069,17576,5,2023-01-11,2023-01-14,2023-01-14,992920,livree
100070,21895,5,2023-01-11,2023-01-21,2023-01-21,844280,livree
100071,22310,4,2023-01-12,2023-01-17,2023-01-17,786470,livree
100072,20036,6,2023-01-11,2023-01-21,2023-01-20,738685,livree
100073,19687,1,2023-01-11,2023-01-16,,548190,annulee
100074,8251,1,2023-01-13,2023-01-18,2023-01-17,1160840,livree
100075,7155,6,2023-01-13,2023-01-18,2023-01-18,1072915,livree
100076,11656,2,2023-01-12,2023-01-15,2023-01-14,236495,livree
100077,18725,1,2023-01-13,2023-01-15,2023-01-15,597515,livree
100078,9840,4,2023-01-12,2023-01-14,2023-01-14,787830,livree
100079,15366,4,2023-01-14,2023-01-21,2023-01-21,818100,livree
100080,6921,1,2023-01-14,2023-01-24,2023-01-23,1195855,livree
100081,8208,6,2023-01-13,2023-01-23,2023-01-22,1080540,livree
100082,12430,3,2023-01-15,2023-01-22,2023-01-22,1340470,livree
100083,394,4,2023-01-13,2023-01-15,2023-01-18,1383710,livree
100084,9117,6,2023-01-15,2023-01-17,2023-01-17,967820,livree
100085,8594,6,2023-01-15,2023-01-18,2023-01-18,384015,livree
100086,16172,6,2023-01-15,2023-01-17,2023-01-16,1030425,livree
100087,19797,4,2023-01-15,2023-01-20,2023-03-06,903035,livree
100088,15137,2,2023-01-14,2023-01-24,2023-01-23,485110,livree
100089,9919,3,2023-01-16,2023-01-18,2023-01-18,547300,livree
100090,5594,4,2023-01-16,2023-01-26,2023-01-26,1395790,livree
100091,15883,4,2023-01-15,2023-01-18,2023-01-18,586170,livree
100092,992,5,2023-01-14,2023-01-19,2023-01-19,1438115,livree
100093,1046,2,2023-01-16,2023-01-21,2023-01-21,881560,livree
100094,1742,3,2023-01-14,2023-01-16,2023-01-16,257705,livree
100095,15972,5,2023-01-16,2023-01-23,2023-01-23,1445795,livree
100096,13178,2,2023-01-17,2023-01-20,2023-02-09,726570,livree
100097,19402,2,2023-01-15,2023-01-17,2023-01-19,775145,livree
100098,23274,3,2023-01-17,2023-01-20,2023-01-28,451240,livree
100099,19266,2,2023-01-16,2023-01-21,2023-01-21,1073705,livree
100100,2763,3,2023-01-15,2023-01-17,2023-03-03,162640,livree
100101,20985,4,2023-01-18,2023-01-28,2023-01-27,955410,livree
100102,16925,5,2023-01-16,2023-01-26,2023-01-26,1445535,livree
100103,5123,6,2023-01-16,2023-01-18,2023-01-18,451870,livree
100104,15682,1,2023-01-16,2023-01-19,2023-01-18,872660,livree
100105,17881,4,2023-01-16,2023-01-19,2023-01-20,367750,livree
100106,14873,2,2023-01-16,2023-01-21,2023-01-20,142995,livree
100107,3529,4,2023-01-17,2023-01-22,2023-01-22,188905,livree
100108,13333,6,2023-01-19,2023-01-22,2023-01-22,1074560,livree
100109,14045,4,2023-01-18,2023-01-25,2023-01-24,455240,livree
100110,15275,6,2023-01-19,2023-01-29,2023-01-29,1370245,livree
100111,12764,2,2023-01-19,2023-01-24,2023-01-24,905045,livree
100112,4367,4,2023-01-18,2023-01-21,2023-01-21,1137560,livree
100113,10493,3,2023-01-18,2023-01-20,2023-01-19,1176465,livree
100114,3278,2,2023-01-19,2023-01-24,2023-01-24,1193595,livree
100115,4011,2,2023-01-19,2023-01-24,,307265,annulee
100116,13663,1,2023-01-18,2023-01-28,2023-01-28,1182540,livree
100117,12429,3,2023-01-18,2023-01-21,2023-01-21,1412085,livree
100118,8625,5,2023-01-18,2023-01-21,2023-01-21,1181100,livree
100119,16494,3,2023-01-18,2023-01-28,2023-01-28,499870,livree
100120,15901,1,2023-01-19,2023-01-22,2023-01-22,571915,livree
100121,10075,1,2023-01-20,2023-01-30,2023-01-29,226690,livree
100122,12529,4,2023-01-19,2023-01-29,2023-01-30,606395,livree
100123,18370,2,2023-01-19,2023-01-21,2023-01-21,304705,livree
100124,1780,5,2023-01-19,2023-01-24,2023-01-23,399335,livree
100125,22316,6,2023-01-20,2023-01-27,2023-01-26,1165585,livree
100126,5225,5,2023-01-19,2023-01-21,2023-01-20,1228640,livree
100127,20466,5,2023-01-20,2023-01-25,2023-01-24,897810,livree
100128,21145,3,2023-01-22,2023-01-29,,679005,annulee
100129,11488,1,2023-01-22,2023-01-25,2023-01-25,1085935,livree
100130,1618,2,2023-01-22,2023-01-25,2023-01-24,1115795,livree
100131,12866,6,2023-01-22,2023-01-25,2023-01-26,1143175,livree
100132,9820,3,2023-01-22,2023-01-27,2023-01-27,921735,livree
100133,12904,5,2023-01-21,2023-01-24,2023-01-24,1361865,livree
100134,284,2,2023-01-21,2023-01-23,,68810,annulee
100135,9851,3,2023-01-22,2023-01-24,2023-01-24,668970,livree
100136,17789,6,2023-01-22,2023-01-29,2023-01-29,312070,livree
100137,17926,4,2023-01-22,2023-01-29,2023-01-29,832070,livree
100138,12746,4,2023-01-21,2023-01-23,2023-01-23,819295,livree
100139,23236,1,2023-01-23,2023-02-02,2023-02-02,1096490,livree
100140,16274,5,2023-01-23,2023-01-26,2023-01-29,626875,livree
100141,18985,2,2023-01-23,2023-01-26,2023-01-25,822380,livree
100142,17216,2,2023-01-24,2023-01-29,2023-02-02,1233795,livree
100143,12333,1,2023-01-24,2023-02-03,,1127155,annulee
100144,1931,6,2023-01-22,2023-01-25,,913300,annulee
100145,14236,5,2023-01-24,2023-01-29,2023-01-28,348700,livree
100146,15701,1,2023-01-23,2023-02-02,2023-02-02,505965,livree
100147,21979,1,2023-01-24,2023-01-29,2023-02-06,244685,livree
100148,4240,4,2023-01-24,2023-01-31,2023-02-12,456205,livree
100149,17402,6,2023-01-23,2023-01-28,2023-01-28,642055,livree
100150,23204,4,2023-01-24,2023-01-29,2023-01-29,414840,livree
100151,14342,6,2023-01-25,2023-02-04,2023-02-04,450775,livree
100152,22513,5,2023-01-25,2023-01-28,2023-01-28,459650,livree
100153,18850,2,2023-01-25,2023-01-30,2023-01-30,1139460,livree
100154,13852,6,2023-01-24,2023-01-29,2023-01-29,1156770,livree
100155,1456,5,2023-01-26,2023-01-28,2023-02-01,1189835,livree
100156,12440,6,2023-01-24,2023-01-31,2023-01-30,187020,livree
100157,23371,2,2023-01-25,2023-01-28,2023-01-28,54960,livree
100158,16043,4,2023-01-25,2023-02-01,2023-02-01,881210,livree
100159,9421,2,2023-01-26,2023-02-02,2023-02-02,1439940,livree
100160,22768,4,2023-01-26,2023-01-31,2023-01-31,1104865,livree
100161,23142,4,2023-01-25,2023-02-01,2023-02-01,1045110,livree
100162,1364,3,2023-01-25,2023-01-28,2023-01-28,1194890,livree
100163,11576,4,2023-01-26,2023-01-29,2023-01-28,1011770,livree
100164,4900,5,2023-01-25,2023-01-28,2023-01-28,182730,livree
100165,11394,4,2023-01-27,2023-01-29,2023-02-10,644790,livree
100166,21298,4,2023-01-25,2023-02-04,2023-02-04,1242425,livree
100167,16301,3,2023-01-27,2023-01-30,2023-01-30,698490,livree
100168,22459,2,2023-01-27,2023-01-30,2023-01-30,645155,livree
100169,13793,6,2023-01-26,2023-01-28,2023-01-27,74760,livree
100170,21899,1,2023-01-26,2023-01-31,2023-02-01,1431150,livree
100171,13942,1,2023-01-26,2023-01-31,2023-01-30,994020,livree
100172,8839,3,2023-01-28,2023-02-02,2023-02-02,310645,livree
100173,17499,5,2023-01-28,2023-01-31,2023-01-31,309570,livree
100174,5106,6,2023-01-27,2023-01-29,2023-01-29,985445,livree
100175,6917,6,2023-01-28,2023-02-07,2023-02-07,1015205,livree
100176,170,1,2023-01-28,2023-02-07,2023-02-07,562245,livree
100177,7580,5,2023-01-27,2023-02-03,,780000,annulee
100178,23025,6,2023-01-27,2023-01-30,2023-01-30,321090,livree
100179,9446,4,2023-01-28,2023-02-02,2023-02-01,205745,livree
100180,2839,6,2023-01-28,2023-02-07,2023-02-07,793575,livree
100181,8717,4,2023-01-27,2023-01-30,2023-02-11,1406175,livree
100182,12510,6,2023-01-28,2023-02-04,2023-02-04,553080,livree
100183,8653,6,2023-01-29,2023-01-31,2023-03-17,1306050,livree
100184,7813,2,2023-01-28,2023-02-02,2023-02-02,410240,livree
100185,8031,3,2023-01-30,2023-02-09,2023-02-08,1109530,livree
100186,5744,5,2023-01-29,2023-02-08,2023-02-07,1138575,livree
100187,14667,2,2023-01-28,2023-02-02,2023-02-02,834215,livree
100188,11716,3,2023-01-28,2023-02-02,2023-02-06,632575,livree
100189,2463,3,2023-01-31,2023-02-02,2023-02-05,1376105,livree
100190,9036,5,2023-01-29,2023-01-31,2023-02-02,498905,livree
100191,16807,3,2023-01-29,2023-02-01,2023-01-31,437280,livree
100192,10916,1,2023-01-30,2023-02-09,2023-02-09,1336620,livree
100193,16265,4,2023-01-29,2023-01-31,2023-01-31,231300,livree
100194,12334,2,2023-01-30,2023-02-02,2023-02-01,312980,livree
100195,10057,4,2023-02-01,2023-02-08,2023-02-08,274690,livree
100196,10244,3,2023-01-31,2023-02-03,2023-02-03,1087115,livree
100197,6372,4,2023-02-01,2023-02-04,2023-02-07,1130465,livree
100198,4082,1,2023-01-30,2023-02-04,2023-02-04,1008175,livree
100199,358,6,2023-01-31,2023-02-05,2023-02-05,771495,livree
100200,11471,3,2023-01-31,2023-02-05,2023-03-22,275140,livree
100201,17720,6,2023-01-31,2023-02-10,2023-02-09,67590,livree
100202,10292,5,2023-01-31,2023-02-03,2023-02-03,1019560,livree
100203,22331,3,2023-02-01,2023-02-11,2023-02-11,979340,livree
100204,8587,3,2023-02-01,2023-02-04,2023-02-04,123325,livree
100205,19818,2,2023-02-01,2023-02-06,2023-02-06,737035,livree
100206,23655,4,2023-01-31,2023-02-10,2023-02-10,253435,livree
100207,8838,1,2023-02-02,2023-02-05,2023-02-05,1294510,livree
100208,2928,3,2023-02-02,2023-02-05,2023-02-05,359595,livree
100209,3119,3,2023-02-03,2023-02-10,2023-02-10,1210405,livree
100210,21208,1,2023-02-03,2023-02-08,2023-02-16,1312165,livree
100211,15103,5,2023-02-01,2023-02-08,2023-02-08,267120,livree
100212,8216,5,2023-02-02,2023-02-05,2023-02-04,101910,livree
100213,6095,2,2023-02-02,2023-02-07,2023-02-11,1235725,livree
100214,14216,4,2023-02-02,2023-02-12,2023-02-11,1263495,livree
100215,8077,5,2023-02-03,2023-02-06,2023-02-07,1225635,livree
100216,6191,2,2023-02-02,2023-02-05,2023-02-04,1272690,livree
100217,18275,5,2023-02-04,2023-02-07,2023-02-06,430635,livree
100218,4824,6,2023-02-03,2023-02-06,2023-02-11,737115,livree
100219,17025,4,2023-02-04,2023-02-09,2023-02-09,388665,livree
100220,17072,1,2023-02-03,2023-02-08,2023-02-08,486020,livree
100221,5629,3,2023-02-03,2023-02-08,2023-02-08,721880,livree
100222,22054,2,2023-02-04,2023-02-07,2023-02-07,257815,livree
100223,7802,4,2023-02-05,2023-02-07,2023-02-07,638890,livree
100224,15315,1,2023-02-04,2023-02-07,2023-02-06,944825,livree
100225,5327,6,2023-02-05,2023-02-08,2023-02-08,131410,livree
100226,17372,5,2023-02-05,2023-02-08,2023-02-07,251075,livree
100227,11675,4,2023-02-05,2023-02-10,2023-02-10,366945,livree
100228,5652,3,2023-02-03,2023-02-05,2023-02-05,118295,livree
100229,16533,1,2023-02-05,2023-02-08,2023-02-12,71505,livree
100230,7852,3,2023-02-05,2023-02-08,2023-02-08,686835,livree
100231,3669,2,2023-02-06,2023-02-11,2023-02-11,1318720,livree
100232,18841,2,2023-02-05,2023-02-15,2023-02-14,679665,livree
100233,1850,3,2023-02-06,2023-02-16,2023-02-16,178445,livree
100234,19378,3,2023-02-04,2023-02-09,2023-02-09,980660,livree
100235,19229,2,2023-02-04,2023-02-06,2023-02-06,749510,livree
100236,11479,2,2023-02-05,2023-02-12,2023-02-11,144115,livree
100237,3853,5,2023-02-07,2023-02-17,2023-02-17,848985,livree
100238,15308,4,2023-02-06,2023-02-09,2023-02-08,1205030,livree
100239,1201,1,2023-02-05,2023-02-08,2023-02-16,1322690,livree
100240,15248,1,2023-02-06,2023-02-09,2023-02-09,459895,livree
100241,23068,6,2023-02-05,2023-02-10,2023-02-10,1430745,livree
100242,22442,4,2023-02-07,2023-02-09,2023-02-09,501755,livree
100243,10062,4,2023-02-07,2023-02-12,2023-02-12,1437760,livree
100244,1999,4,2023-02-06,2023-02-16,2023-02-15,1015320,livree
100245,18188,3,2023-02-07,2023-02-12,2023-02-12,364110,livree
100246,12288,4,2023-02-07,2023-02-10,2023-02-10,798900,livree
100247,2922,1,2023-02-08,2023-02-15,2023-02-15,537395,livree
100248,20020,4,2023-02-06,2023-02-13,2023-02-13,1179750,livree
100249,426,4,2023-02-07,2023-02-12,2023-02-20,772425,livree
100250,12710,3,2023-02-08,2023-02-13,2023-02-13,1246040,livree
100251,5009,3,2023-02-09,2023-02-12,2023-02-11,75630,livree
100252,14401,4,2023-02-08,2023-02-10,2023-02-11,207455,livree
100253,14019,4,2023-02-07,2023-02-14,2023-02-14,317890,livree
100254,12925,1,2023-02-08,2023-02-10,2023-02-09,439160,livree
100255,19053,5,2023-02-08,2023-02-18,2023-02-19,508965,livree
100256,15181,2,2023-02-10,2023-02-15,2023-02-14,801750,livree
100257,1522,3,2023-02-09,2023-02-19,2023-02-18,1096020,livree
100258,20151,2,2023-02-09,2023-02-11,2023-02-10,774370,livree
100259,3165,6,2023-02-08,2023-02-11,2023-02-10,417450,livree
100260,16516,6,2023-02-08,2023-02-13,2023-02-12,716425,livree
100261,12044,6,2023-02-08,2023-02-13,2023-02-12,1381905,livree
100262,1504,3,2023-02-10,2023-02-13,2023-02-14,791720,livree
100263,13021,2,2023-02-10,2023-02-13,2023-02-25,277880,livree
100264,9989,6,2023-02-09,2023-02-14,2023-02-14,876740,livree
100265,14719,5,2023-02-10,2023-02-13,2023-02-13,975170,livree
100266,6754,1,2023-02-10,2023-02-17,2023-02-17,781640,livree
100267,5965,4,2023-02-10,2023-02-12,2023-02-11,651485,livree
100268,9988,2,2023-02-10,2023-02-13,2023-02-12,852900,livree
100269,16014,3,2023-02-11,2023-02-21,2023-02-21,723080,livree
100270,6890,5,2023-02-10,2023-02-12,2023-02-12,1398470,livree
100271,16669,3,2023-02-10,2023-02-17,2023-02-17,1230835,livree
100272,12545,4,2023-02-10,2023-02-13,2023-02-13,994885,livree
100273,18567,3,2023-02-12,2023-02-15,2023-02-20,804990,livree
100274,3883,5,2023-02-12,2023-02-15,,557010,annulee
100275,16158,6,2023-02-11,2023-02-14,2023-02-16,1105535,livree
100276,5090,3,2023-02-11,2023-02-16,2023-02-16,426885,livree
100277,15651,4,2023-02-11,2023-02-16,2023-02-16,1115000,livree
100278,3178,6,2023-02-12,2023-02-14,2023-02-15,231650,livree
100279,20125,1,2023-02-13,2023-02-16,2023-02-16,814770,livree
100280,21490,1,2023-02-11,2023-02-16,2023-02-16,961980,livree
100281,15466,4,2023-02-13,2023-02-18,2023-02-18,1195360,livree
100282,17722,2,2023-02-11,2023-02-14,2023-02-14,220845,livree
100283,22038,2,2023-02-14,2023-02-16,2023-02-15,1106995,livree
100284,2057,1,2023-02-14,2023-02-24,2023-02-25,169330,livree
100285,22152,1,2023-02-12,2023-02-17,2023-02-16,707030,livree
100286,13079,2,2023-02-13,2023-02-20,2023-02-20,882090,livree
100287,7179,1,2023-02-12,2023-02-15,2023-02-14,750060,livree
100288,2780,3,2023-02-14,2023-02-21,2023-02-25,576750,livree
100289,12967,4,2023-02-14,2023-02-19,2023-02-18,401985,livree
100290,20965,4,2023-02-15,2023-02-25,2023-03-01,615635,livree
100291,18721,5,2023-02-15,2023-02-22,2023-03-02,1143395,livree
100292,11820,6,2023-02-15,2023-02-20,2023-02-19,516435,livree
100293,5586,5,2023-02-13,2023-02-16,2023-02-16,528440,livree
100294,11705,5,2023-02-14,2023-02-21,2023-02-21,1027620,livree
100295,6974,5,2023-02-14,2023-02-19,2023-02-20,807595,livree
100296,19931,3,2023-02-15,2023-02-17,2023-02-16,1380095,livree
100297,14348,6,2023-02-15,2023-02-18,2023-02-18,1359530,livree
100298,20305,2,2023-02-16,2023-02-18,2023-02-22,457785,livree
100299,23494,5,2023-02-14,2023-02-21,2023-02-21,83830,livree
100300,11241,6,2023-02-15,2023-02-22,2023-02-26,1391685,livree
100301,10571,1,2023-02-15,2023-02-17,2023-02-17,883360,livree
100302,18754,5,2023-02-14,2023-02-17,2023-02-17,134860,livree
100303,18824,1,2023-02-16,2023-02-26,,215640,annulee
100304,5718,3,2023-02-15,2023-02-20,2023-02-20,583625,livree
100305,21507,1,2023-02-17,2023-02-27,2023-02-27,154290,livree
100306,8988,3,2023-02-17,2023-02-20,2023-02-19,540595,livree
100307,10785,3,2023-02-17,2023-02-27,2023-02-27,498720,livree
100308,1283,3,2023-02-16,2023-02-19,2023-02-19,1376505,livree
100309,2589,2,2023-02-16,2023-02-21,2023-02-21,964405,livree
100310,7496,4,2023-02-17,2023-02-27,2023-02-28,942920,livree
100311,13099,6,2023-02-17,2023-02-20,2023-03-12,846800,livree
100312,16159,3,2023-02-17,2023-02-20,2023-02-19,76495,livree
100313,4072,5,2023-02-16,2023-02-18,2023-02-18,564170,livree
100314,12712,2,2023-02-17,2023-02-19,,1185850,annulee
100315,2629,1,2023-02-16,2023-02-19,2023-02-19,915090,livree
100316,12679,4,2023-02-19,2023-02-22,2023-02-23,282085,livree
100317,6987,4,2023-02-18,2023-02-21,2023-02-21,665015,livree
100318,8086,3,2023-02-18,2023-02-23,2023-02-23,538290,livree
100319,10342,3,2023-02-18,2023-02-20,2023-02-20,916570,livree
100320,10675,2,2023-02-18,2023-02-21,2023-02-21,740755,livree
100321,4230,1,2023-02-17,2023-02-20,2023-02-20,143195,livree
100322,1705,1,2023-02-19,2023-02-22,2023-02-25,1239250,livree
100323,8491,1,2023-02-19,2023-02-22,2023-02-22,170155,livree
100324,3072,3,2023-02-19,2023-02-21,2023-02-20,1364015,livree
100325,9625,4,2023-02-20,2023-02-22,2023-02-22,1191045,livree
100326,14421,3,2023-02-19,2023-02-24,2023-02-24,136685,livree
100327,23481,2,2023-02-20,2023-02-23,2023-02-25,281870,livree
100328,4958,1,2023-02-18,2023-02-20,2023-02-20,378005,livree
100329,22979,5,2023-02-19,2023-02-24,2023-03-04,875325,livree
100330,20032,2,2023-02-19,2023-02-21,2023-02-21,367705,livree
100331,23524,2,2023-02-20,2023-02-23,,369590,annulee
100332,1736,3,2023-02-21,2023-02-28,,1246840,annulee
100333,23112,6,2023-02-21,2023-02-26,2023-02-25,1015020,livree
100334,7741,1,2023-02-19,2023-02-26,2023-02-26,833500,livree
100335,7994,1,2023-02-19,2023-02-26,2023-02-26,1373680,livree
100336,10237,6,2023-02-20,2023-02-23,2023-04-09,383420,livree
100337,13390,6,2023-02-20,2023-02-25,2023-02-28,1303815,livree
100338,12241,1,2023-02-20,2023-02-25,2023-02-25,549375,livree
100339,20944,4,2023-02-21,2023-02-24,2023-02-23,84890,livree
100340,16973,4,2023-02-22,2023-03-04,2023-03-04,175885,livree
100341,15522,5,2023-02-22,2023-02-24,2023-02-24,461830,livree
100342,10495,3,2023-02-21,2023-02-26,2023-02-26,105045,livree
100343,2715,1,2023-02-22,2023-02-25,2023-02-26,893165,livree
100344,23378,2,2023-02-22,2023-02-27,2023-02-26,1352975,livree
100345,17109,1,2023-02-23,2023-02-28,2023-02-28,1418470,livree
100346,7171,5,2023-02-23,2023-02-28,2023-02-28,848220,livree
100347,9624,2,2023-02-23,2023-03-02,2023-03-02,387770,livree
100348,12787,6,2023-02-23,2023-02-28,2023-02-28,94425,livree
100349,3168,3,2023-02-21,2023-02-24,2023-02-24,520935,livree
100350,18491,1,2023-02-24,2023-03-06,2023-03-06,194650,livree
100351,16698,6,2023-02-23,2023-03-05,,1144690,annulee
100352,16114,3,2023-02-24,2023-02-26,2023-02-26,1222735,livree
100353,546,4,2023-02-22,2023-03-04,2023-03-04,532570,livree
100354,17360,4,2023-02-23,2023-02-26,2023-02-26,1403670,livree
100355,3717,6,2023-02-23,2023-02-28,2023-02-27,254210,livree
100356,12019,1,2023-02-22,2023-03-04,2023-03-09,1037715,livree
100357,21383,1,2023-02-25,2023-03-02,2023-03-03,749310,livree
100358,5830,1,2023-02-24,2023-02-27,2023-02-27,1032170,livree
100359,7824,5,2023-02-23,2023-02-25,2023-02-25,425980,livree
100360,21963,3,2023-02-24,2023-03-01,2023-03-01,1180365,livree
100361,2767,2,2023-02-25,2023-02-28,2023-02-28,671675,livree
100362,14865,3,2023-02-25,2023-02-28,2023-02-27,509620,livree
100363,22903,6,2023-02-25,2023-03-04,2023-03-04,149525,livree
100364,17482,1,2023-02-25,2023-03-07,2023-03-06,1255950,livree
100365,14056,6,2023-02-26,2023-03-05,2023-03-04,1329605,livree
100366,14684,1,2023-02-25,2023-03-07,2023-03-08,90675,livree
100367,7014,5,2023-02-25,2023-03-02,2023-03-02,1125760,livree
100368,2446,2,2023-02-24,2023-02-27,2023-02-27,453150,livree
100369,21369,1,2023-02-25,2023-03-02,2023-03-01,1222940,livree
100370,2737,3,2023-02-27,2023-03-04,2023-03-03,1285890,livree
100371,2844,6,2023-02-26,2023-02-28,2023-02-28,879515,livree
100372,19311,6,2023-02-27,2023-03-02,2023-03-02,890085,livree
100373,11985,2,2023-02-26,2023-03-03,2023-03-02,1052305,livree
100374,17861,6,2023-02-25,2023-02-28,2023-02-28,250910,livree
100375,15240,6,2023-02-26,2023-03-01,2023-02-28,67925,livree
100376,21860,2,2023-02-25,2023-03-07,2023-03-15,1342615,livree
100377,19298,6,2023-02-27,2023-03-02,2023-03-14,1270145,livree
100378,20535,1,2023-02-27,2023-03-04,2023-03-04,559300,livree
100379,12940,6,2023-02-28,2023-03-05,2023-03-05,1035785,livree
100380,22850,2,2023-02-27,2023-03-01,2023-02-28,1209230,livree
100381,19362,4,2023-02-28,2023-03-03,2023-03-08,1432675,livree
100382,3732,2,2023-02-26,2023-03-01,2023-03-01,378580,livree
100383,10012,2,2023-02-27,2023-03-04,2023-03-04,295150,livree
100384,5996,1,2023-02-28,2023-03-03,2023-03-02,1192555,livree
100385,13773,3,2023-02-28,2023-03-03,2023-03-02,908620,livree
100386,11703,5,2023-03-01,2023-03-06,2023-03-06,226980,livree
100387,8295,4,2023-03-01,2023-03-03,2023-03-02,259360,livree
100388,14499,5,2023-02-27,2023-03-06,2023-03-06,485860,livree
100389,23886,2,2023-02-28,2023-03-07,2023-03-06,966185,livree
100390,17424,2,2023-03-01,2023-03-08,2023-03-12,1042715,livree
100391,3611,4,2023-03-01,2023-03-08,2023-03-08,1203295,livree
100392,18884,1,2023-03-02,2023-03-05,2023-03-04,167960,livree
100393,22724,5,2023-03-02,2023-03-05,2023-03-05,1436810,livree
100394,12215,2,2023-03-02,2023-03-04,2023-03-03,508975,livree
100395,6309,3,2023-03-01,2023-03-03,2023-03-03,513860,livree
100396,7472,4,2023-02-28,2023-03-05,2023-03-05,947985,livree
100397,16778,6,2023-03-02,2023-03-04,2023-03-04,977645,livree
100398,10964,1,2023-03-03,2023-03-06,2023-03-05,481015,livree
100399,19535,6,2023-03-03,2023-03-06,2023-03-18,334205,livree
100400,18778,6,2023-03-02,2023-03-07,2023-03-06,364600,livree
100401,15756,1,2023-03-01,2023-03-06,2023-03-06,799645,livree
100402,12001,6,2023-03-03,2023-03-06,2023-03-06,1283875,livree
100403,15538,3,2023-03-01,2023-03-06,2023-03-06,700675,livree
100404,17047,4,2023-03-03,2023-03-06,2023-03-05,1228730,livree
100405,22399,2,2023-03-03,2023-03-06,2023-03-06,868540,livree
100406,1136,5,2023-03-03,2023-03-13,2023-03-13,526680,livree
100407,11699,6,2023-03-04,2023-03-09,2023-03-09,1432340,livree
100408,914,1,2023-03-02,2023-03-05,2023-03-04,693485,livree
100409,16356,1,2023-03-04,2023-03-09,2023-03-08,197805,livree
100410,18040,4,2023-03-02,2023-03-09,2023-03-10,635270,livree
100411,17047,4,2023-03-05,2023-03-08,2023-03-09,1349545,livree
100412,20305,4,2023-03-04,2023-03-09,2023-03-09,234435,livree
100413,19708,6,2023-03-04,2023-03-14,2023-04-28,415125,livree
100414,20251,6,2023-03-05,2023-03-10,2023-03-09,730760,livree
100415,9764,2,2023-03-04,2023-03-07,2023-03-07,573070,livree
100416,8764,2,2023-03-03,2023-03-05,2023-03-05,884340,livree
100417,3409,2,2023-03-06,2023-03-16,2023-03-15,980250,livree
100418,7609,3,2023-03-04,2023-03-09,2023-03-09,1405190,livree
100419,21205,1,2023-03-04,2023-03-07,2023-03-12,733355,livree
100420,10512,2,2023-03-04,2023-03-07,2023-03-07,209050,livree
100421,17967,2,2023-03-06,2023-03-09,2023-03-09,351085,livree
100422,8553,3,2023-03-04,2023-03-09,2023-03-13,759530,livree
100423,8089,4,2023-03-04,2023-03-07,2023-03-07,416020,livree
100424,6234,5,2023-03-05,2023-03-07,2023-03-06,1074945,livree
100425,3125,5,2023-03-07,2023-03-12,2023-03-11,1056730,livree
100426,11924,6,2023-03-06,2023-03-08,,504730,annulee
100427,7865,6,2023-03-07,2023-03-17,2023-03-16,487710,livree
100428,15865,6,2023-03-06,2023-03-13,2023-03-13,200945,livree
100429,5681,5,2023-03-05,2023-03-08,2023-03-07,304660,livree
100430,6230,5,2023-03-07,2023-03-09,2023-03-21,550955,livree
100431,19452,5,2023-03-06,2023-03-16,2023-03-21,1409735,livree
100432,4395,1,2023-03-06,2023-03-09,2023-03-09,120345,livree
100433,13967,3,2023-03-08,2023-03-13,2023-03-13,1311535,livree
100434,4764,5,2023-03-06,2023-03-13,2023-03-12,1291010,livree
100435,1663,6,2023-03-08,2023-03-13,2023-03-12,358625,livree
100436,19545,2,2023-03-07,2023-03-09,2023-03-09,486280,livree
100437,5952,3,2023-03-07,2023-03-12,2023-03-17,300255,livree
100438,17312,4,2023-03-09,2023-03-11,2023-03-10,152095,livree
100439,21511,4,2023-03-07,2023-03-10,2023-03-09,879700,livree
100440,18032,5,2023-03-07,2023-03-12,2023-03-12,552925,livree
100441,17214,1,2023-03-07,2023-03-10,2023-03-10,209885,livree
100442,660,3,2023-03-08,2023-03-11,2023-03-11,168680,livree
100443,7626,2,2023-03-09,2023-03-14,2023-03-19,1424645,livree
100444,14616,6,2023-03-08,2023-03-18,2023-03-18,1246585,livree
100445,14004,1,2023-03-08,2023-03-13,2023-03-16,185080,livree
100446,4339,2,2023-03-08,2023-03-13,2023-03-13,97735,livree
100447,12134,2,2023-03-10,2023-03-12,2023-03-12,67410,livree
100448,10731,4,2023-03-09,2023-03-11,2023-03-11,166985,livree
100449,14530,1,2023-03-09,2023-03-14,2023-03-13,428300,livree
100450,18555,4,2023-03-08,2023-03-15,2023-03-15,782485,livree
100451,7588,2,2023-03-09,2023-03-12,2023-03-11,173525,livree
100452,15973,3,2023-03-10,2023-03-13,2023-03-13,1311385,livree
100453,22398,3,2023-03-09,2023-03-14,2023-03-14,1199710,livree
100454,7562,3,2023-03-10,2023-03-15,2023-03-15,1309670,livree
100455,4377,5,2023-03-09,2023-03-14,2023-03-17,254355,livree
100456,18174,4,2023-03-10,2023-03-15,2023-03-14,208765,livree
100457,14816,2,2023-03-10,2023-03-15,2023-03-19,1263635,livree
100458,7899,4,2023-03-10,2023-03-15,2023-03-18,798315,livree
100459,21917,6,2023-03-11,2023-03-13,2023-03-13,1172720,livree
100460,14770,1,2023-03-11,2023-03-16,2023-03-16,1068370,livree
100461,18252,2,2023-03-10,2023-03-12,2023-03-12,1417685,livree
100462,8438,4,2023-03-12,2023-03-19,2023-03-19,97230,livree
100463,14399,4,2023-03-10,2023-03-13,2023-03-15,889200,livree
100464,22740,3,2023-03-12,2023-03-15,2023-03-14,1030505,livree
100465,23542,6,2023-03-11,2023-03-16,2023-03-15,1023145,livree
100466,20930,2,2023-03-11,2023-03-18,2023-03-18,720125,livree
100467,12703,4,2023-03-11,2023-03-16,2023-04-05,638035,livree
100468,23659,3,2023-03-12,2023-03-17,2023-03-17,808405,livree
100469,13305,1,2023-03-12,2023-03-14,2023-03-14,1364850,livree
100470,10184,4,2023-03-12,2023-03-14,2023-03-17,765325,livree
100471,7122,2,2023-03-14,2023-03-17,2023-03-18,263530,livree
100472,10967,2,2023-03-13,2023-03-18,2023-03-17,103465,livree
100473,16495,1,2023-03-14,2023-03-19,2023-03-18,1195885,livree
100474,22134,4,2023-03-14,2023-03-17,2023-03-16,1354080,livree
100475,7220,5,2023-03-14,2023-03-19,2023-03-18,659705,livree
100476,23784,3,2023-03-13,2023-03-20,2023-03-20,1188005,livree
100477,5934,6,2023-03-14,2023-03-17,2023-03-16,568065,livree
100478,19261,5,2023-03-13,2023-03-20,2023-03-23,390865,livree
100479,5559,3,2023-03-15,2023-03-18,2023-03-18,1417455,livree
100480,9000,3,2023-03-14,2023-03-16,,652430,annulee
100481,4772,5,2023-03-13,2023-03-18,2023-03-18,476725,livree
100482,23293,1,2023-03-14,2023-03-19,2023-03-19,419670,livree
100483,22891,4,2023-03-15,2023-03-20,2023-03-19,746085,livree
100484,21643,1,2023-03-16,2023-03-26,2023-03-26,301725,livree
100485,11431,4,2023-03-14,2023-03-21,2023-03-21,1133795,livree
100486,7080,4,2023-03-14,2023-03-21,2023-03-21,554410,livree
100487,5130,2,2023-03-15,2023-03-18,2023-03-18,600155,livree
100488,7901,5,2023-03-15,2023-03-18,2023-03-18,1072110,livree
100489,2359,4,2023-03-16,2023-03-19,2023-03-19,761050,livree
100490,18805,2,2023-03-14,2023-03-19,2023-03-19,638940,livree
100491,5032,1,2023-03-16,2023-03-26,2023-03-26,1274525,livree
100492,15950,1,2023-03-16,2023-03-19,2023-03-19,662820,livree
100493,11016,2,2023-03-15,2023-03-20,2023-03-19,1259280,livree
100494,11051,6,2023-03-17,2023-03-24,2023-03-25,1448020,livree
100495,19963,3,2023-03-16,2023-03-23,2023-03-22,660750,livree
100496,20894,4,2023-03-17,2023-03-20,2023-03-19,475380,livree
100497,13119,4,2023-03-16,2023-03-19,2023-03-20,415190,livree
100498,12,5,2023-03-17,2023-03-22,2023-03-21,219660,livree
100499,20900,5,2023-03-17,2023-03-20,2023-03-19,1242355,livree
100500,19176,5,2023-03-16,2023-03-19,2023-03-19,908830,livree
100501,16760,3,2023-03-18,2023-03-23,2023-03-22,1077435,livree
100502,3940,4,2023-03-17,2023-03-20,2023-03-21,422090,livree
100503,6548,2,2023-03-17,2023-03-19,2023-03-22,382665,livree
100504,9517,3,2023-03-17,2023-03-19,2023-03-19,858060,livree
100505,3584,1,2023-03-18,2023-03-21,2023-03-21,787995,livree
100506,9682,4,2023-03-19,2023-03-24,2023-03-24,231825,livree
100507,8473,1,2023-03-18,2023-03-25,2023-03-26,391290,livree
100508,12338,3,2023-03-17,2023-03-27,2023-03-27,1008730,livree
100509,23017,6,2023-03-19,2023-03-22,2023-03-22,1202340,livree
100510,6166,6,2023-03-19,2023-03-29,2023-03-29,576440,livree
100511,12351,3,2023-03-19,2023-03-22,2023-03-22,1000765,livree
100512,13124,5,2023-03-19,2023-03-26,2023-03-26,663700,livree
100513,22100,4,2023-03-18,2023-03-23,2023-03-23,428675,livree
100514,18193,4,2023-03-18,2023-03-21,2023-03-21,129380,livree
100515,17260,3,2023-03-20,2023-03-23,2023-03-25,873995,livree
100516,21463,1,2023-03-20,2023-03-25,2023-03-25,783770,livree
100517,1133,3,2023-03-18,2023-03-21,2023-03-20,548615,livree
100518,3857,4,2023-03-20,2023-03-25,2023-04-14,1069895,livree
100519,21471,2,2023-03-20,2023-03-25,2023-03-25,875060,livree
100520,11171,1,2023-03-21,2023-03-28,2023-03-27,711835,livree
100521,17230,1,2023-03-19,2023-03-22,2023-03-21,893450,livree
100522,12492,4,2023-03-21,2023-03-23,2023-03-23,705100,livree
100523,11112,1,2023-03-19,2023-03-24,2023-03-24,74770,livree
100524,3910,5,2023-03-19,2023-03-22,2023-03-22,73210,livree
100525,17923,2,2023-03-21,2023-03-31,2023-03-31,263280,livree
100526,6094,2,2023-03-21,2023-03-24,2023-03-24,631820,livree
100527,8841,4,2023-03-21,2023-03-24,2023-03-23,1052840,livree
100528,6804,2,2023-03-22,2023-03-29,2023-03-30,482400,livree
100529,7117,4,2023-03-22,2023-03-24,2023-04-13,1234315,livree
100530,15594,2,2023-03-20,2023-03-27,2023-03-27,640690,livree
100531,22146,3,2023-03-21,2023-03-24,2023-03-24,805145,livree
100532,18037,2,2023-03-23,2023-03-26,2023-03-26,880020,livree
100533,6520,1,2023-03-23,2023-03-25,2023-03-25,338915,livree
100534,21135,4,2023-03-23,2023-03-30,2023-03-30,556595,livree
100535,10541,5,2023-03-22,2023-03-27,2023-03-27,243825,livree
100536,10807,1,2023-03-21,2023-03-24,2023-04-01,138570,livree
100537,8374,5,2023-03-23,2023-03-28,2023-03-28,1157745,livree
100538,22529,2,2023-03-24,2023-03-27,2023-03-27,64580,livree
100539,9475,6,2023-03-24,2023-03-26,2023-03-26,508800,livree
100540,15204,1,2023-03-22,2023-03-25,2023-03-25,1066065,livree
100541,19004,6,2023-03-23,2023-03-30,2023-03-30,855830,livree
100542,4636,3,2023-03-23,2023-03-28,2023-03-28,786360,livree
100543,7947,1,2023-03-24,2023-03-29,2023-03-29,1297250,livree
100544,10891,3,2023-03-24,2023-04-03,2023-04-03,784320,livree
100545,12395,5,2023-03-24,2023-03-26,2023-03-26,1405820,livree
100546,12411,4,2023-03-24,2023-03-27,2023-03-27,698100,livree
100547,13312,4,2023-03-24,2023-03-31,2023-03-31,551145,livree
100548,4713,4,2023-03-23,2023-04-02,2023-04-02,386730,livree
100549,12417,1,2023-03-23,2023-03-28,2023-03-28,630285,livree
100550,12046,2,2023-03-23,2023-04-02,2023-04-02,901470,livree
100551,16235,6,2023-03-24,2023-03-31,2023-03-31,48855,livree
100552,9583,3,2023-03-24,2023-03-29,2023-03-29,427955,livree
100553,6542,3,2023-03-25,2023-03-27,2023-03-27,81095,livree
100554,20329,5,2023-03-26,2023-04-02,2023-04-02,912405,livree
100555,14967,6,2023-03-24,2023-03-26,2023-03-26,501425,livree
100556,2747,5,2023-03-26,2023-03-29,2023-03-28,569070,livree
100557,18647,5,2023-03-26,2023-03-29,2023-03-28,585580,livree
100558,22044,4,2023-03-25,2023-04-01,2023-03-31,891620,livree
100559,15504,6,2023-03-27,2023-04-03,2023-04-02,525175,livree
100560,7975,4,2023-03-26,2023-04-02,2023-04-10,910450,livree
100561,21665,1,2023-03-26,2023-03-29,2023-03-28,334035,livree
100562,12717,3,2023-03-26,2023-03-28,2023-04-09,506920,livree
100563,13259,2,2023-03-25,2023-03-28,2023-03-28,1225700,livree
100564,13599,2,2023-03-25,2023-04-01,2023-04-01,280055,livree
100565,21114,1,2023-03-28,2023-04-07,2023-04-07,485625,livree
100566,3483,5,2023-03-28,2023-04-04,2023-04-16,725100,livree
100567,22496,5,2023-03-28,2023-04-07,2023-04-07,1097195,livree
100568,7503,5,2023-03-27,2023-04-06,2023-04-06,1009850,livree
100569,9538,5,2023-03-27,2023-04-06,2023-04-06,764395,livree
100570,6892,5,2023-03-27,2023-04-01,2023-03-31,775035,livree
100571,20465,2,2023-03-27,2023-04-01,2023-04-01,314770,livree
100572,7032,4,2023-03-27,2023-03-30,2023-03-29,962080,livree
100573,11334,2,2023-03-29,2023-04-08,2023-04-08,1379530,livree
100574,14926,5,2023-03-27,2023-03-29,2023-04-03,92290,livree
100575,4319,4,2023-03-29,2023-03-31,2023-04-04,606310,livree
100576,17548,5,2023-03-29,2023-04-08,2023-04-08,1007220,livree
100577,17511,3,2023-03-29,2023-04-08,2023-04-08,645750,livree
100578,21781,3,2023-03-27,2023-03-30,2023-03-30,1059465,livree
100579,12023,1,2023-03-30,2023-04-06,2023-04-06,846180,livree
100580,12549,4,2023-03-29,2023-04-05,2023-04-05,690535,livree
100581,14711,6,2023-03-29,2023-04-08,2023-04-07,982090,livree
100582,21705,6,2023-03-30,2023-04-04,2023-04-03,76810,livree
100583,6978,6,2023-03-30,2023-04-04,2023-04-03,549780,livree
100584,5844,1,2023-03-30,2023-04-02,2023-04-22,532405,livree
100585,11814,2,2023-03-31,2023-04-03,2023-04-03,1388245,livree
100586,13514,2,2023-03-30,2023-04-02,2023-04-02,222245,livree
100587,4541,6,2023-03-29,2023-03-31,2023-03-31,982020,livree
100588,19321,6,2023-03-30,2023-04-02,2023-04-22,1017775,livree
100589,15391,6,2023-03-29,2023-04-05,2023-04-05,507805,livree
100590,5337,3,2023-03-30,2023-04-06,2023-04-05,55625,livree
100591,17923,3,2023-03-29,2023-04-01,2023-04-04,572255,livree
100592,16780,5,2023-03-31,2023-04-02,2023-04-01,156850,livree
100593,7890,2,2023-04-01,2023-04-08,2023-04-08,420170,livree
100594,5511,5,2023-04-01,2023-04-03,2023-04-03,444415,livree
100595,20884,1,2023-03-30,2023-04-02,2023-04-02,153730,livree
100596,16500,2,2023-04-01,2023-04-11,2023-04-11,156650,livree
100597,2433,6,2023-03-31,2023-04-07,,767710,annulee
100598,17005,5,2023-03-31,2023-04-03,2023-04-04,777945,livree
100599,11056,4,2023-04-02,2023-04-09,2023-04-09,110275,livree
100600,20814,4,2023-04-02,2023-04-07,2023-04-06,1134045,livree
100601,23904,2,2023-03-31,2023-04-03,2023-04-03,365315,livree
100602,19637,1,2023-04-01,2023-04-11,2023-05-01,389135,livree
100603,1657,2,2023-03-31,2023-04-05,2023-04-05,1061035,livree
100604,15156,1,2023-04-02,2023-04-12,2023-04-12,427415,livree
100605,9633,2,2023-04-01,2023-04-04,2023-04-04,708695,livree
100606,5693,5,2023-04-02,2023-04-05,2023-04-06,1424030,livree
100607,6917,2,2023-04-01,2023-04-06,2023-04-05,330455,livree
100608,11853,1,2023-04-03,2023-04-10,2023-04-12,113550,livree
100609,4173,5,2023-04-03,2023-04-05,2023-04-04,608845,livree
100610,10800,5,2023-04-01,2023-04-04,2023-04-04,1300665,livree
100611,14092,1,2023-04-02,2023-04-07,2023-04-07,657370,livree
100612,2487,5,2023-04-03,2023-04-10,2023-04-10,1339255,livree
100613,12025,1,2023-04-04,2023-04-09,2023-04-09,480910,livree
100614,988,2,2023-04-02,2023-04-12,2023-04-12,1389615,livree
100615,2706,2,2023-04-04,2023-04-07,2023-04-08,1421810,livree
100616,3201,1,2023-04-04,2023-04-09,2023-04-09,865375,livree
100617,14451,3,2023-04-03,2023-04-06,2023-04-11,342200,livree
100618,3151,5,2023-04-03,2023-04-06,2023-04-05,536760,livree
100619,9250,3,2023-04-04,2023-04-09,2023-04-14,90295,livree
100620,6035,4,2023-04-05,2023-04-07,2023-04-06,1114020,livree
100621,14284,2,2023-04-05,2023-04-15,2023-04-14,1126855,livree
100622,5525,3,2023-04-04,2023-04-07,2023-04-07,239930,livree
100623,18546,5,2023-04-05,2023-04-12,2023-04-12,1407175,livree
100624,22769,4,2023-04-05,2023-04-10,2023-04-14,1405930,livree
100625,21047,4,2023-04-03,2023-04-13,2023-04-13,407475,livree
100626,11367,3,2023-04-04,2023-04-11,2023-04-11,296385,livree
100627,2885,4,2023-04-05,2023-04-12,2023-04-12,528960,livree
100628,19155,6,2023-04-05,2023-04-15,2023-04-15,1426650,livree
100629,8606,3,2023-04-04,2023-04-06,2023-04-09,476435,livree
100630,13708,2,2023-04-06,2023-04-09,2023-04-09,819640,livree
100631,20100,2,2023-04-04,2023-04-09,2023-04-13,1218945,livree
100632,21396,6,2023-04-06,2023-04-16,2023-04-15,174970,livree
100633,7227,5,2023-04-07,2023-04-09,2023-04-08,957365,livree
100634,14044,2,2023-04-05,2023-04-08,2023-04-07,1296620,livree
100635,8409,6,2023-04-05,2023-04-07,2023-04-19,818955,livree
100636,6534,2,2023-04-06,2023-04-08,2023-04-08,642590,livree
100637,19348,2,2023-04-07,2023-04-10,2023-04-10,1258765,livree
100638,14844,2,2023-04-05,2023-04-12,2023-04-12,105960,livree
100639,10242,1,2023-04-06,2023-04-13,2023-04-13,680615,livree
100640,20147,1,2023-04-08,2023-04-10,2023-04-30,1182815,livree
100641,8221,6,2023-04-06,2023-04-13,2023-04-12,255215,livree
100642,8491,6,2023-04-07,2023-04-10,2023-04-09,1163460,livree
100643,22858,3,2023-04-07,2023-04-10,2023-04-10,522260,livree
100644,11180,3,2023-04-07,2023-04-10,2023-04-11,1382265,livree
100645,16719,6,2023-04-07,2023-04-10,2023-04-10,1397040,livree
100646,7938,6,2023-04-09,2023-04-19,2023-04-27,641015,livree
100647,2065,4,2023-04-09,2023-04-12,2023-04-17,1130285,livree
100648,18077,6,2023-04-08,2023-04-13,2023-04-13,97910,livree
100649,17634,6,2023-04-08,2023-04-15,2023-04-15,463750,livree
100650,15753,1,2023-04-07,2023-04-10,2023-04-10,1219750,livree
100651,6424,3,2023-04-08,2023-04-13,2023-04-13,1231165,livree
100652,14588,5,2023-04-08,2023-04-18,2023-04-18,451955,livree
100653,6337,6,2023-04-10,2023-04-13,2023-04-12,972535,livree
100654,6160,1,2023-04-10,2023-04-15,2023-04-15,316205,livree
100655,7034,6,2023-04-08,2023-04-11,2023-04-11,303890,livree
100656,1881,4,2023-04-10,2023-04-13,2023-04-16,185685,livree
100657,11904,4,2023-04-09,2023-04-19,2023-04-18,1059790,livree
100658,19144,5,2023-04-10,2023-04-15,2023-04-15,634165,livree
100659,15803,3,2023-04-11,2023-04-13,,1101680,annulee
100660,11831,4,2023-04-09,2023-04-14,2023-04-14,552620,livree
100661,10710,6,2023-04-09,2023-04-19,2023-04-19,915640,livree
100662,12139,2,2023-04-09,2023-04-12,2023-04-12,792875,livree
100663,23706,4,2023-04-09,2023-04-16,2023-04-15,126825,livree
100664,12281,1,2023-04-11,2023-04-16,2023-04-15,355595,livree
100665,19038,4,2023-04-11,2023-04-14,2023-04-17,676525,livree
100666,9566,6,2023-04-11,2023-04-13,2023-04-13,79190,livree
100667,21376,6,2023-04-12,2023-04-17,2023-04-17,551505,livree
100668,19785,1,2023-04-10,2023-04-15,2023-04-15,1069680,livree
100669,4194,3,2023-04-10,2023-04-17,2023-04-17,561030,livree
100670,17507,3,2023-04-12,2023-04-15,2023-04-15,949490,livree
100671,10180,4,2023-04-10,2023-04-20,2023-04-20,1091410,livree
100672,18515,6,2023-04-10,2023-04-12,2023-04-12,779820,livree
100673,1679,2,2023-04-12,2023-04-15,2023-04-15,59620,livree
100674,7926,1,2023-04-13,2023-04-18,2023-04-20,1092435,livree
100675,21508,5,2023-04-11,2023-04-14,2023-04-19,573700,livree
100676,7518,3,2023-04-13,2023-04-20,2023-04-19,914760,livree
100677,764,4,2023-04-13,2023-04-18,2023-04-18,241380,livree
100678,19040,1,2023-04-11,2023-04-18,2023-04-17,577265,livree
100679,14969,1,2023-04-12,2023-04-22,2023-04-21,1271420,livree
100680,14722,3,2023-04-12,2023-04-14,2023-04-14,1399435,livree
100681,8717,4,2023-04-14,2023-04-16,2023-04-16,470530,livree
100682,17515,3,2023-04-13,2023-04-18,2023-04-18,841725,livree
100683,14510,5,2023-04-14,2023-04-24,2023-06-08,349965,livree
100684,10372,2,2023-04-12,2023-04-15,2023-04-18,1268575,livree
100685,6427,3,2023-04-14,2023-04-19,2023-04-19,322250,livree
100686,7924,3,2023-04-13,2023-04-18,2023-04-18,687475,livree
100687,7179,2,2023-04-15,2023-04-17,2023-04-17,671720,livree
100688,2505,4,2023-04-15,2023-04-22,2023-04-22,99065,livree
100689,15998,6,2023-04-15,2023-04-18,,276515,annulee
100690,9816,2,2023-04-15,2023-04-20,2023-04-20,1089235,livree
100691,1631,4,2023-04-13,2023-04-18,2023-04-18,475785,livree
100692,10247,1,2023-04-13,2023-04-23,2023-04-23,560045,livree
100693,9193,6,2023-04-14,2023-04-16,2023-04-16,242625,livree
100694,8286,1,2023-04-16,2023-04-19,2023-04-18,680755,livree
100695,14360,3,2023-04-15,2023-04-22,2023-04-22,428240,livree
100696,2798,1,2023-04-16,2023-04-18,2023-04-18,1206155,livree
100697,5764,6,2023-04-14,2023-04-16,2023-04-15,574065,livree
100698,20370,5,2023-04-15,2023-04-22,2023-04-22,211645,livree
100699,1257,4,2023-04-14,2023-04-24,2023-04-24,287475,livree
100700,1686,5,2023-04-16,2023-04-21,2023-04-20,133680,livree
100701,2187,6,2023-04-15,2023-04-20,2023-04-20,828755,livree
100702,1430,5,2023-04-15,2023-04-17,2023-04-17,177010,livree
100703,7718,2,2023-04-15,2023-04-22,2023-04-23,1350950,livree
100704,8534,5,2023-04-16,2023-04-19,2023-04-18,816805,livree
100705,7155,5,2023-04-15,2023-04-18,2023-04-18,529370,livree
100706,5323,3,2023-04-18,2023-04-20,2023-04-23,902410,livree
100707,15087,6,2023-04-16,2023-04-21,2023-04-21,589985,livree
100708,5801,4,2023-04-18,2023-04-28,2023-04-27,1413715,livree
100709,2958,5,2023-04-17,2023-04-22,2023-04-26,541040,livree
100710,159,4,2023-04-17,2023-04-19,2023-06-03,916795,livree
100711,23048,4,2023-04-18,2023-04-21,2023-04-21,502525,livree
100712,14051,6,2023-04-17,2023-04-27,2023-04-28,1443590,livree
100713,22461,2,2023-04-19,2023-04-21,2023-04-21,1408560,livree
100714,14447,2,2023-04-17,2023-04-20,2023-04-20,830415,livree
100715,18438,2,2023-04-19,2023-04-24,2023-04-23,178800,livree
100716,14114,3,2023-04-17,2023-04-19,2023-04-21,1315610,livree
100717,23371,3,2023-04-18,2023-04-21,2023-04-26,238415,livree
100718,13747,2,2023-04-19,2023-04-26,2023-04-26,1130470,livree
100719,22207,6,2023-04-19,2023-04-24,2023-04-24,1277915,livree
100720,7177,5,2023-04-20,2023-04-25,2023-04-24,436120,livree
100721,8572,2,2023-04-18,2023-04-20,,989680,annulee
100722,3427,3,2023-04-19,2023-04-26,,502330,annulee
100723,23298,1,2023-04-20,2023-04-22,2023-04-21,627435,livree
100724,23352,5,2023-04-20,2023-04-30,2023-04-30,132755,livree
100725,22937,3,2023-04-20,2023-04-27,2023-05-05,1198540,livree
100726,13283,2,2023-04-21,2023-05-01,2023-05-03,529980,livree
100727,19807,4,2023-04-19,2023-04-24,2023-04-24,736080,livree
100728,2488,5,2023-04-20,2023-04-30,2023-06-14,656650,livree
100729,3976,1,2023-04-19,2023-04-21,2023-04-21,98310,livree
100730,11579,4,2023-04-21,2023-04-26,2023-04-26,1286695,livree
100731,12531,4,2023-04-21,2023-04-23,2023-04-23,1174975,livree
100732,18269,6,2023-04-19,2023-04-22,2023-04-21,200570,livree
100733,16640,5,2023-04-22,2023-04-27,2023-04-27,846055,livree
100734,3056,5,2023-04-21,2023-04-26,2023-04-26,968365,livree
100735,22682,1,2023-04-22,2023-04-29,2023-04-28,1307165,livree
100736,20484,2,2023-04-20,2023-04-23,2023-04-23,854485,livree
100737,10595,2,2023-04-22,2023-04-25,2023-05-07,138205,livree
100738,6767,1,2023-04-20,2023-04-25,2023-04-28,84925,livree
100739,7696,3,2023-04-20,2023-04-25,2023-04-25,258200,livree
100740,21746,6,2023-04-21,2023-04-28,2023-04-27,1001665,livree
100741,2940,4,2023-04-22,2023-05-02,2023-05-02,716885,livree
100742,11664,4,2023-04-21,2023-04-24,2023-04-24,245005,livree
100743,20311,6,2023-04-21,2023-04-23,2023-04-23,1235645,livree
100744,3992,3,2023-04-22,2023-05-02,2023-05-02,1096655,livree
100745,22672,6,2023-04-21,2023-04-26,2023-04-26,347590,livree
100746,13332,3,2023-04-23,2023-04-30,2023-05-20,631675,livree
100747,23364,6,2023-04-23,2023-04-28,2023-04-28,1176940,livree
100748,13009,3,2023-04-22,2023-04-27,2023-04-27,992365,livree
100749,19904,5,2023-04-24,2023-05-01,2023-05-01,445405,livree
100750,14853,5,2023-04-23,2023-04-26,2023-04-26,192710,livree
100751,5507,5,2023-04-23,2023-05-03,2023-05-04,984030,livree
100752,14676,2,2023-04-23,2023-05-03,2023-05-03,502160,livree
100753,1101,2,2023-04-25,2023-04-30,2023-04-30,666550,livree
100754,7290,1,2023-04-24,2023-04-26,2023-05-04,298855,livree
100755,5906,4,2023-04-23,2023-05-03,2023-05-03,1162985,livree
100756,1681,4,2023-04-25,2023-04-30,2023-05-02,1004610,livree
100757,1742,4,2023-04-23,2023-04-26,2023-05-01,1028865,livree
100758,4626,3,2023-04-23,2023-05-03,2023-05-03,345950,livree
100759,19327,6,2023-04-24,2023-04-27,2023-04-26,289850,livree
100760,18317,1,2023-04-25,2023-04-27,2023-04-26,752740,livree
100761,12543,4,2023-04-26,2023-05-01,2023-05-02,932820,livree
100762,13166,6,2023-04-26,2023-04-28,2023-04-27,228320,livree
100763,8592,1,2023-04-25,2023-05-02,2023-05-02,734695,livree
100764,9946,6,2023-04-26,2023-04-28,2023-04-27,825695,livree
100765,21522,2,2023-04-26,2023-04-29,2023-04-29,195090,livree
100766,1920,1,2023-04-24,2023-04-26,2023-04-26,1249115,livree
100767,4128,3,2023-04-27,2023-04-30,2023-04-30,105415,livree
100768,10397,4,2023-04-26,2023-05-06,2023-05-05,433830,livree
100769,7170,2,2023-04-25,2023-04-28,2023-05-10,57580,livree
100770,1732,3,2023-04-25,2023-04-28,2023-05-18,1102465,livree
100771,23029,4,2023-04-25,2023-04-30,2023-04-30,919005,livree
100772,11735,3,2023-04-26,2023-04-29,2023-04-29,1193375,livree
100773,17184,2,2023-04-27,2023-04-29,2023-04-29,852100,livree
100774,11920,2,2023-04-26,2023-05-01,2023-05-01,345625,livree
100775,20160,2,2023-04-27,2023-05-02,2023-05-02,1183615,livree
100776,2489,5,2023-04-26,2023-04-29,2023-04-29,1255265,livree
100777,13307,2,2023-04-27,2023-04-30,2023-04-30,945400,livree
100778,68,5,2023-04-26,2023-05-03,2023-05-03,68320,livree
100779,23877,2,2023-04-27,2023-05-07,2023-05-06,428285,livree
100780,6388,1,2023-04-27,2023-04-29,2023-04-29,1341925,livree
100781,3442,4,2023-04-28,2023-05-05,2023-05-05,621845,livree
100782,16907,2,2023-04-29,2023-05-02,2023-05-02,541870,livree
100783,3248,3,2023-04-27,2023-04-30,2023-05-04,1090555,livree
100784,12525,1,2023-04-29,2023-05-02,2023-05-01,1010550,livree
100785,12403,3,2023-04-27,2023-04-30,,613955,annulee
100786,5386,5,2023-04-27,2023-05-07,2023-05-09,860955,livree
100787,16645,1,2023-04-30,2023-05-05,2023-05-04,1005360,livree
100788,13457,5,2023-04-29,2023-05-04,2023-05-04,1174615,livree
100789,12374,1,2023-04-30,2023-05-10,2023-05-18,1017970,livree
100790,18450,5,2023-04-30,2023-05-07,2023-05-07,627055,livree
100791,22554,4,2023-04-30,2023-05-03,2023-05-03,1193540,livree
100792,11114,4,2023-04-29,2023-05-02,2023-05-02,170940,livree
100793,123,2,2023-04-29,2023-05-04,2023-05-16,148530,livree
100794,5909,6,2023-04-30,2023-05-07,2023-05-27,247295,livree
100795,10941,4,2023-04-29,2023-05-04,2023-05-03,632465,livree
100796,7228,5,2023-04-29,2023-05-04,2023-05-08,150945,livree
100797,7434,5,2023-04-30,2023-05-05,2023-05-05,520380,livree
100798,9646,1,2023-04-30,2023-05-02,2023-05-02,659620,livree
100799,9889,5,2023-05-01,2023-05-06,2023-05-07,482250,livree
100800,9277,5,2023-05-02,2023-05-04,2023-05-04,254290,livree
100801,978,4,2023-04-30,2023-05-10,2023-05-10,1124390,livree
100802,8658,3,2023-05-01,2023-05-11,2023-05-11,764790,livree
100803,10896,6,2023-05-01,2023-05-06,2023-05-06,783055,livree
100804,14190,5,2023-04-30,2023-05-03,2023-05-06,58130,livree
100805,18633,6,2023-04-30,2023-05-05,2023-05-04,1187955,livree
100806,1847,5,2023-05-01,2023-05-11,2023-05-11,332590,livree
100807,15040,1,2023-05-03,2023-05-06,,1345440,annulee
100808,4684,4,2023-05-01,2023-05-04,2023-05-04,914070,livree
100809,14627,1,2023-05-01,2023-05-08,2023-05-08,730475,livree
100810,2028,1,2023-05-03,2023-05-13,2023-05-18,177665,livree
100811,1691,4,2023-05-02,2023-05-04,2023-05-04,1175455,livree
100812,10390,3,2023-05-03,2023-05-08,,698805,annulee
100813,17437,2,2023-05-02,2023-05-05,2023-05-06,419550,livree
100814,6644,4,2023-05-04,2023-05-11,2023-05-11,351720,livree
100815,9361,6,2023-05-03,2023-05-06,2023-05-06,340280,livree
100816,16553,1,2023-05-03,2023-05-05,2023-05-08,116835,livree
100817,22101,3,2023-05-03,2023-05-08,2023-05-07,998210,livree
100818,3610,1,2023-05-02,2023-05-07,2023-05-07,272725,livree
100819,10662,4,2023-05-04,2023-05-09,2023-05-21,751380,livree
100820,14094,1,2023-05-03,2023-05-13,2023-05-13,1144675,livree
100821,23397,5,2023-05-03,2023-05-06,2023-05-05,603180,livree
100822,2251,5,2023-05-05,2023-05-08,2023-05-08,768290,livree
100823,15961,1,2023-05-04,2023-05-14,2023-05-13,1263355,livree
100824,21163,5,2023-05-03,2023-05-08,,1320480,annulee
100825,8864,1,2023-05-05,2023-05-10,2023-05-11,834115,livree
100826,1835,5,2023-05-05,2023-05-10,2023-05-10,833200,livree
100827,1710,3,2023-05-06,2023-05-16,2023-05-16,541740,livree
100828,1832,6,2023-05-06,2023-05-11,2023-05-10,421965,livree
100829,16792,5,2023-05-04,2023-05-07,2023-05-07,197840,livree
100830,6880,6,2023-05-06,2023-05-11,2023-05-11,621605,livree
100831,2397,5,2023-05-04,2023-05-09,2023-05-09,1230185,livree
100832,20340,5,2023-05-06,2023-05-11,2023-05-10,885595,livree
100833,14404,1,2023-05-06,2023-05-09,2023-05-09,858220,livree
100834,15873,3,2023-05-07,2023-05-09,2023-05-09,469645,livree
100835,16610,1,2023-05-07,2023-05-10,2023-05-09,510040,livree
100836,20052,3,2023-05-06,2023-05-16,2023-05-15,1042820,livree
100837,5311,3,2023-05-07,2023-05-14,,1157650,annulee
100838,12790,1,2023-05-07,2023-05-10,2023-05-10,401045,livree
100839,8682,3,2023-05-05,2023-05-08,2023-05-08,865515,livree
100840,5800,1,2023-05-06,2023-05-08,2023-05-08,1446050,livree
100841,19085,5,2023-05-06,2023-05-09,2023-05-09,1408850,livree
100842,23377,3,2023-05-07,2023-05-09,2023-05-09,1147685,livree
100843,2052,4,2023-05-07,2023-05-14,2023-05-13,199245,livree
100844,817,6,2023-05-08,2023-05-11,2023-05-11,1256335,livree
100845,18219,3,2023-05-06,2023-05-13,2023-05-17,89705,livree
100846,14270,2,2023-05-07,2023-05-12,2023-05-11,716225,livree
100847,2663,6,2023-05-07,2023-05-10,2023-05-10,1233850,livree
100848,14530,5,2023-05-07,2023-05-12,2023-05-11,1320715,livree
100849,7574,3,2023-05-07,2023-05-12,2023-05-11,702690,livree
100850,12090,3,2023-05-08,2023-05-13,2023-05-13,1401595,livree
100851,21700,1,2023-05-08,2023-05-11,2023-05-11,516495,livree
100852,283,4,2023-05-09,2023-05-11,2023-05-11,156630,livree
100853,2811,5,2023-05-08,2023-05-13,2023-05-13,831475,livree
100854,3453,2,2023-05-09,2023-05-12,2023-05-12,836150,livree
100855,14413,2,2023-05-08,2023-05-13,2023-05-13,796815,livree
100856,19273,6,2023-05-10,2023-05-15,2023-05-14,830090,livree
100857,2581,6,2023-05-10,2023-05-17,2023-05-17,1353850,livree
100858,23459,3,2023-05-09,2023-05-12,2023-05-11,238865,livree
100859,14264,2,2023-05-08,2023-05-11,2023-05-11,1207585,livree
100860,22925,6,2023-05-08,2023-05-15,2023-05-15,281855,livree
100861,13839,6,2023-05-11,2023-05-21,2023-05-20,657975,livree
100862,17745,2,2023-05-09,2023-05-14,2023-05-16,309615,livree
100863,1069,4,2023-05-10,2023-05-13,2023-05-13,582160,livree
100864,9039,6,2023-05-10,2023-05-20,2023-06-09,1216900,livree
100865,8566,2,2023-05-10,2023-05-12,2023-05-12,865800,livree
100866,6087,5,2023-05-10,2023-05-20,2023-05-23,177570,livree
100867,1199,3,2023-05-09,2023-05-14,2023-05-14,1225545,livree
100868,22580,6,2023-05-12,2023-05-14,2023-05-14,92885,livree
100869,12017,2,2023-05-12,2023-05-17,2023-05-16,682845,livree
100870,6213,4,2023-05-10,2023-05-15,,577425,annulee
100871,5788,3,2023-05-12,2023-05-14,2023-05-14,588480,livree
100872,334,3,2023-05-11,2023-05-14,2023-05-14,1264770,livree
100873,22868,2,2023-05-12,2023-05-14,2023-05-13,336690,livree
100874,1514,4,2023-05-11,2023-05-14,2023-05-14,1359960,livree
100875,11589,5,2023-05-13,2023-05-15,2023-05-15,1153215,livree
100876,7980,6,2023-05-11,2023-05-21,2023-05-21,376035,livree
100877,5322,3,2023-05-12,2023-05-22,2023-05-25,180685,livree
100878,2870,5,2023-05-13,2023-05-20,2023-05-22,1306675,livree
100879,10061,2,2023-05-11,2023-05-13,2023-05-13,1214405,livree
100880,8245,6,2023-05-11,2023-05-16,2023-05-16,1376300,livree
100881,15486,1,2023-05-14,2023-05-17,2023-05-17,399285,livree
100882,9492,6,2023-05-12,2023-05-14,2023-05-14,1311075,livree
100883,3054,2,2023-05-12,2023-05-14,2023-05-16,436825,livree
100884,16957,6,2023-05-13,2023-05-18,2023-05-18,937910,livree
100885,4228,5,2023-05-12,2023-05-17,2023-05-18,945860,livree
100886,16295,1,2023-05-14,2023-05-24,2023-05-24,898110,livree
100887,7547,6,2023-05-14,2023-05-17,2023-05-17,742080,livree
100888,19923,5,2023-05-14,2023-05-19,2023-05-19,1243615,livree
100889,12344,5,2023-05-14,2023-05-17,2023-05-16,635160,livree
100890,10563,5,2023-05-15,2023-05-17,2023-05-22,200855,livree
100891,22692,1,2023-05-13,2023-05-23,2023-05-23,944755,livree
100892,21357,6,2023-05-14,2023-05-17,2023-05-17,826090,livree
100893,4566,2,2023-05-13,2023-05-18,2023-05-18,890560,livree
100894,18997,6,2023-05-14,2023-05-19,2023-05-19,64955,livree
100895,20926,4,2023-05-15,2023-05-18,2023-05-19,372565,livree
100896,3126,6,2023-05-15,2023-05-22,2023-05-25,758410,livree
100897,19691,2,2023-05-16,2023-05-23,2023-05-23,358300,livree
100898,4890,1,2023-05-16,2023-05-19,2023-05-19,1251410,livree
100899,586,3,2023-05-14,2023-05-17,2023-05-16,913875,livree
100900,7664,4,2023-05-16,2023-05-19,2023-05-20,738745,livree
100901,14757,4,2023-05-15,2023-05-25,2023-07-09,91535,livree
100902,7275,5,2023-05-17,2023-05-19,2023-05-31,941785,livree
100903,9657,4,2023-05-16,2023-05-26,2023-05-26,1294290,livree
100904,533,5,2023-05-17,2023-05-20,2023-05-20,1309350,livree
100905,11063,3,2023-05-15,2023-05-18,2023-05-18,1416995,livree
100906,17300,3,2023-05-17,2023-05-19,2023-05-19,1231850,livree
100907,11466,1,2023-05-16,2023-05-19,2023-05-18,1257635,livree
100908,16123,6,2023-05-17,2023-05-22,2023-05-22,593685,livree
100909,2392,1,2023-05-18,2023-05-23,2023-05-23,1352760,livree
100910,5225,1,2023-05-17,2023-05-27,2023-06-16,394875,livree
100911,9655,6,2023-05-16,2023-05-21,2023-05-20,1185620,livree
100912,289,3,2023-05-16,2023-05-21,2023-05-21,365845,livree
100913,11293,4,2023-05-17,2023-05-20,2023-07-04,377320,livree
100914,17276,6,2023-05-17,2023-05-24,2023-05-24,1172950,livree
100915,8764,6,2023-05-17,2023-05-24,2023-06-01,1247985,livree
100916,15216,1,2023-05-18,2023-05-23,2023-05-23,541570,livree
100917,8648,4,2023-05-18,2023-05-25,2023-05-25,935120,livree
100918,14192,4,2023-05-19,2023-05-24,2023-05-24,873980,livree
100919,5569,3,2023-05-18,2023-05-21,2023-05-26,819315,livree
100920,5369,6,2023-05-19,2023-05-24,2023-07-08,387730,livree
100921,23820,5,2023-05-18,2023-05-25,2023-05-25,465185,livree
100922,15672,6,2023-05-20,2023-05-22,2023-05-21,478425,livree
100923,23912,4,2023-05-19,2023-05-29,2023-05-29,1293410,livree
100924,10629,5,2023-05-18,2023-05-21,2023-05-20,1432345,livree
100925,15508,5,2023-05-18,2023-05-28,2023-05-28,1101535,livree
100926,22479,4,2023-05-20,2023-05-22,2023-05-22,944240,livree
100927,8525,3,2023-05-19,2023-05-22,2023-05-30,529715,livree
100928,10941,2,2023-05-19,2023-05-29,2023-06-03,240120,livree
100929,2474,2,2023-05-21,2023-05-31,2023-05-31,542845,livree
100930,3805,6,2023-05-19,2023-05-24,2023-05-24,760750,livree
100931,21156,2,2023-05-19,2023-05-22,2023-05-21,500150,livree
100932,3848,5,2023-05-21,2023-05-24,2023-05-24,527665,livree
100933,11442,6,2023-05-19,2023-05-22,2023-05-22,660010,livree
100934,16116,3,2023-05-19,2023-05-24,,1094825,annulee
100935,12742,4,2023-05-20,2023-05-27,2023-05-27,895960,livree
100936,5908,1,2023-05-21,2023-05-24,2023-05-24,210290,livree
100937,25,5,2023-05-20,2023-05-23,2023-05-23,1110185,livree
100938,10065,5,2023-05-20,2023-05-30,2023-06-01,784535,livree
100939,15023,6,2023-05-22,2023-06-01,2023-05-31,1030180,livree
100940,930,4,2023-05-21,2023-05-23,2023-05-24,232920,livree
100941,3079,3,2023-05-21,2023-05-26,2023-05-30,874755,livree
100942,8829,5,2023-05-21,2023-05-23,2023-05-23,451995,livree
100943,40,3,2023-05-21,2023-05-26,2023-05-25,501660,livree
100944,6100,3,2023-05-22,2023-06-01,2023-06-03,1114575,livree
100945,1968,1,2023-05-22,2023-05-24,2023-05-24,237395,livree
100946,23113,4,2023-05-22,2023-05-27,2023-05-27,210400,livree
100947,4685,4,2023-05-21,2023-05-28,2023-05-28,393575,livree
100948,3768,3,2023-05-23,2023-05-26,2023-05-25,45420,livree
100949,3367,6,2023-05-23,2023-05-30,2023-05-30,659925,livree
100950,20077,2,2023-05-23,2023-05-26,2023-05-27,217415,livree
100951,6521,4,2023-05-24,2023-05-29,2023-05-29,1254810,livree
100952,10257,4,2023-05-22,2023-05-25,2023-05-25,192555,livree
100953,5332,1,2023-05-23,2023-05-28,2023-05-28,1241690,livree
100954,7994,5,2023-05-24,2023-06-03,2023-06-23,841255,livree
100955,7289,6,2023-05-24,2023-05-27,2023-05-26,879075,livree
100956,4742,3,2023-05-23,2023-05-30,2023-05-29,712365,livree
100957,16558,6,2023-05-23,2023-05-30,2023-05-30,490890,livree
100958,10320,4,2023-05-23,2023-05-28,2023-05-28,452600,livree
100959,2615,2,2023-05-25,2023-05-30,2023-05-29,1229215,livree
100960,22635,4,2023-05-24,2023-06-03,,210850,annulee
100961,8048,3,2023-05-25,2023-05-30,2023-05-30,1350100,livree
100962,6461,1,2023-05-24,2023-05-27,2023-05-26,192975,livree
100963,4772,6,2023-05-24,2023-05-29,2023-05-29,388055,livree
100964,127,3,2023-05-24,2023-05-29,2023-05-29,231545,livree
100965,7508,3,2023-05-24,2023-06-03,2023-06-02,1120800,livree
100966,8834,2,2023-05-26,2023-05-31,2023-05-31,529500,livree
100967,7266,1,2023-05-26,2023-05-28,2023-05-28,701845,livree
100968,16810,3,2023-05-25,2023-05-27,2023-05-26,973655,livree
100969,20296,3,2023-05-27,2023-05-30,2023-05-30,1084430,livree
100970,5737,1,2023-05-27,2023-06-01,2023-05-31,262815,livree
100971,5108,6,2023-05-26,2023-05-28,2023-05-27,1394900,livree
100972,4801,6,2023-05-27,2023-06-01,2023-05-31,488195,livree
100973,19044,5,2023-05-26,2023-05-29,2023-05-29,624920,livree
100974,18070,2,2023-05-25,2023-05-28,2023-05-28,234950,livree
100975,16739,2,2023-05-28,2023-06-02,2023-06-02,1340580,livree
100976,16376,2,2023-05-27,2023-05-29,2023-05-29,1245625,livree
100977,12303,5,2023-05-27,2023-06-03,2023-06-08,608185,livree
100978,15445,2,2023-05-26,2023-05-31,2023-06-01,875625,livree
100979,14611,5,2023-05-26,2023-06-05,2023-06-05,811010,livree
100980,9399,5,2023-05-28,2023-06-07,2023-06-07,68250,livree
100981,7924,5,2023-05-26,2023-05-28,2023-05-27,94350,livree
100982,15455,3,2023-05-29,2023-06-01,2023-05-31,589810,livree
100983,2383,3,2023-05-29,2023-06-03,2023-06-03,75575,livree
100984,455,2,2023-05-27,2023-06-01,2023-06-01,162455,livree
100985,74,6,2023-05-27,2023-05-30,2023-05-30,1177300,livree
100986,13954,3,2023-05-28,2023-06-04,2023-06-04,1320295,livree
100987,21013,2,2023-05-28,2023-06-07,2023-06-07,233115,livree
100988,9779,6,2023-05-28,2023-06-04,2023-06-04,248730,livree
100989,22398,4,2023-05-30,2023-06-09,2023-06-09,872930,livree
100990,19010,3,2023-05-30,2023-06-09,2023-06-09,387985,livree
100991,13603,6,2023-05-28,2023-06-04,2023-06-04,502895,livree
100992,3725,1,2023-05-30,2023-06-02,2023-07-17,1025990,livree
100993,13704,4,2023-05-30,2023-06-02,2023-06-02,611210,livree
100994,21747,3,2023-05-29,2023-06-01,2023-06-01,703835,livree
100995,11567,4,2023-05-29,2023-06-01,2023-06-01,702500,livree
100996,7277,4,2023-05-31,2023-06-02,2023-06-01,1441185,livree
100997,11273,3,2023-05-29,2023-06-01,2023-06-09,311115,livree
100998,11609,2,2023-05-30,2023-06-06,2023-06-06,1230410,livree
100999,3213,1,2023-05-30,2023-06-02,2023-06-02,1219335,livree
101000,6114,5,2023-05-29,2023-06-08,2023-06-08,971600,livree
101001,10546,1,2023-05-30,2023-06-04,2023-06-04,1283825,livree
101002,23365,6,2023-05-30,2023-06-04,2023-06-05,385315,livree
101003,19440,1,2023-05-31,2023-06-10,2023-06-09,974505,livree
101004,9794,2,2023-05-31,2023-06-02,2023-06-02,1437925,livree
101005,21462,3,2023-05-31,2023-06-05,2023-06-05,494085,livree
101006,7152,5,2023-05-30,2023-06-09,2023-06-09,675345,livree
101007,19198,5,2023-06-01,2023-06-06,2023-06-05,735175,livree
101008,769,6,2023-05-30,2023-06-06,2023-06-06,1070175,livree
101009,14893,6,2023-05-31,2023-06-10,2023-06-11,301205,livree
101010,5004,6,2023-06-02,2023-06-07,2023-06-06,522700,livree
101011,3747,4,2023-06-01,2023-06-04,2023-06-04,902850,livree
101012,21734,6,2023-06-02,2023-06-05,2023-06-05,105445,livree
101013,21552,2,2023-05-31,2023-06-03,2023-06-23,1359300,livree
101014,910,6,2023-05-31,2023-06-07,2023-06-06,221055,livree
101015,13587,1,2023-06-02,2023-06-12,2023-06-12,1019940,livree
101016,23181,5,2023-06-03,2023-06-13,2023-06-13,982325,livree
101017,13752,4,2023-06-02,2023-06-07,2023-06-07,1394625,livree
101018,18932,2,2023-06-02,2023-06-12,2023-06-12,290095,livree
101019,4644,6,2023-06-02,2023-06-07,2023-06-08,1402605,livree
101020,13615,2,2023-06-01,2023-06-11,2023-06-11,210810,livree
101021,9891,5,2023-06-01,2023-06-06,2023-07-21,327390,livree
101022,6309,1,2023-06-02,2023-06-07,2023-06-07,254660,livree
101023,9689,3,2023-06-03,2023-06-06,2023-06-06,988740,livree
101024,13443,5,2023-06-02,2023-06-07,2023-06-15,149570,livree
101025,5078,4,2023-06-03,2023-06-08,2023-06-08,542115,livree
101026,6331,5,2023-06-03,2023-06-13,2023-06-13,1327555,livree
101027,4958,3,2023-06-04,2023-06-11,2023-06-10,1090525,livree
101028,20328,3,2023-06-03,2023-06-05,2023-06-05,937020,livree
101029,12678,3,2023-06-04,2023-06-07,2023-06-07,338380,livree
101030,21776,6,2023-06-04,2023-06-09,2023-06-09,1047105,livree
101031,17644,6,2023-06-03,2023-06-13,2023-06-12,1143475,livree
101032,21543,6,2023-06-04,2023-06-09,2023-06-09,1301245,livree
101033,14054,1,2023-06-04,2023-06-07,2023-06-07,309310,livree
101034,18534,4,2023-06-03,2023-06-10,2023-06-10,1244225,livree
101035,5558,2,2023-06-03,2023-06-05,2023-06-04,704090,livree
101036,1697,2,2023-06-04,2023-06-09,2023-06-09,407195,livree
101037,7215,1,2023-06-06,2023-06-08,2023-06-07,462770,livree
101038,18980,1,2023-06-04,2023-06-11,2023-06-11,1389310,livree
101039,16250,6,2023-06-04,2023-06-09,2023-06-09,439635,livree
101040,470,6,2023-06-05,2023-06-10,2023-06-09,1244070,livree
101041,20708,2,2023-06-04,2023-06-07,,1095050,annulee
101042,22823,3,2023-06-07,2023-06-10,2023-06-10,744530,livree
101043,10123,1,2023-06-06,2023-06-09,2023-06-09,347015,livree
101044,10216,4,2023-06-06,2023-06-13,2023-06-18,760485,livree
101045,5872,5,2023-06-07,2023-06-10,2023-06-09,870330,livree
101046,12912,3,2023-06-05,2023-06-12,2023-06-12,509085,livree
101047,11279,5,2023-06-07,2023-06-10,2023-06-10,795970,livree
101048,16195,2,2023-06-06,2023-06-11,2023-06-10,604505,livree
101049,19246,1,2023-06-07,2023-06-14,2023-06-14,562665,livree
101050,273,2,2023-06-08,2023-06-10,2023-06-09,1298315,livree
101051,9262,4,2023-06-06,2023-06-09,2023-06-08,1153755,livree
101052,16694,5,2023-06-07,2023-06-10,2023-06-09,1278185,livree
101053,22782,3,2023-06-07,2023-06-12,2023-06-12,237220,livree
101054,8981,4,2023-06-06,2023-06-13,2023-06-13,383800,livree
101055,22172,6,2023-06-08,2023-06-11,2023-06-10,972455,livree
101056,6434,2,2023-06-08,2023-06-10,2023-06-10,857400,livree
101057,12458,3,2023-06-07,2023-06-12,2023-06-12,1114330,livree
101058,9068,2,2023-06-07,2023-06-14,2023-06-14,541180,livree
101059,11496,5,2023-06-07,2023-06-14,,1072870,annulee
101060,20101,4,2023-06-09,2023-06-12,2023-06-12,1158475,livree
101061,18185,6,2023-06-09,2023-06-14,2023-06-14,77590,livree
101062,9762,2,2023-06-09,2023-06-12,2023-06-13,457365,livree
101063,3889,3,2023-06-08,2023-06-18,2023-06-18,179030,livree
101064,12441,6,2023-06-10,2023-06-12,2023-06-12,322135,livree
101065,14580,4,2023-06-09,2023-06-14,2023-06-14,787205,livree
101066,23726,2,2023-06-10,2023-06-17,2023-06-21,168100,livree
101067,22186,3,2023-06-09,2023-06-14,2023-06-14,180300,livree
101068,1939,3,2023-06-08,2023-06-15,2023-06-15,654670,livree
101069,6635,5,2023-06-09,2023-06-16,2023-06-18,193960,livree
101070,10612,4,2023-06-11,2023-06-14,2023-06-17,1321215,livree
101071,1677,3,2023-06-09,2023-06-12,2023-06-12,603500,livree
101072,8459,3,2023-06-10,2023-06-15,2023-06-15,978590,livree
101073,16643,3,2023-06-09,2023-06-19,2023-07-09,1292510,livree
101074,23354,5,2023-06-10,2023-06-13,2023-06-13,918340,livree
101075,17719,5,2023-06-11,2023-06-14,2023-07-04,229155,livree
101076,7148,5,2023-06-10,2023-06-13,2023-06-12,512255,livree
101077,541,6,2023-06-12,2023-06-17,2023-06-17,910695,livree
101078,6242,2,2023-06-11,2023-06-18,2023-06-17,824700,livree
101079,10158,4,2023-06-12,2023-06-22,2023-06-21,1349515,livree
101080,8406,3,2023-06-12,2023-06-22,2023-06-22,350610,livree
101081,3202,2,2023-06-12,2023-06-17,2023-06-21,157405,livree
101082,14692,5,2023-06-12,2023-06-15,2023-06-15,713075,livree
101083,9888,5,2023-06-13,2023-06-23,2023-06-23,543040,livree
101084,4408,6,2023-06-11,2023-06-14,2023-06-14,1269330,livree
101085,5882,2,2023-06-12,2023-06-15,2023-06-15,1393720,livree
101086,14916,4,2023-06-12,2023-06-17,2023-06-17,1430110,livree
101087,10417,5,2023-06-13,2023-06-20,2023-06-20,526985,livree
101088,17129,3,2023-06-13,2023-06-15,2023-06-15,1340445,livree
101089,5079,1,2023-06-12,2023-06-14,2023-06-14,1385275,livree
101090,21412,3,2023-06-13,2023-06-20,2023-06-25,527525,livree
101091,4060,3,2023-06-12,2023-06-22,2023-06-22,482480,livree
101092,6839,2,2023-06-12,2023-06-17,2023-06-17,765890,livree
101093,9393,6,2023-06-13,2023-06-16,2023-06-16,862950,livree
101094,19451,6,2023-06-12,2023-06-22,2023-06-22,1019095,livree
101095,13192,6,2023-06-12,2023-06-14,2023-06-13,324710,livree
101096,11973,1,2023-06-15,2023-06-20,2023-06-19,762180,livree
101097,20464,4,2023-06-14,2023-06-24,2023-06-24,1347905,livree
101098,867,2,2023-06-13,2023-06-23,2023-06-23,315705,livree
101099,18772,2,2023-06-15,2023-06-18,2023-06-22,771290,livree
101100,532,2,2023-06-13,2023-06-15,2023-06-15,1290790,livree
101101,12150,6,2023-06-14,2023-06-21,2023-06-21,460230,livree
101102,14490,6,2023-06-13,2023-06-15,2023-06-15,1128915,livree
101103,8289,6,2023-06-15,2023-06-22,2023-06-22,278865,livree
101104,18361,3,2023-06-14,2023-06-21,2023-06-21,1175755,livree
101105,5080,6,2023-06-15,2023-06-25,2023-06-25,1122540,livree
101106,17232,1,2023-06-15,2023-06-18,2023-06-17,45065,livree
101107,5861,4,2023-06-15,2023-06-18,2023-06-17,222175,livree
101108,5108,3,2023-06-14,2023-06-17,2023-06-17,842220,livree
101109,826,5,2023-06-16,2023-06-19,2023-06-19,879570,livree
101110,7967,4,2023-06-15,2023-06-20,2023-06-21,466880,livree
101111,13695,4,2023-06-17,2023-06-22,2023-06-22,256065,livree
101112,1949,2,2023-06-17,2023-06-22,2023-06-22,66925,livree
101113,9115,1,2023-06-15,2023-06-17,2023-06-16,1221145,livree
101114,9459,3,2023-06-17,2023-06-20,2023-06-20,948645,livree
101115,12695,5,2023-06-17,2023-06-27,2023-06-27,1149415,livree
101116,3692,3,2023-06-18,2023-06-20,2023-06-23,949485,livree
101117,13917,6,2023-06-17,2023-06-24,2023-07-02,552805,livree
101118,4413,4,2023-06-18,2023-06-23,2023-06-23,1277225,livree
101119,11470,4,2023-06-18,2023-06-23,2023-06-23,1241805,livree
101120,8324,2,2023-06-18,2023-06-28,2023-06-27,394655,livree
101121,16062,2,2023-06-17,2023-06-24,2023-06-25,1307705,livree
101122,2967,3,2023-06-16,2023-06-26,2023-06-26,535080,livree
101123,12004,5,2023-06-19,2023-06-24,,1075555,annulee
101124,1572,1,2023-06-17,2023-06-24,2023-06-24,618885,livree
101125,15044,4,2023-06-19,2023-06-24,2023-06-24,321380,livree
101126,12591,6,2023-06-18,2023-06-21,2023-06-21,952635,livree
101127,11790,6,2023-06-19,2023-06-24,2023-06-23,1065945,livree
101128,1429,3,2023-06-18,2023-06-21,2023-06-21,933095,livree
101129,1735,2,2023-06-19,2023-06-26,2023-06-26,1419370,livree
101130,16149,5,2023-06-18,2023-06-21,2023-06-20,93460,livree
101131,15657,2,2023-06-19,2023-06-29,2023-06-28,978820,livree
101132,3804,5,2023-06-19,2023-06-24,2023-06-24,917680,livree
101133,5298,2,2023-06-18,2023-06-23,2023-06-22,166040,livree
101134,13690,2,2023-06-20,2023-06-30,2023-06-30,1089610,livree
101135,6404,1,2023-06-19,2023-06-29,2023-06-29,674640,livree
101136,12507,6,2023-06-20,2023-06-27,2023-06-27,330715,livree
101137,5168,2,2023-06-19,2023-06-21,2023-06-21,473645,livree
101138,8685,1,2023-06-21,2023-06-26,2023-06-26,1246495,livree
101139,8001,6,2023-06-20,2023-06-25,2023-06-25,1356690,livree
101140,270,3,2023-06-20,2023-06-27,2023-06-26,1011380,livree
101141,17247,6,2023-06-21,2023-06-26,2023-06-25,714565,livree
101142,3431,6,2023-06-20,2023-06-23,,927855,annulee
101143,6570,5,2023-06-20,2023-06-27,2023-06-27,90985,livree
101144,18773,4,2023-06-20,2023-06-23,2023-06-24,362270,livree
101145,15659,3,2023-06-21,2023-06-23,2023-06-23,942815,livree
101146,15207,4,2023-06-20,2023-06-23,2023-06-23,181865,livree
101147,4325,5,2023-06-20,2023-06-27,2023-06-26,829670,livree
101148,10467,5,2023-06-22,2023-06-25,2023-06-28,1283730,livree
101149,20654,3,2023-06-21,2023-07-01,2023-07-01,751060,livree
101150,19426,4,2023-06-23,2023-06-28,2023-06-28,1316505,livree
101151,3036,4,2023-06-23,2023-06-28,2023-06-29,985030,livree
101152,9259,5,2023-06-21,2023-06-26,2023-06-25,74720,livree
101153,1756,5,2023-06-21,2023-06-28,2023-06-29,643865,livree
101154,19415,6,2023-06-21,2023-06-26,2023-06-25,91915,livree
101155,1698,1,2023-06-22,2023-06-27,2023-06-30,498645,livree
101156,12837,2,2023-06-23,2023-06-30,,772125,annulee
101157,8807,3,2023-06-24,2023-06-27,2023-06-26,1287015,livree
101158,8729,3,2023-06-24,2023-06-29,2023-07-04,772845,livree
101159,4440,2,2023-06-24,2023-06-29,2023-06-29,49630,livree
101160,9439,6,2023-06-23,2023-06-30,2023-06-30,170780,livree
101161,5594,1,2023-06-22,2023-06-29,2023-06-29,378155,livree
101162,9545,3,2023-06-24,2023-06-29,,434445,annulee
101163,17132,6,2023-06-23,2023-06-26,2023-06-26,480515,livree
101164,21651,1,2023-06-23,2023-06-28,2023-06-28,890695,livree
101165,17060,4,2023-06-23,2023-07-03,2023-07-02,263160,livree
101166,22843,4,2023-06-24,2023-06-26,2023-06-26,609405,livree
101167,13581,2,2023-06-23,2023-07-03,,1299110,annulee
101168,19868,1,2023-06-23,2023-06-30,2023-06-30,738035,livree
101169,6822,2,2023-06-24,2023-06-27,2023-06-29,226880,livree
101170,6940,6,2023-06-24,2023-06-27,2023-06-26,163420,livree
101171,13662,2,2023-06-24,2023-07-04,2023-07-04,1281325,livree
101172,10106,3,2023-06-24,2023-06-29,2023-06-29,722800,livree
101173,13139,6,2023-06-25,2023-06-28,2023-06-28,938430,livree
101174,22986,4,2023-06-24,2023-06-29,2023-06-30,76620,livree
101175,21467,1,2023-06-24,2023-06-26,2023-06-26,1020855,livree
101176,2708,4,2023-06-24,2023-06-27,2023-06-27,245070,livree
101177,2993,1,2023-06-26,2023-07-03,2023-07-02,1311735,livree
101178,10062,5,2023-06-26,2023-07-01,2023-07-01,1061895,livree
101179,15532,5,2023-06-26,2023-07-01,2023-06-30,390705,livree
101180,9590,3,2023-06-26,2023-07-01,2023-07-04,170525,livree
101181,13791,4,2023-06-27,2023-07-07,2023-07-06,501760,livree
101182,9921,2,2023-06-26,2023-06-28,2023-06-28,1070735,livree
101183,20531,2,2023-06-28,2023-07-03,2023-07-03,1328450,livree
101184,8771,1,2023-06-26,2023-07-03,2023-07-03,1322675,livree
101185,13947,6,2023-06-27,2023-06-29,2023-06-29,602805,livree
101186,6782,2,2023-06-26,2023-07-01,2023-06-30,1096610,livree
101187,13496,5,2023-06-28,2023-07-01,2023-07-01,833675,livree
101188,14477,6,2023-06-26,2023-07-03,2023-07-03,512875,livree
101189,9267,4,2023-06-27,2023-06-30,2023-06-29,1008370,livree
101190,6477,3,2023-06-29,2023-07-06,2023-07-06,1417255,livree
101191,4528,1,2023-06-29,2023-07-04,2023-07-04,939995,livree
101192,11507,6,2023-06-27,2023-07-07,2023-07-12,90820,livree
101193,5696,1,2023-06-28,2023-07-08,2023-07-12,736360,livree
101194,19881,6,2023-06-27,2023-06-29,2023-06-28,1327105,livree
101195,10858,5,2023-06-28,2023-07-01,2023-06-30,660415,livree
101196,21459,4,2023-06-29,2023-07-02,2023-07-04,574890,livree
101197,23573,5,2023-06-30,2023-07-05,2023-07-05,751555,livree
101198,18970,3,2023-06-29,2023-07-04,2023-07-04,548735,livree
101199,22827,4,2023-06-30,2023-07-03,2023-07-03,969075,livree
101200,2434,6,2023-06-29,2023-07-04,2023-07-04,958235,livree
101201,15085,1,2023-06-28,2023-07-05,2023-07-06,1066530,livree
101202,15442,2,2023-06-28,2023-07-01,2023-08-15,220555,livree
101203,21819,1,2023-06-28,2023-07-05,2023-07-05,328375,livree
101204,22291,1,2023-07-01,2023-07-04,2023-07-04,356135,livree
101205,3019,5,2023-06-30,2023-07-02,2023-07-01,1399600,livree
101206,13807,2,2023-06-30,2023-07-03,2023-07-03,1333475,livree
101207,4558,2,2023-06-29,2023-07-09,2023-07-09,584485,livree
101208,7613,3,2023-06-29,2023-07-06,2023-07-11,912625,livree
101209,17644,3,2023-07-01,2023-07-08,2023-07-08,388650,livree
101210,5172,3,2023-07-01,2023-07-04,2023-07-04,874185,livree
101211,9511,1,2023-07-01,2023-07-04,2023-07-04,180790,livree
101212,22000,6,2023-07-01,2023-07-06,2023-07-06,949390,livree
101213,7591,5,2023-07-01,2023-07-04,2023-07-16,744860,livree
101214,15058,4,2023-07-01,2023-07-08,2023-07-08,200860,livree
101215,21311,5,2023-06-30,2023-07-07,2023-07-07,1278500,livree
101216,11821,6,2023-07-01,2023-07-11,2023-08-25,781605,livree
101217,23360,2,2023-07-01,2023-07-06,2023-07-05,447225,livree
101218,12495,2,2023-07-01,2023-07-04,2023-07-06,862810,livree
101219,18005,4,2023-07-02,2023-07-05,2023-07-25,1265215,livree
101220,15391,6,2023-07-03,2023-07-08,2023-07-08,1099760,livree
101221,1775,1,2023-07-02,2023-07-05,2023-07-05,1171555,livree
101222,11307,6,2023-07-01,2023-07-08,2023-07-08,77080,livree
101223,16437,6,2023-07-02,2023-07-09,2023-07-08,965615,livree
101224,14051,5,2023-07-03,2023-07-06,2023-07-05,666040,livree
101225,14910,2,2023-07-02,2023-07-07,2023-07-07,1147880,livree
101226,22261,6,2023-07-02,2023-07-07,2023-07-06,1224190,livree
101227,12637,6,2023-07-03,2023-07-05,2023-07-05,394155,livree
101228,8897,1,2023-07-03,2023-07-05,2023-07-04,1376290,livree
101229,23346,5,2023-07-03,2023-07-06,2023-07-05,873265,livree
101230,10927,1,2023-07-02,2023-07-05,2023-07-04,262395,livree
101231,13538,2,2023-07-05,2023-07-12,2023-07-12,1276010,livree
101232,22212,6,2023-07-05,2023-07-08,2023-07-07,931625,livree
101233,22146,5,2023-07-05,2023-07-15,2023-07-14,1385850,livree
101234,13571,1,2023-07-05,2023-07-08,2023-07-08,787410,livree
101235,10176,3,2023-07-05,2023-07-15,2023-08-04,1000595,livree
101236,4777,5,2023-07-04,2023-07-11,2023-07-11,742065,livree
101237,4975,6,2023-07-04,2023-07-09,2023-07-09,627610,livree
101238,15905,4,2023-07-06,2023-07-09,2023-07-09,932615,livree
101239,18234,2,2023-07-05,2023-07-08,2023-07-08,1108460,livree
101240,1648,1,2023-07-05,2023-07-15,2023-07-15,672545,livree
101241,19558,1,2023-07-06,2023-07-08,2023-07-07,169910,livree
101242,19450,1,2023-07-04,2023-07-09,2023-07-09,981485,livree
101243,9780,1,2023-07-05,2023-07-08,2023-07-12,453070,livree
101244,21174,6,2023-07-06,2023-07-13,2023-07-12,977120,livree
101245,16291,5,2023-07-05,2023-07-08,,1149015,annulee
101246,22897,2,2023-07-05,2023-07-12,2023-07-12,488925,livree
101247,1110,3,2023-07-05,2023-07-08,,1410340,annulee
101248,15658,4,2023-07-07,2023-07-10,2023-07-14,367070,livree
101249,11262,5,2023-07-05,2023-07-10,2023-07-30,301000,livree
101250,15223,6,2023-07-06,2023-07-08,2023-07-08,1237680,livree
101251,18468,6,2023-07-06,2023-07-11,2023-07-11,1102075,livree
101252,2418,3,2023-07-07,2023-07-10,2023-07-09,405635,livree
101253,10339,4,2023-07-08,2023-07-10,2023-07-14,1328435,livree
101254,21182,3,2023-07-06,2023-07-16,2023-07-16,914455,livree
101255,12369,3,2023-07-08,2023-07-10,2023-07-10,478180,livree
101256,23014,4,2023-07-06,2023-07-16,2023-07-15,881000,livree
101257,11058,3,2023-07-07,2023-07-09,2023-07-09,1293410,livree
101258,20319,1,2023-07-07,2023-07-14,2023-07-14,1183710,livree
101259,18553,2,2023-07-07,2023-07-09,2023-07-29,150745,livree
101260,15151,5,2023-07-08,2023-07-11,2023-07-10,120910,livree
101261,3680,6,2023-07-07,2023-07-09,2023-07-08,900345,livree
101262,2319,1,2023-07-08,2023-07-13,2023-07-17,562560,livree
101263,6133,1,2023-07-09,2023-07-14,2023-07-14,456345,livree
101264,9603,3,2023-07-09,2023-07-19,2023-07-19,1185390,livree
101265,23023,1,2023-07-09,2023-07-14,2023-07-15,1198825,livree
101266,2662,6,2023-07-10,2023-07-17,2023-07-17,614500,livree
101267,14975,3,2023-07-09,2023-07-11,2023-07-11,850865,livree
101268,3989,2,2023-07-10,2023-07-12,2023-07-12,774760,livree
101269,7938,5,2023-07-08,2023-07-11,2023-07-10,1102280,livree
101270,7466,6,2023-07-09,2023-07-11,2023-07-10,711410,livree
101271,6121,5,2023-07-11,2023-07-16,2023-07-15,77945,livree
101272,16291,2,2023-07-11,2023-07-13,,261505,annulee
101273,2486,5,2023-07-10,2023-07-15,2023-07-14,273670,livree
101274,8680,2,2023-07-09,2023-07-14,2023-07-13,77460,livree
101275,7550,2,2023-07-11,2023-07-21,2023-07-21,46870,livree
101276,11048,1,2023-07-11,2023-07-13,2023-07-13,166865,livree
101277,12989,1,2023-07-10,2023-07-17,2023-07-17,1329270,livree
101278,5004,4,2023-07-12,2023-07-22,2023-07-22,354055,livree
101279,3844,1,2023-07-10,2023-07-12,2023-07-16,277330,livree
101280,16850,6,2023-07-10,2023-07-13,2023-08-27,200435,livree
101281,11096,2,2023-07-11,2023-07-13,2023-07-12,364550,livree
101282,19869,5,2023-07-12,2023-07-15,2023-07-15,280365,livree
101283,18714,4,2023-07-12,2023-07-19,2023-07-18,697385,livree
101284,12250,1,2023-07-11,2023-07-21,2023-07-20,1371375,livree
101285,10970,1,2023-07-11,2023-07-14,2023-07-14,1442240,livree
101286,17835,4,2023-07-11,2023-07-13,2023-07-14,544300,livree
101287,18504,3,2023-07-13,2023-07-20,2023-07-20,1429415,livree
101288,12887,1,2023-07-11,2023-07-14,2023-07-14,992320,livree
101289,17463,6,2023-07-13,2023-07-15,,1347615,annulee
101290,12965,2,2023-07-13,2023-07-16,2023-07-16,483470,livree
101291,3061,4,2023-07-12,2023-07-15,2023-07-15,1439450,livree
101292,18959,3,2023-07-14,2023-07-17,2023-07-29,156755,livree
101293,5276,4,2023-07-13,2023-07-18,2023-07-17,291745,livree
101294,1025,6,2023-07-14,2023-07-17,2023-07-17,1166910,livree
101295,8638,5,2023-07-14,2023-07-21,2023-07-21,59780,livree
101296,7449,1,2023-07-12,2023-07-15,2023-07-27,115970,livree
101297,19287,2,2023-07-12,2023-07-17,2023-08-06,719865,livree
101298,23555,6,2023-07-13,2023-07-15,2023-07-15,535445,livree
101299,8072,3,2023-07-13,2023-07-20,2023-07-20,1144900,livree
101300,14571,3,2023-07-13,2023-07-15,2023-07-15,948935,livree
101301,6514,5,2023-07-13,2023-07-15,2023-07-14,1274880,livree
101302,8058,6,2023-07-14,2023-07-24,2023-07-25,1097410,livree
101303,1820,2,2023-07-15,2023-07-22,2023-07-21,323715,livree
101304,3302,4,2023-07-16,2023-07-23,2023-07-23,134550,livree
101305,5715,5,2023-07-15,2023-07-22,2023-07-21,182515,livree
101306,9563,1,2023-07-14,2023-07-17,2023-07-17,814900,livree
101307,9625,4,2023-07-15,2023-07-18,2023-07-17,1052465,livree
101308,384,1,2023-07-15,2023-07-25,2023-08-06,1377620,livree
101309,7336,2,2023-07-15,2023-07-18,2023-07-18,449520,livree
101310,20921,4,2023-07-15,2023-07-17,2023-07-16,598555,livree
101311,4302,4,2023-07-17,2023-07-22,2023-07-22,734875,livree
101312,11203,4,2023-07-16,2023-07-21,2023-07-21,386305,livree
101313,22534,4,2023-07-17,2023-07-27,2023-07-26,1338105,livree
101314,20477,4,2023-07-17,2023-07-24,2023-07-24,1423085,livree
101315,16842,4,2023-07-16,2023-07-19,2023-07-19,394790,livree
101316,17193,5,2023-07-17,2023-07-20,2023-07-19,588755,livree
101317,19843,2,2023-07-16,2023-07-21,2023-07-26,1325235,livree
101318,19337,1,2023-07-16,2023-07-19,2023-07-18,349415,livree
101319,16551,2,2023-07-17,2023-07-20,2023-07-19,152405,livree
101320,11788,2,2023-07-18,2023-07-21,2023-07-21,602135,livree
101321,18090,4,2023-07-16,2023-07-19,2023-07-18,853365,livree
101322,6600,5,2023-07-18,2023-07-21,2023-07-21,1127290,livree
101323,7790,5,2023-07-16,2023-07-21,2023-07-21,816125,livree
101324,6139,5,2023-07-18,2023-07-23,2023-07-23,451200,livree
101325,2491,6,2023-07-19,2023-07-22,2023-07-21,388095,livree
101326,15173,3,2023-07-17,2023-07-20,2023-07-20,633575,livree
101327,5123,2,2023-07-18,2023-07-28,2023-07-28,311925,livree
101328,19538,2,2023-07-18,2023-07-21,2023-07-21,1098715,livree
101329,7294,5,2023-07-19,2023-07-22,2023-07-22,48515,livree
101330,12959,6,2023-07-18,2023-07-23,2023-07-26,983945,livree
101331,3410,6,2023-07-19,2023-07-29,2023-07-29,797365,livree
101332,16866,4,2023-07-19,2023-07-22,2023-07-22,350130,livree
101333,7184,4,2023-07-18,2023-07-20,2023-07-20,798745,livree
101334,1656,5,2023-07-19,2023-07-24,2023-07-23,1319530,livree
101335,20604,4,2023-07-20,2023-07-27,2023-07-27,1211555,livree
101336,3963,1,2023-07-18,2023-07-23,2023-07-23,616835,livree
101337,20048,4,2023-07-18,2023-07-21,2023-07-20,990015,livree
101338,5397,4,2023-07-19,2023-07-22,,609760,annulee
101339,14216,3,2023-07-21,2023-07-24,2023-07-23,1283105,livree
101340,2988,6,2023-07-19,2023-07-24,2023-07-24,309055,livree
101341,16149,5,2023-07-19,2023-07-22,2023-07-22,1331640,livree
101342,9763,1,2023-07-21,2023-07-23,2023-07-22,918255,livree
101343,9518,3,2023-07-21,2023-07-26,2023-07-26,747245,livree
101344,19055,4,2023-07-19,2023-07-21,2023-07-20,310845,livree
101345,8191,1,2023-07-22,2023-07-25,2023-07-24,1272530,livree
101346,912,2,2023-07-20,2023-07-25,2023-07-25,543640,livree
101347,8427,4,2023-07-20,2023-07-30,2023-07-30,494495,livree
101348,1095,3,2023-07-21,2023-07-24,2023-07-26,1079890,livree
101349,6194,6,2023-07-22,2023-07-29,2023-07-29,430070,livree
101350,4136,1,2023-07-20,2023-07-23,,247280,annulee
101351,20383,6,2023-07-20,2023-07-25,2023-07-24,1096570,livree
101352,6640,2,2023-07-21,2023-07-24,2023-07-25,689050,livree
101353,11528,3,2023-07-22,2023-07-25,2023-07-24,1446525,livree
101354,23565,4,2023-07-22,2023-08-01,2023-08-01,114660,livree
101355,12533,5,2023-07-23,2023-07-26,2023-07-26,1283515,livree
101356,15451,6,2023-07-22,2023-07-25,2023-07-26,788690,livree
101357,19243,4,2023-07-22,2023-07-24,2023-07-24,494830,livree
101358,17157,6,2023-07-22,2023-07-25,2023-07-27,1110775,livree
101359,957,5,2023-07-24,2023-07-31,2023-08-20,1076815,livree
101360,14561,3,2023-07-22,2023-07-27,2023-07-26,540520,livree
101361,7224,4,2023-07-23,2023-07-28,2023-07-27,667990,livree
101362,5036,1,2023-07-22,2023-07-27,2023-07-27,59595,livree
101363,3294,4,2023-07-22,2023-07-25,2023-07-25,1161670,livree
101364,23119,5,2023-07-23,2023-07-26,2023-07-26,163175,livree
101365,22184,3,2023-07-25,2023-07-30,2023-07-29,1091105,livree
101366,8771,1,2023-07-24,2023-07-27,,879950,annulee
101367,13946,5,2023-07-23,2023-07-28,2023-07-30,366975,livree
101368,17750,4,2023-07-23,2023-07-28,2023-07-28,126800,livree
101369,6246,5,2023-07-24,2023-07-29,2023-07-29,1278795,livree
101370,20265,3,2023-07-25,2023-08-01,2023-08-01,1169920,livree
101371,4199,3,2023-07-23,2023-07-26,2023-07-25,809135,livree
101372,1512,2,2023-07-24,2023-07-27,2023-07-27,944880,livree
101373,747,2,2023-07-24,2023-07-29,2023-07-28,176270,livree
101374,6943,2,2023-07-26,2023-07-29,2023-07-29,746540,livree
101375,6640,2,2023-07-25,2023-08-01,2023-08-01,136325,livree
101376,18812,6,2023-07-24,2023-07-26,2023-07-26,863585,livree
101377,18262,3,2023-07-26,2023-08-02,2023-08-01,1345945,livree
101378,17580,3,2023-07-25,2023-07-30,2023-08-19,1411880,livree
101379,21075,5,2023-07-27,2023-08-06,2023-08-05,990045,livree
101380,2558,3,2023-07-27,2023-08-03,2023-08-03,721700,livree
101381,11237,4,2023-07-25,2023-07-27,2023-07-27,130265,livree
101382,20266,4,2023-07-26,2023-07-29,2023-07-29,903425,livree
101383,20819,4,2023-07-27,2023-08-03,2023-08-03,425825,livree
101384,12851,4,2023-07-26,2023-07-28,2023-07-27,779645,livree
101385,15877,3,2023-07-26,2023-07-31,2023-07-30,1088670,livree
101386,15001,5,2023-07-26,2023-07-28,2023-07-28,166190,livree
101387,130,1,2023-07-28,2023-08-07,2023-08-07,471115,livree
101388,1395,5,2023-07-28,2023-08-04,2023-08-07,1034350,livree
101389,8698,3,2023-07-28,2023-08-02,2023-08-07,534360,livree
101390,13359,3,2023-07-26,2023-07-28,,217980,annulee
101391,10491,2,2023-07-28,2023-07-31,2023-07-30,290705,livree
101392,19172,5,2023-07-29,2023-08-03,2023-08-15,342745,livree
101393,7348,6,2023-07-29,2023-08-08,2023-08-08,983715,livree
101394,9778,2,2023-07-27,2023-08-01,2023-08-01,857185,livree
101395,17799,4,2023-07-28,2023-08-02,2023-08-02,684735,livree
101396,3761,6,2023-07-29,2023-08-01,2023-08-01,1038765,livree
101397,14246,3,2023-07-27,2023-08-06,2023-08-05,411130,livree
101398,13284,5,2023-07-27,2023-07-30,2023-07-29,705390,livree
101399,22239,1,2023-07-28,2023-08-02,2023-08-02,580070,livree
101400,507,6,2023-07-30,2023-08-01,2023-08-01,1241575,livree
101401,6198,4,2023-07-30,2023-08-01,2023-07-31,661395,livree
101402,9402,6,2023-07-29,2023-08-01,2023-08-01,95985,livree
101403,5127,3,2023-07-29,2023-08-01,2023-08-01,714935,livree
101404,17743,2,2023-07-30,2023-08-06,2023-08-05,127270,livree
101405,4068,2,2023-07-30,2023-08-06,2023-08-06,1387150,livree
101406,14712,6,2023-07-31,2023-08-03,2023-08-02,1071070,livree
101407,21559,5,2023-07-30,2023-08-01,2023-09-15,924545,livree
101408,17626,4,2023-07-31,2023-08-03,2023-08-03,441170,livree
101409,12155,2,2023-07-29,2023-08-01,2023-07-31,1280895,livree
101410,1707,4,2023-07-31,2023-08-07,2023-08-06,858585,livree
101411,18777,2,2023-07-29,2023-08-01,2023-08-09,1034770,livree
101412,5872,3,2023-07-30,2023-08-02,2023-08-01,447990,livree
101413,2287,3,2023-08-01,2023-08-04,2023-08-04,1168075,livree
101414,1659,3,2023-07-30,2023-08-02,2023-08-02,1163235,livree
101415,18040,4,2023-07-31,2023-08-10,2023-08-10,571090,livree
101416,17509,6,2023-07-30,2023-08-01,2023-08-01,833935,livree
101417,1718,6,2023-07-31,2023-08-03,2023-08-03,213890,livree
101418,6852,5,2023-08-01,2023-08-04,2023-08-04,1388745,livree
101419,1783,2,2023-07-31,2023-08-05,2023-08-05,525230,livree
101420,19334,2,2023-08-01,2023-08-04,2023-08-04,532275,livree
101421,15705,5,2023-08-02,2023-08-12,2023-08-13,1143875,livree
101422,232,2,2023-07-31,2023-08-05,2023-08-05,680525,livree
101423,12529,4,2023-07-31,2023-08-05,2023-08-13,1406310,livree
101424,3776,2,2023-08-02,2023-08-05,2023-08-07,1235340,livree
101425,13191,1,2023-08-02,2023-08-09,2023-08-29,339345,livree
101426,10450,4,2023-08-01,2023-08-11,2023-08-11,1430700,livree
101427,11818,6,2023-08-02,2023-08-05,2023-08-05,1228555,livree
101428,10583,4,2023-08-03,2023-08-06,2023-08-05,116320,livree
101429,10380,2,2023-08-03,2023-08-06,,747540,annulee
101430,17699,1,2023-08-01,2023-08-03,,293165,annulee
101431,22547,3,2023-08-01,2023-08-04,2023-08-04,101800,livree
101432,11478,2,2023-08-02,2023-08-05,2023-08-05,1170740,livree
101433,17221,6,2023-08-02,2023-08-09,2023-08-09,340585,livree
101434,10868,5,2023-08-02,2023-08-05,2023-08-04,988290,livree
101435,2453,3,2023-08-02,2023-08-07,2023-08-07,74435,livree
101436,1472,5,2023-08-04,2023-08-06,2023-08-06,1053440,livree
101437,9593,6,2023-08-03,2023-08-13,2023-08-12,878010,livree
101438,21148,5,2023-08-03,2023-08-08,2023-08-08,178610,livree
101439,14338,4,2023-08-05,2023-08-08,2023-08-20,1001025,livree
101440,6614,4,2023-08-04,2023-08-11,2023-08-11,1135630,livree
101441,10270,1,2023-08-03,2023-08-08,2023-08-11,965625,livree
101442,8652,4,2023-08-04,2023-08-09,2023-08-13,1134640,livree
101443,1214,5,2023-08-04,2023-08-11,2023-08-11,496975,livree
101444,16123,2,2023-08-03,2023-08-08,2023-08-07,98550,livree
101445,10997,6,2023-08-05,2023-08-12,2023-08-12,587040,livree
101446,20438,6,2023-08-04,2023-08-09,2023-08-08,838825,livree
101447,21314,2,2023-08-05,2023-08-08,2023-08-08,687415,livree
101448,20185,1,2023-08-04,2023-08-09,2023-08-09,1401410,livree
101449,9265,6,2023-08-06,2023-08-16,2023-08-16,890905,livree
101450,8452,1,2023-08-06,2023-08-09,2023-08-09,119195,livree
101451,19284,1,2023-08-04,2023-08-11,2023-08-11,1202430,livree
101452,365,5,2023-08-05,2023-08-15,2023-08-14,751765,livree
101453,1066,6,2023-08-07,2023-08-12,2023-08-12,490065,livree
101454,19399,4,2023-08-06,2023-08-11,2023-08-11,850010,livree
101455,4606,4,2023-08-07,2023-08-12,2023-08-12,135325,livree
101456,13721,4,2023-08-07,2023-08-09,2023-08-09,254155,livree
101457,22583,1,2023-08-05,2023-08-15,2023-08-15,794780,livree
101458,12325,6,2023-08-05,2023-08-07,2023-08-07,369590,livree
101459,18805,6,2023-08-06,2023-08-11,2023-08-11,888945,livree
101460,10459,3,2023-08-06,2023-08-09,2023-08-09,71850,livree
101461,20555,4,2023-08-07,2023-08-17,2023-08-17,697465,livree
101462,4096,4,2023-08-07,2023-08-12,2023-08-11,56755,livree
101463,2607,6,2023-08-07,2023-08-09,2023-08-12,558280,livree
101464,3469,1,2023-08-08,2023-08-11,2023-08-10,509195,livree
101465,19822,6,2023-08-06,2023-08-11,2023-08-10,1372100,livree
101466,5573,1,2023-08-09,2023-08-12,2023-08-12,556155,livree
101467,2003,4,2023-08-09,2023-08-12,2023-08-11,1251460,livree
101468,16457,4,2023-08-08,2023-08-15,2023-08-15,993775,livree
101469,10460,4,2023-08-07,2023-08-12,2023-08-12,500690,livree
101470,13795,1,2023-08-08,2023-08-15,2023-08-15,1072715,livree
101471,15263,4,2023-08-07,2023-08-12,2023-08-11,61995,livree
101472,21148,1,2023-08-10,2023-08-17,2023-08-18,960755,livree
101473,18466,5,2023-08-08,2023-08-10,2023-09-24,199315,livree
101474,21428,2,2023-08-10,2023-08-15,2023-08-15,1110220,livree
101475,21257,6,2023-08-08,2023-08-18,2023-08-21,519080,livree
101476,17837,4,2023-08-08,2023-08-13,2023-08-12,574370,livree
101477,22188,4,2023-08-09,2023-08-11,2023-08-11,175625,livree
101478,2026,4,2023-08-10,2023-08-13,2023-08-12,444160,livree
101479,5070,1,2023-08-11,2023-08-21,2023-08-23,467545,livree
101480,12052,2,2023-08-11,2023-08-14,2023-08-17,51705,livree
101481,22584,1,2023-08-11,2023-08-16,2023-08-16,1112380,livree
101482,7595,5,2023-08-10,2023-08-15,2023-08-14,1053635,livree
101483,7440,3,2023-08-11,2023-08-16,2023-08-16,357140,livree
101484,10840,1,2023-08-10,2023-08-20,2023-08-20,1184195,livree
101485,2963,6,2023-08-09,2023-08-19,2023-10-03,733240,livree
101486,10749,4,2023-08-11,2023-08-14,2023-08-13,819975,livree
101487,15596,6,2023-08-12,2023-08-17,2023-08-16,896395,livree
101488,4526,1,2023-08-11,2023-08-14,2023-08-14,794925,livree
101489,4305,1,2023-08-12,2023-08-17,2023-08-25,668660,livree
101490,6867,4,2023-08-10,2023-08-13,2023-08-13,880200,livree
101491,21097,1,2023-08-11,2023-08-21,2023-08-21,861985,livree
101492,6034,5,2023-08-12,2023-08-22,2023-08-21,1099480,livree
101493,5690,2,2023-08-12,2023-08-19,2023-08-18,414575,livree
101494,18253,6,2023-08-12,2023-08-15,2023-08-14,467525,livree
101495,11957,2,2023-08-11,2023-08-14,2023-08-14,1137465,livree
101496,6924,1,2023-08-12,2023-08-17,2023-08-17,662865,livree
101497,19649,5,2023-08-11,2023-08-18,2023-08-18,504845,livree
101498,768,6,2023-08-12,2023-08-15,2023-08-15,1074935,livree
101499,12090,4,2023-08-13,2023-08-23,2023-08-23,1260035,livree
101500,16836,3,2023-08-13,2023-08-23,2023-08-23,193870,livree
101501,2823,5,2023-08-13,2023-08-23,2023-08-22,1115620,livree
101502,2448,6,2023-08-14,2023-08-17,2023-08-17,1301710,livree
101503,11138,4,2023-08-14,2023-08-19,2023-08-18,935895,livree
101504,4776,3,2023-08-14,2023-08-24,2023-08-24,257840,livree
101505,15139,4,2023-08-12,2023-08-14,2023-08-13,847045,livree
101506,4341,3,2023-08-14,2023-08-21,2023-08-21,316735,livree
101507,23829,5,2023-08-13,2023-08-16,2023-08-28,180090,livree
101508,19369,5,2023-08-13,2023-08-16,2023-08-15,63685,livree
101509,3570,1,2023-08-13,2023-08-18,2023-08-18,805215,livree
101510,22738,6,2023-08-14,2023-08-21,2023-08-21,931945,livree
101511,6294,3,2023-08-13,2023-08-16,,1157295,annulee
101512,2031,3,2023-08-15,2023-08-18,2023-08-18,908750,livree
101513,22994,1,2023-08-15,2023-08-17,2023-08-16,1168225,livree
101514,7354,5,2023-08-16,2023-08-21,2023-08-26,689595,livree
101515,3018,5,2023-08-14,2023-08-16,2023-08-16,133740,livree
101516,2855,2,2023-08-15,2023-08-25,2023-08-24,114915,livree
101517,15609,4,2023-08-15,2023-08-18,2023-08-17,1273460,livree
101518,10466,2,2023-08-14,2023-08-17,2023-08-17,237640,livree
101519,1535,5,2023-08-15,2023-08-20,2023-08-20,95615,livree
101520,180,1,2023-08-17,2023-08-24,2023-08-24,314870,livree
101521,19480,2,2023-08-17,2023-08-20,2023-08-28,872765,livree
101522,7532,1,2023-08-17,2023-08-20,2023-08-20,94840,livree
101523,9152,4,2023-08-15,2023-08-17,2023-08-19,318065,livree
101524,12781,2,2023-08-17,2023-08-27,2023-08-27,741955,livree
101525,17313,3,2023-08-16,2023-08-19,2023-10-03,326665,livree
101526,10946,3,2023-08-18,2023-08-25,2023-08-25,86260,livree
101527,17010,1,2023-08-18,2023-08-23,2023-08-22,254610,livree
101528,10573,1,2023-08-17,2023-08-20,2023-08-20,787105,livree
101529,14397,6,2023-08-18,2023-08-20,2023-08-19,1323430,livree
101530,16166,3,2023-08-16,2023-08-21,2023-08-20,1210990,livree
101531,144,3,2023-08-16,2023-08-21,2023-08-22,736750,livree
101532,22864,2,2023-08-18,2023-08-21,2023-08-21,1145025,livree
101533,16995,4,2023-08-19,2023-08-22,2023-08-22,995555,livree
101534,964,2,2023-08-17,2023-08-22,2023-08-22,1226235,livree
101535,1255,4,2023-08-17,2023-08-22,2023-08-27,1039845,livree
101536,2750,2,2023-08-19,2023-08-21,2023-08-20,551915,livree
101537,20719,3,2023-08-19,2023-08-24,2023-08-24,1004210,livree
101538,10276,3,2023-08-17,2023-08-22,2023-08-21,923600,livree
101539,1865,4,2023-08-17,2023-08-19,2023-08-19,1413650,livree
101540,20087,6,2023-08-19,2023-08-24,,1024765,annulee
101541,14165,5,2023-08-18,2023-08-20,2023-08-19,696055,livree
101542,5797,2,2023-08-20,2023-08-25,2023-08-24,872755,livree
101543,18824,1,2023-08-19,2023-08-22,,1328960,annulee
101544,13478,2,2023-08-20,2023-08-27,2023-09-04,866505,livree
101545,10685,4,2023-08-18,2023-08-20,2023-08-19,291920,livree
101546,15750,5,2023-08-19,2023-08-22,2023-08-22,201370,livree
101547,3131,1,2023-08-21,2023-08-28,2023-10-12,1410080,livree
101548,2914,1,2023-08-19,2023-08-22,2023-08-21,1449400,livree
101549,3177,4,2023-08-20,2023-08-23,2023-08-23,1134485,livree
101550,8229,5,2023-08-21,2023-08-23,2023-08-22,817070,livree
101551,19845,2,2023-08-19,2023-08-24,2023-08-24,205525,livree
101552,1454,4,2023-08-19,2023-08-22,2023-08-22,1275440,livree
101553,10004,2,2023-08-20,2023-08-27,2023-08-27,1429910,livree
101554,18684,2,2023-08-22,2023-08-24,2023-08-24,1029855,livree
101555,15455,1,2023-08-21,2023-08-31,2023-08-31,1105745,livree
101556,16931,2,2023-08-20,2023-08-25,2023-08-25,447735,livree
101557,18483,6,2023-08-22,2023-08-25,2023-08-25,1419040,livree
101558,20516,1,2023-08-21,2023-08-28,2023-08-28,425745,livree
101559,764,6,2023-08-22,2023-09-01,2023-09-01,1219960,livree
101560,21450,2,2023-08-22,2023-08-25,2023-08-26,446220,livree
101561,14538,5,2023-08-23,2023-08-26,2023-08-26,1182720,livree
101562,7028,5,2023-08-23,2023-08-28,2023-08-27,1063575,livree
101563,14635,5,2023-08-23,2023-08-28,2023-08-28,191170,livree
101564,4868,2,2023-08-21,2023-08-23,2023-10-07,206140,livree
101565,16235,1,2023-08-22,2023-08-25,2023-08-24,843730,livree
101566,14866,5,2023-08-23,2023-08-26,2023-08-26,766900,livree
101567,20254,4,2023-08-22,2023-08-25,2023-08-24,317135,livree
101568,19275,6,2023-08-23,2023-08-28,2023-08-28,862070,livree
101569,22563,3,2023-08-23,2023-08-30,2023-09-01,580450,livree
101570,18038,1,2023-08-24,2023-08-29,2023-08-28,1251415,livree
101571,21355,1,2023-08-22,2023-08-27,2023-08-27,864540,livree
101572,17524,4,2023-08-22,2023-08-24,2023-08-23,928300,livree
101573,12789,6,2023-08-25,2023-08-30,2023-08-30,565075,livree
101574,16548,5,2023-08-25,2023-09-04,2023-09-04,83335,livree
101575,6151,4,2023-08-23,2023-08-28,2023-08-28,945465,livree
101576,18163,2,2023-08-25,2023-09-04,2023-09-04,243250,livree
101577,320,6,2023-08-25,2023-08-28,2023-08-27,468925,livree
101578,3465,2,2023-08-23,2023-08-26,2023-08-26,451960,livree
101579,19776,3,2023-08-23,2023-08-26,2023-08-30,618680,livree
101580,9860,2,2023-08-25,2023-08-27,2023-08-27,362370,livree
101581,2668,6,2023-08-26,2023-08-28,2023-09-05,443355,livree
101582,7061,3,2023-08-24,2023-08-31,2023-08-31,623055,livree
101583,9480,6,2023-08-25,2023-09-01,2023-09-01,1263025,livree
101584,18171,3,2023-08-26,2023-08-29,2023-08-29,661575,livree
101585,22540,5,2023-08-25,2023-08-30,2023-09-03,475315,livree
101586,18318,6,2023-08-26,2023-08-29,2023-08-30,213705,livree
101587,16453,3,2023-08-25,2023-08-28,2023-08-28,127795,livree
101588,23346,3,2023-08-27,2023-09-01,2023-08-31,183190,livree
101589,20909,4,2023-08-25,2023-09-01,2023-09-01,583645,livree
101590,11436,4,2023-08-27,2023-09-01,2023-08-31,818145,livree
101591,12529,3,2023-08-26,2023-09-05,2023-09-05,1277095,livree
101592,17624,6,2023-08-27,2023-09-01,2023-09-01,1412870,livree
101593,20707,6,2023-08-27,2023-08-30,2023-09-03,812910,livree
101594,18469,1,2023-08-27,2023-08-30,,474710,annulee
101595,23045,3,2023-08-27,2023-09-01,2023-09-01,336100,livree
101596,5811,1,2023-08-28,2023-09-02,2023-09-02,105295,livree
101597,2965,4,2023-08-27,2023-08-30,2023-09-02,1045205,livree
101598,9597,6,2023-08-26,2023-09-05,2023-09-05,1120220,livree
101599,19194,2,2023-08-26,2023-08-28,2023-08-28,377845,livree
101600,13917,1,2023-08-28,2023-09-02,2023-09-06,288325,livree
101601,5412,4,2023-08-28,2023-09-02,2023-09-02,67415,livree
101602,15965,3,2023-08-27,2023-08-29,2023-09-10,390605,livree
101603,17833,6,2023-08-28,2023-09-04,2023-09-07,1093815,livree
101604,14316,3,2023-08-29,2023-09-03,2023-09-08,413995,livree
101605,7691,3,2023-08-27,2023-08-29,2023-08-29,516620,livree
101606,19915,6,2023-08-29,2023-08-31,2023-09-12,606015,livree
101607,489,1,2023-08-28,2023-09-07,2023-09-07,679740,livree
101608,4161,4,2023-08-30,2023-09-02,2023-09-01,1249550,livree
101609,13361,1,2023-08-28,2023-09-04,2023-09-03,1013550,livree
101610,5234,1,2023-08-30,2023-09-02,2023-09-02,1184770,livree
101611,12698,3,2023-08-29,2023-09-03,2023-10-18,111185,livree
101612,4181,6,2023-08-28,2023-09-07,2023-09-07,1372785,livree
101613,2915,1,2023-08-29,2023-09-01,2023-09-01,99350,livree
101614,11939,3,2023-08-31,2023-09-05,2023-09-10,419870,livree
101615,22300,2,2023-08-31,2023-09-07,2023-09-07,164645,livree
101616,10460,3,2023-08-30,2023-09-09,2023-09-14,1429455,livree
101617,11070,3,2023-08-30,2023-09-04,2023-10-19,868005,livree
101618,12077,6,2023-08-29,2023-09-01,2023-09-01,1407955,livree
101619,14556,6,2023-08-31,2023-09-05,2023-09-05,317650,livree
101620,16200,4,2023-09-01,2023-09-08,2023-09-07,1061460,livree
101621,2346,4,2023-09-01,2023-09-03,2023-10-18,346380,livree
101622,5908,6,2023-08-31,2023-09-02,2023-09-05,1259520,livree
101623,1711,4,2023-09-01,2023-09-06,2023-09-18,488085,livree
101624,16822,3,2023-08-30,2023-09-04,2023-09-04,915915,livree
101625,16168,2,2023-08-30,2023-09-04,2023-09-04,671140,livree
101626,17144,4,2023-09-01,2023-09-08,2023-09-08,1251070,livree
101627,12553,6,2023-08-31,2023-09-05,2023-09-05,575540,livree
101628,9681,6,2023-09-02,2023-09-05,2023-09-10,987965,livree
101629,18943,4,2023-09-02,2023-09-09,2023-09-29,892005,livree
101630,7911,1,2023-09-01,2023-09-08,2023-09-07,352345,livree
101631,21513,6,2023-08-31,2023-09-05,2023-09-05,215310,livree
101632,8239,1,2023-09-02,2023-09-09,2023-09-09,131050,livree
101633,6591,2,2023-09-01,2023-09-08,2023-09-28,1191405,livree
101634,18682,4,2023-09-03,2023-09-08,2023-09-08,709630,livree
101635,2611,2,2023-09-01,2023-09-04,2023-09-04,1060220,livree
101636,5686,5,2023-09-03,2023-09-06,2023-09-05,1301460,livree
101637,10915,2,2023-09-02,2023-09-04,2023-09-04,1381615,livree
101638,14280,6,2023-09-01,2023-09-03,2023-09-03,323475,livree
101639,6785,4,2023-09-03,2023-09-05,2023-09-05,781965,livree
101640,2130,6,2023-09-02,2023-09-05,2023-09-04,718310,livree
101641,22812,2,2023-09-02,2023-09-04,2023-09-04,538155,livree
101642,13635,4,2023-09-02,2023-09-12,2023-09-12,959565,livree
101643,20073,5,2023-09-02,2023-09-04,2023-09-04,73365,livree
101644,11914,2,2023-09-04,2023-09-09,2023-09-21,659210,livree
101645,8616,3,2023-09-03,2023-09-05,2023-09-04,986905,livree
101646,2561,1,2023-09-04,2023-09-09,2023-09-08,452525,livree
101647,8551,2,2023-09-05,2023-09-07,2023-09-07,1014730,livree
101648,10538,4,2023-09-03,2023-09-05,2023-09-04,1252840,livree
101649,15134,4,2023-09-05,2023-09-07,2023-09-06,224165,livree
101650,4095,3,2023-09-04,2023-09-11,2023-09-11,362410,livree
101651,16645,1,2023-09-04,2023-09-14,2023-09-14,234920,livree
101652,16176,2,2023-09-04,2023-09-14,2023-09-14,684965,livree
101653,15644,6,2023-09-04,2023-09-06,2023-09-05,781030,livree
101654,4327,6,2023-09-06,2023-09-13,2023-09-13,572045,livree
101655,82,2,2023-09-06,2023-09-11,2023-09-11,1170430,livree
101656,1665,5,2023-09-04,2023-09-09,2023-09-09,139535,livree
101657,20708,6,2023-09-06,2023-09-13,2023-09-12,405970,livree
101658,1193,2,2023-09-04,2023-09-14,2023-09-14,1258445,livree
101659,7291,1,2023-09-06,2023-09-09,2023-09-09,464025,livree
101660,17152,6,2023-09-06,2023-09-09,2023-09-09,1236825,livree
101661,20464,4,2023-09-05,2023-09-07,2023-09-06,660120,livree
101662,14727,4,2023-09-06,2023-09-08,2023-09-07,97765,livree
101663,21691,4,2023-09-07,2023-09-12,2023-09-13,1112040,livree
101664,20686,4,2023-09-06,2023-09-09,2023-09-09,1331085,livree
101665,600,3,2023-09-06,2023-09-09,2023-09-09,725110,livree
101666,17562,2,2023-09-07,2023-09-09,2023-09-09,1401430,livree
101667,18611,3,2023-09-08,2023-09-10,2023-09-09,273400,livree
101668,11871,4,2023-09-07,2023-09-17,2023-09-17,87940,livree
101669,15629,3,2023-09-06,2023-09-13,2023-09-13,638020,livree
101670,20322,4,2023-09-06,2023-09-09,2023-09-09,652935,livree
101671,21795,1,2023-09-06,2023-09-09,2023-09-09,284555,livree
101672,16036,1,2023-09-08,2023-09-13,2023-09-12,95610,livree
101673,255,6,2023-09-08,2023-09-13,2023-09-12,715080,livree
101674,22953,4,2023-09-07,2023-09-10,2023-09-22,1246980,livree
101675,2370,2,2023-09-07,2023-09-09,2023-09-08,682995,livree
101676,501,2,2023-09-09,2023-09-11,2023-09-11,1109545,livree
101677,8176,3,2023-09-08,2023-09-11,2023-09-13,856495,livree
101678,3732,6,2023-09-07,2023-09-14,2023-09-14,711555,livree
101679,21649,4,2023-09-08,2023-09-11,2023-09-11,790545,livree
101680,12564,6,2023-09-09,2023-09-14,2023-09-15,1103100,livree
101681,8197,1,2023-09-08,2023-09-18,2023-09-18,852365,livree
101682,15355,2,2023-09-09,2023-09-19,2023-09-19,747875,livree
101683,16280,2,2023-09-08,2023-09-11,2023-09-11,1099555,livree
101684,19823,2,2023-09-08,2023-09-15,2023-09-15,263200,livree
101685,6693,3,2023-09-08,2023-09-10,2023-09-10,814325,livree
101686,9202,2,2023-09-10,2023-09-12,2023-09-12,836090,livree
101687,16197,5,2023-09-08,2023-09-11,2023-09-11,1395300,livree
101688,6805,2,2023-09-09,2023-09-11,2023-10-01,518605,livree
101689,10744,2,2023-09-11,2023-09-21,2023-09-21,1417195,livree
101690,20244,1,2023-09-09,2023-09-11,,307215,annulee
101691,3605,1,2023-09-11,2023-09-13,2023-10-03,283190,livree
101692,5641,4,2023-09-09,2023-09-19,2023-09-20,598045,livree
101693,10708,1,2023-09-11,2023-09-21,2023-09-21,503715,livree
101694,4829,4,2023-09-12,2023-09-19,2023-09-19,1344320,livree
101695,6436,4,2023-09-12,2023-09-15,2023-09-27,1056680,livree
101696,9244,4,2023-09-12,2023-09-19,2023-09-19,245925,livree
101697,21640,6,2023-09-10,2023-09-20,2023-09-20,110920,livree
101698,15379,5,2023-09-10,2023-09-13,2023-09-13,1246855,livree
101699,19826,2,2023-09-10,2023-09-17,2023-09-17,1000215,livree
101700,2165,4,2023-09-10,2023-09-20,2023-09-20,332645,livree
101701,12495,2,2023-09-11,2023-09-16,2023-09-15,996540,livree
101702,6912,4,2023-09-13,2023-09-18,2023-09-18,1266470,livree
101703,10900,6,2023-09-11,2023-09-14,2023-09-14,149590,livree
101704,19188,1,2023-09-11,2023-09-18,2023-09-17,962045,livree
101705,6124,4,2023-09-13,2023-09-16,2023-09-15,146630,livree
101706,21081,6,2023-09-12,2023-09-14,2023-09-13,1062705,livree
101707,5205,6,2023-09-12,2023-09-17,,1376095,annulee
101708,17992,5,2023-09-14,2023-09-19,2023-09-18,1308280,livree
101709,23227,3,2023-09-12,2023-09-15,,684180,annulee
101710,13970,5,2023-09-14,2023-09-16,2023-09-16,242700,livree
101711,6203,4,2023-09-14,2023-09-17,2023-09-17,1214220,livree
101712,13625,3,2023-09-12,2023-09-17,2023-09-17,920470,livree
101713,14514,1,2023-09-12,2023-09-15,2023-09-14,1387815,livree
101714,13268,3,2023-09-15,2023-09-18,2023-09-22,732345,livree
101715,1607,1,2023-09-13,2023-09-16,2023-09-16,183285,livree
101716,10620,6,2023-09-13,2023-09-23,2023-11-07,404200,livree
101717,20072,6,2023-09-13,2023-09-20,2023-09-19,50915,livree
101718,16702,5,2023-09-14,2023-09-19,2023-09-19,584305,livree
101719,18887,2,2023-09-14,2023-09-24,2023-09-23,753735,livree
101720,8917,1,2023-09-14,2023-09-17,2023-09-17,609645,livree
101721,18345,3,2023-09-15,2023-09-25,2023-09-24,433025,livree
101722,9708,1,2023-09-14,2023-09-24,2023-09-24,1305395,livree
101723,22239,4,2023-09-15,2023-09-18,2023-09-17,269175,livree
101724,17407,1,2023-09-15,2023-09-18,2023-09-17,867330,livree
101725,22398,3,2023-09-16,2023-09-19,2023-09-18,461445,livree
101726,279,6,2023-09-16,2023-09-23,2023-09-23,1234135,livree
101727,1342,5,2023-09-14,2023-09-17,2023-09-17,1214045,livree
101728,12608,2,2023-09-17,2023-09-24,2023-09-24,517910,livree
101729,21658,3,2023-09-15,2023-09-18,2023-09-18,1441195,livree
101730,18112,1,2023-09-17,2023-09-24,2023-09-23,184950,livree
101731,11996,3,2023-09-16,2023-09-18,2023-09-18,701585,livree
101732,19401,1,2023-09-17,2023-09-27,2023-09-27,449215,livree
101733,4442,6,2023-09-17,2023-09-24,2023-09-23,194355,livree
101734,2559,2,2023-09-15,2023-09-22,2023-09-22,57190,livree
101735,18747,2,2023-09-17,2023-09-20,2023-09-20,671140,livree
101736,7526,3,2023-09-18,2023-09-20,2023-09-20,1322350,livree
101737,18654,1,2023-09-16,2023-09-21,2023-09-20,604985,livree
101738,6249,1,2023-09-18,2023-09-25,2023-09-25,954975,livree
101739,2234,4,2023-09-17,2023-09-22,2023-09-21,897545,livree
101740,12480,1,2023-09-17,2023-09-24,2023-09-23,689670,livree
101741,23243,2,2023-09-19,2023-09-24,2023-09-24,794110,livree
101742,12665,2,2023-09-18,2023-09-25,2023-09-25,708585,livree
101743,9012,2,2023-09-19,2023-09-24,2023-09-24,710365,livree
101744,3213,3,2023-09-17,2023-09-24,2023-09-24,1028155,livree
101745,21003,5,2023-09-18,2023-09-21,2023-09-21,567595,livree
101746,10538,1,2023-09-19,2023-09-24,2023-09-23,727315,livree
101747,17368,6,2023-09-19,2023-09-29,2023-09-29,1133600,livree
101748,21448,3,2023-09-20,2023-09-22,2023-09-21,542620,livree
101749,8270,4,2023-09-19,2023-09-22,2023-09-22,631525,livree
101750,7595,3,2023-09-20,2023-09-27,2023-09-29,1303605,livree
101751,745,6,2023-09-18,2023-09-20,2023-09-19,1093725,livree
101752,7956,3,2023-09-18,2023-09-21,2023-09-21,550200,livree
101753,15743,6,2023-09-19,2023-09-26,2023-09-25,436880,livree
101754,22977,6,2023-09-18,2023-09-21,2023-09-25,1118070,livree
101755,16052,5,2023-09-19,2023-09-21,2023-09-21,562095,livree
101756,17806,2,2023-09-19,2023-09-26,2023-09-25,986945,livree
101757,18872,3,2023-09-19,2023-09-29,2023-09-28,469315,livree
101758,18080,3,2023-09-19,2023-09-22,2023-09-21,1005420,livree
101759,21499,1,2023-09-21,2023-09-26,2023-09-26,1377330,livree
101760,16249,2,2023-09-20,2023-09-23,2023-09-22,1337895,livree
101761,4969,3,2023-09-20,2023-09-30,2023-09-30,113330,livree
101762,5062,2,2023-09-20,2023-09-25,2023-09-25,275805,livree
101763,7849,4,2023-09-22,2023-09-25,2023-10-07,882100,livree
101764,17200,1,2023-09-21,2023-09-24,2023-09-24,1333660,livree
101765,11390,2,2023-09-22,2023-09-27,2023-09-27,993725,livree
101766,16613,5,2023-09-20,2023-09-27,2023-09-27,1418910,livree
101767,1121,3,2023-09-21,2023-09-28,2023-09-27,166945,livree
101768,11116,2,2023-09-23,2023-10-03,2023-10-03,927065,livree
101769,2605,6,2023-09-22,2023-10-02,2023-10-02,509940,livree
101770,23357,3,2023-09-22,2023-09-25,2023-09-25,1177910,livree
101771,598,1,2023-09-23,2023-09-28,2023-09-27,1302785,livree
101772,23508,2,2023-09-21,2023-09-26,2023-09-26,59465,livree
101773,8152,3,2023-09-23,2023-09-26,2023-09-25,1375580,livree
101774,14762,6,2023-09-21,2023-09-26,2023-09-25,937270,livree
101775,4472,2,2023-09-24,2023-09-26,2023-09-25,771335,livree
101776,3743,2,2023-09-23,2023-09-28,2023-09-28,47800,livree
101777,15396,5,2023-09-23,2023-09-30,2023-09-29,1020240,livree
101778,21731,4,2023-09-23,2023-09-28,2023-09-27,359415,livree
101779,9935,5,2023-09-22,2023-09-29,2023-09-28,583780,livree
101780,12276,2,2023-09-22,2023-09-25,2023-09-25,1069715,livree
101781,91,4,2023-09-23,2023-10-03,2023-10-03,939460,livree
101782,3484,1,2023-09-23,2023-09-30,2023-09-30,1151045,livree
101783,16964,4,2023-09-25,2023-09-30,,79770,annulee
101784,10009,2,2023-09-24,2023-09-29,2023-09-29,516780,livree
101785,15125,6,2023-09-24,2023-09-27,2023-09-27,1126855,livree
101786,6116,5,2023-09-23,2023-09-28,2023-10-02,1309020,livree
101787,17374,1,2023-09-25,2023-09-27,2023-09-27,1437415,livree
101788,21641,3,2023-09-24,2023-09-29,2023-09-29,333925,livree
101789,17426,6,2023-09-24,2023-09-27,2023-09-27,53880,livree
101790,5731,1,2023-09-25,2023-09-27,2023-09-26,209495,livree
101791,16038,5,2023-09-25,2023-10-05,2023-10-05,392165,livree
101792,21327,3,2023-09-25,2023-09-28,2023-09-28,825255,livree
101793,3043,2,2023-09-25,2023-09-30,2023-09-30,1081325,livree
101794,17567,1,2023-09-26,2023-09-29,2023-09-29,322360,livree
101795,22587,3,2023-09-27,2023-10-02,2023-10-22,1089120,livree
101796,11637,6,2023-09-26,2023-10-01,2023-10-01,694480,livree
101797,9967,4,2023-09-26,2023-09-29,2023-09-28,1157290,livree
101798,17540,1,2023-09-25,2023-09-28,2023-09-30,1388125,livree
101799,13245,2,2023-09-27,2023-10-04,2023-10-04,1191365,livree
101800,535,4,2023-09-26,2023-10-01,2023-10-01,1311830,livree
101801,9238,3,2023-09-25,2023-09-28,2023-09-28,668730,livree
101802,19178,1,2023-09-26,2023-10-06,2023-10-05,122870,livree
101803,4649,4,2023-09-26,2023-09-29,2023-09-29,1136250,livree
101804,23824,1,2023-09-28,2023-10-03,2023-10-03,1035170,livree
101805,14249,3,2023-09-27,2023-10-07,2023-10-07,1180725,livree
101806,13015,3,2023-09-28,2023-10-08,2023-10-08,1194925,livree
101807,7289,5,2023-09-28,2023-10-01,2023-09-30,283510,livree
101808,22007,3,2023-09-26,2023-09-29,2023-09-29,283640,livree
101809,3713,6,2023-09-29,2023-10-04,2023-11-18,397950,livree
101810,21827,6,2023-09-29,2023-10-09,,193910,annulee
101811,17793,4,2023-09-29,2023-10-04,2023-10-03,492400,livree
101812,17635,5,2023-09-27,2023-09-30,2023-09-30,1405130,livree
101813,10967,5,2023-09-27,2023-10-07,2023-10-07,536905,livree
101814,2892,2,2023-09-27,2023-10-07,2023-10-07,384565,livree
101815,11096,3,2023-09-30,2023-10-03,2023-10-03,1175010,livree
101816,13461,5,2023-09-30,2023-10-05,2023-10-25,53160,livree
101817,11530,6,2023-09-29,2023-10-04,2023-10-04,397090,livree
101818,14483,5,2023-09-29,2023-10-04,2023-10-04,1202470,livree
101819,2558,1,2023-09-30,2023-10-05,2023-10-05,1164115,livree
101820,16030,4,2023-09-30,2023-10-10,2023-10-09,1097435,livree
101821,18291,6,2023-09-28,2023-10-01,2023-10-09,951800,livree
101822,20040,6,2023-10-01,2023-10-06,2023-10-05,638665,livree
101823,10451,5,2023-10-01,2023-10-06,2023-10-26,262165,livree
101824,18115,1,2023-09-30,2023-10-02,2023-10-01,1156535,livree
101825,23418,4,2023-09-29,2023-10-04,2023-10-03,404115,livree
101826,22077,3,2023-09-30,2023-10-03,2023-10-03,725335,livree
101827,18535,1,2023-09-30,2023-10-05,2023-10-05,124690,livree
101828,23782,1,2023-09-30,2023-10-05,2023-10-25,1140820,livree
101829,11583,3,2023-10-02,2023-10-07,2023-10-07,1122610,livree
101830,7663,1,2023-10-01,2023-10-08,2023-10-07,239640,livree
101831,4914,4,2023-09-30,2023-10-03,2023-10-03,444775,livree
101832,16041,6,2023-09-30,2023-10-02,2023-10-02,333300,livree
101833,11983,2,2023-09-30,2023-10-10,2023-10-09,891640,livree
101834,12283,6,2023-10-01,2023-10-06,2023-10-05,1062035,livree
101835,13338,2,2023-10-03,2023-10-05,2023-10-04,408365,livree
101836,4657,5,2023-10-01,2023-10-08,,179950,annulee
101837,10905,4,2023-10-01,2023-10-08,2023-10-08,867785,livree
101838,21347,5,2023-10-02,2023-10-05,2023-10-05,384365,livree
101839,19613,5,2023-10-02,2023-10-07,2023-10-06,704150,livree
101840,8235,5,2023-10-03,2023-10-13,2023-10-13,162910,livree
101841,2898,6,2023-10-02,2023-10-05,2023-10-04,962065,livree
101842,20952,4,2023-10-02,2023-10-07,2023-10-07,1183430,livree
101843,10619,2,2023-10-04,2023-10-09,2023-10-09,424635,livree
101844,2856,4,2023-10-04,2023-10-11,2023-10-11,207840,livree
101845,12139,5,2023-10-03,2023-10-10,2023-10-10,1099355,livree
101846,22875,2,2023-10-02,2023-10-09,2023-10-08,532365,livree
101847,9948,6,2023-10-03,2023-10-10,2023-10-10,491750,livree
101848,9516,5,2023-10-02,2023-10-09,2023-10-08,516020,livree
101849,3386,5,2023-10-05,2023-10-08,2023-10-08,1027600,livree
101850,9632,3,2023-10-03,2023-10-10,2023-10-09,789070,livree
101851,21066,5,2023-10-03,2023-10-08,2023-10-20,1160170,livree
101852,14627,3,2023-10-05,2023-10-10,2023-10-12,888625,livree
101853,22053,4,2023-10-04,2023-10-06,2023-10-05,274375,livree
101854,20996,5,2023-10-03,2023-10-06,2023-10-06,1327870,livree
101855,9249,1,2023-10-03,2023-10-05,2023-10-05,1241205,livree
101856,22679,2,2023-10-05,2023-10-10,2023-10-10,947740,livree
101857,7112,4,2023-10-06,2023-10-13,2023-10-13,795220,livree
101858,21034,6,2023-10-04,2023-10-07,2023-10-07,483995,livree
101859,22858,2,2023-10-04,2023-10-06,2023-10-07,893930,livree
101860,14095,3,2023-10-04,2023-10-07,2023-10-07,331150,livree
101861,23567,5,2023-10-06,2023-10-16,2023-10-16,1412545,livree
101862,21131,6,2023-10-06,2023-10-16,2023-11-05,195005,livree
101863,10602,6,2023-10-06,2023-10-09,2023-10-21,394950,livree
101864,23384,5,2023-10-07,2023-10-10,2023-10-10,293195,livree
101865,23595,4,2023-10-07,2023-10-10,2023-10-09,964505,livree
101866,21729,5,2023-10-06,2023-10-09,2023-10-09,568130,livree
101867,12353,5,2023-10-07,2023-10-17,2023-10-16,154715,livree
101868,3717,1,2023-10-07,2023-10-09,2023-10-09,1294750,livree
101869,4102,6,2023-10-07,2023-10-10,2023-10-13,76520,livree
101870,15816,6,2023-10-08,2023-10-11,2023-11-25,342750,livree
101871,15303,6,2023-10-08,2023-10-18,2023-10-18,938430,livree
101872,19831,3,2023-10-06,2023-10-08,2023-10-08,1133535,livree
101873,3016,2,2023-10-06,2023-10-11,2023-10-10,383665,livree
101874,22924,2,2023-10-07,2023-10-10,2023-10-09,982550,livree
101875,2738,3,2023-10-08,2023-10-13,2023-10-13,660870,livree
101876,1625,5,2023-10-08,2023-10-13,2023-10-13,414490,livree
101877,11225,6,2023-10-07,2023-10-10,2023-10-09,978930,livree
101878,646,4,2023-10-09,2023-10-16,2023-10-16,83860,livree
101879,2161,3,2023-10-09,2023-10-16,2023-10-15,882040,livree
101880,15376,1,2023-10-08,2023-10-15,2023-10-14,470540,livree
101881,10624,2,2023-10-09,2023-10-14,2023-10-13,653085,livree
101882,11973,5,2023-10-08,2023-10-13,2023-10-13,1427270,livree
101883,3679,5,2023-10-09,2023-10-12,2023-10-12,673510,livree
101884,5397,3,2023-10-10,2023-10-13,,1050255,annulee
101885,9282,3,2023-10-09,2023-10-19,2023-10-19,1138760,livree
101886,13589,3,2023-10-08,2023-10-15,2023-10-15,149795,livree
101887,538,2,2023-10-08,2023-10-10,2023-10-10,699555,livree
101888,4751,3,2023-10-09,2023-10-14,,1267880,annulee
101889,21750,1,2023-10-10,2023-10-13,2023-10-12,279365,livree
101890,11497,5,2023-10-11,2023-10-14,2023-10-13,247310,livree
101891,3755,4,2023-10-09,2023-10-14,2023-10-14,191770,livree
101892,8905,4,2023-10-11,2023-10-16,,788840,annulee
101893,14432,6,2023-10-10,2023-10-17,2023-10-16,1112455,livree
101894,12593,3,2023-10-10,2023-10-20,2023-10-22,614520,livree
101895,19611,5,2023-10-09,2023-10-12,2023-10-12,1272645,livree
101896,2294,3,2023-10-11,2023-10-16,2023-10-15,1329190,livree
101897,17373,1,2023-10-12,2023-10-14,2023-10-13,1000470,livree
101898,12023,6,2023-10-11,2023-10-21,2023-10-21,183990,livree
101899,9164,2,2023-10-12,2023-10-14,,240885,annulee
101900,2223,2,2023-10-12,2023-10-17,2023-10-16,668860,livree
101901,2613,3,2023-10-12,2023-10-15,2023-10-15,1171840,livree
101902,12695,6,2023-10-10,2023-10-12,2023-10-11,1229940,livree
101903,19797,5,2023-10-11,2023-10-14,2023-10-13,871500,livree
101904,19261,5,2023-10-11,2023-10-14,2023-10-13,1036110,livree
101905,15130,2,2023-10-12,2023-10-19,2023-10-19,216735,livree
101906,194,2,2023-10-13,2023-10-18,2023-10-17,1387490,livree
101907,6905,4,2023-10-11,2023-10-14,2023-10-13,1352180,livree
101908,9415,5,2023-10-11,2023-10-14,2023-10-14,559185,livree
101909,20839,2,2023-10-13,2023-10-15,2023-10-17,802160,livree
101910,13827,5,2023-10-14,2023-10-17,2023-10-17,222565,livree
101911,14828,2,2023-10-12,2023-10-15,2023-10-15,828560,livree
101912,10318,3,2023-10-12,2023-10-22,2023-10-22,479175,livree
101913,18008,5,2023-10-12,2023-10-15,2023-10-14,1174900,livree
101914,12624,4,2023-10-14,2023-10-17,2023-10-17,406930,livree
101915,13983,3,2023-10-14,2023-10-16,2023-10-24,293475,livree
101916,4444,2,2023-10-15,2023-10-25,2023-10-24,1343705,livree
101917,8851,6,2023-10-13,2023-10-15,2023-10-19,1157220,livree
101918,4369,1,2023-10-14,2023-10-16,2023-10-16,1090620,livree
101919,14560,2,2023-10-14,2023-10-24,2023-10-23,800950,livree
101920,19794,6,2023-10-15,2023-10-20,2023-10-20,440200,livree
101921,21195,5,2023-10-14,2023-10-24,2023-10-24,1265965,livree
101922,355,4,2023-10-14,2023-10-19,2023-10-18,915965,livree
101923,15011,4,2023-10-16,2023-10-26,2023-10-28,1260180,livree
101924,10702,6,2023-10-14,2023-10-24,2023-10-24,134505,livree
101925,14334,4,2023-10-15,2023-10-22,2023-10-22,988260,livree
101926,7681,6,2023-10-14,2023-10-17,2023-10-16,1158470,livree
101927,8390,5,2023-10-16,2023-10-18,2023-10-18,95720,livree
101928,4345,1,2023-10-14,2023-10-17,2023-10-17,1189685,livree
101929,3690,4,2023-10-16,2023-10-19,2023-10-19,80770,livree
101930,13977,4,2023-10-16,2023-10-21,2023-10-21,342155,livree
101931,13147,5,2023-10-15,2023-10-20,2023-10-20,1236600,livree
101932,21703,5,2023-10-17,2023-10-22,2023-10-22,325390,livree
101933,9789,4,2023-10-16,2023-10-19,2023-10-23,1185630,livree
101934,3843,1,2023-10-16,2023-10-21,2023-10-21,679160,livree
101935,22717,1,2023-10-17,2023-10-19,2023-10-22,758220,livree
101936,8769,1,2023-10-17,2023-10-24,2023-10-23,152470,livree
101937,7197,4,2023-10-17,2023-10-27,2023-10-26,1431410,livree
101938,2674,3,2023-10-16,2023-10-21,2023-10-21,1349930,livree
101939,6530,6,2023-10-18,2023-10-20,2023-10-19,1344595,livree
101940,6884,3,2023-10-17,2023-10-20,2023-10-20,510995,livree
101941,19000,6,2023-10-17,2023-10-22,,423165,annulee
101942,5032,4,2023-10-18,2023-10-25,2023-11-06,1090800,livree
101943,17663,4,2023-10-17,2023-10-24,2023-10-23,463365,livree
101944,2420,2,2023-10-17,2023-10-20,2023-10-19,872805,livree
101945,13976,1,2023-10-17,2023-10-22,2023-10-22,437585,livree
101946,12113,4,2023-10-18,2023-10-28,2023-10-27,922535,livree
101947,11854,2,2023-10-19,2023-10-29,2023-10-29,586900,livree
101948,4177,5,2023-10-18,2023-10-21,2023-10-25,952295,livree
101949,459,4,2023-10-18,2023-10-20,2023-10-24,1049890,livree
101950,20786,1,2023-10-18,2023-10-20,2023-10-19,840950,livree
101951,9309,6,2023-10-20,2023-10-25,2023-10-25,525310,livree
101952,8002,2,2023-10-18,2023-10-25,2023-10-25,1398370,livree
101953,13948,5,2023-10-19,2023-10-22,2023-10-21,995475,livree
101954,18151,2,2023-10-19,2023-10-21,2023-10-23,395920,livree
101955,7355,5,2023-10-18,2023-10-21,2023-10-20,637360,livree
101956,19943,3,2023-10-20,2023-10-23,2023-10-23,565695,livree
101957,18896,5,2023-10-20,2023-10-23,2023-10-22,1412260,livree
101958,6169,5,2023-10-19,2023-10-24,2023-10-24,1328615,livree
101959,12961,1,2023-10-19,2023-10-24,2023-10-24,317280,livree
101960,14652,3,2023-10-19,2023-10-24,2023-10-24,674970,livree
101961,20602,6,2023-10-19,2023-10-21,2023-10-20,1341870,livree
101962,13251,5,2023-10-20,2023-10-23,2023-10-26,510770,livree
101963,14335,4,2023-10-20,2023-10-22,2023-10-22,448820,livree
101964,3018,3,2023-10-21,2023-10-28,2023-10-28,1205270,livree
101965,8916,5,2023-10-21,2023-10-28,2023-10-28,774590,livree
101966,10713,4,2023-10-20,2023-10-25,2023-10-24,1437645,livree
101967,6183,6,2023-10-22,2023-10-27,2023-10-27,770560,livree
101968,18203,6,2023-10-22,2023-10-27,2023-10-27,114180,livree
101969,6018,4,2023-10-21,2023-10-31,2023-10-31,1449635,livree
101970,16571,3,2023-10-23,2023-10-25,2023-10-25,1121040,livree
101971,5736,3,2023-10-21,2023-10-26,2023-10-26,608995,livree
101972,8520,5,2023-10-23,2023-10-25,2023-10-24,1079610,livree
101973,20798,6,2023-10-22,2023-10-27,2023-10-27,787825,livree
101974,9582,6,2023-10-22,2023-10-27,2023-11-01,116565,livree
101975,2483,1,2023-10-23,2023-11-02,2023-11-02,412620,livree
101976,7562,2,2023-10-23,2023-10-25,2023-10-25,946425,livree
101977,22145,4,2023-10-22,2023-10-27,2023-11-01,110490,livree
101978,1773,6,2023-10-24,2023-10-27,2023-10-27,893130,livree
101979,18177,5,2023-10-23,2023-10-30,2023-10-29,1197210,livree
101980,19267,3,2023-10-22,2023-10-27,2023-10-27,925175,livree
101981,13466,3,2023-10-22,2023-10-27,2023-10-27,706730,livree
101982,13809,1,2023-10-22,2023-10-25,2023-10-24,903995,livree
101983,11315,1,2023-10-25,2023-10-28,2023-10-27,457570,livree
101984,977,2,2023-10-23,2023-10-28,2023-11-09,77015,livree
101985,9692,6,2023-10-24,2023-10-31,2023-10-30,641415,livree
101986,10082,5,2023-10-24,2023-10-31,2023-10-30,632490,livree
101987,5015,4,2023-10-25,2023-10-30,2023-10-30,742435,livree
101988,3258,5,2023-10-23,2023-11-02,2023-11-02,449630,livree
101989,13812,1,2023-10-23,2023-10-25,2023-10-25,1340955,livree
101990,408,6,2023-10-24,2023-10-31,2023-11-20,789850,livree
101991,21599,3,2023-10-26,2023-10-29,2023-12-13,481480,livree
101992,23321,2,2023-10-26,2023-11-05,2023-11-04,190030,livree
101993,7932,1,2023-10-24,2023-10-26,2023-10-26,1386525,livree
101994,23817,4,2023-10-24,2023-10-27,2023-10-29,1404825,livree
101995,12065,3,2023-10-24,2023-11-03,2023-11-02,473890,livree
101996,18728,4,2023-10-25,2023-10-28,2023-11-05,352750,livree
101997,19966,2,2023-10-25,2023-10-28,2023-11-05,1327735,livree
101998,4880,5,2023-10-27,2023-10-29,2023-10-29,482020,livree
101999,11756,5,2023-10-26,2023-10-31,2023-10-31,477945,livree
102000,14062,4,2023-10-27,2023-11-01,2023-10-31,943875,livree
102001,8431,6,2023-10-27,2023-11-01,2023-11-01,52580,livree
102002,21517,2,2023-10-27,2023-10-29,2023-10-30,334490,livree
102003,5341,4,2023-10-27,2023-10-30,2023-10-29,1438755,livree
102004,8818,3,2023-10-27,2023-10-30,2023-10-30,85255,livree
102005,8763,1,2023-10-27,2023-10-30,2023-10-30,813630,livree
102006,21313,2,2023-10-28,2023-10-31,2023-11-02,1237655,livree
102007,13509,1,2023-10-26,2023-10-29,2023-10-29,1080050,livree
102008,5364,4,2023-10-27,2023-11-06,2023-11-06,203640,livree
102009,4058,6,2023-10-27,2023-10-30,2023-10-30,903355,livree
102010,9939,2,2023-10-28,2023-11-02,2023-11-02,857905,livree
102011,19140,6,2023-10-29,2023-11-08,2023-11-09,552060,livree
102012,9070,1,2023-10-27,2023-11-01,2023-11-02,941275,livree
102013,7980,4,2023-10-28,2023-10-31,2023-10-31,1065985,livree
102014,18744,3,2023-10-27,2023-11-03,2023-11-02,428765,livree
102015,7323,5,2023-10-29,2023-11-03,2023-11-07,1297535,livree
102016,11583,5,2023-10-29,2023-11-01,2023-11-01,1201590,livree
102017,1465,4,2023-10-28,2023-11-02,2023-11-22,1365060,livree
102018,20587,3,2023-10-30,2023-11-02,2023-11-01,1423040,livree
102019,13195,3,2023-10-30,2023-11-02,2023-11-02,1368975,livree
102020,16298,3,2023-10-28,2023-11-02,2023-11-02,703455,livree
102021,23272,5,2023-10-29,2023-11-01,2023-10-31,1186115,livree
102022,2796,3,2023-10-28,2023-10-31,2023-10-31,1340930,livree
102023,18924,2,2023-10-30,2023-11-06,2023-11-06,937750,livree
102024,4556,3,2023-10-29,2023-11-01,2023-11-01,790995,livree
102025,7221,3,2023-10-31,2023-11-03,2023-11-02,533640,livree
102026,13931,5,2023-10-30,2023-11-06,2023-11-05,568265,livree
102027,9084,1,2023-10-29,2023-11-05,,1271635,annulee
102028,5080,6,2023-10-30,2023-11-04,2023-11-03,628695,livree
102029,6127,4,2023-10-30,2023-11-01,2023-11-01,1146215,livree
102030,3696,6,2023-10-30,2023-11-02,2023-11-03,889215,livree
102031,23337,5,2023-10-31,2023-11-03,2023-11-03,762665,livree
102032,17215,2,2023-10-31,2023-11-05,2023-11-05,1069695,livree
102033,2201,1,2023-11-01,2023-11-03,2023-11-04,1098160,livree
102034,10592,4,2023-11-01,2023-11-08,2023-11-08,1361765,livree
102035,23258,5,2023-10-31,2023-11-10,2023-11-09,162515,livree
102036,6331,6,2023-11-01,2023-11-04,2023-11-04,456250,livree
102037,5990,3,2023-11-02,2023-11-07,2023-11-07,287185,livree
102038,7527,6,2023-11-01,2023-11-08,,60110,annulee
102039,2623,2,2023-11-02,2023-11-05,2023-11-09,210740,livree
102040,13776,5,2023-11-01,2023-11-06,2023-11-06,189430,livree
102041,1297,4,2023-10-31,2023-11-03,2023-11-02,1347870,livree
102042,19023,5,2023-10-31,2023-11-10,2023-11-10,762015,livree
102043,5157,3,2023-11-01,2023-11-04,2023-11-04,1020820,livree
102044,385,4,2023-11-03,2023-11-05,2023-11-07,689095,livree
102045,10755,1,2023-11-01,2023-11-04,2023-12-19,588930,livree
102046,13686,5,2023-11-01,2023-11-11,2023-11-10,479000,livree
102047,20299,4,2023-11-01,2023-11-08,2023-11-08,1127855,livree
102048,23257,5,2023-11-02,2023-11-09,2023-11-09,159010,livree
102049,16069,2,2023-11-02,2023-11-04,2023-11-04,1334050,livree
102050,754,5,2023-11-02,2023-11-04,2023-11-03,1154465,livree
102051,6760,5,2023-11-02,2023-11-04,2023-11-03,921635,livree
102052,16736,5,2023-11-02,2023-11-07,2023-11-06,103110,livree
102053,600,4,2023-11-04,2023-11-09,2023-11-09,1340290,livree
102054,8050,5,2023-11-04,2023-11-09,2023-11-09,938580,livree
102055,3249,6,2023-11-03,2023-11-05,2023-11-04,560020,livree
102056,9078,5,2023-11-04,2023-11-11,2023-11-11,313925,livree
102057,388,2,2023-11-05,2023-11-12,2023-11-12,117135,livree
102058,15595,5,2023-11-05,2023-11-07,2023-11-06,562345,livree
102059,5313,5,2023-11-03,2023-11-08,2023-11-07,722255,livree
102060,4679,2,2023-11-05,2023-11-08,2023-11-07,479155,livree
102061,10936,2,2023-11-05,2023-11-10,2023-11-10,1109380,livree
102062,11799,2,2023-11-05,2023-11-08,2023-11-07,922590,livree
102063,19243,1,2023-11-03,2023-11-08,2023-11-08,517325,livree
102064,23267,1,2023-11-06,2023-11-13,2023-12-28,712220,livree
102065,21834,2,2023-11-04,2023-11-07,2023-11-06,1246350,livree
102066,5576,3,2023-11-06,2023-11-11,2023-11-11,441015,livree
102067,23810,1,2023-11-06,2023-11-16,2023-11-16,1127850,livree
102068,1923,6,2023-11-06,2023-11-11,2023-11-10,1114085,livree
102069,19662,1,2023-11-06,2023-11-13,2023-11-13,157255,livree
102070,17018,4,2023-11-05,2023-11-08,2023-11-08,243300,livree
102071,6225,6,2023-11-07,2023-11-17,2023-11-17,1400855,livree
102072,13104,4,2023-11-06,2023-11-13,2023-11-13,195725,livree
102073,19653,4,2023-11-07,2023-11-09,2023-11-09,153155,livree
102074,2059,5,2023-11-07,2023-11-10,2023-11-10,136690,livree
102075,4523,3,2023-11-05,2023-11-08,2023-11-09,1437465,livree
102076,1965,2,2023-11-06,2023-11-09,2023-12-24,831445,livree
102077,6717,2,2023-11-07,2023-11-10,2023-11-09,667075,livree
102078,4479,1,2023-11-08,2023-11-18,2023-11-18,622920,livree
102079,17958,5,2023-11-07,2023-11-09,2023-11-09,1360510,livree
102080,5362,3,2023-11-06,2023-11-16,2023-11-16,134090,livree
102081,8200,6,2023-11-07,2023-11-12,2023-11-11,615285,livree
102082,13475,4,2023-11-06,2023-11-11,2023-11-10,973405,livree
102083,19056,2,2023-11-08,2023-11-11,2023-12-01,631175,livree
102084,15029,3,2023-11-08,2023-11-15,2023-11-18,1085585,livree
102085,22386,4,2023-11-07,2023-11-09,2023-11-09,107095,livree
102086,4345,5,2023-11-09,2023-11-14,,283320,annulee
102087,1954,2,2023-11-08,2023-11-13,2023-11-21,213370,livree
102088,17153,1,2023-11-08,2023-11-13,2023-11-12,1365260,livree
102089,6980,5,2023-11-09,2023-11-12,2023-11-11,982330,livree
102090,21716,3,2023-11-07,2023-11-10,2023-11-10,1043455,livree
102091,19941,6,2023-11-09,2023-11-12,2023-11-12,440945,livree
102092,23646,5,2023-11-10,2023-11-20,2023-11-20,1384995,livree
102093,12392,5,2023-11-09,2023-11-19,2023-11-18,691685,livree
102094,11448,5,2023-11-09,2023-11-12,2023-11-15,617805,livree
102095,13383,3,2023-11-09,2023-11-16,2023-11-15,927235,livree
102096,8612,1,2023-11-10,2023-11-12,2023-11-12,949860,livree
102097,16930,1,2023-11-10,2023-11-15,2023-11-14,1355480,livree
102098,14455,4,2023-11-10,2023-11-13,2023-11-13,1192945,livree
102099,23764,4,2023-11-09,2023-11-12,2023-11-17,1443215,livree
102100,13997,4,2023-11-09,2023-11-19,2023-11-19,318365,livree
102101,14972,4,2023-11-11,2023-11-14,2023-11-13,634535,livree
102102,17404,2,2023-11-10,2023-11-17,2023-11-25,492055,livree
102103,5814,5,2023-11-09,2023-11-12,2023-11-13,1147180,livree
102104,13215,3,2023-11-11,2023-11-21,2023-11-20,246235,livree
102105,17305,3,2023-11-11,2023-11-16,2023-11-20,492475,livree
102106,16219,1,2023-11-12,2023-11-17,2023-11-16,606065,livree
102107,15459,5,2023-11-11,2023-11-14,2023-11-13,480805,livree
102108,22744,2,2023-11-10,2023-11-15,2023-11-14,1012660,livree
102109,20300,3,2023-11-11,2023-11-13,2023-11-13,1297780,livree
102110,19071,6,2023-11-10,2023-11-17,2023-11-16,1295505,livree
102111,12499,1,2023-11-11,2023-11-14,2023-11-14,463455,livree
102112,2650,2,2023-11-12,2023-11-15,2023-11-23,1319315,livree
102113,18802,6,2023-11-11,2023-11-13,2023-11-17,676225,livree
102114,11081,3,2023-11-13,2023-11-16,2023-11-28,1184470,livree
102115,156,1,2023-11-13,2023-11-16,2023-11-16,497570,livree
102116,13602,2,2023-11-11,2023-11-16,2023-11-16,1413560,livree
102117,16544,1,2023-11-13,2023-11-16,2023-11-15,1388640,livree
102118,16072,2,2023-11-12,2023-11-14,2023-11-14,1285360,livree
102119,13145,4,2023-11-14,2023-11-21,2023-11-21,531135,livree
102120,6850,2,2023-11-13,2023-11-18,2023-11-26,828580,livree
102121,2739,2,2023-11-12,2023-11-15,2023-11-15,475825,livree
102122,5960,5,2023-11-13,2023-11-18,2023-11-18,462995,livree
102123,18770,1,2023-11-14,2023-11-19,2023-11-19,1004080,livree
102124,15582,5,2023-11-13,2023-11-18,2023-11-18,294760,livree
102125,10979,4,2023-11-15,2023-11-20,2023-11-19,314215,livree
102126,18818,4,2023-11-13,2023-11-16,2023-11-15,639925,livree
102127,2129,2,2023-11-14,2023-11-24,2023-11-28,339280,livree
102128,23843,5,2023-11-14,2023-11-17,2023-11-20,824535,livree
102129,23886,6,2023-11-14,2023-11-17,2023-11-17,529025,livree
102130,3884,4,2023-11-15,2023-11-20,2023-11-22,587810,livree
102131,11237,2,2023-11-16,2023-11-18,2023-11-30,562890,livree
102132,5457,4,2023-11-15,2023-11-20,2023-11-21,773900,livree
102133,7632,3,2023-11-15,2023-11-18,2023-11-18,1152140,livree
102134,7939,3,2023-11-16,2023-11-26,2023-11-26,741305,livree
102135,2179,1,2023-11-15,2023-11-25,2023-11-25,466475,livree
102136,5030,5,2023-11-15,2023-11-22,2023-11-22,736175,livree
102137,14715,2,2023-11-15,2023-11-20,2023-11-20,1428800,livree
102138,22844,1,2023-11-15,2023-11-22,2023-11-22,1126540,livree
102139,14492,2,2023-11-16,2023-11-26,2023-11-26,854920,livree
102140,9170,5,2023-11-15,2023-11-18,2023-11-18,266550,livree
102141,6336,1,2023-11-15,2023-11-18,2023-11-26,1187170,livree
102142,4951,6,2023-11-15,2023-11-25,2023-11-27,587275,livree
102143,8115,3,2023-11-15,2023-11-25,2023-11-24,753660,livree
102144,11214,4,2023-11-17,2023-11-20,2023-11-20,1079260,livree
102145,101,3,2023-11-18,2023-11-20,2024-01-04,839170,livree
102146,1392,4,2023-11-17,2023-11-19,2023-11-18,1446290,livree
102147,18089,4,2023-11-17,2023-11-27,2023-11-27,1396180,livree
102148,18137,2,2023-11-18,2023-11-21,2023-11-20,1046130,livree
102149,19497,1,2023-11-18,2023-11-28,2023-11-28,903780,livree
102150,4260,4,2023-11-18,2023-11-25,2023-11-25,676630,livree
102151,2695,1,2023-11-18,2023-11-25,2023-11-25,88735,livree
102152,7220,6,2023-11-17,2023-11-20,2023-11-20,732440,livree
102153,1303,6,2023-11-17,2023-11-20,2023-11-19,359280,livree
102154,7424,4,2023-11-19,2023-11-24,2023-12-02,938685,livree
102155,23576,4,2023-11-17,2023-11-24,2023-11-23,911625,livree
102156,18763,1,2023-11-17,2023-11-19,2023-11-19,412460,livree
102157,9921,4,2023-11-19,2023-11-21,2023-11-21,630545,livree
102158,13784,3,2023-11-20,2023-11-22,2023-11-21,603100,livree
102159,1258,6,2023-11-18,2023-11-28,2023-11-28,76055,livree
102160,10108,1,2023-11-19,2023-11-22,2023-11-21,743965,livree
102161,5247,6,2023-11-19,2023-11-26,2023-11-26,484815,livree
102162,23745,4,2023-11-20,2023-11-27,2023-11-27,875510,livree
102163,8772,2,2023-11-18,2023-11-23,2023-11-22,103275,livree
102164,15710,2,2023-11-19,2023-11-24,2023-11-23,400660,livree
102165,4566,2,2023-11-19,2023-11-26,2024-01-10,711135,livree
102166,13296,5,2023-11-21,2023-11-24,2023-11-24,749585,livree
102167,3997,4,2023-11-21,2023-11-24,2023-11-24,265265,livree
102168,2961,4,2023-11-20,2023-11-23,2023-11-23,639160,livree
102169,8479,3,2023-11-20,2023-11-27,2023-11-26,132690,livree
102170,8648,2,2023-11-21,2023-11-24,2023-11-24,1077425,livree
102171,1518,4,2023-11-21,2023-11-24,2023-11-23,299865,livree
102172,12664,1,2023-11-21,2023-11-24,2023-11-27,235520,livree
102173,11772,2,2023-11-22,2023-11-25,2023-11-27,151335,livree
102174,14172,5,2023-11-20,2023-11-22,2024-01-06,347915,livree
102175,20,2,2023-11-22,2023-11-27,2023-11-26,1316620,livree
102176,1385,5,2023-11-21,2023-11-23,2023-11-23,939660,livree
102177,1551,6,2023-11-22,2023-11-27,2023-11-27,809870,livree
102178,12210,5,2023-11-21,2023-11-24,2023-11-24,148230,livree
102179,13163,4,2023-11-21,2023-11-23,2023-11-23,1144205,livree
102180,14063,5,2023-11-21,2023-11-28,,787505,annulee
102181,14291,1,2023-11-22,2023-12-02,2023-12-01,1044250,livree
102182,7272,4,2023-11-21,2023-11-26,2023-11-25,644230,livree
102183,12467,2,2023-11-21,2023-11-26,2023-12-08,985850,livree
102184,13816,3,2023-11-22,2023-11-27,2023-11-27,878385,livree
102185,3203,5,2023-11-24,2023-12-01,,1374780,annulee
102186,8371,6,2023-11-23,2023-11-28,2023-11-28,1343825,livree
102187,11546,5,2023-11-22,2023-11-24,2023-11-23,455450,livree
102188,13620,4,2023-11-22,2023-11-27,2023-12-17,704160,livree
102189,13399,5,2023-11-22,2023-11-27,,497605,annulee
102190,16529,5,2023-11-24,2023-12-04,2023-12-04,331200,livree
102191,4367,1,2023-11-24,2023-11-26,2023-11-28,497450,livree
102192,19506,5,2023-11-24,2023-11-26,2024-01-10,1114475,livree
102193,10543,5,2023-11-25,2023-11-28,2023-11-28,397515,livree
102194,15349,1,2023-11-23,2023-11-25,2023-11-25,125900,livree
102195,3596,1,2023-11-24,2023-11-27,2023-11-27,1124975,livree
102196,18483,4,2023-11-23,2023-11-25,2023-11-25,823115,livree
102197,81,4,2023-11-23,2023-11-26,2023-11-26,1148480,livree
102198,23779,2,2023-11-25,2023-12-02,2023-12-04,699075,livree
102199,21294,3,2023-11-26,2023-11-29,2023-11-28,747400,livree
102200,1854,2,2023-11-24,2023-12-04,2023-12-04,173320,livree
102201,2496,6,2023-11-26,2023-11-29,2023-11-28,1162110,livree
102202,12045,5,2023-11-24,2023-12-04,2023-12-04,914155,livree
102203,16135,1,2023-11-25,2023-11-28,2023-12-02,245690,livree
102204,11392,2,2023-11-24,2023-11-29,2023-12-04,146630,livree
102205,8534,6,2023-11-26,2023-12-01,2023-12-09,60865,livree
102206,22046,4,2023-11-27,2023-12-07,2023-12-15,558370,livree
102207,19230,2,2023-11-25,2023-11-28,2023-11-27,435045,livree
102208,1782,2,2023-11-27,2023-11-29,2023-12-03,258815,livree
102209,6254,5,2023-11-25,2023-11-28,2023-11-28,1033445,livree
102210,20766,2,2023-11-27,2023-12-07,2023-12-06,348365,livree
102211,15743,2,2023-11-25,2023-11-30,2023-12-01,672475,livree
102212,10869,5,2023-11-26,2023-12-01,2023-11-30,1442730,livree
102213,8548,2,2023-11-27,2023-11-29,2023-11-29,1254630,livree
102214,18597,2,2023-11-28,2023-12-03,2023-12-02,80850,livree
102215,22648,4,2023-11-27,2023-11-29,,601165,annulee
102216,14500,1,2023-11-27,2023-12-07,2023-12-07,1150875,livree
102217,76,2,2023-11-26,2023-11-29,2023-11-28,1332020,livree
102218,13358,2,2023-11-26,2023-12-03,2023-12-02,396380,livree
102219,16508,5,2023-11-29,2023-12-04,2023-12-04,1278075,livree
102220,10139,2,2023-11-27,2023-12-07,,886890,annulee
102221,11126,2,2023-11-27,2023-12-07,2023-12-06,1277130,livree
102222,2938,2,2023-11-27,2023-12-07,2023-12-10,263360,livree
102223,9054,3,2023-11-29,2023-12-09,2023-12-08,942185,livree
102224,20252,1,2023-11-27,2023-11-30,2023-11-30,1292795,livree
102225,22011,3,2023-11-30,2023-12-03,2023-12-03,1153405,livree
102226,20053,2,2023-11-29,2023-12-01,2023-11-30,832290,livree
102227,82,1,2023-11-30,2023-12-05,2023-12-04,577020,livree
102228,12120,3,2023-11-28,2023-12-03,2023-12-15,482825,livree
102229,10752,2,2023-11-29,2023-12-04,2023-12-04,1307795,livree
102230,16825,5,2023-11-30,2023-12-03,2023-12-02,1052710,livree
102231,23127,6,2023-11-30,2023-12-05,2023-12-05,627265,livree
102232,18979,3,2023-12-01,2023-12-06,2023-12-06,882075,livree
102233,16015,1,2023-12-01,2023-12-04,2023-12-03,1268515,livree
102234,11033,5,2023-11-30,2023-12-05,2023-12-04,374105,livree
102235,4444,3,2023-11-30,2023-12-05,2023-12-04,226455,livree
102236,18376,5,2023-11-30,2023-12-05,2023-12-05,1039980,livree
102237,21907,5,2023-12-01,2023-12-04,2023-12-04,723770,livree
102238,12024,3,2023-12-01,2023-12-04,2023-12-09,766940,livree
102239,10265,1,2023-12-01,2023-12-06,2023-12-18,1318680,livree
102240,9751,4,2023-12-01,2023-12-04,2023-12-04,368200,livree
102241,14567,6,2023-11-30,2023-12-05,2023-12-05,1073565,livree
102242,3495,2,2023-12-02,2023-12-07,2023-12-07,544590,livree
102243,22377,5,2023-12-02,2023-12-12,2023-12-12,166015,livree
102244,2797,4,2023-11-30,2023-12-03,2023-12-07,705470,livree
102245,431,3,2023-12-02,2023-12-04,,820480,annulee
102246,19466,3,2023-12-02,2023-12-04,2023-12-12,520235,livree
102247,425,4,2023-12-02,2023-12-05,2023-12-04,50175,livree
102248,1125,5,2023-12-02,2023-12-09,2023-12-09,610945,livree
102249,20321,1,2023-12-03,2023-12-08,2023-12-08,1166250,livree
102250,20539,1,2023-12-03,2023-12-08,2023-12-07,537690,livree
102251,6947,5,2023-12-01,2023-12-04,2023-12-04,377125,livree
102252,15105,2,2023-12-02,2023-12-07,2023-12-07,1374110,livree
102253,7712,6,2023-12-03,2023-12-10,2023-12-10,493435,livree
102254,9515,4,2023-12-02,2023-12-07,2023-12-07,678285,livree
102255,4525,5,2023-12-04,2023-12-09,2023-12-08,347695,livree
102256,1074,4,2023-12-04,2023-12-06,2023-12-06,120625,livree
102257,19630,2,2023-12-02,2023-12-04,2023-12-03,138990,livree
102258,16495,3,2023-12-03,2023-12-05,2023-12-17,826430,livree
102259,2794,3,2023-12-05,2023-12-07,2023-12-06,579280,livree
102260,10308,1,2023-12-04,2023-12-09,2023-12-08,1044785,livree
102261,22366,1,2023-12-04,2023-12-09,2023-12-09,760105,livree
102262,6708,2,2023-12-04,2023-12-09,2023-12-09,169960,livree
102263,12736,1,2023-12-05,2023-12-07,2023-12-07,914620,livree
102264,13393,2,2023-12-03,2023-12-08,2023-12-08,853770,livree
102265,16885,2,2023-12-03,2023-12-08,,284215,annulee
102266,7807,6,2023-12-06,2023-12-13,,288315,annulee
102267,18946,4,2023-12-05,2023-12-10,2023-12-10,167945,livree
102268,11661,3,2023-12-05,2023-12-10,2023-12-10,1335790,livree
102269,342,5,2023-12-06,2023-12-09,2023-12-09,181725,livree
102270,126,1,2023-12-05,2023-12-12,2023-12-11,797010,livree
102271,2408,3,2023-12-06,2023-12-08,2023-12-07,405665,livree
102272,5793,2,2023-12-07,2023-12-09,2023-12-09,493455,livree
102273,5204,6,2023-12-05,2023-12-15,2023-12-14,758335,livree
102274,3841,4,2023-12-07,2023-12-10,2023-12-09,804900,livree
102275,4758,2,2023-12-07,2023-12-10,2023-12-09,1250090,livree
102276,12108,1,2023-12-05,2023-12-10,2023-12-10,1008580,livree
102277,10586,2,2023-12-05,2023-12-12,2023-12-15,1057480,livree
102278,6097,4,2023-12-06,2023-12-13,2023-12-12,587060,livree
102279,2206,1,2023-12-07,2023-12-12,2023-12-11,268960,livree
102280,6699,5,2023-12-07,2023-12-09,2023-12-09,140545,livree
102281,16747,2,2023-12-07,2023-12-10,2023-12-10,818435,livree
102282,9693,1,2023-12-06,2023-12-11,2023-12-10,1421420,livree
102283,22477,6,2023-12-08,2023-12-11,2023-12-11,432235,livree
102284,2315,2,2023-12-08,2023-12-18,2023-12-20,638920,livree
102285,19786,4,2023-12-06,2023-12-08,2023-12-08,1033400,livree
102286,13172,1,2023-12-08,2023-12-13,2023-12-12,729830,livree
102287,14943,3,2023-12-07,2023-12-12,2023-12-11,437920,livree
102288,1222,3,2023-12-08,2023-12-10,2023-12-09,609870,livree
102289,20109,1,2023-12-07,2023-12-12,2023-12-13,624175,livree
102290,1836,3,2023-12-08,2023-12-15,2023-12-19,303960,livree
102291,10792,3,2023-12-07,2023-12-12,2023-12-12,901015,livree
102292,11218,3,2023-12-09,2023-12-16,2023-12-15,393280,livree
102293,21690,5,2023-12-09,2023-12-12,2023-12-14,208390,livree
102294,248,3,2023-12-10,2023-12-15,2023-12-15,832490,livree
102295,15351,1,2023-12-09,2023-12-19,2023-12-18,156950,livree
102296,15324,6,2023-12-10,2023-12-13,2024-01-02,654650,livree
102297,23140,5,2023-12-08,2023-12-11,2023-12-11,1001785,livree
102298,16254,2,2023-12-08,2023-12-18,2023-12-17,1260710,livree
102299,22495,2,2023-12-09,2023-12-16,2023-12-15,1329900,livree
102300,9342,2,2023-12-10,2023-12-15,2023-12-14,695685,livree
102301,4985,4,2023-12-10,2023-12-20,2023-12-19,1357010,livree
102302,3713,5,2023-12-11,2023-12-13,2023-12-13,1044705,livree
102303,19467,5,2023-12-10,2023-12-13,2023-12-13,1440175,livree
102304,766,2,2023-12-11,2023-12-14,2023-12-19,374855,livree
102305,3460,2,2023-12-09,2023-12-19,2023-12-18,1197635,livree
102306,15337,5,2023-12-10,2023-12-20,2023-12-20,1337725,livree
102307,12577,5,2023-12-12,2023-12-15,2023-12-14,742610,livree
102308,2258,1,2023-12-10,2023-12-13,2023-12-13,1369705,livree
102309,7165,3,2023-12-12,2023-12-14,2023-12-14,988950,livree
102310,4395,4,2023-12-12,2023-12-15,2023-12-15,1201760,livree
102311,16756,1,2023-12-12,2023-12-15,2023-12-15,117585,livree
102312,7939,2,2023-12-10,2023-12-15,2023-12-15,1196950,livree
102313,20794,6,2023-12-12,2023-12-15,2023-12-15,1166215,livree
102314,1352,2,2023-12-12,2023-12-19,2023-12-19,777025,livree
102315,22813,4,2023-12-13,2023-12-15,2023-12-15,1403095,livree
102316,23640,4,2023-12-13,2023-12-18,2023-12-17,1143845,livree
102317,16336,5,2023-12-13,2023-12-18,2023-12-18,1245165,livree
102318,20128,1,2023-12-13,2023-12-16,2023-12-21,1137465,livree
102319,3749,3,2023-12-13,2023-12-18,2023-12-18,1226855,livree
102320,1180,2,2023-12-14,2023-12-16,2023-12-16,726215,livree
102321,23880,1,2023-12-12,2023-12-17,2023-12-17,301930,livree
102322,18581,4,2023-12-12,2023-12-19,2023-12-19,1105455,livree
102323,1451,5,2023-12-14,2023-12-24,2023-12-23,613380,livree
102324,662,6,2023-12-14,2023-12-19,2023-12-27,438620,livree
102325,3360,3,2023-12-13,2023-12-20,2024-01-09,878150,livree
102326,22306,6,2023-12-13,2023-12-18,2024-01-07,1260195,livree
102327,14328,6,2023-12-15,2023-12-20,2023-12-22,482885,livree
102328,6519,6,2023-12-13,2023-12-18,2023-12-18,1368100,livree
102329,12829,6,2023-12-14,2023-12-21,2023-12-29,1358495,livree
102330,17605,1,2023-12-15,2023-12-22,2023-12-22,1210110,livree
102331,18509,6,2023-12-14,2023-12-16,2024-01-30,1397600,livree
102332,6761,3,2023-12-14,2023-12-17,2023-12-16,51405,livree
102333,270,6,2023-12-15,2023-12-20,2023-12-20,1149215,livree
102334,2469,4,2023-12-15,2023-12-18,2023-12-18,408360,livree
102335,8261,4,2023-12-15,2023-12-18,2023-12-18,261760,livree
102336,7054,4,2023-12-14,2023-12-21,2023-12-21,1164590,livree
102337,22226,3,2023-12-16,2023-12-26,2023-12-26,498575,livree
102338,14343,3,2023-12-16,2023-12-19,2023-12-18,1396620,livree
102339,12559,4,2023-12-16,2023-12-26,2023-12-26,955935,livree
102340,5606,1,2023-12-16,2023-12-23,2023-12-22,1174530,livree
102341,19210,5,2023-12-15,2023-12-25,2023-12-25,473455,livree
102342,23553,4,2023-12-17,2023-12-20,2023-12-20,615570,livree
102343,1351,1,2023-12-15,2023-12-20,2023-12-20,107070,livree
102344,1778,6,2023-12-15,2023-12-17,2023-12-17,453560,livree
102345,157,3,2023-12-16,2023-12-21,2023-12-20,631735,livree
102346,13405,3,2023-12-17,2023-12-24,2023-12-24,718640,livree
102347,18849,6,2023-12-16,2023-12-19,2023-12-19,807745,livree
102348,21610,2,2023-12-17,2023-12-22,2023-12-21,700115,livree
102349,8174,3,2023-12-18,2023-12-23,2023-12-22,509125,livree
102350,22685,6,2023-12-16,2023-12-21,2023-12-21,99075,livree
102351,2507,5,2023-12-16,2023-12-18,2023-12-17,698535,livree
102352,8308,1,2023-12-16,2023-12-26,2023-12-28,376850,livree
102353,10985,4,2023-12-19,2023-12-21,2023-12-21,1212130,livree
102354,14526,1,2023-12-18,2023-12-23,2023-12-23,752470,livree
102355,9268,1,2023-12-17,2023-12-20,2023-12-20,1245925,livree
102356,652,5,2023-12-19,2023-12-22,2023-12-22,612825,livree
102357,9844,1,2023-12-18,2023-12-25,2023-12-24,1267450,livree
102358,19742,6,2023-12-18,2023-12-21,2023-12-21,373210,livree
102359,7533,6,2023-12-17,2023-12-24,2023-12-24,390185,livree
102360,442,6,2023-12-19,2023-12-21,2023-12-21,659565,livree
102361,11400,1,2023-12-18,2023-12-25,2023-12-24,993015,livree
102362,10612,6,2023-12-18,2023-12-21,2023-12-21,320710,livree
102363,2265,2,2023-12-18,2023-12-23,2023-12-23,1112950,livree
102364,19803,1,2023-12-18,2023-12-21,2023-12-21,1205325,livree
102365,20201,6,2023-12-19,2023-12-24,2023-12-27,807060,livree
102366,12774,4,2023-12-21,2023-12-26,2023-12-25,1034765,livree
102367,20528,2,2023-12-20,2023-12-25,2023-12-25,644480,livree
102368,16367,6,2023-12-21,2023-12-24,2023-12-24,820435,livree
102369,3138,5,2023-12-21,2023-12-24,2024-01-13,699805,livree
102370,5811,2,2023-12-19,2023-12-24,2023-12-24,490620,livree
102371,8386,2,2023-12-20,2023-12-22,2023-12-21,1033220,livree
102372,13211,2,2023-12-19,2023-12-22,,599520,annulee
102373,15872,3,2023-12-22,2024-01-01,2023-12-31,386075,livree
102374,19506,1,2023-12-22,2023-12-29,2023-12-28,1256570,livree
102375,20796,5,2023-12-20,2023-12-25,2023-12-24,634370,livree
102376,3192,3,2023-12-21,2023-12-23,2023-12-23,195760,livree
102377,10006,4,2023-12-21,2023-12-26,,1041510,annulee
102378,11723,3,2023-12-21,2023-12-31,2023-12-30,1378565,livree
102379,7923,2,2023-12-20,2023-12-30,2023-12-30,73830,livree
102380,9046,3,2023-12-22,2023-12-29,2023-12-28,1133660,livree
102381,18334,2,2023-12-22,2023-12-27,2023-12-27,1359575,livree
102382,16465,5,2023-12-21,2023-12-23,2024-02-06,68570,livree
102383,10740,5,2023-12-21,2023-12-28,2024-01-09,490250,livree
102384,5453,6,2023-12-23,2023-12-25,2023-12-24,400945,livree
102385,6518,3,2023-12-22,2023-12-29,2024-01-01,1197025,livree
102386,13830,2,2023-12-22,2024-01-01,2024-02-15,291290,livree
102387,13329,4,2023-12-23,2024-01-02,2024-01-02,660180,livree
102388,20423,5,2023-12-22,2024-01-01,2024-01-01,1141775,livree
102389,1876,1,2023-12-23,2023-12-30,2023-12-30,134165,livree
102390,17932,3,2023-12-22,2023-12-27,2023-12-27,1373235,livree
102391,7326,1,2023-12-24,2023-12-27,2023-12-27,273535,livree
102392,15350,2,2023-12-23,2023-12-30,2023-12-31,805600,livree
102393,9479,1,2023-12-25,2024-01-01,2024-01-09,1348475,livree
102394,3927,4,2023-12-23,2024-01-02,2024-01-02,1263905,livree
102395,11673,5,2023-12-24,2023-12-27,2023-12-27,1268850,livree
102396,16626,2,2023-12-23,2023-12-26,2023-12-26,1375070,livree
102397,4765,3,2023-12-24,2023-12-31,2023-12-30,872495,livree
102398,32,6,2023-12-25,2023-12-28,2024-01-05,885220,livree
102399,50,3,2023-12-25,2023-12-27,2023-12-27,864315,livree
102400,3589,3,2023-12-24,2023-12-31,2023-12-30,671980,livree
102401,8862,1,2023-12-24,2024-01-03,2024-01-03,898400,livree
102402,23875,6,2023-12-26,2024-01-05,2024-01-04,237805,livree
102403,10235,6,2023-12-26,2024-01-05,2024-01-04,219850,livree
102404,8578,6,2023-12-26,2023-12-28,2023-12-28,377315,livree
102405,15006,6,2023-12-25,2023-12-28,2023-12-28,987450,livree
102406,21003,2,2023-12-24,2023-12-27,2023-12-26,1019775,livree
102407,5077,1,2023-12-25,2023-12-28,2023-12-28,536690,livree
102408,154,4,2023-12-26,2024-01-05,2024-01-04,523590,livree
102409,3694,6,2023-12-25,2023-12-28,2023-12-28,445510,livree
102410,11260,2,2023-12-26,2023-12-28,2023-12-28,115680,livree
102411,20694,1,2023-12-26,2023-12-29,2023-12-28,871815,livree
102412,18173,2,2023-12-25,2023-12-28,2023-12-28,1170875,livree
102413,23821,6,2023-12-28,2024-01-07,2024-01-07,1314690,livree
102414,7322,5,2023-12-28,2024-01-02,2024-01-02,687835,livree
102415,6629,1,2023-12-28,2024-01-04,2024-01-03,1112225,livree
102416,22440,6,2023-12-26,2024-01-05,2024-01-04,828930,livree
102417,672,2,2023-12-27,2024-01-03,2024-01-02,1168890,livree
102418,18771,5,2023-12-26,2023-12-31,2023-12-31,1283910,livree
102419,20429,2,2023-12-26,2023-12-31,2023-12-30,256755,livree
102420,42,1,2023-12-28,2024-01-02,2024-01-02,270455,livree
102421,17205,3,2023-12-27,2023-12-29,2023-12-29,155280,livree
102422,8570,1,2023-12-29,2023-12-31,2024-01-04,1154025,livree
102423,16753,2,2023-12-28,2024-01-02,2024-01-02,490290,livree
102424,22338,3,2023-12-27,2024-01-06,2024-01-05,951595,livree
102425,3273,3,2023-12-27,2024-01-03,2024-01-03,401170,livree
102426,23636,1,2023-12-29,2024-01-03,2024-01-03,429415,livree
102427,22477,2,2023-12-29,2024-01-03,2024-01-03,148000,livree
102428,5224,5,2023-12-28,2024-01-02,,770040,annulee
102429,10041,1,2023-12-30,2024-01-01,2024-01-01,1174565,livree
102430,3271,4,2023-12-29,2024-01-03,,1432305,annulee
102431,3114,3,2023-12-29,2024-01-03,2024-01-03,1257620,livree
102432,4785,2,2023-12-28,2023-12-30,2023-12-30,1409310,livree
102433,14761,6,2023-12-30,2024-01-04,2024-01-07,1302675,livree
102434,22501,1,2023-12-29,2024-01-03,2024-01-02,394640,livree
102435,4837,1,2023-12-31,2024-01-10,2024-01-09,1122865,livree
102436,15942,3,2023-12-29,2024-01-03,,1204290,annulee
102437,17270,2,2023-12-31,2024-01-02,2024-01-06,318765,livree
102438,6094,3,2023-12-30,2024-01-04,2024-01-03,392135,livree
102439,12873,6,2023-12-31,2024-01-03,2024-01-03,154890,livree
102440,1385,4,2023-12-30,2024-01-04,2024-01-04,439720,livree
102441,8071,6,2024-01-01,2024-01-08,2024-01-16,674725,livree
102442,22675,6,2023-12-30,2024-01-02,2024-01-22,616110,livree
102443,8628,3,2024-01-01,2024-01-04,2024-01-04,964855,livree
102444,15347,6,2023-12-30,2024-01-04,2024-01-03,163585,livree
102445,16604,1,2023-12-30,2024-01-09,2024-01-09,310230,livree
102446,10696,6,2023-12-31,2024-01-10,2024-01-15,690860,livree
102447,812,5,2024-01-01,2024-01-11,2024-01-10,1327995,livree
102448,6596,4,2024-01-01,2024-01-11,,160875,annulee
102449,216,1,2024-01-01,2024-01-04,2024-01-03,1184825,livree
102450,3772,6,2023-12-31,2024-01-07,2024-01-06,872630,livree
102451,22197,4,2023-12-31,2024-01-02,2024-01-01,1353800,livree
102452,22019,2,2023-12-31,2024-01-03,2024-01-03,1449300,livree
102453,10642,1,2023-12-31,2024-01-02,2024-01-02,180525,livree
102454,2379,2,2024-01-01,2024-01-11,2024-01-11,557720,livree
102455,11423,5,2024-01-01,2024-01-04,2024-01-16,1198525,livree
102456,1223,4,2024-01-02,2024-01-12,2024-01-12,1071955,livree
102457,17011,2,2024-01-03,2024-01-13,2024-01-13,1199830,livree
102458,21303,2,2024-01-03,2024-01-08,2024-01-08,696260,livree
102459,19895,3,2024-01-03,2024-01-06,2024-01-05,982070,livree
102460,20215,1,2024-01-01,2024-01-06,2024-01-18,145145,livree
102461,4351,4,2024-01-02,2024-01-12,2024-01-12,823955,livree
102462,6268,4,2024-01-04,2024-01-14,,1273475,annulee
102463,11083,5,2024-01-02,2024-01-05,2024-01-04,616310,livree
102464,7283,3,2024-01-03,2024-01-08,2024-01-07,1416925,livree
102465,13375,2,2024-01-02,2024-01-07,2024-01-11,431220,livree
102466,2792,6,2024-01-02,2024-01-07,2024-01-07,454920,livree
102467,21119,5,2024-01-03,2024-01-06,2024-01-06,502000,livree
102468,17514,3,2024-01-03,2024-01-06,2024-01-05,640925,livree
102469,16756,6,2024-01-03,2024-01-08,2024-01-08,1379910,livree
102470,21339,4,2024-01-04,2024-01-11,2024-01-11,1189835,livree
102471,13553,3,2024-01-04,2024-01-09,2024-01-17,1399535,livree
102472,113,2,2024-01-05,2024-01-07,2024-01-07,1085420,livree
102473,8611,6,2024-01-03,2024-01-06,2024-01-06,347305,livree
102474,1035,3,2024-01-04,2024-01-07,2024-01-07,1223565,livree
102475,14450,3,2024-01-04,2024-01-09,2024-01-08,426855,livree
102476,8102,4,2024-01-04,2024-01-07,2024-01-06,116435,livree
102477,8895,4,2024-01-04,2024-01-07,2024-01-07,528635,livree
102478,21610,1,2024-01-04,2024-01-07,2024-01-06,879770,livree
102479,22359,2,2024-01-04,2024-01-11,2024-01-11,1046200,livree
102480,1848,5,2024-01-06,2024-01-13,2024-01-21,600205,livree
102481,236,4,2024-01-05,2024-01-15,2024-01-14,1330790,livree
102482,7180,5,2024-01-05,2024-01-08,2024-01-07,334015,livree
102483,270,2,2024-01-06,2024-01-13,2024-01-17,828635,livree
102484,6462,2,2024-01-06,2024-01-09,2024-01-09,618230,livree
102485,10504,5,2024-01-05,2024-01-08,2024-01-08,955640,livree
102486,14813,2,2024-01-07,2024-01-14,2024-01-14,665490,livree
102487,9741,1,2024-01-06,2024-01-11,2024-01-16,1197375,livree
102488,1633,6,2024-01-06,2024-01-09,,628725,annulee
102489,9017,5,2024-01-08,2024-01-10,2024-01-09,1209335,livree
102490,9123,6,2024-01-07,2024-01-10,2024-01-10,349135,livree
102491,8219,2,2024-01-08,2024-01-15,2024-01-16,1407740,livree
102492,21335,1,2024-01-08,2024-01-13,2024-01-12,180370,livree
102493,8462,4,2024-01-07,2024-01-12,2024-01-12,400675,livree
102494,23205,1,2024-01-08,2024-01-18,2024-01-18,440925,livree
102495,16207,1,2024-01-08,2024-01-15,2024-01-15,1063485,livree
102496,19394,4,2024-01-09,2024-01-14,2024-01-14,603680,livree
102497,23449,3,2024-01-08,2024-01-13,2024-01-13,417555,livree
102498,13046,5,2024-01-08,2024-01-15,2024-01-14,729680,livree
102499,23785,5,2024-01-09,2024-01-16,2024-03-01,1230125,livree
102500,20623,5,2024-01-09,2024-01-14,2024-01-14,178010,livree
102501,21433,6,2024-01-08,2024-01-15,2024-01-15,991910,livree
102502,2613,3,2024-01-08,2024-01-11,2024-01-12,800455,livree
102503,1971,5,2024-01-09,2024-01-16,2024-01-16,1270040,livree
102504,22232,1,2024-01-09,2024-01-11,2024-01-11,342850,livree
102505,20206,3,2024-01-09,2024-01-12,2024-01-11,1324745,livree
102506,12795,4,2024-01-09,2024-01-14,2024-01-14,802685,livree
102507,17469,3,2024-01-08,2024-01-11,2024-01-10,1202885,livree
102508,3879,2,2024-01-11,2024-01-14,2024-01-16,442955,livree
102509,13587,3,2024-01-09,2024-01-14,2024-01-13,971215,livree
102510,18582,6,2024-01-11,2024-01-18,2024-01-18,950645,livree
102511,21320,4,2024-01-09,2024-01-12,2024-01-11,676425,livree
102512,8835,1,2024-01-10,2024-01-20,2024-01-20,781715,livree
102513,8263,5,2024-01-10,2024-01-20,2024-01-19,871290,livree
102514,7285,1,2024-01-11,2024-01-18,2024-01-18,902405,livree
102515,10242,1,2024-01-12,2024-01-15,2024-01-15,694880,livree
102516,8290,5,2024-01-10,2024-01-15,2024-01-15,100510,livree
102517,22926,5,2024-01-12,2024-01-15,2024-01-15,541965,livree
102518,11220,2,2024-01-10,2024-01-17,2024-02-06,402225,livree
102519,18518,1,2024-01-10,2024-01-13,2024-01-12,287240,livree
102520,14583,4,2024-01-12,2024-01-15,2024-01-14,956905,livree
102521,7316,6,2024-01-12,2024-01-14,2024-01-14,1113185,livree
102522,17176,3,2024-01-11,2024-01-14,2024-01-14,52990,livree
102523,21227,6,2024-01-11,2024-01-18,2024-01-18,465930,livree
102524,6990,5,2024-01-11,2024-01-16,2024-01-15,590005,livree
102525,10687,6,2024-01-12,2024-01-14,2024-01-14,460205,livree
102526,23780,5,2024-01-12,2024-01-15,2024-01-14,299905,livree
102527,6190,6,2024-01-11,2024-01-18,2024-01-17,211465,livree
102528,5003,3,2024-01-14,2024-01-21,2024-01-21,1441800,livree
102529,21706,2,2024-01-13,2024-01-18,2024-01-17,766440,livree
102530,14477,3,2024-01-12,2024-01-19,2024-01-19,1082150,livree
102531,11101,5,2024-01-13,2024-01-18,2024-01-18,911945,livree
102532,15250,2,2024-01-13,2024-01-16,2024-01-15,533405,livree
102533,6906,1,2024-01-14,2024-01-21,2024-01-21,778950,livree
102534,21899,5,2024-01-15,2024-01-22,2024-01-22,478085,livree
102535,8905,5,2024-01-13,2024-01-20,2024-01-20,314050,livree
102536,11344,6,2024-01-14,2024-01-21,2024-01-23,586345,livree
102537,15080,6,2024-01-14,2024-01-19,2024-03-04,701410,livree
102538,14038,1,2024-01-14,2024-01-21,2024-01-21,1101725,livree
102539,2073,2,2024-01-13,2024-01-16,2024-01-16,190850,livree
102540,4951,6,2024-01-13,2024-01-18,2024-01-18,1175685,livree
102541,18277,5,2024-01-16,2024-01-18,2024-01-17,899030,livree
102542,17432,2,2024-01-15,2024-01-18,2024-01-23,831305,livree
102543,15690,5,2024-01-16,2024-01-21,2024-01-20,432455,livree
102544,3794,4,2024-01-15,2024-01-18,2024-01-17,338955,livree
102545,17189,3,2024-01-14,2024-01-24,2024-01-24,1369700,livree
102546,2071,5,2024-01-16,2024-01-23,2024-01-22,177925,livree
102547,15009,6,2024-01-16,2024-01-19,2024-02-08,415970,livree
102548,10267,6,2024-01-17,2024-01-20,2024-01-20,226040,livree
102549,22768,1,2024-01-17,2024-01-24,2024-01-24,949235,livree
102550,305,4,2024-01-16,2024-01-21,2024-01-21,973790,livree
102551,17549,2,2024-01-16,2024-01-23,2024-01-23,481925,livree
102552,18642,2,2024-01-17,2024-01-22,2024-01-22,1034805,livree
102553,4712,1,2024-01-17,2024-01-24,2024-01-24,207375,livree
102554,11147,2,2024-01-16,2024-01-21,2024-01-20,1415945,livree
102555,19413,3,2024-01-17,2024-01-27,2024-01-28,488395,livree
102556,10899,2,2024-01-16,2024-01-21,2024-03-06,829020,livree
102557,20961,6,2024-01-18,2024-01-25,2024-01-24,953180,livree
102558,1079,6,2024-01-16,2024-01-26,2024-01-26,1070005,livree
102559,21632,4,2024-01-16,2024-01-26,2024-01-29,911250,livree
102560,3493,3,2024-01-17,2024-01-20,2024-01-20,594035,livree
102561,461,2,2024-01-17,2024-01-27,2024-01-26,656225,livree
102562,16360,4,2024-01-18,2024-01-28,2024-01-29,980150,livree
102563,18375,6,2024-01-18,2024-01-20,2024-01-19,743655,livree
102564,15149,5,2024-01-19,2024-01-26,2024-02-15,282095,livree
102565,4087,2,2024-01-19,2024-01-24,2024-01-23,546515,livree
102566,9639,6,2024-01-18,2024-01-21,2024-01-20,848465,livree
102567,2310,3,2024-01-17,2024-01-24,2024-01-24,395910,livree
102568,69,3,2024-01-18,2024-01-23,2024-01-23,996205,livree
102569,4010,1,2024-01-18,2024-01-25,2024-01-28,1119040,livree
102570,12607,1,2024-01-18,2024-01-25,2024-01-24,1159410,livree
102571,11646,2,2024-01-20,2024-01-23,2024-01-22,328905,livree
102572,22646,1,2024-01-18,2024-01-25,2024-02-02,767690,livree
102573,21373,3,2024-01-18,2024-01-21,2024-01-26,366785,livree
102574,6593,6,2024-01-20,2024-01-25,2024-01-25,479105,livree
102575,6086,5,2024-01-19,2024-01-24,2024-01-24,306110,livree
102576,4216,3,2024-01-21,2024-01-23,2024-01-23,584060,livree
102577,17357,5,2024-01-20,2024-01-25,2024-01-24,1056990,livree
102578,1041,6,2024-01-20,2024-01-25,2024-01-25,1308865,livree
102579,20821,2,2024-01-19,2024-01-29,2024-01-29,567575,livree
102580,7230,2,2024-01-19,2024-01-26,2024-02-03,1317215,livree
102581,12535,6,2024-01-19,2024-01-29,2024-01-29,936595,livree
102582,20967,2,2024-01-22,2024-01-27,2024-02-08,94225,livree
102583,14806,2,2024-01-21,2024-01-24,2024-02-01,392720,livree
102584,11677,6,2024-01-20,2024-01-23,2024-01-23,215945,livree
102585,3068,6,2024-01-21,2024-01-26,2024-01-26,1300245,livree
102586,3569,3,2024-01-22,2024-01-27,2024-01-29,667830,livree
102587,20298,2,2024-01-22,2024-01-24,2024-01-24,465465,livree
102588,728,3,2024-01-23,2024-01-25,2024-01-25,1058410,livree
102589,16442,3,2024-01-23,2024-01-26,2024-01-26,705105,livree
102590,744,5,2024-01-22,2024-01-27,2024-01-26,1344690,livree
102591,12166,5,2024-01-23,2024-01-26,2024-01-25,127680,livree
102592,14611,6,2024-01-22,2024-01-25,2024-01-25,696535,livree
102593,5146,3,2024-01-21,2024-01-26,2024-01-26,992365,livree
102594,441,4,2024-01-21,2024-01-26,2024-01-25,1122460,livree
102595,13754,6,2024-01-22,2024-01-25,2024-01-25,743915,livree
102596,22807,3,2024-01-23,2024-01-30,2024-01-30,880425,livree
102597,17112,3,2024-01-22,2024-01-27,2024-03-12,1139325,livree
102598,22408,3,2024-01-22,2024-01-27,2024-01-27,1249170,livree
102599,4073,2,2024-01-24,2024-01-29,2024-01-28,1383210,livree
102600,19198,6,2024-01-22,2024-01-25,2024-01-25,62130,livree
102601,20914,4,2024-01-23,2024-01-25,2024-01-24,78495,livree
102602,11276,2,2024-01-23,2024-01-26,2024-01-26,744535,livree
102603,10244,1,2024-01-25,2024-01-30,2024-02-03,978640,livree
102604,22510,6,2024-01-25,2024-01-30,2024-01-31,186840,livree
102605,6516,1,2024-01-23,2024-01-25,2024-01-25,587525,livree
102606,14197,2,2024-01-23,2024-02-02,2024-02-14,832405,livree
102607,14436,4,2024-01-24,2024-01-29,2024-01-29,376190,livree
102608,18531,5,2024-01-26,2024-02-05,2024-02-04,554520,livree
102609,1174,5,2024-01-25,2024-01-27,2024-01-27,665310,livree
102610,5878,6,2024-01-26,2024-02-02,2024-02-02,870970,livree
102611,13780,2,2024-01-25,2024-01-30,2024-02-07,590055,livree
102612,17245,4,2024-01-24,2024-01-26,2024-02-15,1308895,livree
102613,12071,2,2024-01-25,2024-01-30,2024-01-29,1293815,livree
102614,5381,4,2024-01-25,2024-01-28,2024-01-28,342190,livree
102615,20658,2,2024-01-27,2024-02-01,2024-01-31,817325,livree
102616,9785,3,2024-01-25,2024-02-01,2024-02-01,725420,livree
102617,4472,2,2024-01-27,2024-02-01,2024-02-13,708850,livree
102618,21398,6,2024-01-27,2024-02-01,2024-02-13,1055945,livree
102619,5878,3,2024-01-27,2024-02-01,2024-01-31,945415,livree
102620,4051,5,2024-01-26,2024-01-31,2024-02-04,768185,livree
102621,13136,2,2024-01-25,2024-01-28,2024-01-28,1208805,livree
102622,19325,6,2024-01-28,2024-02-04,2024-02-04,1392070,livree
102623,13888,1,2024-01-28,2024-01-31,2024-03-16,1084670,livree
102624,14179,2,2024-01-27,2024-01-30,2024-01-29,1197010,livree
102625,14802,4,2024-01-26,2024-01-29,2024-01-29,266160,livree
102626,11265,2,2024-01-27,2024-02-03,2024-02-03,64435,livree
102627,22374,3,2024-01-27,2024-01-30,2024-02-19,313240,livree
102628,12925,5,2024-01-26,2024-02-05,2024-02-05,1007685,livree
102629,20108,2,2024-01-29,2024-01-31,2024-02-12,184895,livree
102630,21088,1,2024-01-29,2024-01-31,2024-01-31,226925,livree
102631,20465,2,2024-01-27,2024-02-01,2024-01-31,175365,livree
102632,14987,2,2024-01-29,2024-02-01,2024-02-01,421990,livree
102633,983,1,2024-01-28,2024-02-02,,175680,annulee
102634,9176,4,2024-01-28,2024-02-07,2024-02-07,439055,livree
102635,22975,2,2024-01-30,2024-02-02,2024-02-01,601595,livree
102636,12376,3,2024-01-28,2024-02-04,2024-02-08,646185,livree
102637,6815,3,2024-01-29,2024-02-03,2024-02-03,1033220,livree
102638,4490,2,2024-01-30,2024-02-04,2024-02-04,614525,livree
102639,19244,6,2024-01-28,2024-02-04,2024-02-04,107475,livree
102640,6967,1,2024-01-29,2024-02-01,2024-02-01,727045,livree
102641,6917,4,2024-01-30,2024-02-04,2024-02-24,88345,livree
102642,3718,1,2024-01-29,2024-02-01,2024-02-01,95615,livree
102643,4379,4,2024-01-29,2024-02-01,2024-01-31,909100,livree
102644,8122,3,2024-01-31,2024-02-05,2024-02-06,135375,livree
102645,17156,4,2024-01-31,2024-02-03,2024-02-03,1021410,livree
102646,18318,4,2024-01-29,2024-02-08,,517870,annulee
102647,11722,4,2024-01-29,2024-02-08,2024-02-08,911345,livree
102648,7757,2,2024-01-30,2024-02-06,2024-02-06,904780,livree
102649,13460,6,2024-02-01,2024-02-04,2024-02-04,834030,livree
102650,1869,1,2024-02-01,2024-02-06,2024-02-14,367845,livree
102651,9394,6,2024-01-30,2024-02-04,2024-02-04,45960,livree
102652,11424,2,2024-01-31,2024-02-05,2024-02-05,971370,livree
102653,9340,5,2024-01-31,2024-02-03,2024-02-03,232755,livree
102654,12930,3,2024-02-01,2024-02-08,2024-02-07,45165,livree
102655,5207,1,2024-02-01,2024-02-04,2024-02-04,1043490,livree
102656,16505,6,2024-01-31,2024-02-03,2024-02-03,1388475,livree
102657,13508,1,2024-01-31,2024-02-03,2024-02-02,819305,livree
102658,8708,6,2024-01-31,2024-02-10,2024-02-09,317140,livree
102659,10923,3,2024-02-02,2024-02-12,2024-02-11,517220,livree
102660,16253,1,2024-02-01,2024-02-08,2024-02-08,295995,livree
102661,12004,3,2024-02-01,2024-02-04,2024-02-04,1144870,livree
102662,4749,3,2024-02-01,2024-02-06,2024-02-05,710590,livree
102663,16356,1,2024-02-01,2024-02-03,2024-02-02,1345505,livree
102664,23109,4,2024-02-03,2024-02-06,2024-02-06,1188565,livree
102665,14898,6,2024-02-01,2024-02-11,2024-02-10,1294350,livree
102666,23112,2,2024-02-03,2024-02-13,2024-02-13,1449910,livree
102667,19672,2,2024-02-03,2024-02-08,2024-02-07,882385,livree
102668,3475,2,2024-02-03,2024-02-06,2024-02-05,842885,livree
102669,5865,5,2024-02-03,2024-02-10,2024-03-01,1286870,livree
102670,12113,6,2024-02-03,2024-02-06,2024-02-05,1144510,livree
102671,19859,5,2024-02-02,2024-02-05,2024-02-05,660575,livree
102672,453,6,2024-02-03,2024-02-05,2024-02-04,1031790,livree
102673,10135,2,2024-02-02,2024-02-09,2024-02-08,658500,livree
102674,20829,1,2024-02-04,2024-02-06,2024-02-06,332665,livree
102675,11207,4,2024-02-04,2024-02-09,2024-02-09,814270,livree
102676,20956,1,2024-02-04,2024-02-11,2024-02-11,1038325,livree
102677,16591,4,2024-02-05,2024-02-10,2024-02-09,1095290,livree
102678,9937,5,2024-02-04,2024-02-11,2024-02-13,1009130,livree
102679,6128,5,2024-02-05,2024-02-10,2024-02-10,823815,livree
102680,8557,4,2024-02-05,2024-02-10,,775880,annulee
102681,15946,5,2024-02-04,2024-02-11,2024-02-10,960470,livree
102682,21385,4,2024-02-06,2024-02-09,2024-02-09,707285,livree
102683,1160,4,2024-02-04,2024-02-09,2024-02-09,747690,livree
102684,21995,1,2024-02-05,2024-02-08,2024-02-07,917555,livree
102685,1585,4,2024-02-06,2024-02-08,2024-02-07,113105,livree
102686,69,4,2024-02-05,2024-02-12,2024-02-12,756520,livree
102687,10389,4,2024-02-04,2024-02-14,2024-02-14,123670,livree
102688,4938,4,2024-02-05,2024-02-10,2024-02-10,536235,livree
102689,16696,6,2024-02-05,2024-02-15,2024-02-15,919795,livree
102690,6740,2,2024-02-07,2024-02-10,2024-02-18,267765,livree
102691,7007,3,2024-02-06,2024-02-09,2024-02-09,125660,livree
102692,9169,1,2024-02-05,2024-02-08,2024-03-24,1262435,livree
102693,10862,6,2024-02-06,2024-02-09,2024-02-08,246100,livree
102694,5195,4,2024-02-05,2024-02-15,2024-02-15,211240,livree
102695,9941,5,2024-02-05,2024-02-10,,1333465,annulee
102696,15116,4,2024-02-07,2024-02-17,2024-02-29,1216365,livree
102697,15667,3,2024-02-07,2024-02-14,2024-02-14,639445,livree
102698,18881,6,2024-02-07,2024-02-12,2024-02-12,573975,livree
102699,19801,4,2024-02-07,2024-02-12,2024-02-12,805110,livree
102700,4304,3,2024-02-07,2024-02-12,2024-02-12,360505,livree
102701,20315,3,2024-02-06,2024-02-09,2024-02-09,596745,livree
102702,23666,1,2024-02-06,2024-02-11,2024-02-11,214600,livree
102703,20960,1,2024-02-09,2024-02-12,2024-03-03,1207285,livree
102704,10812,2,2024-02-07,2024-02-09,2024-02-09,1194780,livree
102705,19278,6,2024-02-07,2024-02-10,2024-02-10,322245,livree
102706,6540,1,2024-02-09,2024-02-12,2024-02-20,168085,livree
102707,11665,1,2024-02-07,2024-02-12,2024-02-12,232945,livree
102708,4871,3,2024-02-09,2024-02-12,2024-02-12,66120,livree
102709,8649,5,2024-02-10,2024-02-17,2024-02-16,365085,livree
102710,11688,4,2024-02-10,2024-02-15,2024-02-15,959200,livree
102711,17969,3,2024-02-08,2024-02-13,2024-02-13,873435,livree
102712,7588,2,2024-02-08,2024-02-11,2024-02-12,540385,livree
102713,14615,1,2024-02-09,2024-02-14,2024-02-14,307680,livree
102714,1791,5,2024-02-08,2024-02-18,2024-02-17,1152010,livree
102715,6608,1,2024-02-10,2024-02-13,2024-02-14,963630,livree
102716,2195,5,2024-02-10,2024-02-17,2024-02-18,1236710,livree
102717,3449,5,2024-02-10,2024-02-20,,652270,annulee
102718,22341,5,2024-02-11,2024-02-14,2024-02-14,1190140,livree
102719,14415,3,2024-02-09,2024-02-14,2024-02-14,959465,livree
102720,17540,6,2024-02-11,2024-02-14,2024-02-13,436530,livree
102721,12916,4,2024-02-11,2024-02-21,2024-02-21,1086630,livree
102722,939,1,2024-02-09,2024-02-11,2024-02-11,541340,livree
102723,14075,5,2024-02-12,2024-02-22,2024-02-22,1447135,livree
102724,5607,3,2024-02-12,2024-02-22,2024-02-22,246055,livree
102725,10192,1,2024-02-12,2024-02-17,2024-02-17,527450,livree
102726,19514,1,2024-02-12,2024-02-22,2024-02-22,46690,livree
102727,17793,2,2024-02-10,2024-02-17,2024-02-17,95095,livree
102728,22875,6,2024-02-11,2024-02-14,2024-02-14,1324160,livree
102729,10942,2,2024-02-12,2024-02-17,2024-02-17,1226075,livree
102730,7944,2,2024-02-12,2024-02-14,2024-02-14,502695,livree
102731,14661,6,2024-02-13,2024-02-20,2024-02-20,1415990,livree
102732,12348,2,2024-02-13,2024-02-23,2024-02-23,1400300,livree
102733,19829,3,2024-02-13,2024-02-16,2024-02-16,906150,livree
102734,15259,2,2024-02-11,2024-02-13,2024-02-14,891800,livree
102735,11495,2,2024-02-13,2024-02-18,2024-02-17,620905,livree
102736,8931,3,2024-02-12,2024-02-22,2024-02-22,1088120,livree
102737,14477,5,2024-02-12,2024-02-22,2024-02-21,820195,livree
102738,20028,6,2024-02-12,2024-02-19,2024-02-19,771400,livree
102739,12837,1,2024-02-13,2024-02-18,2024-02-18,1031480,livree
102740,359,4,2024-02-12,2024-02-17,,130100,annulee
102741,4401,1,2024-02-14,2024-02-19,2024-02-19,334765,livree
102742,16040,5,2024-02-12,2024-02-15,2024-02-27,392830,livree
102743,21208,3,2024-02-15,2024-02-18,2024-02-18,1370655,livree
102744,17802,4,2024-02-13,2024-02-18,2024-02-18,1077855,livree
102745,1075,2,2024-02-13,2024-02-18,2024-02-18,330485,livree
102746,8699,3,2024-02-13,2024-02-18,2024-02-17,991670,livree
102747,22200,4,2024-02-15,2024-02-20,2024-02-23,208025,livree
102748,5555,5,2024-02-14,2024-02-16,2024-02-16,869455,livree
102749,6221,4,2024-02-15,2024-02-20,2024-02-20,958395,livree
102750,7578,1,2024-02-14,2024-02-17,2024-02-17,362305,livree
102751,22644,1,2024-02-15,2024-02-20,2024-02-22,1088235,livree
102752,18559,1,2024-02-16,2024-02-19,2024-02-18,413470,livree
102753,2327,2,2024-02-15,2024-02-22,2024-02-26,711400,livree
102754,19034,2,2024-02-14,2024-02-17,2024-02-19,483630,livree
102755,12622,3,2024-02-15,2024-02-20,2024-02-19,929920,livree
102756,8047,5,2024-02-15,2024-02-17,2024-02-16,375480,livree
102757,2059,1,2024-02-16,2024-02-19,2024-02-18,91195,livree
102758,114,1,2024-02-15,2024-02-17,2024-02-29,1299435,livree
102759,5207,4,2024-02-15,2024-02-20,2024-03-03,1081395,livree
102760,13218,3,2024-02-16,2024-02-23,2024-02-23,1151555,livree
102761,16118,1,2024-02-17,2024-02-20,2024-02-20,1097595,livree
102762,20618,6,2024-02-16,2024-02-19,2024-02-19,523545,livree
102763,22754,3,2024-02-16,2024-02-19,2024-02-19,652320,livree
102764,3836,4,2024-02-18,2024-02-21,2024-02-20,1037465,livree
102765,12183,2,2024-02-16,2024-02-21,2024-02-22,961040,livree
102766,22187,2,2024-02-17,2024-02-22,2024-02-21,1377215,livree
102767,6223,4,2024-02-16,2024-02-23,2024-03-02,539860,livree
102768,2251,1,2024-02-18,2024-02-25,2024-02-25,636290,livree
102769,20227,3,2024-02-18,2024-02-25,2024-02-25,801730,livree
102770,5398,1,2024-02-18,2024-02-20,2024-02-19,1086515,livree
102771,9296,5,2024-02-19,2024-02-21,2024-02-24,1315625,livree
102772,3500,3,2024-02-18,2024-02-21,2024-02-21,1092510,livree
102773,8109,4,2024-02-19,2024-02-26,2024-02-25,894065,livree
102774,10039,2,2024-02-18,2024-02-28,2024-02-27,733840,livree
102775,18566,4,2024-02-17,2024-02-22,2024-02-22,987545,livree
102776,1015,4,2024-02-20,2024-02-23,2024-02-25,374500,livree
102777,21876,1,2024-02-20,2024-03-01,,226160,annulee
102778,2120,3,2024-02-19,2024-02-21,2024-02-21,1292845,livree
102779,7331,2,2024-02-19,2024-02-24,2024-02-23,537430,livree
102780,15462,5,2024-02-20,2024-03-01,2024-03-13,185205,livree
102781,17042,5,2024-02-20,2024-02-23,2024-02-28,512015,livree
102782,9383,4,2024-02-20,2024-02-23,2024-02-26,166335,livree
102783,21491,1,2024-02-20,2024-02-23,2024-02-22,625285,livree
102784,11056,5,2024-02-19,2024-02-22,2024-02-22,345160,livree
102785,17025,5,2024-02-19,2024-02-24,2024-02-23,380675,livree
102786,7206,6,2024-02-19,2024-02-21,2024-02-21,1108545,livree
102787,17122,2,2024-02-20,2024-02-23,2024-02-23,378185,livree
102788,12484,6,2024-02-21,2024-02-23,2024-03-06,1164955,livree
102789,18298,2,2024-02-20,2024-02-27,,51890,annulee
102790,13715,4,2024-02-21,2024-02-26,2024-02-25,1226735,livree
102791,7953,3,2024-02-21,2024-02-24,2024-02-23,193625,livree
102792,23294,6,2024-02-21,2024-02-26,2024-02-26,472700,livree
102793,17868,4,2024-02-20,2024-02-22,2024-02-22,969050,livree
102794,2888,4,2024-02-20,2024-02-25,2024-03-08,1063745,livree
102795,21556,1,2024-02-21,2024-02-24,2024-02-24,1333250,livree
102796,6925,3,2024-02-20,2024-02-23,2024-02-27,314460,livree
102797,22200,4,2024-02-23,2024-03-04,2024-03-04,1199175,livree
102798,11062,6,2024-02-21,2024-02-24,2024-02-24,812615,livree
102799,13247,6,2024-02-21,2024-02-26,2024-02-26,595940,livree
102800,9232,5,2024-02-22,2024-02-25,2024-02-25,1257655,livree
102801,13595,3,2024-02-21,2024-02-26,2024-02-25,637035,livree
102802,18184,1,2024-02-22,2024-02-24,2024-02-23,1056350,livree
102803,16892,5,2024-02-23,2024-03-01,2024-02-29,1325360,livree
102804,6387,6,2024-02-22,2024-02-24,2024-02-24,1242670,livree
102805,14248,2,2024-02-22,2024-02-27,2024-02-27,683845,livree
102806,14662,1,2024-02-24,2024-03-02,2024-03-01,560495,livree
102807,1941,1,2024-02-24,2024-02-29,2024-02-29,239825,livree
102808,18970,3,2024-02-22,2024-02-27,2024-02-27,1109180,livree
102809,4559,4,2024-02-23,2024-02-25,2024-02-24,966235,livree
102810,14565,3,2024-02-25,2024-02-28,2024-02-27,577305,livree
102811,1225,1,2024-02-24,2024-03-02,2024-03-05,1100410,livree
102812,17255,4,2024-02-24,2024-02-27,2024-02-27,246910,livree
102813,22745,6,2024-02-23,2024-02-28,,149290,annulee
102814,9453,2,2024-02-25,2024-03-03,,815360,annulee
102815,3926,1,2024-02-24,2024-02-26,2024-02-26,72210,livree
102816,7622,5,2024-02-25,2024-03-06,2024-03-05,512715,livree
102817,7647,3,2024-02-26,2024-03-04,2024-03-04,334135,livree
102818,3103,3,2024-02-24,2024-03-02,2024-03-02,386330,livree
102819,11395,6,2024-02-26,2024-02-29,2024-02-29,86465,livree
102820,658,2,2024-02-25,2024-02-28,2024-02-27,1274035,livree
102821,6342,6,2024-02-25,2024-03-03,2024-03-02,1053780,livree
102822,15145,5,2024-02-24,2024-03-05,2024-03-05,284685,livree
102823,10647,5,2024-02-26,2024-03-07,2024-03-06,161320,livree
102824,13136,2,2024-02-25,2024-03-03,2024-03-02,1142045,livree
102825,10598,1,2024-02-25,2024-02-28,2024-02-28,1105190,livree
102826,21708,4,2024-02-26,2024-02-29,2024-03-04,446575,livree
102827,10613,1,2024-02-25,2024-02-28,2024-02-28,1153715,livree
102828,23880,5,2024-02-25,2024-02-27,2024-02-26,1209810,livree
102829,22964,5,2024-02-26,2024-03-02,2024-03-03,1365590,livree
102830,12102,6,2024-02-26,2024-03-07,2024-03-06,1035015,livree
102831,532,4,2024-02-27,2024-02-29,2024-03-20,1235560,livree
102832,17169,1,2024-02-26,2024-02-29,2024-02-29,98445,livree
102833,4873,5,2024-02-26,2024-02-29,2024-02-29,915535,livree
102834,7304,3,2024-02-28,2024-03-02,2024-03-02,520970,livree
102835,12578,2,2024-02-26,2024-03-04,2024-03-16,572910,livree
102836,12873,4,2024-02-26,2024-02-28,2024-02-28,1103845,livree
102837,13876,2,2024-02-28,2024-03-06,2024-03-05,312670,livree
102838,6098,5,2024-02-28,2024-03-02,2024-03-02,247770,livree
102839,16728,2,2024-02-29,2024-03-05,2024-03-05,1183260,livree
102840,4906,6,2024-02-29,2024-03-02,2024-03-01,1255510,livree
102841,20242,4,2024-02-27,2024-03-03,2024-03-02,368285,livree
102842,19844,5,2024-02-27,2024-03-03,2024-03-03,496280,livree
102843,9934,5,2024-02-29,2024-03-05,2024-03-05,131515,livree
102844,20333,4,2024-02-28,2024-03-02,2024-03-01,196855,livree
102845,2286,1,2024-02-28,2024-03-06,2024-03-06,1381965,livree
102846,3239,4,2024-03-01,2024-03-04,2024-03-04,1051915,livree
102847,8552,1,2024-02-29,2024-03-07,2024-03-06,689490,livree
102848,21104,1,2024-02-28,2024-03-06,2024-03-06,1360175,livree
102849,14630,6,2024-02-29,2024-03-07,2024-03-06,628150,livree
102850,11784,2,2024-03-02,2024-03-07,2024-03-07,480520,livree
102851,5768,5,2024-03-01,2024-03-08,2024-03-08,1027170,livree
102852,15288,3,2024-03-02,2024-03-04,2024-03-04,404020,livree
102853,2873,6,2024-02-29,2024-03-10,2024-03-09,1131480,livree
102854,5735,1,2024-03-01,2024-03-08,,975485,annulee
102855,11640,4,2024-03-01,2024-03-04,2024-03-04,1145455,livree
102856,19792,6,2024-03-01,2024-03-11,2024-03-11,626900,livree
102857,7631,5,2024-03-02,2024-03-07,2024-03-06,1014545,livree
102858,6634,5,2024-03-01,2024-03-08,2024-03-08,303080,livree
102859,11973,6,2024-03-01,2024-03-06,2024-03-06,1095215,livree
102860,18931,5,2024-03-02,2024-03-07,2024-03-11,1179620,livree
102861,6075,3,2024-03-03,2024-03-06,2024-03-05,511595,livree
102862,10495,5,2024-03-01,2024-03-08,2024-03-08,291350,livree
102863,18413,3,2024-03-01,2024-03-11,2024-03-11,1187090,livree
102864,19274,3,2024-03-04,2024-03-07,2024-03-06,606100,livree
102865,10893,6,2024-03-04,2024-03-09,2024-03-08,1419775,livree
102866,19313,4,2024-03-03,2024-03-08,2024-03-08,974545,livree
102867,4675,5,2024-03-04,2024-03-06,,647500,annulee
102868,12242,1,2024-03-04,2024-03-07,2024-03-07,714895,livree
102869,9748,2,2024-03-02,2024-03-05,2024-03-05,927110,livree
102870,17357,3,2024-03-02,2024-03-09,2024-03-09,1336240,livree
102871,6844,6,2024-03-05,2024-03-10,2024-03-09,1378530,livree
102872,48,3,2024-03-04,2024-03-14,2024-03-15,335330,livree
102873,21542,3,2024-03-04,2024-03-07,2024-03-07,1410520,livree
102874,12840,4,2024-03-04,2024-03-11,2024-03-11,64210,livree
102875,8384,5,2024-03-04,2024-03-14,2024-03-14,142560,livree
102876,14869,6,2024-03-04,2024-03-06,2024-03-07,1007700,livree
102877,16405,4,2024-03-04,2024-03-07,2024-03-06,298875,livree
102878,13207,1,2024-03-04,2024-03-09,2024-03-08,1040255,livree
102879,14532,3,2024-03-06,2024-03-13,2024-03-13,1141605,livree
102880,1543,3,2024-03-05,2024-03-08,2024-03-08,261040,livree
102881,909,6,2024-03-05,2024-03-15,2024-03-15,1105300,livree
102882,15509,1,2024-03-04,2024-03-09,2024-03-09,1156370,livree
102883,3725,5,2024-03-04,2024-03-09,2024-03-09,433535,livree
102884,12140,2,2024-03-05,2024-03-07,2024-03-06,685955,livree
102885,72,5,2024-03-07,2024-03-12,2024-03-11,1239270,livree
102886,13866,1,2024-03-07,2024-03-17,2024-03-17,1405170,livree
102887,15425,6,2024-03-07,2024-03-14,2024-03-13,904550,livree
102888,11872,3,2024-03-05,2024-03-15,2024-03-15,807790,livree
102889,9610,4,2024-03-06,2024-03-13,2024-03-13,1196700,livree
102890,5877,5,2024-03-05,2024-03-08,2024-03-08,580835,livree
102891,2939,1,2024-03-07,2024-03-17,2024-03-16,566000,livree
102892,884,3,2024-03-07,2024-03-17,2024-04-06,619170,livree
102893,20796,3,2024-03-07,2024-03-10,2024-03-11,740570,livree
102894,3463,5,2024-03-08,2024-03-15,2024-03-15,1186880,livree
102895,2335,3,2024-03-08,2024-03-11,2024-03-11,951255,livree
102896,21633,1,2024-03-08,2024-03-10,2024-03-10,144770,livree
102897,21793,1,2024-03-08,2024-03-13,2024-03-13,444250,livree
102898,15782,2,2024-03-09,2024-03-12,,610520,annulee
102899,7554,3,2024-03-08,2024-03-18,2024-05-02,279725,livree
102900,285,5,2024-03-08,2024-03-13,2024-03-12,916360,livree
102901,16177,3,2024-03-09,2024-03-14,2024-03-14,690540,livree
102902,20507,1,2024-03-08,2024-03-11,2024-03-11,346950,livree
102903,15942,5,2024-03-07,2024-03-14,2024-03-14,556775,livree
102904,6909,1,2024-03-08,2024-03-11,2024-03-10,524955,livree
102905,14719,2,2024-03-10,2024-03-20,2024-03-22,1107705,livree
102906,8764,3,2024-03-10,2024-03-13,2024-03-14,844750,livree
102907,285,5,2024-03-10,2024-03-13,2024-03-13,413570,livree
102908,746,5,2024-03-10,2024-03-13,2024-03-14,895425,livree
102909,12831,5,2024-03-10,2024-03-15,2024-03-14,1329810,livree
102910,17607,3,2024-03-08,2024-03-15,,1085315,annulee
102911,3664,2,2024-03-11,2024-03-13,2024-03-14,406550,livree
102912,1173,3,2024-03-11,2024-03-13,2024-03-15,602880,livree
102913,14320,2,2024-03-09,2024-03-14,2024-03-13,1104610,livree
102914,11879,4,2024-03-10,2024-03-20,2024-03-20,183410,livree
102915,18448,1,2024-03-10,2024-03-13,2024-04-27,1063395,livree
102916,17620,1,2024-03-11,2024-03-16,2024-03-17,144250,livree
102917,14836,6,2024-03-11,2024-03-14,2024-03-14,886315,livree
102918,13828,4,2024-03-11,2024-03-14,2024-03-14,62050,livree
102919,22595,2,2024-03-12,2024-03-22,2024-03-22,542360,livree
102920,6975,1,2024-03-11,2024-03-21,2024-03-26,1372850,livree
102921,3655,2,2024-03-11,2024-03-16,2024-03-16,541925,livree
102922,15590,5,2024-03-12,2024-03-17,2024-03-17,403050,livree
102923,2362,4,2024-03-11,2024-03-14,2024-04-03,455470,livree
102924,15092,5,2024-03-11,2024-03-18,2024-03-18,1008585,livree
102925,7120,1,2024-03-12,2024-03-17,2024-03-16,79515,livree
102926,4443,3,2024-03-12,2024-03-17,2024-03-16,441005,livree
102927,16001,3,2024-03-12,2024-03-22,2024-03-22,162645,livree
102928,18536,6,2024-03-13,2024-03-15,2024-03-15,1133365,livree
102929,22561,2,2024-03-11,2024-03-14,2024-03-14,1402155,livree
102930,11615,4,2024-03-11,2024-03-13,2024-03-13,621925,livree
102931,6316,6,2024-03-13,2024-03-20,2024-03-19,1064410,livree
102932,5932,3,2024-03-12,2024-03-15,2024-03-15,273905,livree
102933,7050,5,2024-03-14,2024-03-17,,544270,annulee
102934,12694,3,2024-03-14,2024-03-21,2024-03-21,992330,livree
102935,15608,1,2024-03-13,2024-03-15,2024-03-14,1282180,livree
102936,7423,2,2024-03-13,2024-03-18,2024-03-23,1041945,livree
102937,18855,6,2024-03-12,2024-03-22,2024-03-22,1188915,livree
102938,4720,6,2024-03-15,2024-03-20,2024-05-04,1094530,livree
102939,14627,4,2024-03-13,2024-03-18,2024-03-17,1027340,livree
102940,5160,2,2024-03-15,2024-03-20,2024-03-20,144695,livree
102941,3409,4,2024-03-15,2024-03-20,2024-03-20,214875,livree
102942,3725,4,2024-03-14,2024-03-17,2024-03-17,271470,livree
102943,10474,3,2024-03-13,2024-03-20,2024-03-20,442510,livree
102944,8284,3,2024-03-16,2024-03-19,2024-03-20,906770,livree
102945,6635,1,2024-03-15,2024-03-20,2024-03-19,1333830,livree
102946,8111,2,2024-03-15,2024-03-25,2024-03-25,512765,livree
102947,15102,4,2024-03-15,2024-03-17,2024-03-17,49920,livree
102948,18269,3,2024-03-16,2024-03-23,2024-03-22,391480,livree
102949,20710,3,2024-03-15,2024-03-22,2024-03-21,1156905,livree
102950,11682,6,2024-03-16,2024-03-19,2024-03-19,940150,livree
102951,23323,2,2024-03-15,2024-03-20,2024-03-24,405405,livree
102952,23774,5,2024-03-15,2024-03-18,2024-03-18,1243260,livree
102953,2189,6,2024-03-16,2024-03-21,2024-03-22,663110,livree
102954,2540,5,2024-03-16,2024-03-18,2024-03-18,1384620,livree
102955,11194,3,2024-03-15,2024-03-20,2024-03-20,541765,livree
102956,3416,4,2024-03-16,2024-03-19,2024-03-19,677040,livree
102957,4784,1,2024-03-17,2024-03-27,2024-03-27,1201080,livree
102958,9911,4,2024-03-16,2024-03-23,2024-03-22,280815,livree
102959,6398,6,2024-03-18,2024-03-21,2024-03-21,758220,livree
102960,1812,5,2024-03-16,2024-03-23,2024-03-23,1412055,livree
102961,14283,6,2024-03-17,2024-03-27,2024-03-26,181975,livree
102962,10295,3,2024-03-16,2024-03-23,2024-03-23,252855,livree
102963,19972,5,2024-03-18,2024-03-21,2024-03-20,860875,livree
102964,8606,3,2024-03-16,2024-03-23,2024-03-23,1189290,livree
102965,9961,3,2024-03-18,2024-03-23,2024-04-04,460455,livree
102966,172,2,2024-03-18,2024-03-23,2024-03-23,187250,livree
102967,11137,1,2024-03-18,2024-03-21,2024-03-20,124755,livree
102968,20607,5,2024-03-17,2024-03-24,2024-03-24,326995,livree
102969,2905,2,2024-03-17,2024-03-24,2024-03-23,448740,livree
102970,8558,2,2024-03-17,2024-03-24,2024-03-24,1269380,livree
102971,16464,1,2024-03-20,2024-03-22,,69530,annulee
102972,357,4,2024-03-18,2024-03-23,2024-03-22,338830,livree
102973,16419,5,2024-03-19,2024-03-22,2024-03-21,1019330,livree
102974,23034,5,2024-03-18,2024-03-21,2024-04-10,691645,livree
102975,7760,2,2024-03-20,2024-03-25,2024-03-24,849000,livree
102976,4308,1,2024-03-20,2024-03-25,2024-03-24,1182110,livree
102977,12160,1,2024-03-19,2024-03-22,2024-03-22,634555,livree
102978,7459,6,2024-03-21,2024-03-24,2024-03-23,161725,livree
102979,7697,4,2024-03-20,2024-03-23,2024-03-23,853155,livree
102980,19184,4,2024-03-20,2024-03-23,2024-03-23,154800,livree
102981,163,4,2024-03-19,2024-03-24,2024-03-23,331390,livree
102982,14495,2,2024-03-20,2024-03-23,2024-03-23,114680,livree
102983,10339,5,2024-03-20,2024-03-23,2024-03-23,880365,livree
102984,22886,5,2024-03-20,2024-03-25,2024-03-25,806655,livree
102985,14104,4,2024-03-20,2024-03-25,2024-03-25,996225,livree
102986,13193,2,2024-03-20,2024-03-22,2024-03-22,349820,livree
102987,824,1,2024-03-21,2024-03-31,2024-03-31,83690,livree
102988,3429,2,2024-03-22,2024-03-29,,910540,annulee
102989,23196,4,2024-03-20,2024-03-30,2024-03-29,1038305,livree
102990,17528,3,2024-03-20,2024-03-30,2024-05-14,187260,livree
102991,14794,1,2024-03-22,2024-03-27,2024-03-26,198020,livree
102992,13395,4,2024-03-21,2024-03-26,2024-03-25,1108365,livree
102993,436,1,2024-03-21,2024-03-23,2024-03-23,414190,livree
102994,13647,3,2024-03-23,2024-04-02,2024-04-01,291770,livree
102995,6177,6,2024-03-21,2024-03-26,2024-03-26,968005,livree
102996,20711,4,2024-03-22,2024-04-01,2024-04-01,1307080,livree
102997,14348,3,2024-03-22,2024-03-29,2024-03-29,1163700,livree
102998,12703,2,2024-03-24,2024-03-29,2024-05-13,624970,livree
102999,23402,6,2024-03-23,2024-03-26,2024-03-26,1353660,livree
103000,12636,5,2024-03-22,2024-03-25,2024-03-25,975295,livree
103001,22536,1,2024-03-22,2024-03-24,2024-03-24,757815,livree
103002,5331,3,2024-03-22,2024-03-29,2024-03-29,146170,livree
103003,23536,6,2024-03-24,2024-03-27,2024-04-04,333255,livree
103004,15203,3,2024-03-24,2024-04-03,2024-04-02,237510,livree
103005,7687,6,2024-03-23,2024-04-02,,64555,annulee
103006,6799,1,2024-03-24,2024-03-29,2024-03-28,1261525,livree
103007,6247,4,2024-03-24,2024-03-27,2024-03-29,1125185,livree
103008,18390,6,2024-03-24,2024-03-27,2024-03-27,118155,livree
103009,10748,6,2024-03-25,2024-03-28,2024-03-28,1134065,livree
103010,9523,6,2024-03-23,2024-03-28,2024-03-27,254460,livree
103011,15332,2,2024-03-23,2024-03-26,2024-03-26,1275790,livree
103012,10835,1,2024-03-26,2024-04-05,,603665,annulee
103013,22962,1,2024-03-24,2024-03-27,2024-03-27,87295,livree
103014,23587,5,2024-03-25,2024-03-28,2024-03-27,316300,livree
103015,12751,5,2024-03-24,2024-04-03,2024-04-02,1256350,livree
103016,1162,2,2024-03-24,2024-04-03,2024-04-03,743520,livree
103017,9872,5,2024-03-26,2024-04-05,2024-04-04,1137075,livree
103018,12465,5,2024-03-25,2024-03-28,2024-03-27,1316985,livree
103019,23779,4,2024-03-25,2024-03-27,2024-03-26,664430,livree
103020,13414,3,2024-03-27,2024-04-01,2024-04-01,141915,livree
103021,13589,3,2024-03-26,2024-04-05,2024-04-04,374265,livree
103022,18033,5,2024-03-26,2024-03-31,2024-03-30,463430,livree
103023,10807,6,2024-03-25,2024-03-30,2024-04-07,712730,livree
103024,3660,6,2024-03-25,2024-04-01,2024-04-01,51695,livree
103025,12882,2,2024-03-28,2024-04-07,,302170,annulee
103026,7247,5,2024-03-28,2024-04-02,2024-04-02,1076955,livree
103027,14443,1,2024-03-26,2024-03-29,2024-03-29,1243915,livree
103028,6074,1,2024-03-26,2024-03-31,2024-03-31,554665,livree
103029,5861,5,2024-03-28,2024-04-02,2024-04-02,1017685,livree
103030,12331,4,2024-03-26,2024-04-02,2024-04-02,162550,livree
103031,9389,3,2024-03-28,2024-04-02,2024-04-01,100165,livree
103032,15929,2,2024-03-27,2024-04-01,2024-04-01,708260,livree
103033,13848,5,2024-03-28,2024-03-30,2024-03-29,347750,livree
103034,15638,2,2024-03-28,2024-03-31,2024-04-12,540810,livree
103035,21193,6,2024-03-28,2024-04-02,2024-04-01,313420,livree
103036,8449,5,2024-03-28,2024-03-31,2024-03-30,882495,livree
103037,12187,1,2024-03-27,2024-04-03,2024-04-03,1342245,livree
103038,4199,4,2024-03-28,2024-03-31,2024-03-31,515105,livree
103039,4015,3,2024-03-29,2024-03-31,2024-03-31,1050230,livree
103040,10688,6,2024-03-28,2024-03-31,2024-03-31,1203185,livree
103041,20982,6,2024-03-28,2024-04-04,2024-04-24,446900,livree
103042,4280,5,2024-03-29,2024-04-08,2024-04-08,963895,livree
103043,7163,2,2024-03-28,2024-04-02,2024-04-01,1230045,livree
103044,20703,2,2024-03-29,2024-04-01,2024-04-05,1255280,livree
103045,1497,4,2024-03-29,2024-03-31,2024-03-31,1344775,livree
103046,19144,5,2024-03-30,2024-04-02,2024-04-01,112360,livree
103047,23092,6,2024-03-30,2024-04-04,2024-04-04,289645,livree
103048,22281,3,2024-03-31,2024-04-03,2024-04-02,1168700,livree
103049,11522,4,2024-03-29,2024-04-01,2024-04-01,811455,livree
103050,488,1,2024-03-29,2024-04-08,2024-04-08,327995,livree
103051,3151,6,2024-03-30,2024-04-04,2024-04-04,170065,livree
103052,16,6,2024-04-01,2024-04-11,2024-04-11,613035,livree
103053,2007,1,2024-04-01,2024-04-11,2024-04-11,784335,livree
103054,16516,3,2024-03-30,2024-04-09,2024-04-09,1058925,livree
103055,1517,2,2024-03-31,2024-04-10,2024-04-10,499275,livree
103056,41,5,2024-03-30,2024-04-09,2024-04-08,772180,livree
103057,3839,4,2024-03-31,2024-04-05,2024-04-05,180830,livree
103058,16135,2,2024-04-01,2024-04-06,2024-04-06,107450,livree
103059,17889,2,2024-04-02,2024-04-12,2024-04-12,1200250,livree
103060,5742,1,2024-03-31,2024-04-05,2024-04-05,868490,livree
103061,11009,1,2024-04-02,2024-04-07,2024-04-07,216970,livree
103062,10328,1,2024-04-02,2024-04-12,2024-04-14,1380185,livree
103063,15284,2,2024-04-01,2024-04-04,,1385095,annulee
103064,11694,1,2024-04-02,2024-04-05,2024-04-05,995420,livree
103065,15336,3,2024-04-01,2024-04-11,2024-04-11,371330,livree
103066,10150,2,2024-04-01,2024-04-11,2024-04-11,645800,livree
103067,17946,3,2024-04-02,2024-04-12,2024-04-13,615445,livree
103068,1076,6,2024-04-03,2024-04-06,2024-04-18,405765,livree
103069,21672,1,2024-04-02,2024-04-09,2024-04-13,590075,livree
103070,7809,4,2024-04-01,2024-04-04,2024-04-04,572410,livree
103071,6383,2,2024-04-03,2024-04-08,2024-04-08,1305235,livree
103072,421,3,2024-04-03,2024-04-06,2024-04-05,1004130,livree
103073,3499,5,2024-04-04,2024-04-11,2024-04-11,319135,livree
103074,3368,1,2024-04-02,2024-04-04,2024-04-04,1229240,livree
103075,12239,4,2024-04-04,2024-04-14,2024-04-14,701075,livree
103076,6456,3,2024-04-02,2024-04-05,2024-04-05,608185,livree
103077,144,2,2024-04-02,2024-04-07,2024-04-06,345415,livree
103078,13903,5,2024-04-02,2024-04-07,2024-04-06,868705,livree
103079,412,1,2024-04-05,2024-04-10,2024-04-09,912855,livree
103080,19149,1,2024-04-03,2024-04-05,2024-04-04,1157005,livree
103081,15655,2,2024-04-04,2024-04-14,2024-04-22,412200,livree
103082,10866,2,2024-04-04,2024-04-07,2024-04-07,412515,livree
103083,21931,6,2024-04-03,2024-04-13,2024-04-13,113525,livree
103084,7718,3,2024-04-04,2024-04-07,2024-04-27,536195,livree
103085,19889,1,2024-04-05,2024-04-08,2024-04-08,924785,livree
103086,13826,4,2024-04-04,2024-04-06,2024-04-05,1358700,livree
103087,9513,5,2024-04-05,2024-04-12,2024-04-14,642370,livree
103088,9175,5,2024-04-05,2024-04-08,2024-04-08,295350,livree
103089,10691,4,2024-04-06,2024-04-08,2024-04-13,666900,livree
103090,10467,2,2024-04-05,2024-04-07,2024-04-07,286805,livree
103091,20096,2,2024-04-05,2024-04-10,2024-04-15,1248215,livree
103092,14013,4,2024-04-06,2024-04-16,2024-04-16,846645,livree
103093,760,5,2024-04-05,2024-04-07,2024-04-07,340770,livree
103094,8707,4,2024-04-05,2024-04-10,2024-04-09,1380005,livree
103095,6039,5,2024-04-06,2024-04-08,2024-04-08,1225330,livree
103096,22206,6,2024-04-07,2024-04-12,2024-04-12,1366370,livree
103097,5788,2,2024-04-05,2024-04-08,2024-04-09,703315,livree
103098,20258,4,2024-04-05,2024-04-10,2024-04-09,376935,livree
103099,8202,4,2024-04-06,2024-04-11,2024-05-01,863965,livree
103100,6945,5,2024-04-08,2024-04-11,2024-04-11,152170,livree
103101,7322,4,2024-04-07,2024-04-14,2024-04-13,380175,livree
103102,14098,6,2024-04-07,2024-04-10,2024-04-09,245515,livree
103103,7470,4,2024-04-08,2024-04-11,2024-04-15,500130,livree
103104,18026,1,2024-04-06,2024-04-11,2024-04-11,548480,livree
103105,22870,2,2024-04-07,2024-04-12,2024-04-11,656630,livree
103106,11698,5,2024-04-07,2024-04-14,2024-04-14,181060,livree
103107,2088,3,2024-04-07,2024-04-12,2024-04-11,538675,livree
103108,7371,6,2024-04-09,2024-04-16,2024-04-16,1384605,livree
103109,18067,3,2024-04-07,2024-04-14,,231285,annulee
103110,7032,6,2024-04-07,2024-04-12,2024-04-12,972815,livree
103111,10630,6,2024-04-07,2024-04-09,2024-04-11,1047520,livree
103112,19271,3,2024-04-09,2024-04-19,2024-04-18,757470,livree
103113,15139,4,2024-04-10,2024-04-17,2024-04-16,1437385,livree
103114,8151,5,2024-04-09,2024-04-12,2024-04-11,390830,livree
103115,10588,3,2024-04-08,2024-04-18,2024-04-17,270035,livree
103116,10309,6,2024-04-10,2024-04-15,2024-04-15,1007230,livree
103117,3810,3,2024-04-09,2024-04-14,2024-04-14,1281325,livree
103118,22090,4,2024-04-08,2024-04-18,2024-04-26,1251135,livree
103119,2444,5,2024-04-10,2024-04-12,,371140,annulee
103120,4712,2,2024-04-10,2024-04-13,2024-04-12,214590,livree
103121,21646,5,2024-04-11,2024-04-18,2024-04-18,641105,livree
103122,15824,3,2024-04-10,2024-04-15,2024-04-17,580875,livree
103123,19971,1,2024-04-11,2024-04-14,2024-04-14,398600,livree
103124,2038,6,2024-04-10,2024-04-13,2024-04-13,778390,livree
103125,8276,2,2024-04-09,2024-04-12,2024-04-12,1067280,livree
103126,190,3,2024-04-10,2024-04-15,2024-05-30,1091800,livree
103127,17344,1,2024-04-12,2024-04-15,2024-04-15,1022885,livree
103128,8683,4,2024-04-10,2024-04-15,2024-04-14,814360,livree
103129,9480,1,2024-04-10,2024-04-17,2024-04-20,1387225,livree
103130,20309,3,2024-04-12,2024-04-19,2024-04-18,1170685,livree
103131,15651,4,2024-04-12,2024-04-17,2024-04-17,1059145,livree
103132,10139,5,2024-04-12,2024-04-17,2024-04-16,1147225,livree
103133,13999,2,2024-04-11,2024-04-13,2024-04-13,587405,livree
103134,3485,3,2024-04-12,2024-04-15,2024-04-15,1199600,livree
103135,20045,5,2024-04-11,2024-04-16,2024-04-15,171255,livree
103136,22143,2,2024-04-13,2024-04-16,2024-04-28,438860,livree
103137,17707,3,2024-04-11,2024-04-16,2024-04-15,793985,livree
103138,15349,6,2024-04-13,2024-04-23,,660510,annulee
103139,8258,6,2024-04-13,2024-04-18,2024-04-17,358620,livree
103140,13392,4,2024-04-12,2024-04-19,,734455,annulee
103141,7347,4,2024-04-14,2024-04-19,2024-04-19,644565,livree
103142,7789,6,2024-04-14,2024-04-19,2024-04-18,861915,livree
103143,3463,1,2024-04-14,2024-04-19,2024-04-19,322820,livree
103144,20890,2,2024-04-13,2024-04-18,2024-04-18,1015355,livree
103145,1620,2,2024-04-14,2024-04-19,2024-04-19,1241565,livree
103146,12477,3,2024-04-15,2024-04-20,2024-04-20,1101920,livree
103147,9093,5,2024-04-14,2024-04-24,2024-04-28,1023230,livree
103148,22181,5,2024-04-15,2024-04-22,2024-04-24,544115,livree
103149,17279,1,2024-04-15,2024-04-18,2024-04-17,1009545,livree
103150,9995,5,2024-04-15,2024-04-17,2024-04-17,1420480,livree
103151,8381,4,2024-04-13,2024-04-16,2024-04-15,653880,livree
103152,731,3,2024-04-14,2024-04-24,,1131235,annulee
103153,18470,2,2024-04-15,2024-04-17,2024-04-25,650205,livree
103154,14269,3,2024-04-16,2024-04-19,2024-04-19,1392425,livree
103155,13391,3,2024-04-14,2024-04-24,2024-04-24,227125,livree
103156,7885,5,2024-04-14,2024-04-16,2024-04-16,1306040,livree
103157,23623,5,2024-04-15,2024-04-20,2024-04-22,658190,livree
103158,10336,5,2024-04-14,2024-04-17,2024-04-29,215435,livree
103159,5169,3,2024-04-15,2024-04-22,2024-04-21,507575,livree
103160,22,6,2024-04-15,2024-04-18,2024-04-18,1324780,livree
103161,18644,1,2024-04-17,2024-04-19,2024-04-19,944395,livree
103162,22894,6,2024-04-16,2024-04-19,2024-04-19,991755,livree
103163,3922,4,2024-04-17,2024-04-27,2024-04-27,976305,livree
103164,15452,6,2024-04-15,2024-04-25,2024-04-25,1080445,livree
103165,13354,3,2024-04-15,2024-04-18,2024-04-17,110675,livree
103166,23140,2,2024-04-16,2024-04-18,2024-04-17,443585,livree
103167,13822,6,2024-04-18,2024-04-21,2024-04-20,561335,livree
103168,9580,3,2024-04-16,2024-04-23,2024-04-23,280910,livree
103169,1652,6,2024-04-16,2024-04-23,2024-04-22,1206170,livree
103170,106,1,2024-04-18,2024-04-28,2024-05-06,312815,livree
103171,21627,2,2024-04-16,2024-04-19,2024-04-19,1138985,livree
103172,11877,2,2024-04-17,2024-04-20,2024-04-19,1146165,livree
103173,14471,4,2024-04-17,2024-04-27,2024-05-09,683535,livree
103174,2685,2,2024-04-18,2024-04-23,2024-04-22,856825,livree
103175,1886,3,2024-04-17,2024-04-20,2024-04-19,1267980,livree
103176,1913,2,2024-04-19,2024-04-24,2024-04-24,990160,livree
103177,868,6,2024-04-17,2024-04-22,2024-04-22,110800,livree
103178,11967,2,2024-04-19,2024-04-26,2024-04-25,492815,livree
103179,17459,6,2024-04-17,2024-04-22,2024-04-22,950810,livree
103180,3485,6,2024-04-20,2024-04-23,2024-04-23,623135,livree
103181,9999,3,2024-04-19,2024-04-22,2024-04-22,386855,livree
103182,8118,4,2024-04-18,2024-04-20,2024-04-20,164925,livree
103183,20309,6,2024-04-19,2024-04-24,2024-04-24,550470,livree
103184,18597,1,2024-04-18,2024-04-20,2024-04-19,653345,livree
103185,16750,5,2024-04-18,2024-04-20,2024-04-19,1228230,livree
103186,590,5,2024-04-19,2024-04-24,2024-04-24,215580,livree
103187,8082,4,2024-04-20,2024-04-25,,893570,annulee
103188,11711,6,2024-04-20,2024-04-23,2024-04-22,701160,livree
103189,7618,2,2024-04-19,2024-04-26,2024-04-25,1086025,livree
103190,12417,2,2024-04-21,2024-04-26,2024-05-08,804235,livree
103191,811,2,2024-04-21,2024-04-28,2024-04-28,105705,livree
103192,2085,5,2024-04-19,2024-04-24,2024-04-23,1214785,livree
103193,6767,4,2024-04-20,2024-04-25,2024-04-24,268935,livree
103194,14467,6,2024-04-20,2024-04-22,2024-04-22,1438265,livree
103195,5221,5,2024-04-20,2024-04-23,,594845,annulee
103196,7624,4,2024-04-20,2024-04-25,2024-04-24,818960,livree
103197,23627,2,2024-04-20,2024-04-30,2024-04-30,1087260,livree
103198,8624,6,2024-04-20,2024-04-25,2024-05-03,1423100,livree
103199,7835,2,2024-04-22,2024-04-25,2024-04-24,1252870,livree
103200,13179,5,2024-04-21,2024-04-24,2024-04-24,844735,livree
103201,14979,6,2024-04-23,2024-04-26,2024-04-27,486320,livree
103202,2363,4,2024-04-23,2024-04-30,2024-04-30,1313930,livree
103203,5254,4,2024-04-23,2024-04-30,2024-04-30,795915,livree
103204,3298,4,2024-04-22,2024-04-29,2024-04-28,1111185,livree
103205,9314,4,2024-04-22,2024-04-27,2024-04-27,156160,livree
103206,18355,6,2024-04-22,2024-05-02,2024-05-02,85275,livree
103207,16375,1,2024-04-24,2024-05-01,2024-05-01,183325,livree
103208,5038,4,2024-04-23,2024-04-26,2024-04-26,131010,livree
103209,3909,1,2024-04-22,2024-04-25,2024-04-25,578350,livree
103210,12067,2,2024-04-24,2024-04-27,2024-04-28,778085,livree
103211,14954,1,2024-04-24,2024-04-27,2024-04-27,242660,livree
103212,22571,6,2024-04-24,2024-04-29,2024-04-29,648585,livree
103213,7388,5,2024-04-24,2024-05-04,2024-05-04,1182250,livree
103214,12308,5,2024-04-25,2024-04-28,2024-04-28,661875,livree
103215,6077,6,2024-04-23,2024-04-25,2024-04-25,476420,livree
103216,11832,6,2024-04-24,2024-05-01,2024-05-01,1225530,livree
103217,9143,4,2024-04-24,2024-05-01,2024-05-01,1213180,livree
103218,6956,2,2024-04-24,2024-05-01,2024-04-30,328555,livree
103219,15833,2,2024-04-25,2024-05-02,2024-05-02,1386360,livree
103220,20029,3,2024-04-24,2024-05-01,2024-05-01,545840,livree
103221,4050,2,2024-04-24,2024-04-29,2024-04-29,1289270,livree
103222,18200,2,2024-04-26,2024-04-29,2024-04-28,769600,livree
103223,20279,2,2024-04-26,2024-04-28,2024-05-10,515955,livree
103224,23250,3,2024-04-24,2024-04-26,2024-04-28,362365,livree
103225,20582,1,2024-04-25,2024-04-30,2024-04-29,157725,livree
103226,2841,3,2024-04-25,2024-04-30,,888410,annulee
103227,19955,6,2024-04-26,2024-05-01,2024-05-01,59380,livree
103228,14712,5,2024-04-27,2024-04-30,2024-04-30,957845,livree
103229,23424,1,2024-04-26,2024-05-06,2024-05-06,1421710,livree
103230,9975,2,2024-04-26,2024-05-06,2024-05-06,311465,livree
103231,10788,4,2024-04-27,2024-05-07,2024-06-21,680810,livree
103232,6612,1,2024-04-27,2024-05-07,2024-05-07,632700,livree
103233,17406,6,2024-04-27,2024-05-02,2024-05-02,690115,livree
103234,8232,4,2024-04-28,2024-05-08,2024-05-16,1251555,livree
103235,7844,3,2024-04-26,2024-05-03,2024-05-03,598790,livree
103236,7126,3,2024-04-28,2024-05-01,2024-05-01,850760,livree
103237,14409,4,2024-04-27,2024-05-02,2024-05-07,572955,livree
103238,7981,1,2024-04-26,2024-05-03,2024-05-03,1134485,livree
103239,16097,1,2024-04-28,2024-04-30,2024-04-30,829365,livree
103240,10870,4,2024-04-28,2024-05-03,,449910,annulee
103241,16639,6,2024-04-29,2024-05-06,2024-05-06,1009200,livree
103242,3957,2,2024-04-28,2024-05-08,2024-05-12,245545,livree
103243,3165,2,2024-04-27,2024-05-07,2024-05-06,1152235,livree
103244,13483,6,2024-04-29,2024-05-09,2024-05-09,135195,livree
103245,20612,1,2024-04-27,2024-04-30,2024-04-29,236980,livree
103246,1299,3,2024-04-28,2024-04-30,2024-05-04,681785,livree
103247,15805,1,2024-04-29,2024-05-02,2024-05-01,198080,livree
103248,7570,1,2024-04-30,2024-05-05,2024-05-05,413880,livree
103249,19323,3,2024-04-30,2024-05-05,2024-05-05,991385,livree
103250,4135,3,2024-04-29,2024-05-01,2024-05-21,578100,livree
103251,10762,1,2024-04-29,2024-05-04,2024-05-03,622930,livree
103252,4504,2,2024-04-30,2024-05-10,2024-05-10,1260430,livree
103253,3802,2,2024-04-28,2024-04-30,2024-04-29,918115,livree
103254,13460,4,2024-04-30,2024-05-02,2024-05-14,202210,livree
103255,23537,4,2024-04-29,2024-05-01,2024-04-30,149855,livree
103256,7504,2,2024-05-01,2024-05-06,2024-05-10,316325,livree
103257,14110,2,2024-05-01,2024-05-06,2024-05-07,527310,livree
103258,9317,5,2024-05-01,2024-05-04,2024-05-03,472340,livree
103259,5442,2,2024-04-30,2024-05-03,2024-05-02,1048045,livree
103260,6228,5,2024-05-02,2024-05-12,2024-05-11,901290,livree
103261,21282,4,2024-04-30,2024-05-02,2024-05-07,819795,livree
103262,16114,4,2024-04-30,2024-05-05,2024-05-05,70215,livree
103263,18127,6,2024-04-30,2024-05-03,2024-05-23,763900,livree
103264,3133,3,2024-04-30,2024-05-10,2024-06-24,915735,livree
103265,4940,3,2024-05-01,2024-05-03,2024-05-08,409735,livree
103266,20008,3,2024-04-30,2024-05-05,2024-05-04,950310,livree
103267,18032,5,2024-05-03,2024-05-06,2024-05-05,642755,livree
103268,19068,1,2024-05-01,2024-05-11,2024-05-11,999275,livree
103269,22975,5,2024-05-01,2024-05-08,2024-05-09,647660,livree
103270,3019,6,2024-05-01,2024-05-04,2024-05-04,644895,livree
103271,6118,5,2024-05-01,2024-05-06,2024-05-06,866765,livree
103272,5093,2,2024-05-01,2024-05-03,2024-05-03,683795,livree
103273,357,1,2024-05-03,2024-05-06,2024-05-05,1136270,livree
103274,7465,3,2024-05-02,2024-05-05,2024-05-04,1342975,livree
103275,420,2,2024-05-02,2024-05-12,2024-05-12,1129725,livree
103276,15427,4,2024-05-04,2024-05-09,2024-05-09,1445575,livree
103277,7243,4,2024-05-02,2024-05-05,2024-05-05,457595,livree
103278,23092,3,2024-05-04,2024-05-14,2024-05-14,276450,livree
103279,736,1,2024-05-02,2024-05-05,2024-05-05,45595,livree
103280,16192,3,2024-05-03,2024-05-08,2024-05-08,982450,livree
103281,20544,3,2024-05-05,2024-05-08,2024-05-08,1306150,livree
103282,5764,6,2024-05-04,2024-05-14,,656460,annulee
103283,11713,3,2024-05-03,2024-05-13,2024-05-13,1099060,livree
103284,369,2,2024-05-03,2024-05-08,2024-05-08,1218900,livree
103285,13355,6,2024-05-03,2024-05-05,2024-05-05,291975,livree
103286,2983,6,2024-05-05,2024-05-12,2024-05-12,1174650,livree
103287,17046,6,2024-05-05,2024-05-15,2024-05-15,172620,livree
103288,9912,3,2024-05-06,2024-05-16,2024-05-15,608425,livree
103289,20082,6,2024-05-05,2024-05-15,2024-05-15,1074645,livree
103290,12323,4,2024-05-06,2024-05-09,2024-05-09,630250,livree
103291,5430,5,2024-05-04,2024-05-07,2024-05-07,566615,livree
103292,7180,4,2024-05-06,2024-05-16,2024-05-16,497915,livree
103293,20146,1,2024-05-04,2024-05-06,,372830,annulee
103294,15835,2,2024-05-06,2024-05-13,2024-05-12,641020,livree
103295,22494,5,2024-05-05,2024-05-10,2024-05-30,943790,livree
103296,11753,3,2024-05-07,2024-05-09,2024-05-09,567935,livree
103297,23212,3,2024-05-05,2024-05-07,2024-05-07,1112450,livree
103298,9405,3,2024-05-05,2024-05-08,2024-05-07,473130,livree
103299,18138,4,2024-05-06,2024-05-13,2024-05-13,508615,livree
103300,10421,3,2024-05-06,2024-05-13,2024-05-12,701220,livree
103301,10549,4,2024-05-08,2024-05-10,2024-05-09,570830,livree
103302,5107,2,2024-05-06,2024-05-08,2024-05-08,1189205,livree
103303,16396,2,2024-05-06,2024-05-11,2024-05-11,679915,livree
103304,13612,2,2024-05-07,2024-05-12,2024-05-12,275805,livree
103305,2563,4,2024-05-08,2024-05-13,2024-05-18,991395,livree
103306,16447,3,2024-05-07,2024-05-12,2024-05-11,890595,livree
103307,2162,6,2024-05-07,2024-05-10,2024-05-09,166040,livree
103308,10072,4,2024-05-08,2024-05-11,2024-05-11,877945,livree
103309,19426,6,2024-05-07,2024-05-12,2024-05-12,877610,livree
103310,2616,2,2024-05-08,2024-05-15,2024-05-15,331200,livree
103311,12405,4,2024-05-07,2024-05-09,2024-05-09,370845,livree
103312,9531,5,2024-05-08,2024-05-18,2024-07-02,220975,livree
103313,20071,1,2024-05-09,2024-05-19,2024-05-18,583225,livree
103314,12066,2,2024-05-10,2024-05-20,2024-05-19,1057055,livree
103315,12328,3,2024-05-10,2024-05-13,2024-05-12,1236145,livree
103316,5067,2,2024-05-09,2024-05-11,2024-05-11,1062765,livree
103317,4060,1,2024-05-10,2024-05-12,2024-05-12,458845,livree
103318,4615,1,2024-05-08,2024-05-13,2024-05-13,1391115,livree
103319,22142,2,2024-05-08,2024-05-13,2024-05-14,903230,livree
103320,14029,2,2024-05-08,2024-05-13,2024-05-13,1199720,livree
103321,20895,5,2024-05-10,2024-05-12,2024-05-12,1266155,livree
103322,11299,4,2024-05-09,2024-05-16,2024-05-16,81630,livree
103323,23906,5,2024-05-10,2024-05-20,2024-05-19,144620,livree
103324,9302,2,2024-05-10,2024-05-13,2024-05-13,1012120,livree
103325,9627,5,2024-05-10,2024-05-20,2024-05-19,792595,livree
103326,12075,6,2024-05-09,2024-05-19,2024-05-19,982045,livree
103327,1756,5,2024-05-11,2024-05-18,2024-05-18,1444205,livree
103328,18331,4,2024-05-11,2024-05-16,2024-05-15,1022865,livree
103329,19177,3,2024-05-12,2024-05-19,2024-05-27,859645,livree
103330,22917,1,2024-05-10,2024-05-12,2024-05-12,424135,livree
103331,4247,6,2024-05-10,2024-05-12,2024-05-11,202530,livree
103332,9621,2,2024-05-10,2024-05-17,2024-05-19,1246295,livree
103333,5089,5,2024-05-10,2024-05-15,2024-05-14,322480,livree
103334,16761,5,2024-05-13,2024-05-18,2024-05-17,1132150,livree
103335,21351,3,2024-05-13,2024-05-23,2024-06-12,1448625,livree
103336,16461,4,2024-05-13,2024-05-20,2024-05-20,1094920,livree
103337,20298,6,2024-05-11,2024-05-16,2024-05-16,368780,livree
103338,865,5,2024-05-13,2024-05-18,,926205,annulee
103339,12207,2,2024-05-13,2024-05-16,2024-05-16,759410,livree
103340,23194,1,2024-05-13,2024-05-16,2024-05-16,304725,livree
103341,20767,4,2024-05-12,2024-05-15,2024-05-15,864865,livree
103342,23884,3,2024-05-14,2024-05-17,2024-05-16,874565,livree
103343,8336,1,2024-05-13,2024-05-16,2024-05-16,740320,livree
103344,2105,3,2024-05-13,2024-05-20,2024-05-20,96205,livree
103345,1875,4,2024-05-13,2024-05-20,2024-05-20,1163195,livree
103346,22175,6,2024-05-14,2024-05-17,2024-05-17,145850,livree
103347,6563,4,2024-05-14,2024-05-19,2024-05-18,1259460,livree
103348,23120,1,2024-05-14,2024-05-24,2024-05-24,1284040,livree
103349,18019,2,2024-05-14,2024-05-19,2024-05-18,348510,livree
103350,16217,6,2024-05-15,2024-05-25,2024-05-26,63110,livree
103351,21400,1,2024-05-14,2024-05-21,2024-05-20,1102345,livree
103352,735,3,2024-05-13,2024-05-18,2024-05-18,1439045,livree
103353,3402,1,2024-05-15,2024-05-18,2024-05-17,849565,livree
103354,14439,6,2024-05-14,2024-05-17,2024-05-17,218235,livree
103355,3946,6,2024-05-16,2024-05-19,2024-05-19,162435,livree
103356,14936,4,2024-05-14,2024-05-17,,499010,annulee
103357,5626,4,2024-05-14,2024-05-19,2024-05-19,748935,livree
103358,4535,4,2024-05-15,2024-05-20,2024-05-19,1282205,livree
103359,10871,3,2024-05-14,2024-05-17,2024-05-29,68570,livree
103360,20577,2,2024-05-16,2024-05-19,2024-05-19,199285,livree
103361,10933,3,2024-05-17,2024-05-27,2024-05-26,1428125,livree
103362,7437,5,2024-05-16,2024-05-26,2024-05-26,133825,livree
103363,21086,3,2024-05-16,2024-05-21,2024-05-21,124040,livree
103364,12495,3,2024-05-15,2024-05-20,2024-05-20,1347425,livree
103365,19116,2,2024-05-16,2024-05-23,2024-05-23,707290,livree
103366,15906,6,2024-05-15,2024-05-18,2024-05-26,597175,livree
103367,1252,6,2024-05-15,2024-05-25,2024-05-25,1143180,livree
103368,4126,6,2024-05-17,2024-05-24,2024-05-27,199580,livree
103369,11105,2,2024-05-17,2024-05-19,2024-05-19,1220745,livree
103370,15776,1,2024-05-17,2024-05-20,2024-05-20,233345,livree
103371,16895,4,2024-05-18,2024-05-21,2024-05-29,1204690,livree
103372,12922,4,2024-05-18,2024-05-23,2024-05-27,1043310,livree
103373,6856,3,2024-05-17,2024-05-22,2024-05-21,866330,livree
103374,16753,6,2024-05-17,2024-05-27,2024-05-27,178390,livree
103375,11482,3,2024-05-19,2024-05-29,2024-05-28,692065,livree
103376,16440,2,2024-05-19,2024-05-24,2024-05-25,1288460,livree
103377,9899,1,2024-05-18,2024-05-23,2024-05-23,362465,livree
103378,13626,3,2024-05-19,2024-05-22,2024-05-21,815905,livree
103379,11355,3,2024-05-19,2024-05-21,2024-05-21,1423145,livree
103380,6922,1,2024-05-17,2024-05-24,2024-05-23,702790,livree
103381,618,1,2024-05-18,2024-05-28,2024-06-02,126800,livree
103382,2357,3,2024-05-20,2024-05-25,2024-05-25,753150,livree
103383,13038,3,2024-05-19,2024-05-24,2024-05-23,115710,livree
103384,10272,4,2024-05-20,2024-05-30,2024-05-30,975290,livree
103385,9561,2,2024-05-20,2024-05-30,2024-05-30,975740,livree
103386,6165,1,2024-05-18,2024-05-23,2024-05-22,523300,livree
103387,13248,6,2024-05-20,2024-05-25,2024-05-25,1047020,livree
103388,2962,2,2024-05-20,2024-05-27,2024-05-26,1042705,livree
103389,15897,2,2024-05-19,2024-05-21,2024-05-21,95775,livree
103390,23480,4,2024-05-21,2024-05-31,2024-05-31,672395,livree
103391,14348,1,2024-05-21,2024-05-26,2024-05-26,708330,livree
103392,2987,3,2024-05-21,2024-05-24,2024-05-23,849775,livree
103393,9867,4,2024-05-20,2024-05-25,2024-06-14,235635,livree
103394,325,3,2024-05-21,2024-05-24,2024-05-24,326555,livree
103395,18077,1,2024-05-21,2024-05-24,2024-05-24,1066400,livree
103396,16831,1,2024-05-22,2024-06-01,2024-05-31,82355,livree
103397,6186,5,2024-05-20,2024-05-27,2024-05-28,1235690,livree
103398,18596,5,2024-05-20,2024-05-22,2024-05-22,1053145,livree
103399,1063,4,2024-05-22,2024-05-27,2024-05-26,1071685,livree
103400,10578,2,2024-05-20,2024-05-27,2024-05-27,826890,livree
103401,3740,4,2024-05-20,2024-05-23,2024-05-23,754860,livree
103402,4446,4,2024-05-22,2024-05-29,2024-05-28,274820,livree
103403,2054,3,2024-05-22,2024-06-01,2024-06-02,1025760,livree
103404,14802,5,2024-05-21,2024-05-26,2024-05-26,698255,livree
103405,17590,2,2024-05-23,2024-06-02,2024-06-02,717790,livree
103406,8341,6,2024-05-21,2024-05-24,2024-05-24,953060,livree
103407,16249,6,2024-05-21,2024-05-28,2024-05-27,1020180,livree
103408,6290,4,2024-05-23,2024-05-26,2024-05-29,678385,livree
103409,3175,4,2024-05-23,2024-05-30,2024-05-29,203405,livree
103410,8523,3,2024-05-23,2024-05-26,2024-07-10,362125,livree
103411,21269,3,2024-05-24,2024-05-29,2024-05-28,996925,livree
103412,7235,6,2024-05-23,2024-06-02,2024-06-02,682395,livree
103413,20269,3,2024-05-24,2024-05-29,2024-05-28,1036030,livree
103414,22279,2,2024-05-23,2024-05-26,2024-05-26,47975,livree
103415,16079,6,2024-05-25,2024-05-30,2024-05-30,737825,livree
103416,14116,4,2024-05-23,2024-06-02,2024-06-02,160165,livree
103417,15485,5,2024-05-24,2024-05-26,2024-05-25,1210025,livree
103418,8322,5,2024-05-25,2024-05-28,2024-05-28,90535,livree
103419,10494,6,2024-05-23,2024-05-28,2024-05-28,276935,livree
103420,10863,5,2024-05-23,2024-05-26,2024-05-26,1192460,livree
103421,11242,5,2024-05-24,2024-05-27,2024-05-27,696265,livree
103422,6543,4,2024-05-26,2024-05-31,2024-05-30,84260,livree
103423,11590,4,2024-05-25,2024-05-28,2024-05-28,714680,livree
103424,14988,3,2024-05-26,2024-05-31,2024-07-15,461730,livree
103425,23297,1,2024-05-25,2024-05-27,2024-05-27,797390,livree
103426,22439,4,2024-05-24,2024-05-26,2024-05-27,681555,livree
103427,17179,4,2024-05-25,2024-05-28,2024-05-28,1005970,livree
103428,9495,4,2024-05-26,2024-05-31,2024-05-31,1190175,livree
103429,16827,2,2024-05-25,2024-05-28,2024-05-30,1156565,livree
103430,5247,2,2024-05-27,2024-06-01,2024-06-01,848620,livree
103431,21603,4,2024-05-25,2024-06-04,2024-06-04,543945,livree
103432,3430,5,2024-05-25,2024-06-01,2024-06-01,276560,livree
103433,12735,5,2024-05-26,2024-05-31,2024-05-31,324515,livree
103434,9660,4,2024-05-27,2024-06-06,2024-06-05,615875,livree
103435,7586,2,2024-05-28,2024-05-31,2024-05-31,272015,livree
103436,7253,4,2024-05-27,2024-05-30,2024-05-30,890485,livree
103437,19099,6,2024-05-26,2024-06-05,2024-06-07,1284515,livree
103438,16707,5,2024-05-28,2024-05-31,,803890,annulee
103439,16818,1,2024-05-26,2024-05-31,,302845,annulee
103440,11773,2,2024-05-26,2024-05-28,2024-07-12,240220,livree
103441,13816,2,2024-05-27,2024-05-30,2024-05-30,1168365,livree
103442,20499,6,2024-05-28,2024-06-02,2024-06-01,989960,livree
103443,20855,6,2024-05-29,2024-06-01,2024-06-01,604825,livree
103444,1405,3,2024-05-28,2024-05-31,2024-05-30,1094960,livree
103445,6650,5,2024-05-27,2024-05-30,2024-05-29,1363670,livree
103446,15422,1,2024-05-29,2024-05-31,2024-05-31,1328795,livree
103447,9265,5,2024-05-29,2024-06-01,2024-06-01,1141895,livree
103448,11332,4,2024-05-29,2024-06-08,2024-06-08,261465,livree
103449,17708,4,2024-05-30,2024-06-02,2024-06-10,825420,livree
103450,6867,3,2024-05-29,2024-06-01,2024-06-01,324335,livree
103451,3531,1,2024-05-30,2024-06-02,2024-06-02,1239360,livree
103452,6105,6,2024-05-28,2024-06-07,2024-06-06,1266300,livree
103453,20858,6,2024-05-30,2024-06-04,2024-06-03,402785,livree
103454,17308,2,2024-05-30,2024-06-01,2024-05-31,242050,livree
103455,10417,4,2024-05-31,2024-06-03,2024-06-15,506230,livree
103456,14162,6,2024-05-31,2024-06-03,2024-06-02,949755,livree
103457,14994,3,2024-05-29,2024-06-01,2024-06-01,320480,livree
103458,331,4,2024-05-30,2024-06-06,2024-06-06,1167170,livree
103459,17850,4,2024-05-30,2024-06-06,2024-06-07,63930,livree
103460,3244,3,2024-05-29,2024-05-31,2024-05-31,661815,livree
103461,17451,2,2024-05-31,2024-06-03,2024-06-08,352815,livree
103462,2723,3,2024-05-31,2024-06-02,2024-06-22,771500,livree
103463,10623,1,2024-05-31,2024-06-03,2024-06-03,63545,livree
103464,6430,5,2024-05-30,2024-06-04,2024-06-12,413155,livree
103465,1279,5,2024-05-31,2024-06-03,2024-06-02,805540,livree
103466,6411,3,2024-05-31,2024-06-05,2024-06-04,491750,livree
103467,18463,5,2024-05-30,2024-06-02,2024-06-02,265930,livree
103468,21760,3,2024-05-31,2024-06-05,2024-06-07,1163070,livree
103469,19952,5,2024-06-01,2024-06-08,2024-06-09,1163865,livree
103470,5296,5,2024-06-02,2024-06-04,2024-06-04,573645,livree
103471,3478,1,2024-05-31,2024-06-05,2024-06-25,193700,livree
103472,6015,2,2024-06-01,2024-06-11,2024-06-10,114920,livree
103473,23739,2,2024-06-02,2024-06-05,2024-06-04,868290,livree
103474,18127,2,2024-05-31,2024-06-05,2024-06-05,964460,livree
103475,2288,4,2024-06-03,2024-06-10,2024-06-10,1423060,livree
103476,12110,1,2024-06-03,2024-06-13,2024-06-12,189925,livree
103477,23830,5,2024-06-03,2024-06-05,,111075,annulee
103478,8987,2,2024-06-02,2024-06-05,2024-06-05,129375,livree
103479,19674,1,2024-06-01,2024-06-06,2024-06-05,1269500,livree
103480,10477,6,2024-06-02,2024-06-04,2024-06-04,176195,livree
103481,3721,1,2024-06-02,2024-06-04,2024-06-03,1124510,livree
103482,20122,6,2024-06-02,2024-06-07,2024-06-06,1136800,livree
103483,12961,5,2024-06-03,2024-06-06,2024-06-07,1044280,livree
103484,13530,5,2024-06-03,2024-06-08,2024-06-08,1122755,livree
103485,11611,1,2024-06-02,2024-06-12,2024-06-11,414935,livree
103486,9020,6,2024-06-04,2024-06-06,2024-06-06,328925,livree
103487,489,2,2024-06-03,2024-06-10,2024-06-10,1271900,livree
103488,19605,4,2024-06-02,2024-06-09,2024-06-08,1350715,livree
103489,16401,5,2024-06-04,2024-06-09,2024-06-08,710770,livree
103490,15048,4,2024-06-03,2024-06-05,2024-06-05,819605,livree
103491,15473,6,2024-06-05,2024-06-08,2024-06-08,73825,livree
103492,20847,6,2024-06-03,2024-06-08,2024-06-08,828520,livree
103493,2233,5,2024-06-05,2024-06-07,2024-06-07,402970,livree
103494,15060,3,2024-06-03,2024-06-13,2024-06-13,808895,livree
103495,12427,5,2024-06-04,2024-06-07,2024-06-06,1057880,livree
103496,2077,3,2024-06-06,2024-06-11,2024-06-11,511930,livree
103497,15356,4,2024-06-06,2024-06-09,2024-06-09,803980,livree
103498,7851,5,2024-06-05,2024-06-10,2024-06-09,674335,livree
103499,12055,3,2024-06-04,2024-06-09,2024-06-08,1049445,livree
103500,5488,6,2024-06-06,2024-06-08,2024-06-20,868955,livree
103501,5617,2,2024-06-05,2024-06-15,2024-06-15,228610,livree
103502,8507,2,2024-06-07,2024-06-10,2024-06-10,67175,livree
103503,14181,2,2024-06-05,2024-06-15,2024-06-15,1319350,livree
103504,17545,4,2024-06-05,2024-06-10,2024-06-09,720145,livree
103505,6533,1,2024-06-06,2024-06-08,2024-06-09,655800,livree
103506,20923,2,2024-06-06,2024-06-08,2024-06-07,327445,livree
103507,16199,4,2024-06-07,2024-06-10,2024-06-10,612030,livree
103508,21292,2,2024-06-05,2024-06-12,2024-06-14,601100,livree
103509,2800,5,2024-06-08,2024-06-13,2024-06-12,1031400,livree
103510,2525,6,2024-06-08,2024-06-11,2024-06-11,94810,livree
103511,11031,4,2024-06-08,2024-06-13,2024-06-13,1447335,livree
103512,23497,5,2024-06-08,2024-06-15,2024-06-18,631295,livree
103513,19241,5,2024-06-06,2024-06-13,2024-06-17,616710,livree
103514,15888,1,2024-06-06,2024-06-16,2024-07-06,292445,livree
103515,5470,1,2024-06-06,2024-06-09,2024-06-09,933055,livree
103516,3322,5,2024-06-07,2024-06-14,2024-06-14,63135,livree
103517,3713,5,2024-06-08,2024-06-18,2024-08-02,85975,livree
103518,4550,2,2024-06-09,2024-06-16,2024-06-16,644155,livree
103519,13507,3,2024-06-08,2024-06-13,2024-06-13,1268260,livree
103520,5414,4,2024-06-08,2024-06-18,2024-07-08,1148320,livree
103521,17574,1,2024-06-08,2024-06-11,2024-06-11,1037415,livree
103522,1629,6,2024-06-08,2024-06-15,2024-06-15,444975,livree
103523,4198,3,2024-06-10,2024-06-13,2024-06-13,1419310,livree
103524,15096,5,2024-06-10,2024-06-17,2024-06-17,478295,livree
103525,20296,4,2024-06-10,2024-06-20,2024-08-04,754985,livree
103526,1607,2,2024-06-08,2024-06-13,2024-06-13,743115,livree
103527,13401,3,2024-06-08,2024-06-13,2024-06-13,227160,livree
103528,10734,1,2024-06-08,2024-06-13,2024-06-13,979240,livree
103529,12626,5,2024-06-09,2024-06-11,2024-06-10,721585,livree
103530,19150,6,2024-06-10,2024-06-20,2024-06-20,122325,livree
103531,20549,4,2024-06-09,2024-06-14,2024-06-14,619885,livree
103532,1560,4,2024-06-10,2024-06-20,2024-06-19,1180900,livree
103533,2945,3,2024-06-10,2024-06-13,2024-06-15,1440220,livree
103534,22784,5,2024-06-10,2024-06-13,2024-06-13,416855,livree
103535,6011,2,2024-06-10,2024-06-15,2024-06-14,130335,livree
103536,11631,2,2024-06-11,2024-06-16,2024-06-16,149770,livree
103537,4525,2,2024-06-11,2024-06-18,2024-06-18,1062010,livree
103538,2347,1,2024-06-12,2024-06-14,2024-06-26,1047600,livree
103539,12026,5,2024-06-11,2024-06-13,2024-06-14,1070145,livree
103540,15801,6,2024-06-11,2024-06-16,2024-06-16,1199210,livree
103541,20876,5,2024-06-11,2024-06-16,2024-06-16,94005,livree
103542,2475,4,2024-06-12,2024-06-15,2024-06-27,447680,livree
103543,17061,4,2024-06-12,2024-06-19,2024-06-18,1330035,livree
103544,3398,1,2024-06-12,2024-06-22,2024-06-21,519210,livree
103545,7061,6,2024-06-13,2024-06-16,2024-06-15,1289340,livree
103546,10432,3,2024-06-11,2024-06-14,2024-06-14,1058260,livree
103547,2318,3,2024-06-13,2024-06-16,2024-06-16,481675,livree
103548,20415,6,2024-06-13,2024-06-16,2024-06-15,377465,livree
103549,4859,6,2024-06-13,2024-06-16,2024-06-16,1152390,livree
103550,7031,6,2024-06-14,2024-06-19,2024-06-21,329490,livree
103551,5836,6,2024-06-13,2024-06-15,2024-06-15,337130,livree
103552,8415,5,2024-06-12,2024-06-19,2024-06-19,895485,livree
103553,7774,2,2024-06-13,2024-06-15,2024-06-14,1091780,livree
103554,9237,4,2024-06-12,2024-06-19,2024-06-18,520105,livree
103555,13235,2,2024-06-13,2024-06-16,2024-06-15,539290,livree
103556,2525,6,2024-06-13,2024-06-20,2024-06-20,242595,livree
103557,23183,3,2024-06-15,2024-06-22,2024-08-06,1181965,livree
103558,12122,6,2024-06-15,2024-06-17,2024-06-17,338325,livree
103559,15477,2,2024-06-15,2024-06-18,2024-06-17,1153975,livree
103560,7734,2,2024-06-13,2024-06-16,2024-06-16,959920,livree
103561,14111,4,2024-06-13,2024-06-18,2024-06-17,1049850,livree
103562,21267,4,2024-06-15,2024-06-17,2024-06-19,1067170,livree
103563,693,6,2024-06-16,2024-06-21,2024-06-21,1362945,livree
103564,18609,5,2024-06-15,2024-06-20,2024-06-19,128390,livree
103565,12913,3,2024-06-14,2024-06-17,2024-06-22,1192025,livree
103566,13884,5,2024-06-16,2024-06-23,2024-06-23,1085880,livree
103567,6618,1,2024-06-15,2024-06-22,2024-06-21,355900,livree
103568,20163,2,2024-06-15,2024-06-18,2024-06-17,1379470,livree
103569,10057,2,2024-06-16,2024-06-21,2024-08-05,68385,livree
103570,21874,6,2024-06-16,2024-06-19,2024-08-03,220040,livree
103571,10532,3,2024-06-15,2024-06-22,2024-06-21,1147360,livree
103572,12998,5,2024-06-17,2024-06-22,2024-06-22,1056135,livree
103573,2732,2,2024-06-17,2024-06-20,2024-06-20,473170,livree
103574,6583,4,2024-06-16,2024-06-23,2024-06-23,990590,livree
103575,15676,4,2024-06-15,2024-06-18,2024-06-17,1368625,livree
103576,18784,3,2024-06-16,2024-06-26,2024-07-01,949950,livree
103577,16543,3,2024-06-16,2024-06-19,2024-06-18,1014040,livree
103578,16553,2,2024-06-18,2024-06-21,2024-06-20,632320,livree
103579,21548,6,2024-06-17,2024-06-22,2024-06-22,289775,livree
103580,1557,4,2024-06-16,2024-06-19,2024-06-19,1208735,livree
103581,1705,3,2024-06-16,2024-06-18,2024-06-23,913985,livree
103582,20561,5,2024-06-17,2024-06-27,2024-06-28,1007315,livree
103583,21410,4,2024-06-19,2024-06-24,2024-06-27,1266250,livree
103584,23239,2,2024-06-17,2024-06-24,2024-06-24,1020870,livree
103585,6228,1,2024-06-19,2024-06-22,2024-06-21,1420255,livree
103586,9346,1,2024-06-18,2024-06-23,2024-06-22,143885,livree
103587,18485,2,2024-06-17,2024-06-22,2024-06-21,163020,livree
103588,18288,2,2024-06-18,2024-06-20,2024-06-19,429620,livree
103589,9442,1,2024-06-17,2024-06-22,2024-06-24,222730,livree
103590,11842,6,2024-06-19,2024-06-26,2024-06-26,622570,livree
103591,10322,4,2024-06-19,2024-06-22,2024-06-22,964725,livree
103592,11522,3,2024-06-19,2024-06-24,2024-06-24,592640,livree
103593,7393,4,2024-06-19,2024-06-22,2024-06-21,1398890,livree
103594,16718,3,2024-06-20,2024-06-27,2024-06-27,1235875,livree
103595,19783,5,2024-06-20,2024-06-30,2024-06-30,107375,livree
103596,11568,6,2024-06-19,2024-06-22,2024-06-22,441520,livree
103597,11749,1,2024-06-20,2024-06-25,2024-06-29,294400,livree
103598,12003,3,2024-06-21,2024-06-26,2024-06-26,1010110,livree
103599,10620,4,2024-06-20,2024-06-22,2024-06-21,1009535,livree
103600,14296,2,2024-06-21,2024-07-01,2024-07-01,1234145,livree
103601,7833,4,2024-06-21,2024-06-26,,783155,annulee
103602,18818,5,2024-06-19,2024-06-24,2024-06-24,176020,livree
103603,544,3,2024-06-22,2024-06-24,2024-06-24,739735,livree
103604,22714,6,2024-06-20,2024-06-23,2024-06-23,1246970,livree
103605,16849,2,2024-06-21,2024-06-23,2024-06-23,935270,livree
103606,653,4,2024-06-20,2024-06-27,2024-06-27,616885,livree
103607,12164,2,2024-06-22,2024-06-29,2024-07-11,590150,livree
103608,1523,2,2024-06-21,2024-06-26,2024-06-26,1134375,livree
103609,16818,1,2024-06-22,2024-06-27,2024-06-26,146225,livree
103610,3891,3,2024-06-22,2024-06-24,2024-06-24,532305,livree
103611,5913,6,2024-06-21,2024-06-23,2024-06-24,990815,livree
103612,11856,1,2024-06-23,2024-06-30,2024-06-29,219235,livree
103613,4025,5,2024-06-21,2024-06-24,2024-06-23,1350790,livree
103614,19761,1,2024-06-22,2024-06-29,2024-06-29,744880,livree
103615,23776,6,2024-06-21,2024-06-26,2024-06-26,967155,livree
103616,17510,2,2024-06-23,2024-06-28,2024-06-27,1097585,livree
103617,19186,4,2024-06-23,2024-06-30,2024-06-30,750355,livree
103618,19761,5,2024-06-24,2024-06-26,2024-06-26,1401525,livree
103619,14730,2,2024-06-23,2024-06-26,2024-07-01,348605,livree
103620,17210,1,2024-06-24,2024-06-29,2024-06-29,316310,livree
103621,23429,2,2024-06-22,2024-06-25,2024-06-30,73710,livree
103622,10431,5,2024-06-24,2024-06-27,2024-06-27,380975,livree
103623,9535,6,2024-06-23,2024-06-25,2024-06-25,792895,livree
103624,19266,2,2024-06-24,2024-06-27,2024-06-26,763010,livree
103625,3597,2,2024-06-25,2024-07-02,2024-07-10,1302220,livree
103626,13652,3,2024-06-23,2024-06-26,2024-06-26,981970,livree
103627,9151,2,2024-06-25,2024-07-02,2024-07-02,489765,livree
103628,8648,3,2024-06-24,2024-06-27,2024-06-27,408985,livree
103629,6433,3,2024-06-25,2024-06-27,2024-06-27,342685,livree
103630,1111,3,2024-06-26,2024-07-01,2024-06-30,752575,livree
103631,13075,2,2024-06-24,2024-07-04,2024-07-04,1315540,livree
103632,21550,5,2024-06-24,2024-07-01,2024-06-30,369290,livree
103633,7471,3,2024-06-25,2024-06-27,2024-07-02,1056200,livree
103634,13141,5,2024-06-25,2024-06-27,2024-06-26,537045,livree
103635,578,6,2024-06-25,2024-07-02,2024-07-01,822620,livree
103636,16272,6,2024-06-26,2024-07-01,2024-07-01,558595,livree
103637,8171,5,2024-06-25,2024-06-30,2024-07-01,1177800,livree
103638,8208,5,2024-06-27,2024-07-07,,131830,annulee
103639,12870,5,2024-06-26,2024-07-06,2024-07-18,545695,livree
103640,2311,3,2024-06-26,2024-07-06,2024-07-06,172770,livree
103641,9098,4,2024-06-26,2024-07-03,2024-07-03,1442830,livree
103642,7470,3,2024-06-26,2024-07-06,2024-07-06,1336125,livree
103643,17967,6,2024-06-27,2024-06-29,,64665,annulee
103644,10754,6,2024-06-26,2024-06-29,2024-07-11,464105,livree
103645,1014,4,2024-06-26,2024-07-06,2024-07-08,1348520,livree
103646,2237,5,2024-06-27,2024-07-02,2024-07-02,638395,livree
103647,21042,6,2024-06-27,2024-06-30,,437080,annulee
103648,8338,1,2024-06-27,2024-06-30,,1186040,annulee
103649,22194,4,2024-06-26,2024-07-01,2024-07-01,478045,livree
103650,20151,4,2024-06-27,2024-06-30,2024-06-29,433250,livree
103651,23157,4,2024-06-29,2024-07-02,2024-07-07,1407980,livree
103652,7533,1,2024-06-29,2024-07-02,2024-07-02,1385195,livree
103653,20512,2,2024-06-27,2024-07-07,2024-07-07,866610,livree
103654,11789,3,2024-06-27,2024-07-02,2024-08-16,617905,livree
103655,17354,5,2024-06-29,2024-07-06,2024-07-05,604630,livree
103656,9986,5,2024-06-27,2024-06-29,2024-06-29,803740,livree
103657,11595,3,2024-06-28,2024-07-03,2024-07-03,962970,livree
103658,4329,1,2024-06-29,2024-07-02,2024-07-01,770620,livree
103659,16924,4,2024-06-30,2024-07-05,2024-07-05,1302610,livree
103660,2353,4,2024-06-30,2024-07-03,2024-07-03,133950,livree
103661,2350,6,2024-06-30,2024-07-03,2024-07-03,80250,livree
103662,113,4,2024-06-29,2024-07-06,2024-07-06,126140,livree
103663,15184,5,2024-06-28,2024-07-03,,1145230,annulee
103664,21173,3,2024-06-29,2024-07-02,2024-07-01,1239480,livree
103665,8925,6,2024-07-01,2024-07-04,2024-07-04,810620,livree
103666,10610,4,2024-06-30,2024-07-05,2024-07-05,1282150,livree
103667,22420,4,2024-06-30,2024-07-03,2024-08-17,1343195,livree
103668,9967,3,2024-06-29,2024-07-04,2024-07-09,152930,livree
103669,22659,1,2024-06-29,2024-07-04,2024-07-04,666140,livree
103670,20647,4,2024-07-01,2024-07-04,2024-07-04,1192610,livree
103671,9722,4,2024-07-01,2024-07-08,2024-07-08,965460,livree
103672,10876,5,2024-07-01,2024-07-04,,80965,annulee
103673,19235,6,2024-07-02,2024-07-05,2024-07-05,701795,livree
103674,13065,5,2024-07-01,2024-07-08,2024-07-16,404815,livree
103675,16460,1,2024-07-01,2024-07-06,2024-07-06,128455,livree
103676,17382,5,2024-07-02,2024-07-05,2024-07-04,137245,livree
103677,19634,3,2024-07-03,2024-07-05,2024-07-05,1011580,livree
103678,17768,2,2024-07-03,2024-07-05,2024-07-05,1120715,livree
103679,17110,6,2024-07-02,2024-07-05,2024-07-05,165960,livree
103680,3379,3,2024-07-02,2024-07-05,2024-07-05,885205,livree
103681,18063,3,2024-07-02,2024-07-04,2024-07-03,919755,livree
103682,14107,6,2024-07-01,2024-07-11,2024-07-10,762300,livree
103683,10951,1,2024-07-03,2024-07-08,2024-07-16,538470,livree
103684,22082,1,2024-07-04,2024-07-06,2024-07-05,586490,livree
103685,11704,5,2024-07-02,2024-07-09,2024-07-09,1141295,livree
103686,9994,5,2024-07-03,2024-07-13,2024-07-17,535145,livree
103687,1972,4,2024-07-03,2024-07-08,2024-07-08,570880,livree
103688,179,1,2024-07-02,2024-07-05,2024-07-13,724995,livree
103689,19708,3,2024-07-02,2024-07-05,2024-07-05,943040,livree
103690,13029,4,2024-07-02,2024-07-07,2024-07-06,910515,livree
103691,12582,6,2024-07-04,2024-07-11,2024-07-11,1138555,livree
103692,15272,5,2024-07-03,2024-07-05,2024-07-04,623720,livree
103693,14709,2,2024-07-04,2024-07-09,2024-07-08,596660,livree
103694,23908,2,2024-07-04,2024-07-11,2024-07-23,578840,livree
103695,22985,5,2024-07-03,2024-07-08,2024-07-08,875990,livree
103696,8762,1,2024-07-03,2024-07-06,2024-07-06,315520,livree
103697,8047,1,2024-07-04,2024-07-11,2024-07-10,415270,livree
103698,21980,5,2024-07-05,2024-07-08,2024-07-08,186220,livree
103699,2993,6,2024-07-05,2024-07-15,2024-07-14,862590,livree
103700,4293,4,2024-07-06,2024-07-11,2024-08-25,1294340,livree
103701,22415,5,2024-07-04,2024-07-07,2024-07-07,103900,livree
103702,11532,2,2024-07-05,2024-07-07,2024-07-07,775820,livree
103703,6614,1,2024-07-04,2024-07-06,2024-07-06,850555,livree
103704,13804,5,2024-07-07,2024-07-12,2024-08-01,1353775,livree
103705,10282,3,2024-07-07,2024-07-10,2024-07-10,1428305,livree
103706,18891,4,2024-07-07,2024-07-12,2024-07-14,1402575,livree
103707,15689,4,2024-07-06,2024-07-08,2024-07-08,474900,livree
103708,17013,6,2024-07-07,2024-07-10,2024-07-10,181460,livree
103709,19765,6,2024-07-06,2024-07-11,2024-07-12,286025,livree
103710,4104,2,2024-07-06,2024-07-11,2024-07-11,910430,livree
103711,20941,3,2024-07-08,2024-07-13,2024-07-13,801495,livree
103712,17963,6,2024-07-08,2024-07-11,2024-07-12,823500,livree
103713,1554,3,2024-07-07,2024-07-12,2024-08-26,1275950,livree
103714,19757,4,2024-07-07,2024-07-12,2024-07-12,551120,livree
103715,8865,6,2024-07-06,2024-07-09,2024-07-09,579070,livree
103716,13511,3,2024-07-06,2024-07-11,2024-07-11,256790,livree
103717,9913,4,2024-07-07,2024-07-17,2024-07-18,236815,livree
103718,10942,3,2024-07-08,2024-07-10,2024-07-10,881700,livree
103719,11904,6,2024-07-09,2024-07-12,2024-07-11,305840,livree
103720,17835,6,2024-07-08,2024-07-18,2024-07-19,563710,livree
103721,11864,6,2024-07-07,2024-07-09,2024-07-08,908730,livree
103722,12260,2,2024-07-09,2024-07-12,2024-07-11,199025,livree
103723,5724,4,2024-07-08,2024-07-13,2024-07-13,81775,livree
103724,8787,6,2024-07-08,2024-07-11,2024-07-11,129450,livree
103725,6141,3,2024-07-08,2024-07-11,2024-07-11,861355,livree
103726,8096,3,2024-07-10,2024-07-17,2024-07-16,259685,livree
103727,5665,6,2024-07-09,2024-07-19,2024-07-19,1276305,livree
103728,12340,5,2024-07-10,2024-07-17,2024-07-16,1274100,livree
103729,2921,4,2024-07-10,2024-07-13,2024-07-13,243145,livree
103730,15826,1,2024-07-09,2024-07-11,2024-07-11,956680,livree
103731,5043,3,2024-07-11,2024-07-21,2024-07-20,1196715,livree
103732,2876,2,2024-07-11,2024-07-16,2024-07-15,283480,livree
103733,3274,4,2024-07-11,2024-07-18,2024-07-23,748980,livree
103734,8306,2,2024-07-09,2024-07-14,2024-07-13,1321360,livree
103735,14631,6,2024-07-10,2024-07-13,2024-07-13,691360,livree
103736,14757,2,2024-07-09,2024-07-11,2024-07-11,1008205,livree
103737,3361,6,2024-07-09,2024-07-12,2024-07-14,663830,livree
103738,732,2,2024-07-10,2024-07-13,2024-07-13,1252065,livree
103739,8682,4,2024-07-12,2024-07-15,2024-07-15,1188635,livree
103740,1482,1,2024-07-10,2024-07-15,2024-07-15,1096280,livree
103741,11162,3,2024-07-11,2024-07-14,,1315350,annulee
103742,17649,6,2024-07-10,2024-07-12,2024-07-12,481920,livree
103743,20596,5,2024-07-12,2024-07-17,2024-07-16,1112370,livree
103744,15786,3,2024-07-11,2024-07-16,2024-07-16,1443205,livree
103745,14742,5,2024-07-12,2024-07-14,2024-07-13,377930,livree
103746,14587,5,2024-07-12,2024-07-22,2024-07-22,334965,livree
103747,16605,1,2024-07-11,2024-07-14,2024-07-14,319280,livree
103748,5325,3,2024-07-12,2024-07-14,2024-07-13,405235,livree
103749,137,4,2024-07-11,2024-07-13,,665650,annulee
103750,15854,5,2024-07-13,2024-07-16,2024-07-16,863695,livree
103751,455,6,2024-07-14,2024-07-17,2024-07-17,706225,livree
103752,10169,6,2024-07-12,2024-07-17,,312670,annulee
103753,20699,4,2024-07-12,2024-07-15,2024-08-29,264500,livree
103754,23869,1,2024-07-14,2024-07-21,2024-07-21,677430,livree
103755,10475,5,2024-07-14,2024-07-16,2024-07-16,132020,livree
103756,5500,6,2024-07-12,2024-07-17,2024-07-25,859500,livree
103757,11867,3,2024-07-12,2024-07-15,2024-07-15,89230,livree
103758,15892,4,2024-07-13,2024-07-15,,1026115,annulee
103759,4071,6,2024-07-13,2024-07-20,2024-07-20,1436680,livree
103760,18593,4,2024-07-13,2024-07-18,,1060470,annulee
103761,3887,6,2024-07-15,2024-07-18,2024-07-18,779170,livree
103762,5340,6,2024-07-13,2024-07-20,2024-07-20,1089700,livree
103763,12207,3,2024-07-15,2024-07-20,2024-07-19,1036030,livree
103764,12403,2,2024-07-15,2024-07-18,2024-07-18,561310,livree
103765,17544,2,2024-07-16,2024-07-18,2024-07-18,1381390,livree
103766,21176,3,2024-07-14,2024-07-19,2024-07-19,1168910,livree
103767,1384,1,2024-07-15,2024-07-20,2024-07-19,435260,livree
103768,10200,2,2024-07-15,2024-07-22,2024-07-22,853125,livree
103769,8248,6,2024-07-15,2024-07-20,2024-07-20,681915,livree
103770,17735,4,2024-07-14,2024-07-17,2024-07-21,299370,livree
103771,6454,1,2024-07-16,2024-07-19,2024-07-19,1353940,livree
103772,12422,6,2024-07-17,2024-07-19,2024-07-24,370575,livree
103773,15803,3,2024-07-16,2024-07-21,2024-07-21,593095,livree
103774,10221,3,2024-07-16,2024-07-19,2024-07-24,102270,livree
103775,2630,1,2024-07-16,2024-07-21,2024-07-21,666050,livree
103776,18658,2,2024-07-17,2024-07-20,2024-07-20,835000,livree
103777,21264,1,2024-07-16,2024-07-18,2024-07-17,1001735,livree
103778,11274,1,2024-07-18,2024-07-25,2024-07-25,1078310,livree
103779,1149,1,2024-07-18,2024-07-21,2024-07-21,345120,livree
103780,23183,3,2024-07-17,2024-07-22,2024-07-21,989275,livree
103781,530,1,2024-07-16,2024-07-19,2024-07-19,1128175,livree
103782,9454,5,2024-07-16,2024-07-19,2024-07-19,1249205,livree
103783,10029,6,2024-07-17,2024-07-22,2024-07-21,973935,livree
103784,8650,5,2024-07-17,2024-07-19,2024-07-19,234555,livree
103785,10434,4,2024-07-18,2024-07-21,2024-07-21,314430,livree
103786,1414,3,2024-07-19,2024-07-24,2024-07-24,1165815,livree
103787,6123,4,2024-07-19,2024-07-26,2024-07-26,752675,livree
103788,11899,2,2024-07-19,2024-07-22,2024-07-23,92550,livree
103789,12708,1,2024-07-18,2024-07-21,2024-07-21,662880,livree
103790,6658,6,2024-07-19,2024-07-24,2024-07-24,1363570,livree
103791,19451,4,2024-07-20,2024-07-23,2024-07-23,1045170,livree
103792,13740,1,2024-07-20,2024-07-23,2024-07-23,617960,livree
103793,18817,5,2024-07-19,2024-07-24,2024-07-24,640765,livree
103794,21362,3,2024-07-19,2024-07-26,2024-07-27,1268990,livree
103795,12860,5,2024-07-20,2024-07-30,2024-08-01,904770,livree
103796,4889,5,2024-07-18,2024-07-25,2024-07-25,64010,livree
103797,21093,1,2024-07-20,2024-07-23,2024-07-23,146025,livree
103798,10637,6,2024-07-21,2024-07-24,2024-07-24,1356350,livree
103799,15427,1,2024-07-21,2024-07-24,2024-07-24,130100,livree
103800,1483,2,2024-07-21,2024-07-24,2024-07-24,1409315,livree
103801,14730,4,2024-07-20,2024-07-27,2024-07-26,752490,livree
103802,7664,4,2024-07-19,2024-07-24,2024-07-28,790845,livree
103803,4507,3,2024-07-21,2024-07-28,2024-07-27,425130,livree
103804,17338,3,2024-07-19,2024-07-24,2024-07-23,1221335,livree
103805,4518,1,2024-07-22,2024-08-01,2024-07-31,101000,livree
103806,6066,1,2024-07-22,2024-07-25,2024-07-26,480860,livree
103807,18423,4,2024-07-22,2024-08-01,2024-08-01,698745,livree
103808,1360,5,2024-07-22,2024-07-27,2024-07-27,1235705,livree
103809,18399,1,2024-07-22,2024-08-01,2024-07-31,593180,livree
103810,5165,2,2024-07-20,2024-07-30,2024-07-30,468675,livree
103811,20304,4,2024-07-21,2024-07-24,2024-07-26,1118270,livree
103812,10739,3,2024-07-22,2024-08-01,2024-07-31,1088215,livree
103813,1710,1,2024-07-22,2024-07-27,2024-07-27,706955,livree
103814,5653,6,2024-07-23,2024-07-26,2024-07-25,693060,livree
103815,8377,5,2024-07-22,2024-07-25,2024-07-25,413155,livree
103816,15778,5,2024-07-23,2024-08-02,2024-08-01,1166770,livree
103817,13183,6,2024-07-23,2024-07-30,2024-07-30,852330,livree
103818,1164,2,2024-07-22,2024-07-25,2024-08-06,683920,livree
103819,10274,3,2024-07-24,2024-07-29,2024-07-28,739565,livree
103820,10202,5,2024-07-23,2024-07-26,2024-07-26,690420,livree
103821,12738,5,2024-07-23,2024-07-26,2024-07-26,1269560,livree
103822,4831,6,2024-07-22,2024-07-27,2024-07-27,1080755,livree
103823,23378,2,2024-07-22,2024-07-29,2024-07-29,226120,livree
103824,12332,4,2024-07-24,2024-07-29,2024-07-28,833275,livree
103825,10102,3,2024-07-24,2024-07-27,2024-07-27,354700,livree
103826,1341,6,2024-07-24,2024-07-26,2024-07-26,528755,livree
103827,7569,3,2024-07-23,2024-07-26,2024-07-30,1080530,livree
103828,16348,1,2024-07-24,2024-07-27,2024-08-16,1065100,livree
103829,5168,5,2024-07-25,2024-08-04,2024-08-04,119075,livree
103830,14147,4,2024-07-23,2024-08-02,2024-08-02,455465,livree
103831,17497,4,2024-07-25,2024-07-28,2024-07-28,589280,livree
103832,23699,4,2024-07-24,2024-07-26,2024-07-26,512605,livree
103833,9572,4,2024-07-26,2024-07-29,2024-07-30,57525,livree
103834,7360,2,2024-07-26,2024-07-28,2024-07-28,906465,livree
103835,16985,5,2024-07-24,2024-07-26,2024-07-26,1024240,livree
103836,11450,4,2024-07-25,2024-07-27,2024-07-27,1348775,livree
103837,9821,5,2024-07-25,2024-07-28,2024-08-17,310445,livree
103838,17335,5,2024-07-25,2024-07-28,2024-07-28,772465,livree
103839,6476,2,2024-07-27,2024-08-03,2024-08-03,574795,livree
103840,9215,6,2024-07-26,2024-07-29,2024-07-29,146275,livree
103841,17861,1,2024-07-27,2024-08-01,2024-08-03,688785,livree
103842,14041,3,2024-07-26,2024-07-28,2024-07-27,1332435,livree
103843,3026,1,2024-07-27,2024-08-01,2024-08-09,591235,livree
103844,10156,5,2024-07-26,2024-07-31,2024-07-31,1372925,livree
103845,16585,6,2024-07-26,2024-08-02,2024-08-01,1242180,livree
103846,18395,5,2024-07-28,2024-08-02,2024-08-02,1409120,livree
103847,1478,4,2024-07-26,2024-07-28,2024-08-09,845330,livree
103848,23379,4,2024-07-26,2024-07-29,2024-07-28,1446755,livree
103849,19080,5,2024-07-26,2024-07-29,2024-08-03,866610,livree
103850,1820,4,2024-07-28,2024-08-02,2024-08-02,302000,livree
103851,19180,3,2024-07-28,2024-07-31,2024-08-12,292755,livree
103852,12604,6,2024-07-28,2024-07-31,2024-07-31,974600,livree
103853,16728,6,2024-07-29,2024-08-03,2024-08-03,980045,livree
103854,22077,6,2024-07-28,2024-08-02,2024-08-02,493215,livree
103855,10307,3,2024-07-29,2024-08-03,2024-08-03,978785,livree
103856,5528,5,2024-07-28,2024-08-04,2024-08-07,957855,livree
103857,11710,2,2024-07-28,2024-08-02,2024-08-01,916250,livree
103858,20605,5,2024-07-28,2024-08-02,2024-08-02,306955,livree
103859,5732,4,2024-07-28,2024-07-31,2024-07-30,1109295,livree
103860,7493,3,2024-07-30,2024-08-01,2024-08-01,1183735,livree
103861,2286,2,2024-07-29,2024-08-03,2024-08-03,1410510,livree
103862,8898,2,2024-07-28,2024-07-31,2024-07-31,599600,livree
103863,2784,5,2024-07-28,2024-08-04,2024-08-04,1423625,livree
103864,4380,3,2024-07-28,2024-07-30,2024-07-29,1268425,livree
103865,3326,3,2024-07-31,2024-08-02,2024-08-01,141835,livree
103866,21226,3,2024-07-29,2024-08-01,2024-08-01,310345,livree
103867,19241,6,2024-07-31,2024-08-05,2024-08-05,314915,livree
103868,14319,4,2024-07-31,2024-08-05,2024-08-05,698395,livree
103869,1199,5,2024-07-31,2024-08-05,2024-08-06,1147190,livree
103870,23775,2,2024-07-30,2024-08-02,2024-08-01,150455,livree
103871,912,1,2024-07-31,2024-08-07,2024-08-06,1227715,livree
103872,12081,4,2024-08-01,2024-08-04,2024-08-04,296360,livree
103873,2201,4,2024-07-30,2024-08-04,,778585,annulee
103874,8778,2,2024-08-01,2024-08-04,2024-08-04,495610,livree
103875,21688,1,2024-07-30,2024-08-02,,161040,annulee
103876,23421,1,2024-08-01,2024-08-06,2024-08-06,743055,livree
103877,22146,6,2024-08-01,2024-08-04,2024-08-04,526500,livree
103878,11303,4,2024-07-31,2024-08-05,2024-08-05,73735,livree
103879,10881,4,2024-07-31,2024-08-05,2024-09-19,157075,livree
103880,12105,1,2024-08-01,2024-08-06,2024-08-06,593625,livree
103881,10837,3,2024-08-01,2024-08-06,,1093880,annulee
103882,20643,4,2024-07-31,2024-08-05,2024-08-04,1363220,livree
103883,15601,5,2024-08-02,2024-08-04,2024-08-04,215450,livree
103884,17640,5,2024-08-01,2024-08-06,2024-08-06,1079655,livree
103885,19259,3,2024-08-02,2024-08-05,2024-08-05,1334525,livree
103886,15918,3,2024-08-03,2024-08-05,2024-08-05,331230,livree
103887,5629,6,2024-08-03,2024-08-13,2024-08-13,173430,livree
103888,10380,6,2024-08-02,2024-08-04,,613330,annulee
103889,11052,5,2024-08-02,2024-08-04,2024-08-03,508375,livree
103890,18781,2,2024-08-03,2024-08-05,2024-08-04,818900,livree
103891,22735,2,2024-08-02,2024-08-07,2024-08-06,600650,livree
103892,6192,2,2024-08-03,2024-08-08,2024-08-08,62270,livree
103893,14039,5,2024-08-04,2024-08-11,2024-08-11,951100,livree
103894,3662,1,2024-08-02,2024-08-05,2024-08-05,773150,livree
103895,17614,6,2024-08-04,2024-08-14,2024-08-14,1368730,livree
103896,4071,6,2024-08-03,2024-08-06,2024-08-06,296305,livree
103897,22642,6,2024-08-03,2024-08-10,2024-08-10,1385620,livree
103898,10679,6,2024-08-04,2024-08-11,2024-08-10,892985,livree
103899,9361,6,2024-08-03,2024-08-08,2024-08-08,226330,livree
103900,19922,4,2024-08-03,2024-08-13,2024-08-14,1113780,livree
103901,18559,4,2024-08-03,2024-08-06,2024-08-18,1387270,livree
103902,155,2,2024-08-04,2024-08-07,2024-08-07,311600,livree
103903,2760,5,2024-08-05,2024-08-08,2024-08-11,571440,livree
103904,3970,5,2024-08-04,2024-08-11,2024-08-10,1415210,livree
103905,1563,5,2024-08-05,2024-08-08,2024-08-09,650730,livree
103906,7673,6,2024-08-05,2024-08-10,2024-08-10,1028440,livree
103907,6778,3,2024-08-05,2024-08-15,2024-09-04,335600,livree
103908,19676,4,2024-08-05,2024-08-12,2024-08-11,327300,livree
103909,21719,2,2024-08-06,2024-08-11,2024-08-10,857195,livree
103910,11105,3,2024-08-04,2024-08-14,2024-08-18,1050620,livree
103911,13910,1,2024-08-06,2024-08-11,2024-08-14,222840,livree
103912,21882,3,2024-08-06,2024-08-09,2024-08-09,1138290,livree
103913,16903,6,2024-08-05,2024-08-10,,469975,annulee
103914,12403,5,2024-08-06,2024-08-11,2024-08-11,941130,livree
103915,22630,3,2024-08-05,2024-08-08,2024-08-08,271940,livree
103916,22641,3,2024-08-07,2024-08-12,2024-08-12,928335,livree
103917,20551,3,2024-08-06,2024-08-09,2024-08-29,1127610,livree
103918,23384,3,2024-08-06,2024-08-09,2024-08-08,682155,livree
103919,1037,2,2024-08-06,2024-08-16,2024-08-16,631710,livree
103920,3040,2,2024-08-07,2024-08-14,2024-08-13,115895,livree
103921,14333,1,2024-08-06,2024-08-08,2024-08-08,327245,livree
103922,8101,2,2024-08-06,2024-08-08,2024-08-07,88545,livree
103923,1989,2,2024-08-07,2024-08-12,2024-08-11,1390090,livree
103924,5017,1,2024-08-08,2024-08-13,2024-08-13,1433665,livree
103925,21386,5,2024-08-08,2024-08-15,2024-08-15,931355,livree
103926,1209,5,2024-08-07,2024-08-09,2024-08-08,611190,livree
103927,8741,3,2024-08-09,2024-08-14,2024-08-13,954325,livree
103928,18954,5,2024-08-08,2024-08-15,2024-08-15,363775,livree
103929,16743,6,2024-08-07,2024-08-14,2024-08-13,493455,livree
103930,6000,2,2024-08-09,2024-08-12,2024-08-12,145705,livree
103931,23455,4,2024-08-09,2024-08-14,2024-08-14,1118585,livree
103932,2429,1,2024-08-07,2024-08-14,2024-08-13,574785,livree
103933,19658,2,2024-08-08,2024-08-11,2024-08-10,1136290,livree
103934,14189,5,2024-08-09,2024-08-14,2024-08-13,972425,livree
103935,8295,1,2024-08-09,2024-08-11,2024-08-13,782325,livree
103936,9614,4,2024-08-09,2024-08-12,2024-08-12,58055,livree
103937,13519,4,2024-08-09,2024-08-11,2024-08-11,826215,livree
103938,20017,6,2024-08-08,2024-08-11,2024-08-11,595085,livree
103939,16473,3,2024-08-10,2024-08-15,2024-08-14,547915,livree
103940,5526,1,2024-08-10,2024-08-13,2024-08-12,880605,livree
103941,9309,5,2024-08-11,2024-08-16,2024-08-16,164725,livree
103942,9955,1,2024-08-11,2024-08-21,2024-08-21,280610,livree
103943,19404,1,2024-08-10,2024-08-15,2024-08-14,548595,livree
103944,438,2,2024-08-09,2024-08-19,2024-08-18,1427135,livree
103945,22631,6,2024-08-09,2024-08-14,2024-08-13,797480,livree
103946,9279,2,2024-08-11,2024-08-14,2024-08-13,529565,livree
103947,21480,2,2024-08-12,2024-08-17,2024-08-17,528210,livree
103948,3985,5,2024-08-12,2024-08-17,2024-08-20,1232220,livree
103949,9180,4,2024-08-10,2024-08-15,2024-08-14,403725,livree
103950,19373,6,2024-08-10,2024-08-13,2024-08-13,1255885,livree
103951,20743,5,2024-08-11,2024-08-14,2024-08-13,730520,livree
103952,13721,3,2024-08-10,2024-08-17,2024-08-16,1152075,livree
103953,2857,3,2024-08-11,2024-08-16,2024-08-16,1034305,livree
103954,10283,6,2024-08-12,2024-08-17,2024-08-21,1270790,livree
103955,13569,6,2024-08-11,2024-08-16,2024-08-16,442540,livree
103956,17259,2,2024-08-12,2024-08-15,2024-08-15,949340,livree
103957,13435,3,2024-08-11,2024-08-14,2024-08-14,1150880,livree
103958,13186,5,2024-08-13,2024-08-16,2024-08-16,378580,livree
103959,1937,2,2024-08-13,2024-08-18,2024-08-17,498550,livree
103960,16251,3,2024-08-13,2024-08-20,2024-08-28,838795,livree
103961,10276,1,2024-08-13,2024-08-15,2024-08-14,253905,livree
103962,14490,4,2024-08-14,2024-08-16,2024-08-16,275560,livree
103963,338,6,2024-08-13,2024-08-16,2024-08-16,1146575,livree
103964,6068,4,2024-08-12,2024-08-14,2024-08-22,575125,livree
103965,15860,4,2024-08-12,2024-08-15,2024-08-14,977380,livree
103966,17455,3,2024-08-13,2024-08-23,2024-08-22,1395855,livree
103967,18758,5,2024-08-13,2024-08-20,2024-08-28,1087135,livree
103968,11139,5,2024-08-13,2024-08-16,2024-08-16,1145600,livree
103969,6996,2,2024-08-15,2024-08-20,2024-08-20,158835,livree
103970,8633,3,2024-08-14,2024-08-19,2024-08-20,472800,livree
103971,14796,6,2024-08-13,2024-08-16,2024-08-16,329805,livree
103972,15767,6,2024-08-13,2024-08-23,2024-08-23,213835,livree
103973,15042,4,2024-08-15,2024-08-17,2024-08-16,1083615,livree
103974,18320,5,2024-08-16,2024-08-21,2024-08-20,54980,livree
103975,19863,2,2024-08-14,2024-08-21,2024-08-21,964040,livree
103976,13742,2,2024-08-14,2024-08-24,2024-08-24,1252805,livree
103977,16734,2,2024-08-15,2024-08-20,,1264055,annulee
103978,18906,1,2024-08-15,2024-08-18,2024-08-18,1336330,livree
103979,12847,3,2024-08-14,2024-08-17,2024-08-16,120375,livree
103980,18518,5,2024-08-16,2024-08-23,2024-08-23,270545,livree
103981,17411,6,2024-08-15,2024-08-18,,1178340,annulee
103982,5552,3,2024-08-15,2024-08-22,2024-08-21,377995,livree
103983,19359,3,2024-08-17,2024-08-20,2024-08-20,403210,livree
103984,20127,5,2024-08-16,2024-08-19,2024-08-19,120600,livree
103985,11347,5,2024-08-15,2024-08-17,2024-08-17,725780,livree
103986,17813,5,2024-08-17,2024-08-24,2024-08-24,940190,livree
103987,2754,5,2024-08-18,2024-08-20,2024-08-20,764215,livree
103988,3521,5,2024-08-16,2024-08-26,2024-08-26,1009950,livree
103989,21178,2,2024-08-16,2024-08-19,2024-08-19,1203530,livree
103990,19116,3,2024-08-17,2024-08-22,2024-08-22,1105250,livree
103991,2575,6,2024-08-17,2024-08-22,2024-08-22,467655,livree
103992,536,4,2024-08-18,2024-08-25,2024-08-25,1072800,livree
103993,15844,2,2024-08-18,2024-08-23,2024-08-23,102950,livree
103994,8603,5,2024-08-17,2024-08-22,2024-08-22,601895,livree
103995,22744,4,2024-08-18,2024-08-23,2024-08-22,179765,livree
103996,8517,5,2024-08-18,2024-08-23,,317955,annulee
103997,22280,1,2024-08-19,2024-08-21,2024-08-20,887395,livree
103998,13366,4,2024-08-19,2024-08-24,2024-08-29,343585,livree
103999,2871,2,2024-08-19,2024-08-24,2024-08-24,244510,livree
104000,22166,5,2024-08-19,2024-08-24,2024-09-05,704170,livree
104001,12794,5,2024-08-19,2024-08-21,2024-08-21,830415,livree
104002,2610,2,2024-08-18,2024-08-28,2024-08-27,46370,livree
104003,13217,3,2024-08-18,2024-08-28,2024-08-28,574145,livree
104004,11781,4,2024-08-18,2024-08-21,2024-08-21,65290,livree
104005,3958,2,2024-08-19,2024-08-21,2024-08-22,1168970,livree
104006,21101,3,2024-08-20,2024-08-22,2024-08-27,1104215,livree
104007,9192,2,2024-08-19,2024-08-21,2024-08-20,70105,livree
104008,10964,3,2024-08-20,2024-08-25,2024-08-26,1046530,livree
104009,15206,5,2024-08-20,2024-08-25,,502515,annulee
104010,13392,5,2024-08-21,2024-08-26,2024-08-26,790060,livree
104011,15798,1,2024-08-21,2024-08-23,2024-08-22,888985,livree
104012,10292,3,2024-08-20,2024-08-22,2024-08-22,1354190,livree
104013,6853,6,2024-08-22,2024-08-27,2024-09-16,228020,livree
104014,19713,2,2024-08-20,2024-08-30,2024-08-30,1294215,livree
104015,725,6,2024-08-20,2024-08-27,2024-08-29,1361795,livree
104016,3037,3,2024-08-20,2024-08-23,2024-08-23,1234075,livree
104017,9574,1,2024-08-22,2024-08-27,2024-08-27,785295,livree
104018,22248,3,2024-08-21,2024-08-23,2024-08-23,265845,livree
104019,13383,2,2024-08-21,2024-08-28,2024-08-27,208300,livree
104020,7716,1,2024-08-23,2024-08-25,2024-09-06,1062170,livree
104021,8640,3,2024-08-22,2024-08-27,2024-08-26,116610,livree
104022,8760,5,2024-08-21,2024-08-24,2024-08-23,1222125,livree
104023,12314,6,2024-08-23,2024-08-26,2024-09-15,781800,livree
104024,3529,1,2024-08-22,2024-08-29,2024-08-29,370145,livree
104025,1412,5,2024-08-23,2024-08-30,2024-08-29,268655,livree
104026,20598,3,2024-08-21,2024-08-23,2024-08-23,453485,livree
104027,670,1,2024-08-22,2024-08-25,2024-09-14,713265,livree
104028,14638,5,2024-08-22,2024-08-25,2024-08-27,1258040,livree
104029,6355,3,2024-08-24,2024-08-29,2024-08-29,1304745,livree
104030,17610,3,2024-08-22,2024-08-27,2024-08-27,1418620,livree
104031,9058,5,2024-08-24,2024-09-03,2024-09-03,644770,livree
104032,9852,1,2024-08-24,2024-08-31,2024-08-30,1431460,livree
104033,19507,2,2024-08-25,2024-08-28,2024-08-30,1305460,livree
104034,15488,6,2024-08-23,2024-08-28,2024-08-28,1067605,livree
104035,5474,1,2024-08-25,2024-08-28,2024-08-28,1402040,livree
104036,5699,2,2024-08-23,2024-08-28,2024-08-28,873000,livree
104037,5271,4,2024-08-24,2024-08-31,2024-08-30,1113545,livree
104038,11721,1,2024-08-23,2024-08-26,2024-08-26,829330,livree
104039,20869,2,2024-08-24,2024-08-26,2024-08-26,650695,livree
104040,4592,2,2024-08-24,2024-08-29,2024-08-29,1411580,livree
104041,20005,1,2024-08-24,2024-09-03,2024-09-02,159340,livree
104042,14164,4,2024-08-25,2024-08-27,2024-08-27,812915,livree
104043,20666,3,2024-08-25,2024-09-01,2024-08-31,439405,livree
104044,12022,6,2024-08-26,2024-09-05,2024-09-05,1197535,livree
104045,14737,3,2024-08-26,2024-08-31,2024-08-30,1045735,livree
104046,3737,1,2024-08-24,2024-09-03,2024-09-02,843265,livree
104047,9739,6,2024-08-26,2024-08-31,2024-08-30,1334900,livree
104048,22936,1,2024-08-26,2024-08-29,2024-09-10,648675,livree
104049,10898,5,2024-08-25,2024-08-30,2024-09-04,802960,livree
104050,18122,5,2024-08-25,2024-08-30,2024-08-30,354860,livree
104051,2287,3,2024-08-25,2024-08-30,2024-08-31,1167395,livree
104052,15436,1,2024-08-25,2024-09-01,2024-09-01,625525,livree
104053,6556,2,2024-08-26,2024-08-28,2024-08-28,839300,livree
104054,5753,2,2024-08-27,2024-09-01,2024-09-01,1126100,livree
104055,13877,3,2024-08-28,2024-09-04,2024-09-04,555040,livree
104056,344,1,2024-08-27,2024-09-01,2024-09-01,152300,livree
104057,1026,2,2024-08-28,2024-08-31,2024-08-31,429365,livree
104058,7643,1,2024-08-26,2024-08-31,2024-08-31,504725,livree
104059,18900,4,2024-08-28,2024-08-31,2024-08-30,1055035,livree
104060,9250,3,2024-08-29,2024-09-01,2024-09-01,328730,livree
104061,2866,6,2024-08-28,2024-09-07,2024-09-07,1063180,livree
104062,824,6,2024-08-28,2024-09-07,2024-09-10,1281690,livree
104063,13363,3,2024-08-28,2024-08-31,2024-08-31,141645,livree
104064,2890,6,2024-08-27,2024-08-30,2024-08-30,191690,livree
104065,6707,2,2024-08-28,2024-08-30,2024-08-29,1269070,livree
104066,8728,6,2024-08-28,2024-08-31,2024-09-12,107395,livree
104067,10861,6,2024-08-28,2024-08-31,2024-08-30,1126425,livree
104068,8370,5,2024-08-28,2024-09-04,2024-10-19,411305,livree
104069,10943,1,2024-08-28,2024-09-02,2024-10-17,1036425,livree
104070,2602,6,2024-08-28,2024-09-02,2024-09-02,787755,livree
104071,533,2,2024-08-30,2024-09-09,2024-09-09,262250,livree
104072,161,4,2024-08-28,2024-08-31,2024-08-31,985895,livree
104073,9603,1,2024-08-29,2024-09-08,2024-10-23,353085,livree
104074,2252,1,2024-08-31,2024-09-10,2024-09-10,898130,livree
104075,14077,3,2024-08-29,2024-09-01,2024-09-01,840765,livree
104076,12474,6,2024-08-30,2024-09-06,2024-09-06,530540,livree
104077,22900,5,2024-08-29,2024-09-05,2024-09-05,635130,livree
104078,23876,4,2024-08-31,2024-09-07,2024-09-06,491675,livree
104079,16505,6,2024-08-31,2024-09-07,,750125,annulee
104080,16195,2,2024-08-31,2024-09-05,2024-09-06,496885,livree
104081,2577,1,2024-08-30,2024-09-09,2024-09-09,516720,livree
104082,5960,3,2024-09-01,2024-09-08,2024-09-07,263245,livree
104083,23053,3,2024-08-31,2024-09-10,2024-09-18,1205355,livree
104084,12336,1,2024-09-01,2024-09-11,2024-09-10,704945,livree
104085,16355,5,2024-09-01,2024-09-04,2024-09-04,441710,livree
104086,1871,2,2024-08-30,2024-09-04,2024-09-04,134100,livree
104087,16425,1,2024-08-31,2024-09-02,2024-09-01,1006230,livree
104088,16621,4,2024-09-01,2024-09-04,2024-09-04,978015,livree
104089,1648,3,2024-08-31,2024-09-02,2024-09-03,869865,livree
104090,3520,3,2024-08-31,2024-09-02,2024-09-02,909555,livree
104091,10836,4,2024-09-01,2024-09-06,2024-09-06,838915,livree
104092,20636,2,2024-09-01,2024-09-06,2024-09-06,476615,livree
104093,18245,3,2024-08-31,2024-09-05,2024-09-05,823720,livree
104094,5724,3,2024-09-03,2024-09-10,2024-10-25,790610,livree
104095,20787,1,2024-09-01,2024-09-04,2024-10-19,162995,livree
104096,12694,2,2024-09-02,2024-09-05,2024-09-05,918550,livree
104097,14763,4,2024-09-01,2024-09-04,2024-09-24,460065,livree
104098,3275,4,2024-09-01,2024-09-06,2024-09-05,282715,livree
104099,16770,4,2024-09-03,2024-09-06,2024-09-06,122345,livree
104100,6386,5,2024-09-03,2024-09-05,2024-09-05,992210,livree
104101,9812,5,2024-09-03,2024-09-08,2024-09-10,1326960,livree
104102,9268,2,2024-09-04,2024-09-14,2024-09-14,654130,livree
104103,16524,1,2024-09-03,2024-09-08,2024-09-08,783310,livree
104104,20642,2,2024-09-03,2024-09-10,2024-09-10,107430,livree
104105,19495,4,2024-09-04,2024-09-06,2024-09-05,1343200,livree
104106,22408,6,2024-09-04,2024-09-14,2024-09-14,1318960,livree
104107,10533,2,2024-09-03,2024-09-08,2024-09-08,443115,livree
104108,22399,6,2024-09-04,2024-09-11,2024-09-10,836405,livree
104109,9086,3,2024-09-04,2024-09-09,2024-09-08,1161680,livree
104110,6007,5,2024-09-05,2024-09-10,,1447960,annulee
104111,9628,6,2024-09-04,2024-09-07,2024-09-07,1123830,livree
104112,2707,2,2024-09-05,2024-09-15,2024-09-14,721430,livree
104113,1716,1,2024-09-05,2024-09-12,2024-09-11,225320,livree
104114,16363,3,2024-09-06,2024-09-09,2024-09-09,1138740,livree
104115,19373,1,2024-09-06,2024-09-11,2024-09-15,171035,livree
104116,14086,6,2024-09-06,2024-09-13,2024-10-28,789755,livree
104117,23272,1,2024-09-06,2024-09-09,2024-09-08,1107690,livree
104118,15953,6,2024-09-06,2024-09-16,2024-09-16,1157165,livree
104119,16939,3,2024-09-04,2024-09-07,2024-09-27,1317330,livree
104120,23648,2,2024-09-04,2024-09-07,2024-09-06,611910,livree
104121,9127,3,2024-09-07,2024-09-17,2024-09-17,266830,livree
104122,2484,3,2024-09-05,2024-09-10,2024-09-10,499630,livree
104123,6998,4,2024-09-07,2024-09-17,2024-09-17,1442810,livree
104124,9292,6,2024-09-05,2024-09-07,2024-09-07,216975,livree
104125,18222,2,2024-09-05,2024-09-15,2024-09-14,74525,livree
104126,18325,2,2024-09-05,2024-09-12,2024-09-13,624775,livree
104127,21112,2,2024-09-06,2024-09-11,2024-09-13,1210810,livree
104128,1226,5,2024-09-07,2024-09-17,2024-09-17,271875,livree
104129,17588,6,2024-09-07,2024-09-12,2024-09-12,946420,livree
104130,11440,2,2024-09-08,2024-09-11,2024-09-10,979330,livree
104131,12126,3,2024-09-06,2024-09-11,2024-09-11,670400,livree
104132,16140,2,2024-09-06,2024-09-11,2024-09-11,458670,livree
104133,12757,5,2024-09-08,2024-09-10,2024-09-11,1230100,livree
104134,18292,2,2024-09-09,2024-09-11,2024-09-11,328900,livree
104135,13549,1,2024-09-07,2024-09-14,2024-09-14,874095,livree
104136,1811,1,2024-09-08,2024-09-13,2024-09-12,156795,livree
104137,8472,6,2024-09-08,2024-09-11,2024-09-11,937405,livree
104138,14446,1,2024-09-08,2024-09-13,2024-09-12,868730,livree
104139,14892,3,2024-09-08,2024-09-13,2024-09-12,1428270,livree
104140,3427,5,2024-09-08,2024-09-15,2024-09-15,404110,livree
104141,13593,5,2024-09-08,2024-09-11,2024-09-11,1146095,livree
104142,22028,6,2024-09-09,2024-09-16,2024-09-16,1004535,livree
104143,3755,5,2024-09-10,2024-09-12,2024-09-12,741405,livree
104144,16937,1,2024-09-09,2024-09-14,2024-09-17,706185,livree
104145,23638,5,2024-09-08,2024-09-11,2024-09-11,540755,livree
104146,8233,2,2024-09-08,2024-09-13,,489525,annulee
104147,8651,2,2024-09-09,2024-09-11,2024-09-11,712760,livree
104148,15242,1,2024-09-10,2024-09-13,2024-09-21,1280570,livree
104149,2680,1,2024-09-09,2024-09-16,2024-10-06,1069080,livree
104150,7151,1,2024-09-09,2024-09-12,2024-09-24,894525,livree
104151,19173,3,2024-09-10,2024-09-12,2024-09-13,870965,livree
104152,20001,3,2024-09-11,2024-09-16,2024-09-16,664545,livree
104153,16539,5,2024-09-10,2024-09-15,2024-09-14,668970,livree
104154,18161,3,2024-09-10,2024-09-15,2024-09-15,1218900,livree
104155,17520,5,2024-09-10,2024-09-15,2024-09-15,841970,livree
104156,22804,2,2024-09-12,2024-09-17,2024-09-17,536690,livree
104157,7613,2,2024-09-11,2024-09-16,2024-09-16,1129505,livree
104158,22337,6,2024-09-11,2024-09-18,2024-09-18,1221750,livree
104159,17560,1,2024-09-11,2024-09-14,,1240760,annulee
104160,2549,3,2024-09-11,2024-09-18,2024-10-08,1264660,livree
104161,18231,2,2024-09-13,2024-09-20,2024-09-20,823325,livree
104162,8078,1,2024-09-12,2024-09-17,2024-09-25,144180,livree
104163,9136,1,2024-09-11,2024-09-21,2024-09-21,239580,livree
104164,22880,4,2024-09-11,2024-09-21,2024-09-21,399375,livree
104165,21836,3,2024-09-13,2024-09-23,2024-09-22,677390,livree
104166,6869,3,2024-09-13,2024-09-16,,1126960,annulee
104167,22206,4,2024-09-13,2024-09-16,2024-10-06,1229220,livree
104168,861,3,2024-09-12,2024-09-22,2024-09-22,183375,livree
104169,7139,1,2024-09-13,2024-09-18,2024-09-18,1325270,livree
104170,6611,1,2024-09-14,2024-09-19,2024-09-18,730255,livree
104171,19177,5,2024-09-12,2024-09-15,2024-09-14,968195,livree
104172,14907,2,2024-09-12,2024-09-17,2024-09-16,1332660,livree
104173,2306,4,2024-09-13,2024-09-16,2024-09-16,1072595,livree
104174,1430,3,2024-09-14,2024-09-24,2024-09-23,1040875,livree
104175,7340,3,2024-09-13,2024-09-16,2024-09-16,977400,livree
104176,17416,6,2024-09-14,2024-09-17,2024-09-16,626460,livree
104177,19917,5,2024-09-15,2024-09-17,2024-09-16,493250,livree
104178,15045,1,2024-09-15,2024-09-17,2024-09-16,1278465,livree
104179,23735,4,2024-09-13,2024-09-18,2024-09-18,534530,livree
104180,19525,1,2024-09-14,2024-09-19,2024-09-18,1197675,livree
104181,22930,2,2024-09-16,2024-09-19,,489185,annulee
104182,5639,3,2024-09-14,2024-09-17,2024-09-17,919120,livree
104183,9997,6,2024-09-16,2024-09-19,2024-09-19,1203265,livree
104184,16388,6,2024-09-14,2024-09-17,2024-09-18,1411815,livree
104185,14128,4,2024-09-16,2024-09-18,2024-09-18,852780,livree
104186,13538,2,2024-09-14,2024-09-21,2024-09-21,528360,livree
104187,11395,2,2024-09-14,2024-09-19,2024-09-19,346585,livree
104188,8175,5,2024-09-17,2024-09-19,2024-09-18,918755,livree
104189,10954,4,2024-09-17,2024-09-20,2024-09-20,1239180,livree
104190,13241,5,2024-09-16,2024-09-23,2024-09-23,73510,livree
104191,5900,1,2024-09-15,2024-09-18,,661565,annulee
104192,19569,3,2024-09-15,2024-09-17,2024-09-29,741245,livree
104193,19772,1,2024-09-17,2024-09-22,2024-09-22,350310,livree
104194,5585,5,2024-09-17,2024-09-20,2024-09-20,492135,livree
104195,10656,6,2024-09-17,2024-09-22,2024-09-22,520450,livree
104196,16551,6,2024-09-18,2024-09-23,2024-09-28,1377340,livree
104197,2341,4,2024-09-16,2024-09-19,2024-09-18,662315,livree
104198,12016,4,2024-09-16,2024-09-26,2024-09-25,611985,livree
104199,9856,3,2024-09-17,2024-09-22,2024-09-22,1117450,livree
104200,13421,5,2024-09-16,2024-09-19,2024-09-18,980925,livree
104201,12158,3,2024-09-18,2024-09-21,2024-09-21,1370305,livree
104202,18440,6,2024-09-19,2024-09-22,2024-09-26,198455,livree
104203,18574,3,2024-09-19,2024-09-22,2024-09-21,1278250,livree
104204,17529,2,2024-09-18,2024-09-25,2024-09-29,1121150,livree
104205,22054,4,2024-09-17,2024-09-22,2024-09-22,522640,livree
104206,281,1,2024-09-17,2024-09-27,2024-09-27,444910,livree
104207,12655,2,2024-09-18,2024-09-25,2024-09-24,990445,livree
104208,12119,6,2024-09-19,2024-09-24,2024-09-24,698650,livree
104209,5344,6,2024-09-20,2024-09-25,2024-09-25,967030,livree
104210,2059,1,2024-09-19,2024-09-21,2024-09-25,228505,livree
104211,17254,1,2024-09-18,2024-09-23,2024-09-23,1327455,livree
104212,11855,5,2024-09-19,2024-09-29,2024-09-29,1374770,livree
104213,10427,4,2024-09-19,2024-09-24,2024-09-29,666175,livree
104214,813,4,2024-09-18,2024-09-25,2024-09-24,594780,livree
104215,5028,6,2024-09-19,2024-09-24,2024-09-23,1339275,livree
104216,9524,3,2024-09-19,2024-09-22,2024-09-22,391360,livree
104217,14290,6,2024-09-20,2024-09-25,2024-09-25,441645,livree
104218,8095,2,2024-09-19,2024-09-24,2024-11-08,789940,livree
104219,13889,4,2024-09-21,2024-09-23,2024-09-23,1368100,livree
104220,914,4,2024-09-20,2024-09-27,2024-09-28,806170,livree
104221,16538,2,2024-09-21,2024-09-24,2024-09-23,373495,livree
104222,22398,2,2024-09-21,2024-09-26,2024-09-27,1231255,livree
104223,4817,5,2024-09-20,2024-09-23,2024-10-13,792895,livree
104224,10350,4,2024-09-20,2024-09-22,2024-09-23,524035,livree
104225,1995,4,2024-09-21,2024-09-23,2024-09-23,484950,livree
104226,2754,4,2024-09-21,2024-09-28,2024-09-28,762855,livree
104227,9482,2,2024-09-21,2024-09-24,2024-09-23,966845,livree
104228,20454,6,2024-09-23,2024-09-26,2024-09-26,729745,livree
104229,13013,1,2024-09-23,2024-10-03,2024-10-23,237275,livree
104230,7141,6,2024-09-21,2024-09-24,2024-09-23,561280,livree
104231,8786,5,2024-09-21,2024-09-26,2024-09-26,894430,livree
104232,6383,6,2024-09-23,2024-09-26,2024-09-26,1178560,livree
104233,7076,4,2024-09-23,2024-09-26,2024-09-25,781905,livree
104234,6127,2,2024-09-23,2024-09-30,2024-09-30,681335,livree
104235,7096,1,2024-09-22,2024-09-25,2024-09-25,1089915,livree
104236,19048,2,2024-09-23,2024-10-03,2024-10-03,586665,livree
104237,5893,2,2024-09-22,2024-09-25,2024-09-25,471245,livree
104238,10371,5,2024-09-24,2024-09-26,2024-09-26,120000,livree
104239,1854,3,2024-09-23,2024-09-28,2024-10-06,429680,livree
104240,2279,3,2024-09-22,2024-09-27,2024-09-27,371370,livree
104241,15181,5,2024-09-23,2024-09-28,,728305,annulee
104242,12811,5,2024-09-24,2024-09-29,2024-09-29,1085640,livree
104243,6132,2,2024-09-23,2024-09-25,2024-09-24,930530,livree
104244,20181,6,2024-09-23,2024-09-28,2024-09-28,1174740,livree
104245,6573,4,2024-09-23,2024-10-03,2024-10-08,378780,livree
104246,7128,2,2024-09-23,2024-09-25,2024-09-24,586420,livree
104247,20710,4,2024-09-24,2024-09-27,2024-09-27,504765,livree
104248,13244,4,2024-09-24,2024-09-29,2024-10-07,455800,livree
104249,13130,5,2024-09-24,2024-09-26,2024-09-25,565045,livree
104250,17806,4,2024-09-25,2024-09-27,2024-09-26,1351280,livree
104251,5921,5,2024-09-26,2024-09-29,2024-09-29,1394395,livree
104252,15598,6,2024-09-24,2024-09-29,2024-09-29,163630,livree
104253,5709,5,2024-09-24,2024-09-29,2024-09-29,1317490,livree
104254,128,3,2024-09-26,2024-09-29,2024-09-29,715075,livree
104255,13520,1,2024-09-27,2024-10-02,2024-10-02,329485,livree
104256,12239,1,2024-09-25,2024-09-28,2024-10-02,1183110,livree
104257,15630,1,2024-09-25,2024-09-28,2024-09-30,1000825,livree
104258,16782,6,2024-09-26,2024-10-06,2024-10-06,564555,livree
104259,18770,6,2024-09-26,2024-10-01,2024-09-30,1237680,livree
104260,10498,6,2024-09-25,2024-09-27,2024-09-26,1205840,livree
104261,16526,1,2024-09-27,2024-09-30,2024-09-30,1203915,livree
104262,4751,3,2024-09-27,2024-10-04,2024-10-03,219490,livree
104263,14452,6,2024-09-27,2024-10-04,2024-10-04,1324340,livree
104264,15175,4,2024-09-26,2024-09-29,2024-09-29,823945,livree
104265,510,2,2024-09-28,2024-10-05,2024-10-04,181720,livree
104266,2462,1,2024-09-27,2024-10-04,2024-10-04,218895,livree
104267,13670,3,2024-09-27,2024-09-30,2024-09-30,551785,livree
104268,1708,6,2024-09-26,2024-09-29,2024-09-29,598445,livree
104269,4944,6,2024-09-29,2024-10-02,2024-10-02,694420,livree
104270,2156,5,2024-09-29,2024-10-09,2024-10-09,725405,livree
104271,4188,6,2024-09-28,2024-10-01,2024-10-01,1088125,livree
104272,12645,6,2024-09-27,2024-10-02,2024-10-02,1242030,livree
104273,8802,5,2024-09-28,2024-10-01,2024-10-02,578675,livree
104274,1195,5,2024-09-29,2024-10-09,2024-10-14,1247945,livree
104275,8259,2,2024-09-30,2024-10-05,2024-10-05,905920,livree
104276,3989,5,2024-09-30,2024-10-10,2024-10-10,1123695,livree
104277,5418,3,2024-09-29,2024-10-09,2024-10-09,423275,livree
104278,3733,1,2024-09-28,2024-10-01,2024-11-15,313415,livree
104279,14295,5,2024-09-29,2024-10-02,2024-10-01,793470,livree
104280,23619,1,2024-09-29,2024-10-09,2024-10-09,834495,livree
104281,7454,3,2024-09-28,2024-09-30,2024-09-30,1186555,livree
104282,15744,3,2024-09-30,2024-10-03,2024-10-04,467620,livree
104283,8955,4,2024-09-29,2024-10-04,2024-10-04,804465,livree
104284,21879,4,2024-10-01,2024-10-11,2024-10-14,461465,livree
104285,6823,5,2024-09-30,2024-10-02,2024-10-22,769730,livree
104286,22632,1,2024-09-29,2024-10-09,2024-10-09,907675,livree
104287,2961,6,2024-10-01,2024-10-04,2024-10-04,967790,livree
104288,10694,3,2024-10-01,2024-10-06,,176290,annulee
104289,3821,1,2024-10-01,2024-10-04,2024-10-03,456395,livree
104290,15973,3,2024-10-01,2024-10-08,2024-10-07,388215,livree
104291,6187,6,2024-10-02,2024-10-07,2024-10-07,404690,livree
104292,12060,5,2024-10-01,2024-10-04,2024-10-04,378215,livree
104293,8965,5,2024-09-30,2024-10-10,2024-10-10,424465,livree
104294,12563,2,2024-10-02,2024-10-07,2024-10-06,1337005,livree
104295,7466,1,2024-10-02,2024-10-07,2024-10-07,692595,livree
104296,15789,2,2024-10-02,2024-10-05,2024-10-05,1429680,livree
104297,6255,5,2024-10-02,2024-10-07,2024-10-07,896325,livree
104298,21603,1,2024-10-02,2024-10-05,2024-10-04,606695,livree
104299,8138,1,2024-10-02,2024-10-05,2024-10-06,742635,livree
104300,2862,2,2024-10-03,2024-10-08,,56885,annulee
104301,14951,1,2024-10-01,2024-10-08,2024-10-07,257975,livree
104302,12145,4,2024-10-02,2024-10-05,2024-10-05,1393335,livree
104303,23204,1,2024-10-04,2024-10-06,2024-10-06,1280670,livree
104304,6189,4,2024-10-03,2024-10-08,2024-10-08,1221860,livree
104305,5562,4,2024-10-04,2024-10-14,2024-10-19,1107355,livree
104306,20765,5,2024-10-02,2024-10-05,2024-10-05,1175900,livree
104307,7524,3,2024-10-02,2024-10-07,2024-10-07,476480,livree
104308,13755,6,2024-10-04,2024-10-14,,120825,annulee
104309,8496,1,2024-10-05,2024-10-15,2024-10-15,1424690,livree
104310,1030,6,2024-10-04,2024-10-09,2024-10-09,1391955,livree
104311,17285,4,2024-10-03,2024-10-06,2024-10-06,647435,livree
104312,10255,1,2024-10-05,2024-10-10,2024-10-09,938095,livree
104313,22413,6,2024-10-03,2024-10-08,2024-10-07,1000715,livree
104314,14664,2,2024-10-04,2024-10-14,2024-10-18,1138570,livree
104315,18082,6,2024-10-05,2024-10-08,2024-10-08,1385220,livree
104316,4463,6,2024-10-06,2024-10-11,2024-10-11,58855,livree
104317,7788,1,2024-10-05,2024-10-08,2024-10-08,550860,livree
104318,23908,5,2024-10-04,2024-10-07,2024-10-27,611110,livree
104319,20226,6,2024-10-06,2024-10-16,2024-10-16,676600,livree
104320,794,4,2024-10-06,2024-10-08,2024-10-08,113870,livree
104321,8004,6,2024-10-05,2024-10-10,2024-10-09,287245,livree
104322,4258,5,2024-10-06,2024-10-08,,1007965,annulee
104323,23584,2,2024-10-06,2024-10-16,,604405,annulee
104324,8200,6,2024-10-06,2024-10-11,2024-10-10,71110,livree
104325,12608,6,2024-10-05,2024-10-10,2024-10-10,1415310,livree
104326,12127,2,2024-10-06,2024-10-11,2024-10-11,993255,livree
104327,16258,1,2024-10-07,2024-10-10,2024-10-10,1046200,livree
104328,16047,4,2024-10-06,2024-10-08,2024-10-08,276700,livree
104329,11432,2,2024-10-08,2024-10-15,2024-10-15,207190,livree
104330,651,4,2024-10-06,2024-10-09,2024-10-08,772425,livree
104331,20059,3,2024-10-08,2024-10-18,2024-10-18,975205,livree
104332,1350,6,2024-10-08,2024-10-10,2024-10-10,80510,livree
104333,809,6,2024-10-06,2024-10-11,2024-10-10,210135,livree
104334,13452,2,2024-10-06,2024-10-11,2024-10-13,342630,livree
104335,8668,6,2024-10-07,2024-10-10,2024-10-10,976710,livree
104336,20588,6,2024-10-08,2024-10-13,2024-10-13,963450,livree
104337,7344,3,2024-10-08,2024-10-13,2024-10-13,1282830,livree
104338,19693,1,2024-10-07,2024-10-14,2024-11-28,322280,livree
104339,16848,5,2024-10-07,2024-10-17,2024-10-17,1367385,livree
104340,20537,4,2024-10-08,2024-10-15,2024-10-15,563960,livree
104341,19087,4,2024-10-09,2024-10-12,2024-10-12,802005,livree
104342,17772,5,2024-10-07,2024-10-14,2024-10-13,800425,livree
104343,4764,5,2024-10-08,2024-10-13,2024-10-12,1082840,livree
104344,6077,3,2024-10-09,2024-10-12,,741385,annulee
104345,22227,4,2024-10-10,2024-10-13,2024-10-13,390975,livree
104346,5365,1,2024-10-09,2024-10-14,2024-10-13,453465,livree
104347,17915,6,2024-10-09,2024-10-12,2024-10-13,179950,livree
104348,7459,4,2024-10-09,2024-10-14,2024-10-14,122410,livree
104349,4474,6,2024-10-09,2024-10-12,2024-10-12,628615,livree
104350,10468,6,2024-10-10,2024-10-13,2024-10-25,524790,livree
104351,13807,3,2024-10-10,2024-10-15,2024-10-15,1299770,livree
104352,7142,5,2024-10-09,2024-10-14,,948760,annulee
104353,21860,6,2024-10-11,2024-10-16,2024-11-30,1119825,livree
104354,18142,6,2024-10-10,2024-10-20,2024-10-25,353520,livree
104355,10985,3,2024-10-11,2024-10-18,2024-10-18,707805,livree
104356,7797,2,2024-10-10,2024-10-15,2024-10-15,1101525,livree
104357,9973,1,2024-10-10,2024-10-13,2024-10-15,1372265,livree
104358,13462,4,2024-10-11,2024-10-16,2024-10-16,790845,livree
104359,2393,3,2024-10-12,2024-10-15,2024-10-14,105900,livree
104360,3757,1,2024-10-11,2024-10-14,2024-10-13,187170,livree
104361,533,1,2024-10-10,2024-10-15,2024-10-15,205455,livree
104362,20027,4,2024-10-12,2024-10-22,2024-10-22,458995,livree
104363,22339,2,2024-10-13,2024-10-16,2024-10-15,1080845,livree
104364,18151,6,2024-10-13,2024-10-15,2024-11-29,628390,livree
104365,4380,2,2024-10-13,2024-10-20,2024-10-20,1405165,livree
104366,19090,1,2024-10-11,2024-10-14,2024-10-14,573675,livree
104367,15156,5,2024-10-12,2024-10-22,2024-10-24,439715,livree
104368,17811,2,2024-10-12,2024-10-17,2024-10-17,1335810,livree
104369,8851,5,2024-10-12,2024-10-22,2024-10-21,937590,livree
104370,16385,2,2024-10-12,2024-10-17,2024-10-18,1127050,livree
104371,15109,6,2024-10-12,2024-10-22,2024-10-23,1037965,livree
104372,45,3,2024-10-12,2024-10-22,2024-10-22,889620,livree
104373,3981,3,2024-10-12,2024-10-17,2024-10-17,878770,livree
104374,12883,1,2024-10-13,2024-10-15,2024-10-17,889385,livree
104375,6997,3,2024-10-14,2024-10-19,2024-10-19,424220,livree
104376,18444,3,2024-10-14,2024-10-19,2024-10-18,684335,livree
104377,6997,4,2024-10-14,2024-10-19,2024-10-19,699775,livree
104378,743,4,2024-10-13,2024-10-18,2024-10-18,95840,livree
104379,15670,5,2024-10-13,2024-10-20,2024-10-20,928560,livree
104380,6367,1,2024-10-13,2024-10-18,2024-10-17,1306065,livree
104381,1653,2,2024-10-13,2024-10-18,2024-10-18,599800,livree
104382,8537,5,2024-10-15,2024-10-20,2024-11-01,146730,livree
104383,584,1,2024-10-14,2024-10-16,2024-10-16,433455,livree
104384,8694,6,2024-10-14,2024-10-17,2024-10-29,1133545,livree
104385,17488,3,2024-10-14,2024-10-17,2024-10-17,1415555,livree
104386,10256,5,2024-10-14,2024-10-21,2024-11-02,148485,livree
104387,18572,6,2024-10-15,2024-10-18,2024-10-18,133090,livree
104388,7808,5,2024-10-14,2024-10-24,2024-12-08,1437350,livree
104389,21178,3,2024-10-14,2024-10-17,2024-10-20,1227310,livree
104390,2782,3,2024-10-16,2024-10-23,2024-10-31,202390,livree
104391,8533,2,2024-10-16,2024-10-26,2024-10-26,1060765,livree
104392,12075,1,2024-10-16,2024-10-26,2024-10-25,816335,livree
104393,23612,6,2024-10-17,2024-10-20,2024-11-09,375350,livree
104394,14394,4,2024-10-17,2024-10-22,2024-10-22,654680,livree
104395,20866,6,2024-10-16,2024-10-18,2024-10-18,794065,livree
104396,5676,2,2024-10-17,2024-10-19,2024-10-19,1272330,livree
104397,3250,2,2024-10-16,2024-10-26,2024-10-26,331785,livree
104398,6873,5,2024-10-16,2024-10-21,2024-10-21,537290,livree
104399,16669,3,2024-10-16,2024-10-21,2024-10-20,1319485,livree
104400,4717,6,2024-10-16,2024-10-21,2024-10-21,610460,livree
104401,14025,3,2024-10-18,2024-10-23,2024-10-25,1390165,livree
104402,22232,2,2024-10-16,2024-10-23,2024-10-22,136080,livree
104403,17386,4,2024-10-17,2024-10-22,2024-10-21,1323945,livree
104404,10895,3,2024-10-17,2024-10-20,2024-10-20,965550,livree
104405,19217,4,2024-10-17,2024-10-24,2024-10-24,985085,livree
104406,4990,3,2024-10-18,2024-10-20,2024-10-28,634280,livree
104407,5759,1,2024-10-19,2024-10-22,2024-10-26,65120,livree
104408,18716,3,2024-10-18,2024-10-23,2024-10-23,760615,livree
104409,17445,6,2024-10-19,2024-10-21,2024-10-20,226020,livree
104410,11340,3,2024-10-20,2024-10-30,2024-10-29,465890,livree
104411,14731,1,2024-10-19,2024-10-24,2024-10-24,605385,livree
104412,7977,5,2024-10-19,2024-10-29,2024-10-29,1153040,livree
104413,11215,1,2024-10-20,2024-10-27,2024-10-26,236380,livree
104414,4456,3,2024-10-19,2024-10-22,2024-10-22,522915,livree
104415,12905,4,2024-10-20,2024-10-25,2024-10-25,858265,livree
104416,7129,2,2024-10-21,2024-10-23,2024-10-22,1294520,livree
104417,21779,1,2024-10-19,2024-10-22,2024-10-22,66755,livree
104418,7761,2,2024-10-21,2024-10-24,2024-10-24,964225,livree
104419,10227,1,2024-10-19,2024-10-24,2024-10-23,305515,livree
104420,6993,5,2024-10-19,2024-10-24,2024-11-05,1044625,livree
104421,4917,2,2024-10-21,2024-10-23,2024-10-22,1115660,livree
104422,8545,5,2024-10-19,2024-10-22,2024-10-22,368995,livree
104423,16491,6,2024-10-20,2024-10-25,,1108430,annulee
104424,23518,2,2024-10-21,2024-10-26,2024-10-25,508860,livree
104425,8200,5,2024-10-21,2024-10-23,2024-10-23,1401270,livree
104426,20913,5,2024-10-22,2024-11-01,2024-11-06,1435915,livree
104427,7357,6,2024-10-21,2024-10-26,2024-11-15,1050925,livree
104428,18694,4,2024-10-21,2024-10-26,2024-10-26,598260,livree
104429,1734,6,2024-10-22,2024-10-24,2024-10-23,1309370,livree
104430,14907,4,2024-10-23,2024-10-26,2024-10-26,1052450,livree
104431,203,1,2024-10-23,2024-10-28,2024-11-17,1290030,livree
104432,20816,1,2024-10-21,2024-10-28,2024-10-27,745850,livree
104433,12613,6,2024-10-21,2024-10-28,2024-10-27,555505,livree
104434,10770,1,2024-10-23,2024-10-28,2024-10-29,470005,livree
104435,12822,2,2024-10-23,2024-11-02,2024-11-10,455910,livree
104436,4299,4,2024-10-23,2024-10-25,2024-11-02,1308565,livree
104437,14012,6,2024-10-24,2024-10-27,2024-11-16,918190,livree
104438,14837,3,2024-10-22,2024-10-25,2024-10-26,1186005,livree
104439,565,2,2024-10-22,2024-10-27,2024-10-27,637125,livree
104440,139,4,2024-10-22,2024-10-25,2024-10-25,525850,livree
104441,23700,3,2024-10-23,2024-10-25,2024-10-24,473575,livree
104442,20741,2,2024-10-24,2024-10-26,2024-10-25,1345100,livree
104443,11462,4,2024-10-24,2024-11-03,2024-11-03,1363675,livree
104444,22978,3,2024-10-24,2024-10-29,2024-10-29,312715,livree
104445,14877,5,2024-10-24,2024-11-03,2024-11-02,802400,livree
104446,15512,6,2024-10-24,2024-10-26,2024-10-26,164480,livree
104447,23540,5,2024-10-25,2024-10-28,2024-10-28,667990,livree
104448,18697,2,2024-10-24,2024-10-31,2024-10-31,1130140,livree
104449,13570,4,2024-10-24,2024-10-27,2024-10-28,850485,livree
104450,5383,1,2024-10-26,2024-11-05,2024-11-04,382895,livree
104451,18820,4,2024-10-25,2024-10-30,2024-10-30,1225275,livree
104452,23080,1,2024-10-26,2024-10-28,2024-10-28,525560,livree
104453,18808,2,2024-10-26,2024-10-31,2024-10-31,1243160,livree
104454,21298,4,2024-10-26,2024-10-28,2024-10-27,1389565,livree
104455,14545,4,2024-10-26,2024-10-28,2024-11-17,1309495,livree
104456,12598,2,2024-10-26,2024-11-05,2024-11-05,798275,livree
104457,16,1,2024-10-26,2024-10-29,2024-12-13,57925,livree
104458,11959,5,2024-10-27,2024-10-29,2024-10-29,397335,livree
104459,748,3,2024-10-25,2024-11-01,2024-11-01,392595,livree
104460,19304,4,2024-10-27,2024-11-01,2024-11-01,223875,livree
104461,16193,3,2024-10-27,2024-10-29,2024-10-29,1361510,livree
104462,10146,6,2024-10-27,2024-10-30,2024-10-30,1083920,livree
104463,981,4,2024-10-26,2024-10-31,2024-10-31,1168255,livree
104464,22458,6,2024-10-26,2024-10-29,2024-11-10,843790,livree
104465,3818,5,2024-10-28,2024-10-31,2024-10-31,157345,livree
104466,21895,1,2024-10-28,2024-10-31,2024-10-31,1005710,livree
104467,21471,6,2024-10-26,2024-10-31,2024-10-31,455345,livree
104468,13866,1,2024-10-28,2024-11-02,2024-11-02,712320,livree
104469,6627,5,2024-10-26,2024-11-05,2024-11-05,1021705,livree
104470,7826,6,2024-10-27,2024-11-01,2024-10-31,1331160,livree
104471,7658,3,2024-10-29,2024-11-03,2024-11-03,571990,livree
104472,4337,6,2024-10-29,2024-11-03,,265000,annulee
104473,20146,5,2024-10-27,2024-11-03,2024-11-03,350065,livree
104474,18500,6,2024-10-29,2024-11-01,2024-11-01,313905,livree
104475,19593,2,2024-10-28,2024-11-02,2024-11-02,1234105,livree
104476,12228,1,2024-10-27,2024-11-03,2024-11-03,280575,livree
104477,2069,2,2024-10-30,2024-11-02,2024-11-02,446620,livree
104478,19769,5,2024-10-30,2024-11-09,2024-11-08,390595,livree
104479,14184,1,2024-10-28,2024-10-31,2024-10-31,1120840,livree
104480,1320,6,2024-10-29,2024-11-08,2024-11-08,1288075,livree
104481,5010,2,2024-10-28,2024-10-31,2024-10-31,167770,livree
104482,19441,2,2024-10-29,2024-11-05,2024-11-05,1201360,livree
104483,7450,2,2024-10-28,2024-10-31,2024-10-31,748665,livree
104484,1608,1,2024-10-30,2024-11-09,2024-11-09,656535,livree
104485,752,4,2024-10-30,2024-11-01,2024-11-01,1147485,livree
104486,6836,2,2024-10-30,2024-11-02,2024-11-01,680770,livree
104487,14915,1,2024-10-30,2024-11-01,2024-10-31,256235,livree
104488,16212,3,2024-10-30,2024-11-06,2024-11-05,978755,livree
104489,22926,4,2024-10-30,2024-11-01,2024-11-01,1421295,livree
104490,19146,4,2024-10-30,2024-11-04,2024-11-04,798410,livree
104491,2525,4,2024-10-31,2024-11-07,2024-11-06,1027205,livree
104492,22074,5,2024-11-01,2024-11-08,2024-11-08,776915,livree
104493,18085,4,2024-10-30,2024-11-02,2024-11-01,224500,livree
104494,773,5,2024-10-30,2024-11-02,2024-11-01,694760,livree
104495,18073,5,2024-10-30,2024-11-04,2024-11-03,147860,livree
104496,3629,3,2024-10-31,2024-11-03,2024-11-02,465455,livree
104497,2503,2,2024-11-01,2024-11-11,2024-11-10,849305,livree
104498,12075,1,2024-11-02,2024-11-07,2024-11-12,271385,livree
104499,6247,2,2024-10-31,2024-11-05,2024-11-04,315895,livree
104500,12529,6,2024-10-31,2024-11-10,2024-11-12,1091965,livree
104501,3979,6,2024-11-02,2024-11-04,2024-11-04,609005,livree
104502,4738,5,2024-11-01,2024-11-06,2024-11-06,156010,livree
104503,11159,4,2024-11-02,2024-11-05,2024-11-04,214635,livree
104504,20749,4,2024-11-02,2024-11-07,,385310,annulee
104505,10733,6,2024-11-02,2024-11-12,2024-11-12,1210550,livree
104506,9899,4,2024-11-01,2024-11-03,2024-11-02,438315,livree
104507,18657,5,2024-11-02,2024-11-09,2024-11-09,1091650,livree
104508,12050,2,2024-11-01,2024-11-04,2024-11-04,502135,livree
104509,26,3,2024-11-02,2024-11-05,2024-11-05,689020,livree
104510,9921,2,2024-11-03,2024-11-05,,1380590,annulee
104511,17209,5,2024-11-02,2024-11-05,2024-11-04,383015,livree
104512,3764,6,2024-11-02,2024-11-09,2024-11-08,335265,livree
104513,10444,5,2024-11-04,2024-11-07,,1162505,annulee
104514,9184,5,2024-11-02,2024-11-09,2024-11-09,159495,livree
104515,2517,1,2024-11-04,2024-11-09,2024-11-09,828755,livree
104516,21342,6,2024-11-02,2024-11-09,2024-11-09,49995,livree
104517,12790,3,2024-11-04,2024-11-06,2024-11-05,711310,livree
104518,20165,3,2024-11-04,2024-11-14,2024-11-14,320905,livree
104519,11354,2,2024-11-03,2024-11-10,2024-11-09,1253990,livree
104520,4927,2,2024-11-05,2024-11-08,2024-11-07,519300,livree
104521,1671,6,2024-11-04,2024-11-09,2024-11-09,604315,livree
104522,20039,2,2024-11-05,2024-11-10,2024-11-10,925330,livree
104523,10274,1,2024-11-04,2024-11-11,2024-11-11,796325,livree
104524,11202,6,2024-11-06,2024-11-09,2024-11-14,1130285,livree
104525,14132,4,2024-11-05,2024-11-15,2024-11-15,1060495,livree
104526,16080,3,2024-11-04,2024-11-09,2024-11-09,1434335,livree
104527,9885,1,2024-11-05,2024-11-07,2024-11-06,1431750,livree
104528,4983,4,2024-11-05,2024-11-15,2024-11-14,1333300,livree
104529,548,6,2024-11-05,2024-11-12,2024-11-11,1139540,livree
104530,17259,5,2024-11-05,2024-11-10,2024-11-22,363350,livree
104531,7091,3,2024-11-07,2024-11-12,2024-11-14,295105,livree
104532,15511,4,2024-11-05,2024-11-12,2024-11-12,806315,livree
104533,22917,1,2024-11-06,2024-11-11,2024-11-11,263665,livree
104534,8803,3,2024-11-05,2024-11-12,2024-11-11,362575,livree
104535,491,6,2024-11-07,2024-11-12,2024-11-14,1087735,livree
104536,13997,1,2024-11-06,2024-11-16,2024-11-17,881005,livree
104537,362,6,2024-11-06,2024-11-09,2024-11-08,1056925,livree
104538,18014,4,2024-11-08,2024-11-18,2024-11-21,1422130,livree
104539,1196,4,2024-11-07,2024-11-12,2024-11-11,587800,livree
104540,3822,3,2024-11-07,2024-11-17,2024-11-16,1366205,livree
104541,16654,4,2024-11-08,2024-11-10,2024-11-10,636395,livree
104542,15673,3,2024-11-06,2024-11-09,2024-11-14,394450,livree
104543,10769,1,2024-11-07,2024-11-10,2024-11-09,1284215,livree
104544,19194,4,2024-11-08,2024-11-18,2024-11-18,686485,livree
104545,5482,2,2024-11-08,2024-11-10,2024-11-10,1383580,livree
104546,20572,1,2024-11-08,2024-11-15,2024-11-15,306250,livree
104547,4772,4,2024-11-09,2024-11-16,2024-11-16,903170,livree
104548,13428,6,2024-11-07,2024-11-12,2024-11-11,787645,livree
104549,18307,6,2024-11-08,2024-11-13,2024-11-12,250205,livree
104550,14264,4,2024-11-09,2024-11-19,2024-11-19,168445,livree
104551,11186,3,2024-11-09,2024-11-19,2024-11-19,860920,livree
104552,3358,4,2024-11-08,2024-11-11,2024-11-11,643505,livree
104553,5508,4,2024-11-08,2024-11-13,2024-11-13,461970,livree
104554,17054,1,2024-11-10,2024-11-12,2024-11-12,1359330,livree
104555,20740,4,2024-11-10,2024-11-13,2024-11-14,1032100,livree
104556,15599,3,2024-11-10,2024-11-13,2024-11-12,580175,livree
104557,5197,4,2024-11-09,2024-11-12,2024-11-24,106570,livree
104558,21578,1,2024-11-09,2024-11-19,2024-11-18,204350,livree
104559,9875,2,2024-11-11,2024-11-13,2024-11-13,82915,livree
104560,6537,1,2024-11-09,2024-11-19,2024-11-23,926955,livree
104561,4754,6,2024-11-09,2024-11-19,2024-11-19,449955,livree
104562,917,1,2024-11-10,2024-11-12,2024-11-12,875710,livree
104563,2739,5,2024-11-11,2024-11-18,2024-11-17,912540,livree
104564,4428,3,2024-11-11,2024-11-14,2024-11-14,761355,livree
104565,3454,1,2024-11-12,2024-11-22,2024-11-22,695680,livree
104566,14986,3,2024-11-11,2024-11-14,2024-11-14,512340,livree
104567,18027,6,2024-11-12,2024-11-17,2024-11-17,631610,livree
104568,15815,4,2024-11-11,2024-11-18,2024-11-18,155745,livree
104569,14314,3,2024-11-10,2024-11-13,2024-11-15,980010,livree
104570,8393,5,2024-11-11,2024-11-14,2024-11-14,363575,livree
104571,17755,4,2024-11-11,2024-11-14,,977455,annulee
104572,4452,1,2024-11-13,2024-11-16,2024-11-16,565305,livree
104573,22531,4,2024-11-13,2024-11-16,2024-11-16,675950,livree
104574,5035,1,2024-11-13,2024-11-15,2024-11-15,742225,livree
104575,21475,4,2024-11-13,2024-11-20,2024-11-23,709835,livree
104576,7849,4,2024-11-13,2024-11-18,2024-11-18,757810,livree
104577,5655,2,2024-11-13,2024-11-18,,71655,annulee
104578,15847,6,2024-11-12,2024-11-14,2024-11-14,524405,livree
104579,2969,4,2024-11-12,2024-11-22,2024-11-22,438335,livree
104580,240,3,2024-11-14,2024-11-19,2024-11-19,64645,livree
104581,23040,6,2024-11-12,2024-11-17,2024-11-17,1000610,livree
104582,14269,2,2024-11-13,2024-11-18,2024-11-17,425350,livree
104583,4126,3,2024-11-14,2024-11-17,2024-11-16,665430,livree
104584,2518,4,2024-11-13,2024-11-18,2024-11-18,438540,livree
104585,12385,3,2024-11-15,2024-11-22,2024-11-21,829085,livree
104586,6719,5,2024-11-15,2024-11-22,2024-11-22,607805,livree
104587,15106,1,2024-11-15,2024-11-25,2024-11-24,525345,livree
104588,10477,3,2024-11-13,2024-11-16,2024-11-15,974590,livree
104589,948,4,2024-11-14,2024-11-17,2024-11-17,560365,livree
104590,15231,6,2024-11-14,2024-11-16,2024-11-16,857375,livree
104591,8613,3,2024-11-14,2024-11-19,2024-11-20,489955,livree
104592,12055,1,2024-11-14,2024-11-19,2024-12-09,131390,livree
104593,2499,3,2024-11-15,2024-11-20,2025-01-04,655140,livree
104594,5238,5,2024-11-16,2024-11-23,2024-11-22,1363020,livree
104595,10704,1,2024-11-14,2024-11-17,2024-11-17,920770,livree
104596,1836,5,2024-11-14,2024-11-17,2024-11-17,1373705,livree
104597,2526,5,2024-11-16,2024-11-21,2024-11-21,1125430,livree
104598,22274,6,2024-11-16,2024-11-23,2024-11-22,1237770,livree
104599,18038,5,2024-11-16,2024-11-21,2024-11-21,1143540,livree
104600,7470,2,2024-11-15,2024-11-20,2024-11-20,800960,livree
104601,20502,6,2024-11-17,2024-11-22,2024-11-21,1376570,livree
104602,15578,5,2024-11-16,2024-11-21,2024-11-21,133665,livree
104603,12397,6,2024-11-17,2024-11-24,2024-11-23,846340,livree
104604,5911,6,2024-11-15,2024-11-17,2024-11-17,69705,livree
104605,537,1,2024-11-16,2024-11-19,,716665,annulee
104606,10960,4,2024-11-18,2024-11-28,2024-11-28,1137125,livree
104607,14141,5,2024-11-18,2024-11-23,2024-11-25,831450,livree
104608,10175,2,2024-11-17,2024-11-19,2024-11-19,294910,livree
104609,18054,2,2024-11-18,2024-11-23,2024-11-23,675080,livree
104610,10539,6,2024-11-18,2024-11-28,2024-11-27,1228510,livree
104611,1591,3,2024-11-17,2024-11-24,2024-11-24,1251460,livree
104612,22469,6,2024-11-17,2024-11-22,,130795,annulee
104613,3399,3,2024-11-19,2024-11-21,2024-11-20,951620,livree
104614,10824,2,2024-11-18,2024-11-25,2024-11-25,619475,livree
104615,21677,4,2024-11-18,2024-11-23,2024-12-13,1029930,livree
104616,17510,2,2024-11-18,2024-11-21,2024-11-21,1275305,livree
104617,9035,1,2024-11-19,2024-11-22,2024-11-22,602030,livree
104618,5683,5,2024-11-18,2024-11-23,2024-11-23,739115,livree
104619,21646,2,2024-11-20,2024-11-30,2024-11-30,323750,livree
104620,15734,5,2024-11-19,2024-11-22,2024-11-22,1078480,livree
104621,18230,4,2024-11-20,2024-11-30,2024-11-29,1184425,livree
104622,1738,3,2024-11-18,2024-11-20,2024-11-19,527510,livree
104623,871,3,2024-11-20,2024-11-27,2024-11-28,239925,livree
104624,21313,2,2024-11-20,2024-11-30,2024-11-30,224700,livree
104625,18478,3,2024-11-20,2024-11-25,2024-11-25,703670,livree
104626,11150,1,2024-11-20,2024-11-23,2025-01-07,571525,livree
104627,14401,4,2024-11-21,2024-11-26,2024-11-25,406315,livree
104628,8885,5,2024-11-20,2024-11-30,2024-11-29,1106440,livree
104629,14485,5,2024-11-19,2024-11-29,2024-11-29,665995,livree
104630,2898,4,2024-11-21,2024-11-24,2024-11-24,822810,livree
104631,21374,6,2024-11-19,2024-11-26,2024-11-25,934775,livree
104632,11345,4,2024-11-20,2024-11-22,2024-11-22,817030,livree
104633,20209,6,2024-11-21,2024-11-23,2024-11-22,485920,livree
104634,20653,5,2024-11-22,2024-11-24,2024-11-24,1284810,livree
104635,505,4,2024-11-22,2024-12-02,2024-12-01,551875,livree
104636,8363,6,2024-11-21,2024-11-26,2024-11-25,1046785,livree
104637,8921,2,2024-11-20,2024-11-23,2024-11-28,238985,livree
104638,7000,3,2024-11-23,2024-11-26,2024-11-26,982625,livree
104639,8909,1,2024-11-22,2024-12-02,2024-12-07,955240,livree
104640,6746,5,2024-11-21,2024-11-24,2024-11-24,869105,livree
104641,9171,3,2024-11-21,2024-11-24,2024-11-24,966430,livree
104642,21741,4,2024-11-22,2024-11-24,2024-12-14,820655,livree
104643,20121,2,2024-11-22,2024-11-25,2024-11-25,515075,livree
104644,21799,5,2024-11-21,2024-12-01,2025-01-15,976850,livree
104645,120,2,2024-11-23,2024-11-30,2024-12-01,1363375,livree
104646,19163,5,2024-11-23,2024-11-26,2024-11-26,785265,livree
104647,23503,3,2024-11-23,2024-11-25,2024-11-25,1232350,livree
104648,8107,4,2024-11-22,2024-11-27,2024-11-26,726360,livree
104649,20628,1,2024-11-22,2024-11-24,2024-11-23,347760,livree
104650,15508,4,2024-11-23,2024-11-28,2024-11-28,165340,livree
104651,15952,5,2024-11-23,2024-11-26,2024-11-26,222965,livree
104652,13878,6,2024-11-25,2024-11-30,2024-11-30,788060,livree
104653,23628,5,2024-11-25,2024-11-30,2024-11-30,969120,livree
104654,10005,6,2024-11-24,2024-12-01,2024-12-01,808105,livree
104655,2782,4,2024-11-23,2024-11-26,2024-11-25,437425,livree
104656,1075,3,2024-11-25,2024-12-05,,555575,annulee
104657,12670,3,2024-11-25,2024-11-28,2024-11-28,670175,livree
104658,15008,4,2024-11-24,2024-12-04,2024-12-03,529180,livree
104659,720,2,2024-11-25,2024-11-30,2025-01-14,670990,livree
104660,12742,4,2024-11-25,2024-11-28,2024-11-28,633700,livree
104661,16450,1,2024-11-25,2024-11-30,2024-11-30,978015,livree
104662,17586,6,2024-11-25,2024-12-05,2024-12-05,999975,livree
104663,20870,1,2024-11-25,2024-11-30,2024-11-30,984615,livree
104664,4168,5,2024-11-26,2024-11-29,2024-11-28,665010,livree
104665,12278,3,2024-11-26,2024-11-29,2024-11-29,180025,livree
104666,13611,4,2024-11-25,2024-11-28,2024-11-27,956995,livree
104667,15869,2,2024-11-25,2024-11-28,2024-12-10,122335,livree
104668,14633,5,2024-11-25,2024-11-30,2024-11-29,119900,livree
104669,9912,5,2024-11-26,2024-12-03,2025-01-17,1051735,livree
104670,14613,3,2024-11-25,2024-11-27,2024-11-27,1384405,livree
104671,23015,3,2024-11-26,2024-11-29,2024-11-29,1128010,livree
104672,6639,1,2024-11-27,2024-12-04,2024-12-03,1049485,livree
104673,5410,5,2024-11-27,2024-11-30,2024-11-29,575820,livree
104674,674,6,2024-11-26,2024-12-01,2024-12-01,223320,livree
104675,5665,5,2024-11-28,2024-12-01,2024-12-01,1132865,livree
104676,8108,4,2024-11-27,2024-11-29,2024-11-29,157070,livree
104677,20529,1,2024-11-28,2024-12-05,2024-12-05,960505,livree
104678,9910,4,2024-11-27,2024-12-07,2024-12-10,1174540,livree
104679,961,5,2024-11-29,2024-12-04,2024-12-04,733125,livree
104680,433,3,2024-11-28,2024-12-05,2024-12-05,635595,livree
104681,12777,4,2024-11-27,2024-12-02,2024-12-10,1345110,livree
104682,6659,5,2024-11-29,2024-12-06,2024-12-06,264085,livree
104683,4381,1,2024-11-28,2024-12-03,2024-12-03,646130,livree
104684,4958,2,2024-11-27,2024-12-07,2024-12-07,890830,livree
104685,23544,2,2024-11-30,2024-12-03,2024-12-03,874470,livree
104686,18888,4,2024-11-30,2024-12-03,2024-12-03,739170,livree
104687,6126,6,2024-11-30,2024-12-05,2024-12-06,642355,livree
104688,8940,4,2024-11-29,2024-12-04,2024-12-03,493240,livree
104689,15402,2,2024-11-28,2024-12-03,2024-12-02,399945,livree
104690,16263,6,2024-11-30,2024-12-02,2024-12-02,1020605,livree
104691,10909,1,2024-11-30,2024-12-03,2024-12-03,813910,livree
104692,19932,5,2024-11-30,2024-12-05,2024-12-05,513520,livree
104693,6267,2,2024-12-01,2024-12-06,2024-12-06,489885,livree
104694,11156,2,2024-12-01,2024-12-06,2024-12-06,969535,livree
104695,15235,2,2024-11-29,2024-12-01,2024-12-01,105750,livree
104696,16076,4,2024-11-29,2024-12-04,2024-12-03,656955,livree
104697,7835,6,2024-11-30,2024-12-05,2024-12-05,608675,livree
104698,12954,3,2024-12-01,2024-12-04,2024-12-04,1356885,livree
104699,12012,1,2024-12-01,2024-12-06,2024-12-05,884115,livree
104700,8926,3,2024-12-02,2024-12-12,2024-12-11,462805,livree
104701,16770,4,2024-12-02,2024-12-04,,452895,annulee
104702,16668,4,2024-12-02,2024-12-07,,1075965,annulee
104703,6884,5,2024-11-30,2024-12-05,2024-12-04,665930,livree
104704,14256,1,2024-12-02,2024-12-04,2024-12-04,728545,livree
104705,8531,5,2024-12-01,2024-12-06,2024-12-06,890475,livree
104706,12351,3,2024-12-02,2024-12-12,2024-12-11,672180,livree
104707,16967,1,2024-12-02,2024-12-05,2024-12-04,1302890,livree
104708,4358,4,2024-12-01,2024-12-06,2024-12-08,1020035,livree
104709,17187,6,2024-12-03,2024-12-13,2024-12-13,347310,livree
104710,3224,6,2024-12-01,2024-12-04,2024-12-04,467445,livree
104711,22186,1,2024-12-02,2024-12-12,2024-12-12,219740,livree
104712,20568,1,2024-12-04,2024-12-11,2024-12-11,1373815,livree
104713,4051,3,2024-12-03,2024-12-05,2024-12-04,1155890,livree
104714,7092,1,2024-12-04,2024-12-07,2024-12-07,413480,livree
104715,3108,4,2024-12-04,2024-12-09,2024-12-09,992780,livree
104716,18059,2,2024-12-04,2024-12-09,2024-12-08,833655,livree
104717,7440,2,2024-12-04,2024-12-11,2024-12-10,86110,livree
104718,13624,3,2024-12-02,2024-12-07,2024-12-06,1295535,livree
104719,7706,3,2024-12-04,2024-12-07,2024-12-07,70270,livree
104720,20812,4,2024-12-05,2024-12-08,2024-12-08,382880,livree
104721,17975,6,2024-12-03,2024-12-08,2024-12-08,1129195,livree
104722,14429,6,2024-12-05,2024-12-08,2024-12-07,381245,livree
104723,7357,4,2024-12-04,2024-12-07,2024-12-07,862830,livree
104724,7398,2,2024-12-04,2024-12-07,2024-12-07,1169380,livree
104725,17645,5,2024-12-03,2024-12-13,2024-12-17,572255,livree
104726,2479,6,2024-12-04,2024-12-09,2024-12-21,1096970,livree
104727,6771,2,2024-12-05,2024-12-08,2024-12-08,1027565,livree
104728,10248,6,2024-12-06,2024-12-09,2024-12-09,210730,livree
104729,10899,6,2024-12-06,2024-12-11,2024-12-11,1033740,livree
104730,158,1,2024-12-04,2024-12-14,,413340,annulee
104731,8183,1,2024-12-04,2024-12-09,2024-12-09,375645,livree
104732,11466,5,2024-12-07,2024-12-12,2024-12-24,1121115,livree
104733,9357,2,2024-12-05,2024-12-08,2024-12-08,983065,livree
104734,436,3,2024-12-05,2024-12-12,2024-12-11,275910,livree
104735,4739,4,2024-12-07,2024-12-17,2024-12-17,771225,livree
104736,15012,6,2024-12-05,2024-12-15,2024-12-14,1316515,livree
104737,8772,5,2024-12-07,2024-12-10,2024-12-10,558755,livree
104738,15731,2,2024-12-06,2024-12-08,2024-12-08,1375020,livree
104739,8122,6,2024-12-07,2024-12-09,2024-12-08,232075,livree
104740,12285,6,2024-12-07,2024-12-09,2024-12-08,1065535,livree
104741,2914,1,2024-12-07,2024-12-17,2024-12-17,1202560,livree
104742,6182,6,2024-12-07,2024-12-10,2024-12-09,530730,livree
104743,17956,2,2024-12-08,2024-12-18,2024-12-18,377755,livree
104744,9353,4,2024-12-07,2024-12-12,2024-12-12,1445025,livree
104745,10126,1,2024-12-06,2024-12-09,2024-12-09,745545,livree
104746,12385,1,2024-12-07,2024-12-12,2024-12-11,1230845,livree
104747,22048,5,2024-12-09,2024-12-14,2024-12-14,303425,livree
104748,13837,5,2024-12-09,2024-12-19,2024-12-31,962300,livree
104749,12838,4,2024-12-09,2024-12-12,2024-12-12,463685,livree
104750,14445,2,2024-12-08,2024-12-13,2024-12-13,1055495,livree
104751,13297,3,2024-12-07,2024-12-09,2024-12-09,515760,livree
104752,16489,5,2024-12-07,2024-12-10,2024-12-09,48915,livree
104753,14910,1,2024-12-10,2024-12-17,2025-01-31,677310,livree
104754,13487,5,2024-12-10,2024-12-13,2024-12-13,883495,livree
104755,19785,5,2024-12-08,2024-12-13,2024-12-16,1032170,livree
104756,9952,1,2024-12-10,2024-12-13,2024-12-13,563010,livree
104757,12245,2,2024-12-09,2024-12-16,2024-12-16,1266880,livree
104758,11165,1,2024-12-08,2024-12-13,2024-12-13,633690,livree
104759,23357,5,2024-12-10,2024-12-20,2024-12-19,392560,livree
104760,13924,2,2024-12-10,2024-12-15,2024-12-15,1063660,livree
104761,3334,5,2024-12-09,2024-12-19,2024-12-19,1191335,livree
104762,20147,5,2024-12-10,2024-12-12,2024-12-12,1153075,livree
104763,11650,5,2024-12-10,2024-12-12,2024-12-12,1188320,livree
104764,2034,2,2024-12-11,2024-12-18,2024-12-18,282665,livree
104765,4461,3,2024-12-09,2024-12-14,2024-12-19,1345045,livree
104766,14920,1,2024-12-11,2024-12-16,2025-01-30,1231940,livree
104767,10757,1,2024-12-12,2024-12-14,2024-12-14,393815,livree
104768,9596,2,2024-12-12,2024-12-17,2024-12-16,445065,livree
104769,23561,1,2024-12-11,2024-12-18,2024-12-26,1393675,livree
104770,9743,1,2024-12-12,2024-12-17,2024-12-17,776995,livree
104771,3723,1,2024-12-11,2024-12-13,2024-12-13,526175,livree
104772,9028,3,2024-12-11,2024-12-13,2024-12-13,564960,livree
104773,7727,6,2024-12-13,2024-12-15,2024-12-15,356210,livree
104774,8945,5,2024-12-13,2024-12-16,2024-12-15,1029600,livree
104775,15143,6,2024-12-13,2024-12-16,2024-12-16,1328015,livree
104776,14859,2,2024-12-11,2024-12-13,2024-12-16,320735,livree
104777,9633,1,2024-12-12,2024-12-15,2025-01-29,63575,livree
104778,8073,1,2024-12-11,2024-12-16,2024-12-16,935590,livree
104779,19408,4,2024-12-13,2024-12-23,2024-12-23,494580,livree
104780,10480,3,2024-12-12,2024-12-22,2024-12-21,529545,livree
104781,3915,6,2024-12-13,2024-12-16,2024-12-15,951315,livree
104782,14897,2,2024-12-12,2024-12-15,2024-12-15,138295,livree
104783,16815,3,2024-12-12,2024-12-15,2024-12-15,1113865,livree
104784,12478,1,2024-12-13,2024-12-16,2025-01-30,1105885,livree
104785,21393,4,2024-12-14,2024-12-16,2024-12-16,862440,livree
104786,7730,3,2024-12-15,2024-12-17,2024-12-17,770980,livree
104787,2947,3,2024-12-15,2024-12-20,2024-12-20,620980,livree
104788,10694,3,2024-12-13,2024-12-18,,62770,annulee
104789,20892,6,2024-12-14,2024-12-16,,648025,annulee
104790,5680,2,2024-12-14,2024-12-19,2024-12-18,916730,livree
104791,14882,1,2024-12-15,2024-12-18,2024-12-18,146255,livree
104792,3273,6,2024-12-14,2024-12-19,2024-12-19,628725,livree
104793,12498,3,2024-12-16,2024-12-21,2024-12-21,740410,livree
104794,2625,1,2024-12-15,2024-12-22,2024-12-21,918770,livree
104795,18717,6,2024-12-14,2024-12-17,2024-12-16,824700,livree
104796,15659,6,2024-12-15,2024-12-22,2024-12-22,853245,livree
104797,9081,4,2024-12-14,2024-12-16,2024-12-16,394160,livree
104798,3789,1,2024-12-14,2024-12-16,2024-12-16,406325,livree
104799,11584,1,2024-12-16,2024-12-19,2024-12-18,937155,livree
104800,8499,3,2024-12-15,2024-12-17,2024-12-17,545380,livree
104801,22069,4,2024-12-17,2024-12-20,2024-12-19,1111360,livree
104802,9716,3,2024-12-17,2024-12-20,2024-12-20,1096365,livree
104803,12813,3,2024-12-17,2024-12-22,2024-12-22,100670,livree
104804,14641,1,2024-12-15,2024-12-25,,588420,annulee
104805,5607,1,2024-12-15,2024-12-25,2024-12-25,1082020,livree
104806,22731,5,2024-12-17,2024-12-22,2024-12-24,248395,livree
104807,19288,6,2024-12-18,2024-12-21,2025-01-10,560995,livree
104808,3126,3,2024-12-17,2024-12-19,2024-12-19,313475,livree
104809,19653,4,2024-12-16,2024-12-19,2024-12-19,589540,livree
104810,19616,6,2024-12-18,2024-12-25,2024-12-30,450115,livree
104811,13955,2,2024-12-18,2024-12-21,2024-12-21,1333535,livree
104812,22930,4,2024-12-16,2024-12-26,2024-12-26,1380655,livree
104813,21861,1,2024-12-19,2024-12-29,2024-12-29,390065,livree
104814,12776,5,2024-12-18,2024-12-23,2024-12-23,1266675,livree
104815,8726,4,2024-12-17,2024-12-22,2024-12-21,1216600,livree
104816,10134,4,2024-12-17,2024-12-27,2024-12-27,1418635,livree
104817,883,1,2024-12-17,2024-12-24,2024-12-24,258040,livree
104818,6761,4,2024-12-18,2024-12-23,2024-12-23,262280,livree
104819,2624,1,2024-12-19,2024-12-24,2024-12-24,90520,livree
104820,20307,4,2024-12-19,2024-12-24,,931780,annulee
104821,3175,5,2024-12-18,2024-12-28,2024-12-28,234085,livree
104822,10985,6,2024-12-19,2024-12-22,2024-12-22,753525,livree
104823,3927,2,2024-12-18,2024-12-21,2024-12-29,627155,livree
104824,10394,2,2024-12-19,2024-12-24,2024-12-24,769130,livree
104825,17545,2,2024-12-20,2024-12-25,2024-12-24,1283010,livree
104826,17090,3,2024-12-21,2024-12-23,2024-12-22,958315,livree
104827,10060,1,2024-12-19,2024-12-26,2024-12-25,1180595,livree
104828,18861,6,2024-12-19,2024-12-22,2024-12-23,1391700,livree
104829,22576,2,2024-12-20,2024-12-23,2024-12-25,263575,livree
104830,61,4,2024-12-20,2024-12-25,2024-12-25,1370295,livree
104831,5875,6,2024-12-20,2024-12-23,2024-12-22,903510,livree
104832,15950,4,2024-12-21,2024-12-24,2024-12-23,814260,livree
104833,14935,5,2024-12-20,2024-12-25,2024-12-25,1243675,livree
104834,16151,3,2024-12-21,2024-12-26,2024-12-26,791520,livree
104835,2979,3,2024-12-22,2024-12-24,2024-12-25,1333115,livree
104836,989,5,2024-12-22,2024-12-25,2024-12-24,1114395,livree
104837,3907,4,2024-12-20,2024-12-23,2024-12-23,995925,livree
104838,3552,1,2024-12-22,2024-12-27,2024-12-27,1356975,livree
104839,11784,3,2024-12-20,2024-12-25,2024-12-28,1241440,livree
104840,22532,2,2024-12-22,2024-12-27,2025-02-10,1053015,livree
104841,15163,4,2024-12-21,2024-12-24,2024-12-24,361155,livree
104842,5244,5,2024-12-21,2024-12-26,2025-01-07,1046220,livree
104843,3428,5,2024-12-23,2025-01-02,2025-01-02,55830,livree
104844,16855,1,2024-12-22,2024-12-25,2024-12-25,666105,livree
104845,8605,5,2024-12-23,2024-12-30,2024-12-30,285440,livree
104846,17531,1,2024-12-22,2024-12-25,2024-12-24,1096900,livree
104847,13884,3,2024-12-24,2025-01-03,2025-01-03,1103090,livree
104848,3812,3,2024-12-22,2025-01-01,2025-01-01,256655,livree
104849,6642,6,2024-12-23,2024-12-26,2024-12-26,703495,livree
104850,7985,5,2024-12-22,2024-12-27,2024-12-27,1351185,livree
104851,6385,6,2024-12-24,2024-12-26,2024-12-26,1136145,livree
104852,10174,4,2024-12-22,2024-12-29,2024-12-29,969830,livree
104853,10422,4,2024-12-25,2024-12-27,2024-12-27,164350,livree
104854,9990,4,2024-12-24,2024-12-27,2024-12-26,479515,livree
104855,19600,5,2024-12-25,2025-01-01,2025-01-01,1251800,livree
104856,22674,1,2024-12-24,2025-01-03,,571590,annulee
104857,12367,2,2024-12-25,2024-12-30,2024-12-30,785950,livree
104858,7813,4,2024-12-23,2024-12-28,2024-12-30,816120,livree
104859,46,5,2024-12-25,2024-12-27,2024-12-27,1419155,livree
104860,23897,1,2024-12-26,2024-12-28,2024-12-28,1217455,livree
104861,14814,4,2024-12-24,2025-01-03,2025-01-03,1410685,livree
104862,9578,6,2024-12-26,2024-12-29,2024-12-29,60690,livree
104863,22813,1,2024-12-24,2024-12-27,2024-12-27,709645,livree
104864,9621,4,2024-12-26,2024-12-31,2024-12-30,1270085,livree
104865,16733,4,2024-12-26,2025-01-02,2025-01-02,936975,livree
104866,4985,2,2024-12-25,2024-12-28,2024-12-28,1376030,livree
104867,698,1,2024-12-26,2024-12-29,2024-12-29,257330,livree
104868,23454,1,2024-12-25,2024-12-27,2024-12-27,245680,livree
104869,23199,2,2024-12-25,2025-01-04,2025-01-04,147405,livree
104870,15366,5,2024-12-27,2025-01-01,2025-01-01,1331315,livree
104871,4420,5,2024-12-25,2025-01-04,2025-01-03,725425,livree
104872,7102,6,2024-12-27,2024-12-30,2024-12-31,304510,livree
104873,7863,1,2024-12-27,2025-01-06,2025-01-06,685200,livree
104874,3973,6,2024-12-28,2024-12-30,2024-12-30,410555,livree
104875,2905,5,2024-12-27,2024-12-29,2024-12-28,253060,livree
104876,11766,3,2024-12-28,2025-01-02,2025-01-04,388570,livree
104877,15986,4,2024-12-27,2025-01-01,2024-12-31,917335,livree
104878,23361,5,2024-12-27,2024-12-29,2024-12-28,117205,livree
104879,17662,2,2024-12-26,2024-12-29,2024-12-29,265870,livree
104880,11818,3,2024-12-29,2025-01-08,2025-01-08,761905,livree
104881,178,5,2024-12-29,2025-01-01,,683700,annulee
104882,7693,2,2024-12-27,2025-01-01,2024-12-31,709345,livree
104883,337,4,2024-12-29,2025-01-01,2025-01-01,1195660,livree
104884,4521,1,2024-12-28,2025-01-04,2025-01-04,437835,livree
104885,21594,1,2024-12-29,2024-12-31,2025-01-02,908770,livree
104886,22348,6,2024-12-28,2024-12-31,2024-12-31,1430900,livree
104887,12669,5,2024-12-29,2025-01-03,2025-01-03,1232300,livree
104888,17367,3,2024-12-29,2025-01-01,2024-12-31,602860,livree
104889,9208,2,2024-12-28,2024-12-31,2025-01-01,1023195,livree
104890,3566,3,2024-12-28,2025-01-02,2025-01-01,361945,livree
104891,22901,4,2024-12-28,2025-01-04,2025-01-04,389650,livree
104892,15186,6,2024-12-30,2025-01-01,2025-01-03,657660,livree
104893,1206,3,2024-12-30,2025-01-04,2025-01-04,1119285,livree
104894,11137,2,2024-12-30,2025-01-04,2025-01-12,1325210,livree
104895,11644,4,2024-12-31,2025-01-03,2025-01-03,1060700,livree
104896,12631,5,2024-12-30,2025-01-09,2025-01-08,1281725,livree
104897,19961,6,2024-12-30,2025-01-04,,450730,annulee
104898,157,3,2024-12-31,2025-01-05,2025-01-05,868195,livree
104899,21573,4,2024-12-30,2025-01-01,2025-01-01,448240,livree
104900,15307,3,2024-12-31,2025-01-03,2025-01-02,1380835,livree
104901,8259,4,2024-12-31,2025-01-03,2025-01-02,1231345,livree
104902,2779,4,2025-01-01,2025-01-03,2025-01-02,790530,livree
104903,6284,4,2024-12-31,2025-01-03,2025-01-08,947195,livree
104904,8747,2,2024-12-30,2025-01-02,2025-01-01,363680,livree
104905,19362,5,2024-12-31,2025-01-05,2025-01-05,1226935,livree
104906,4105,4,2025-01-01,2025-01-08,2025-01-09,232755,livree
104907,5347,4,2025-01-02,2025-01-05,2025-02-19,272205,livree
104908,14652,6,2025-01-01,2025-01-03,2025-01-03,1204265,livree
104909,4451,5,2025-01-02,2025-01-12,2025-01-11,1353870,livree
104910,22997,2,2025-01-01,2025-01-08,2025-01-08,493275,livree
104911,16604,5,2025-01-02,2025-01-04,2025-01-04,1330155,livree
104912,17150,3,2025-01-02,2025-01-05,2025-01-05,115510,livree
104913,8861,6,2025-01-02,2025-01-12,2025-01-12,1391020,livree
104914,9120,3,2025-01-02,2025-01-05,2025-01-04,889105,livree
104915,5708,1,2025-01-03,2025-01-08,2025-01-07,1331225,livree
104916,945,5,2025-01-03,2025-01-08,2025-01-08,640425,livree
104917,3916,5,2025-01-01,2025-01-04,2025-01-04,1430520,livree
104918,4121,6,2025-01-02,2025-01-09,2025-01-09,1403850,livree
104919,2264,6,2025-01-01,2025-01-06,2025-01-06,1063185,livree
104920,16530,5,2025-01-03,2025-01-13,2025-01-17,704435,livree
104921,11645,4,2025-01-02,2025-01-05,2025-01-05,585290,livree
104922,16819,5,2025-01-03,2025-01-06,2025-01-06,241850,livree
104923,14429,4,2025-01-03,2025-01-10,2025-01-11,253595,livree
104924,13050,2,2025-01-04,2025-01-09,2025-01-09,1096485,livree
104925,3581,1,2025-01-04,2025-01-06,2025-01-05,430375,livree
104926,1936,1,2025-01-04,2025-01-09,,338300,annulee
104927,2865,5,2025-01-04,2025-01-07,2025-01-08,1191295,livree
104928,1033,3,2025-01-03,2025-01-08,2025-01-09,1096285,livree
104929,13587,4,2025-01-05,2025-01-07,2025-01-07,1342570,livree
104930,2880,6,2025-01-05,2025-01-12,2025-01-12,403255,livree
104931,12396,4,2025-01-03,2025-01-08,2025-01-09,45915,livree
104932,17664,6,2025-01-04,2025-01-07,2025-01-07,574880,livree
104933,27,3,2025-01-03,2025-01-13,2025-01-12,494440,livree
104934,18426,2,2025-01-05,2025-01-07,2025-01-07,993705,livree
104935,20793,1,2025-01-06,2025-01-08,2025-01-08,1165010,livree
104936,16727,4,2025-01-06,2025-01-09,2025-01-09,522370,livree
104937,19545,1,2025-01-06,2025-01-13,2025-02-02,57315,livree
104938,14940,3,2025-01-05,2025-01-15,2025-01-15,310420,livree
104939,8886,6,2025-01-05,2025-01-08,2025-01-08,1102025,livree
104940,17285,2,2025-01-05,2025-01-07,2025-01-06,498635,livree
104941,4923,5,2025-01-05,2025-01-08,2025-01-08,812780,livree
104942,19374,5,2025-01-06,2025-01-09,2025-01-17,696425,livree
104943,12264,1,2025-01-06,2025-01-09,2025-01-09,548935,livree
104944,1130,6,2025-01-05,2025-01-10,2025-01-10,1118605,livree
104945,20186,6,2025-01-06,2025-01-13,2025-01-13,1252495,livree
104946,2293,3,2025-01-05,2025-01-15,2025-01-15,321410,livree
104947,16119,5,2025-01-08,2025-01-11,2025-01-11,513510,livree
104948,983,2,2025-01-08,2025-01-10,2025-01-10,1251645,livree
104949,21115,1,2025-01-07,2025-01-12,2025-01-11,1344415,livree
104950,13140,5,2025-01-06,2025-01-16,2025-01-15,1254260,livree
104951,4695,6,2025-01-08,2025-01-10,2025-01-10,55375,livree
104952,3648,2,2025-01-08,2025-01-13,2025-01-13,1182040,livree
104953,18580,4,2025-01-06,2025-01-11,2025-01-11,919340,livree
104954,17880,1,2025-01-09,2025-01-12,2025-01-24,474420,livree
104955,11864,3,2025-01-07,2025-01-17,2025-01-16,730705,livree
104956,16010,3,2025-01-09,2025-01-12,2025-01-11,873475,livree
104957,9602,5,2025-01-07,2025-01-10,2025-01-09,1044080,livree
104958,10963,5,2025-01-07,2025-01-10,2025-01-10,658855,livree
104959,11991,1,2025-01-08,2025-01-11,2025-01-11,1007810,livree
104960,3596,5,2025-01-08,2025-01-15,2025-01-15,1106975,livree
104961,7504,1,2025-01-09,2025-01-16,2025-01-16,193260,livree
104962,18007,4,2025-01-08,2025-01-10,2025-01-10,1059630,livree
104963,3416,3,2025-01-09,2025-01-11,2025-01-10,245425,livree
104964,6508,5,2025-01-08,2025-01-11,2025-01-11,1307020,livree
104965,5442,2,2025-01-09,2025-01-11,2025-01-19,465095,livree
104966,17145,4,2025-01-09,2025-01-14,2025-01-14,441415,livree
104967,11735,2,2025-01-08,2025-01-11,2025-01-10,1270985,livree
104968,19921,2,2025-01-10,2025-01-13,2025-01-13,1384480,livree
104969,7858,4,2025-01-10,2025-01-13,2025-01-13,517705,livree
104970,8726,6,2025-01-10,2025-01-15,2025-01-15,1349485,livree
104971,10935,6,2025-01-09,2025-01-16,2025-01-16,928635,livree
104972,10356,3,2025-01-10,2025-01-15,,1430625,annulee
104973,5413,1,2025-01-09,2025-01-14,2025-01-13,57705,livree
104974,4172,3,2025-01-11,2025-01-16,2025-01-15,991475,livree
104975,12143,4,2025-01-11,2025-01-21,2025-01-24,113190,livree
104976,21550,1,2025-01-11,2025-01-14,2025-02-03,1258115,livree
104977,21694,1,2025-01-10,2025-01-17,2025-01-17,550505,livree
104978,12789,1,2025-01-11,2025-01-16,2025-01-16,1098875,livree
104979,13853,2,2025-01-12,2025-01-15,2025-01-14,1432300,livree
104980,21251,6,2025-01-11,2025-01-16,2025-01-24,161480,livree
104981,15265,5,2025-01-12,2025-01-15,2025-01-14,798010,livree
104982,17107,5,2025-01-13,2025-01-15,2025-01-15,484875,livree
104983,8393,5,2025-01-12,2025-01-17,2025-01-21,1338955,livree
104984,20354,4,2025-01-11,2025-01-14,2025-01-13,445215,livree
104985,9786,1,2025-01-12,2025-01-17,2025-01-17,1444320,livree
104986,16296,3,2025-01-11,2025-01-16,2025-01-16,1066515,livree
104987,27,2,2025-01-11,2025-01-16,2025-01-15,253245,livree
104988,20736,2,2025-01-14,2025-01-17,2025-01-17,711305,livree
104989,21825,5,2025-01-12,2025-01-17,2025-01-18,1443190,livree
104990,12310,1,2025-01-12,2025-01-19,2025-01-18,892185,livree
104991,18986,3,2025-01-14,2025-01-17,2025-01-17,327585,livree
104992,13337,5,2025-01-14,2025-01-19,2025-01-19,668460,livree
104993,8144,2,2025-01-12,2025-01-15,2025-01-16,578875,livree
104994,19959,4,2025-01-13,2025-01-16,2025-01-16,1297995,livree
104995,21207,4,2025-01-14,2025-01-21,2025-01-21,340025,livree
104996,23068,1,2025-01-15,2025-01-18,2025-01-18,1351200,livree
104997,16868,5,2025-01-14,2025-01-16,2025-02-05,74810,livree
104998,1673,1,2025-01-15,2025-01-20,2025-01-25,1045710,livree
104999,20903,4,2025-01-15,2025-01-18,2025-01-17,297005,livree
105000,7121,6,2025-01-15,2025-01-25,2025-01-25,1433015,livree
105001,8692,1,2025-01-14,2025-01-17,2025-01-16,138760,livree
105002,2360,5,2025-01-16,2025-01-23,2025-01-23,738100,livree
105003,4,3,2025-01-16,2025-01-18,2025-01-17,1311480,livree
105004,9046,2,2025-01-15,2025-01-18,2025-01-17,1020700,livree
105005,21801,1,2025-01-14,2025-01-19,2025-01-19,146590,livree
105006,14702,4,2025-01-14,2025-01-21,2025-01-21,404480,livree
105007,19475,4,2025-01-15,2025-01-25,2025-01-25,1100740,livree
105008,1055,6,2025-01-15,2025-01-18,2025-01-18,1427320,livree
105009,1793,3,2025-01-15,2025-01-17,2025-01-16,1430875,livree
105010,2964,4,2025-01-16,2025-01-21,2025-01-21,623120,livree
105011,10067,3,2025-01-17,2025-01-20,2025-01-19,1186980,livree
105012,563,6,2025-01-17,2025-01-27,2025-01-26,1286175,livree
105013,15945,1,2025-01-16,2025-01-23,2025-01-23,836700,livree
105014,1865,5,2025-01-16,2025-01-26,2025-01-26,901775,livree
105015,2968,2,2025-01-18,2025-01-23,2025-01-23,715745,livree
105016,1578,3,2025-01-16,2025-01-23,2025-01-22,351090,livree
105017,1377,4,2025-01-16,2025-01-18,2025-01-17,893355,livree
105018,21632,6,2025-01-18,2025-01-25,2025-01-25,1065355,livree
105019,21211,6,2025-01-17,2025-01-20,2025-01-19,337595,livree
105020,17863,3,2025-01-18,2025-01-21,2025-01-21,110475,livree
105021,18303,4,2025-01-18,2025-01-21,2025-01-20,1130235,livree
105022,17020,2,2025-01-19,2025-01-22,2025-02-03,1311680,livree
105023,17983,4,2025-01-19,2025-01-26,2025-01-31,943570,livree
105024,6860,2,2025-01-19,2025-01-21,2025-01-20,863740,livree
105025,13611,1,2025-01-19,2025-01-24,2025-01-23,1372175,livree
105026,506,3,2025-01-18,2025-01-23,2025-01-23,683525,livree
105027,1359,6,2025-01-17,2025-01-20,2025-01-19,1413335,livree
105028,8711,2,2025-01-20,2025-01-23,2025-01-23,310295,livree
105029,655,2,2025-01-19,2025-01-22,2025-01-22,1206380,livree
105030,16019,3,2025-01-20,2025-01-22,2025-01-22,475460,livree
105031,23247,1,2025-01-20,2025-01-23,2025-01-24,1423000,livree
105032,18476,3,2025-01-20,2025-01-25,2025-01-25,976670,livree
105033,23745,2,2025-01-18,2025-01-21,2025-02-02,218720,livree
105034,12092,5,2025-01-20,2025-01-27,2025-02-08,1133615,livree
105035,16611,6,2025-01-20,2025-01-25,2025-01-28,537305,livree
105036,18936,3,2025-01-20,2025-01-25,2025-01-29,274830,livree
105037,6136,1,2025-01-20,2025-01-25,2025-01-25,1334600,livree
105038,19268,5,2025-01-19,2025-01-22,2025-01-21,441275,livree
105039,12262,4,2025-01-20,2025-01-23,2025-01-26,321295,livree
105040,22710,3,2025-01-21,2025-01-28,2025-02-05,379005,livree
105041,3752,1,2025-01-19,2025-01-22,2025-01-21,203335,livree
105042,16116,4,2025-01-21,2025-01-26,2025-01-26,818760,livree
105043,134,1,2025-01-21,2025-01-24,2025-01-24,930010,livree
105044,7302,1,2025-01-21,2025-01-24,2025-01-24,604840,livree
105045,6500,2,2025-01-21,2025-01-26,2025-01-26,401285,livree
105046,18743,3,2025-01-22,2025-01-25,2025-01-25,425205,livree
105047,18800,3,2025-01-22,2025-01-24,2025-01-27,954735,livree
105048,18753,4,2025-01-21,2025-01-24,2025-01-24,125735,livree
105049,15393,6,2025-01-22,2025-01-27,2025-01-27,936340,livree
105050,12388,2,2025-01-23,2025-01-26,2025-01-26,310420,livree
105051,10224,6,2025-01-22,2025-01-29,2025-01-29,1333725,livree
105052,10720,3,2025-01-21,2025-01-26,,161895,annulee
105053,20959,6,2025-01-23,2025-01-28,2025-01-27,1444785,livree
105054,942,1,2025-01-22,2025-02-01,2025-02-01,1445585,livree
105055,17677,2,2025-01-23,2025-01-26,2025-01-25,125490,livree
105056,2785,4,2025-01-22,2025-01-27,2025-01-27,451340,livree
105057,521,4,2025-01-23,2025-02-02,2025-02-02,714175,livree
105058,22831,6,2025-01-24,2025-01-27,2025-01-28,1066495,livree
105059,17384,5,2025-01-24,2025-01-29,2025-03-15,324670,livree
105060,11305,2,2025-01-23,2025-01-26,2025-02-03,685585,livree
105061,13598,3,2025-01-24,2025-01-29,2025-01-28,222960,livree
105062,3644,1,2025-01-23,2025-01-30,2025-01-29,672970,livree
105063,10399,2,2025-01-25,2025-01-27,2025-01-27,353540,livree
105064,18252,6,2025-01-25,2025-01-30,2025-01-30,563040,livree
105065,19618,5,2025-01-25,2025-02-01,2025-01-31,234590,livree
105066,20709,4,2025-01-25,2025-01-28,2025-01-28,168955,livree
105067,23318,6,2025-01-24,2025-01-29,2025-01-29,1197675,livree
105068,20253,2,2025-01-26,2025-01-29,2025-01-28,523225,livree
105069,10922,3,2025-01-25,2025-02-04,2025-02-16,247265,livree
105070,14957,5,2025-01-26,2025-02-05,2025-02-05,179360,livree
105071,19146,1,2025-01-25,2025-01-28,2025-01-28,97060,livree
105072,3891,4,2025-01-25,2025-01-30,2025-01-30,701340,livree
105073,10886,5,2025-01-24,2025-01-26,2025-01-25,1400440,livree
105074,19040,2,2025-01-25,2025-01-27,2025-02-08,1116955,livree
105075,20495,3,2025-01-26,2025-01-31,2025-01-31,631290,livree
105076,11344,4,2025-01-26,2025-01-31,2025-01-31,251535,livree
105077,23029,3,2025-01-25,2025-01-28,2025-01-28,1359565,livree
105078,4689,1,2025-01-26,2025-01-31,2025-01-30,960890,livree
105079,23576,6,2025-01-27,2025-02-01,2025-02-02,1159505,livree
105080,753,6,2025-01-25,2025-01-30,2025-01-30,1385845,livree
105081,20281,3,2025-01-26,2025-01-31,2025-01-30,661415,livree
105082,18780,6,2025-01-27,2025-01-30,2025-03-16,69820,livree
105083,18015,3,2025-01-26,2025-01-31,2025-01-31,1222695,livree
105084,14724,5,2025-01-27,2025-01-29,2025-02-03,1256030,livree
105085,9392,4,2025-01-27,2025-02-03,2025-02-03,1219190,livree
105086,15759,5,2025-01-27,2025-01-30,2025-01-30,264735,livree
105087,16754,3,2025-01-26,2025-02-02,2025-02-02,1139955,livree
105088,19321,2,2025-01-28,2025-02-02,2025-02-02,1012510,livree
105089,22237,5,2025-01-27,2025-01-30,2025-01-30,1370905,livree
105090,2980,2,2025-01-29,2025-02-01,2025-01-31,389850,livree
105091,11884,2,2025-01-29,2025-02-03,2025-02-02,225800,livree
105092,19654,2,2025-01-28,2025-02-07,2025-02-07,162865,livree
105093,2899,2,2025-01-27,2025-02-01,2025-02-13,446995,livree
105094,1911,1,2025-01-27,2025-02-03,2025-02-02,516925,livree
105095,14983,3,2025-01-28,2025-02-02,2025-02-14,619495,livree
105096,7619,3,2025-01-30,2025-02-02,2025-02-02,754530,livree
105097,11216,5,2025-01-30,2025-02-04,2025-02-09,1346450,livree
105098,16854,2,2025-01-29,2025-02-08,2025-02-08,717630,livree
105099,13811,6,2025-01-28,2025-01-31,2025-01-31,1152370,livree
105100,12355,4,2025-01-30,2025-02-06,2025-02-06,1004055,livree
105101,3169,4,2025-01-29,2025-02-05,2025-02-05,368045,livree
105102,335,1,2025-01-31,2025-02-10,2025-02-10,794710,livree
105103,16298,2,2025-01-29,2025-02-01,2025-02-01,607320,livree
105104,4392,2,2025-01-29,2025-02-01,2025-02-03,1120225,livree
105105,21248,5,2025-01-29,2025-02-05,2025-02-05,489380,livree
105106,4400,6,2025-01-30,2025-02-06,2025-02-06,855220,livree
105107,9520,4,2025-01-31,2025-02-10,2025-02-10,68980,livree
105108,12976,3,2025-01-30,2025-02-04,2025-02-03,1310740,livree
105109,2557,2,2025-01-31,2025-02-03,,393870,annulee
105110,249,3,2025-02-01,2025-02-04,2025-03-21,77880,livree
105111,15335,3,2025-01-30,2025-02-04,2025-02-04,1329700,livree
105112,4901,4,2025-01-31,2025-02-10,2025-02-09,1088385,livree
105113,9707,3,2025-02-01,2025-02-03,2025-02-03,270325,livree
105114,8152,6,2025-01-30,2025-02-06,2025-02-06,729090,livree
105115,22610,2,2025-02-01,2025-02-04,2025-02-06,165300,livree
105116,4054,2,2025-02-02,2025-02-07,2025-02-07,612395,livree
105117,15178,2,2025-02-01,2025-02-04,2025-02-06,1025485,livree
105118,17851,3,2025-02-02,2025-02-04,2025-02-08,1064540,livree
105119,3736,1,2025-02-01,2025-02-04,2025-02-04,557650,livree
105120,1078,4,2025-01-31,2025-02-03,2025-02-03,612700,livree
105121,12502,6,2025-02-01,2025-02-08,2025-02-28,251700,livree
105122,5311,5,2025-02-03,2025-02-10,2025-02-10,655420,livree
105123,15624,4,2025-02-02,2025-02-05,2025-02-05,1380430,livree
105124,925,1,2025-02-01,2025-02-04,2025-02-04,1341260,livree
105125,5559,2,2025-02-03,2025-02-13,2025-02-14,1427255,livree
105126,21411,3,2025-02-01,2025-02-06,2025-02-06,646275,livree
105127,6228,6,2025-02-02,2025-02-05,2025-02-04,1046850,livree
105128,19454,1,2025-02-02,2025-02-05,2025-02-05,256680,livree
105129,1970,3,2025-02-03,2025-02-08,2025-02-08,892780,livree
105130,15,3,2025-02-04,2025-02-09,2025-02-09,758935,livree
105131,2867,6,2025-02-02,2025-02-04,2025-02-04,826075,livree
105132,5240,2,2025-02-02,2025-02-04,2025-02-04,742335,livree
105133,3581,6,2025-02-04,2025-02-07,2025-02-07,237820,livree
105134,3953,2,2025-02-03,2025-02-08,2025-02-07,539425,livree
105135,5747,2,2025-02-03,2025-02-10,2025-02-10,225470,livree
105136,22897,3,2025-02-03,2025-02-05,,680065,annulee
105137,12982,4,2025-02-04,2025-02-07,2025-02-07,652705,livree
105138,19609,1,2025-02-04,2025-02-09,2025-02-08,1386795,livree
105139,8621,5,2025-02-04,2025-02-11,2025-02-13,1403820,livree
105140,10530,1,2025-02-04,2025-02-11,2025-02-15,784305,livree
105141,1583,4,2025-02-03,2025-02-08,2025-02-07,1423260,livree
105142,10976,6,2025-02-05,2025-02-15,2025-02-15,302430,livree
105143,6569,3,2025-02-04,2025-02-11,2025-02-10,579795,livree
105144,14564,3,2025-02-04,2025-02-06,2025-02-05,257230,livree
105145,22648,1,2025-02-05,2025-02-10,2025-02-10,744890,livree
105146,948,1,2025-02-05,2025-02-08,2025-02-09,1179140,livree
105147,6034,2,2025-02-05,2025-02-10,2025-02-10,1379495,livree
105148,7227,5,2025-02-05,2025-02-12,2025-02-12,654070,livree
105149,4340,2,2025-02-05,2025-02-12,2025-02-12,308130,livree
105150,17866,5,2025-02-06,2025-02-08,2025-02-08,1116220,livree
105151,1870,3,2025-02-05,2025-02-07,2025-02-11,1025310,livree
105152,3657,4,2025-02-05,2025-02-12,2025-02-12,1049745,livree
105153,5781,4,2025-02-05,2025-02-12,2025-02-12,834215,livree
105154,707,6,2025-02-07,2025-02-10,2025-02-10,1139065,livree
105155,9117,2,2025-02-06,2025-02-08,2025-02-08,669185,livree
105156,18582,2,2025-02-07,2025-02-12,2025-02-15,587885,livree
105157,3352,1,2025-02-06,2025-02-11,2025-02-10,114090,livree
105158,13862,1,2025-02-07,2025-02-17,2025-02-17,425285,livree
105159,16697,2,2025-02-07,2025-02-10,2025-02-09,862000,livree
105160,21791,4,2025-02-08,2025-02-11,2025-02-10,988400,livree
105161,2158,5,2025-02-06,2025-02-09,2025-02-09,567065,livree
105162,4398,1,2025-02-06,2025-02-13,2025-02-13,742880,livree
105163,19876,4,2025-02-07,2025-02-12,2025-02-12,457680,livree
105164,4704,3,2025-02-09,2025-02-16,2025-02-15,1143395,livree
105165,350,6,2025-02-08,2025-02-13,2025-02-13,1008400,livree
105166,15029,2,2025-02-08,2025-02-13,2025-02-13,1331220,livree
105167,10551,6,2025-02-07,2025-02-09,2025-02-14,1172965,livree
105168,9595,5,2025-02-08,2025-02-13,2025-02-14,253560,livree
105169,21356,6,2025-02-09,2025-02-19,2025-02-18,1075310,livree
105170,5431,1,2025-02-08,2025-02-18,,623150,annulee
105171,9837,1,2025-02-08,2025-02-15,2025-02-14,463475,livree
105172,4311,4,2025-02-10,2025-02-15,2025-02-20,1149075,livree
105173,20103,1,2025-02-09,2025-02-12,2025-02-13,588965,livree
105174,9295,5,2025-02-09,2025-02-12,2025-02-11,944430,livree
105175,18534,6,2025-02-08,2025-02-15,2025-02-14,1148250,livree
105176,23599,3,2025-02-10,2025-02-15,2025-02-14,621805,livree
105177,21231,3,2025-02-09,2025-02-12,2025-02-11,780630,livree
105178,288,6,2025-02-10,2025-02-20,2025-02-20,246805,livree
105179,2531,3,2025-02-10,2025-02-17,2025-02-16,201700,livree
105180,17570,1,2025-02-11,2025-02-13,2025-02-13,1326875,livree
105181,2297,5,2025-02-10,2025-02-13,2025-02-12,266750,livree
105182,2624,5,2025-02-09,2025-02-14,2025-02-19,794780,livree
105183,4609,5,2025-02-10,2025-02-15,2025-02-15,1189045,livree
105184,5952,5,2025-02-11,2025-02-21,2025-02-21,198125,livree
105185,13331,6,2025-02-10,2025-02-17,2025-02-17,675770,livree
105186,17786,1,2025-02-12,2025-02-15,2025-02-14,1145920,livree
105187,22582,6,2025-02-10,2025-02-13,2025-02-12,544710,livree
105188,17748,3,2025-02-10,2025-02-15,2025-02-15,878770,livree
105189,5390,6,2025-02-12,2025-02-19,2025-02-18,751250,livree
105190,16330,5,2025-02-11,2025-02-16,2025-02-20,1287710,livree
105191,12702,2,2025-02-13,2025-02-18,2025-02-18,708765,livree
105192,14442,3,2025-02-11,2025-02-18,2025-02-18,53455,livree
105193,7949,6,2025-02-11,2025-02-21,2025-02-25,914120,livree
105194,11151,5,2025-02-11,2025-02-18,2025-02-17,909180,livree
105195,3575,4,2025-02-13,2025-02-18,2025-03-10,549610,livree
105196,11567,5,2025-02-12,2025-02-19,2025-02-19,111355,livree
105197,10128,6,2025-02-13,2025-02-23,2025-02-23,396555,livree
105198,17457,4,2025-02-14,2025-02-19,2025-02-24,787510,livree
105199,3671,1,2025-02-13,2025-02-20,2025-02-20,405985,livree
105200,7826,3,2025-02-14,2025-02-21,2025-02-21,277765,livree
105201,17724,1,2025-02-14,2025-02-16,2025-02-16,201600,livree
105202,14236,5,2025-02-12,2025-02-19,2025-02-19,254445,livree
105203,14169,1,2025-02-13,2025-02-18,2025-02-18,48675,livree
105204,22821,4,2025-02-14,2025-02-19,2025-02-19,234455,livree
105205,101,4,2025-02-14,2025-02-17,2025-02-17,1125430,livree
105206,4651,5,2025-02-14,2025-02-19,2025-02-19,884500,livree
105207,2988,3,2025-02-15,2025-02-20,2025-02-19,1147425,livree
105208,2635,3,2025-02-13,2025-02-16,2025-02-16,837395,livree
105209,1388,3,2025-02-14,2025-02-17,2025-02-17,722300,livree
105210,7617,4,2025-02-15,2025-02-18,2025-02-18,369285,livree
105211,20579,4,2025-02-16,2025-02-26,2025-02-26,1170225,livree
105212,20066,4,2025-02-14,2025-02-16,2025-02-18,617300,livree
105213,181,4,2025-02-14,2025-02-24,2025-02-24,541325,livree
105214,21419,2,2025-02-14,2025-02-24,2025-02-24,397990,livree
105215,5716,5,2025-02-14,2025-02-19,2025-02-19,652450,livree
105216,18721,6,2025-02-17,2025-02-20,2025-02-23,1224235,livree
105217,4812,2,2025-02-17,2025-02-27,2025-02-27,476095,livree
105218,1917,2,2025-02-17,2025-02-22,2025-02-22,565155,livree
105219,22982,3,2025-02-16,2025-02-21,2025-04-07,1241130,livree
105220,12629,6,2025-02-16,2025-02-23,2025-02-23,641940,livree
105221,13129,5,2025-02-17,2025-02-27,2025-02-26,1109600,livree
105222,21354,4,2025-02-17,2025-02-24,2025-02-24,965990,livree
105223,3537,5,2025-02-17,2025-02-22,,234595,annulee
105224,17990,6,2025-02-17,2025-02-20,,94925,annulee
105225,21832,4,2025-02-16,2025-02-23,2025-02-23,89075,livree
105226,22253,1,2025-02-18,2025-02-20,2025-02-24,386125,livree
105227,7283,6,2025-02-16,2025-02-19,2025-02-20,1316075,livree
105228,3856,5,2025-02-16,2025-02-18,2025-02-19,759760,livree
105229,20090,4,2025-02-16,2025-02-19,2025-02-19,206245,livree
105230,9991,1,2025-02-19,2025-02-22,2025-02-21,1316165,livree
105231,3728,3,2025-02-19,2025-02-24,2025-02-24,1209130,livree
105232,14949,5,2025-02-19,2025-02-24,2025-03-04,1181365,livree
105233,20575,1,2025-02-19,2025-02-22,2025-02-22,555995,livree
105234,16496,3,2025-02-17,2025-02-24,2025-02-24,105685,livree
105235,360,4,2025-02-19,2025-02-24,2025-03-04,738375,livree
105236,12332,2,2025-02-18,2025-02-21,2025-02-21,1210375,livree
105237,3685,2,2025-02-20,2025-02-25,2025-02-25,1203360,livree
105238,307,1,2025-02-20,2025-02-23,2025-02-22,883560,livree
105239,4408,6,2025-02-19,2025-02-24,2025-02-24,714415,livree
105240,23820,6,2025-02-18,2025-02-21,2025-02-20,1175875,livree
105241,9840,2,2025-02-20,2025-02-22,2025-02-22,804105,livree
105242,588,1,2025-02-20,2025-02-22,2025-02-22,1097325,livree
105243,13094,4,2025-02-19,2025-02-21,2025-02-23,1127855,livree
105244,23432,6,2025-02-19,2025-02-24,2025-02-24,1355735,livree
105245,15559,3,2025-02-20,2025-02-25,2025-02-25,1436330,livree
105246,11700,3,2025-02-20,2025-02-27,2025-02-26,568720,livree
105247,7063,6,2025-02-20,2025-02-22,2025-02-21,859090,livree
105248,18018,6,2025-02-21,2025-02-26,2025-02-28,596300,livree
105249,13955,6,2025-02-19,2025-02-22,,838275,annulee
105250,15779,5,2025-02-21,2025-02-24,2025-02-24,1195335,livree
105251,9039,1,2025-02-21,2025-02-24,2025-02-24,900475,livree
105252,11079,6,2025-02-22,2025-02-25,2025-02-25,1440195,livree
105253,17692,6,2025-02-20,2025-02-22,2025-02-22,110575,livree
105254,1607,6,2025-02-22,2025-02-25,,145025,annulee
105255,16239,6,2025-02-20,2025-02-27,2025-02-28,1101425,livree
105256,3986,5,2025-02-21,2025-02-23,2025-02-24,315220,livree
105257,21999,4,2025-02-23,2025-02-28,2025-02-28,713705,livree
105258,4353,1,2025-02-21,2025-02-24,2025-02-24,752900,livree
105259,6445,4,2025-02-23,2025-02-28,2025-02-28,370715,livree
105260,9611,3,2025-02-21,2025-02-24,2025-02-23,885600,livree
105261,4201,4,2025-02-22,2025-02-27,2025-02-26,798240,livree
105262,16808,6,2025-02-21,2025-02-28,2025-02-28,682495,livree
105263,5304,6,2025-02-23,2025-03-02,2025-03-01,135930,livree
105264,930,5,2025-02-24,2025-03-06,2025-03-06,849930,livree
105265,2869,1,2025-02-23,2025-03-05,2025-03-05,722880,livree
105266,20166,4,2025-02-23,2025-02-28,2025-02-28,358095,livree
105267,17754,6,2025-02-22,2025-02-25,2025-04-11,773870,livree
105268,17790,4,2025-02-23,2025-03-02,2025-03-02,1178705,livree
105269,23784,6,2025-02-22,2025-02-25,2025-02-25,1415845,livree
105270,21258,5,2025-02-23,2025-02-26,2025-02-26,568435,livree
105271,10458,3,2025-02-24,2025-03-01,2025-02-28,1242060,livree
105272,19832,3,2025-02-25,2025-03-02,2025-03-02,525780,livree
105273,5955,5,2025-02-24,2025-03-03,2025-03-05,278805,livree
105274,17010,1,2025-02-23,2025-02-26,2025-04-12,730970,livree
105275,20480,3,2025-02-24,2025-02-27,2025-02-26,819750,livree
105276,6837,2,2025-02-25,2025-02-27,2025-02-28,1112055,livree
105277,3264,2,2025-02-25,2025-02-28,2025-02-28,250620,livree
105278,14531,3,2025-02-25,2025-02-28,2025-04-14,1126995,livree
105279,10537,2,2025-02-26,2025-03-01,2025-03-01,1345050,livree
105280,12617,6,2025-02-25,2025-02-28,,1392635,annulee
105281,1871,4,2025-02-25,2025-03-02,2025-03-02,1182805,livree
105282,20625,5,2025-02-26,2025-03-01,2025-02-28,895090,livree
105283,7936,5,2025-02-24,2025-02-27,2025-02-27,725750,livree
105284,9614,5,2025-02-27,2025-03-06,2025-03-06,948695,livree
105285,22791,3,2025-02-25,2025-02-28,2025-02-27,948860,livree
105286,14253,5,2025-02-26,2025-03-05,2025-03-04,552485,livree
105287,4202,6,2025-02-27,2025-03-04,2025-03-04,571725,livree
105288,5484,4,2025-02-26,2025-03-03,2025-03-03,181605,livree
105289,23761,5,2025-02-27,2025-03-06,2025-03-06,852070,livree
105290,9876,4,2025-02-27,2025-03-06,2025-03-06,242820,livree
105291,22597,6,2025-02-28,2025-03-05,2025-03-04,832905,livree
105292,4012,6,2025-02-28,2025-03-03,2025-03-03,1415440,livree
105293,10293,6,2025-02-26,2025-02-28,2025-02-27,864830,livree
105294,7138,1,2025-02-28,2025-03-07,2025-03-07,866320,livree
105295,23000,6,2025-02-27,2025-03-04,2025-03-03,1200155,livree
105296,15297,4,2025-02-26,2025-03-03,2025-03-04,543490,livree
105297,20858,4,2025-03-01,2025-03-04,2025-03-03,745845,livree
105298,16812,4,2025-02-28,2025-03-03,2025-03-02,221565,livree
105299,7413,3,2025-02-28,2025-03-02,2025-03-01,274010,livree
105300,6314,2,2025-02-28,2025-03-05,2025-03-04,1314905,livree
105301,21493,3,2025-02-27,2025-03-04,2025-03-03,548565,livree
105302,15528,2,2025-02-28,2025-03-07,2025-03-09,692460,livree
105303,12800,5,2025-02-27,2025-03-04,2025-03-04,180245,livree
105304,9459,1,2025-03-02,2025-03-04,2025-03-04,393040,livree
105305,21710,6,2025-03-01,2025-03-04,2025-03-03,882550,livree
105306,8075,2,2025-03-01,2025-03-11,2025-03-11,1248795,livree
105307,8818,3,2025-02-28,2025-03-10,2025-03-10,371960,livree
105308,7243,2,2025-03-01,2025-03-11,2025-03-11,1342095,livree
105309,8658,4,2025-03-02,2025-03-12,2025-03-14,1404585,livree
105310,22351,5,2025-03-03,2025-03-06,2025-03-06,68000,livree
105311,11396,3,2025-03-01,2025-03-03,2025-03-03,72240,livree
105312,15669,3,2025-03-03,2025-03-06,2025-03-07,1236860,livree
105313,23205,5,2025-03-01,2025-03-04,2025-03-08,1308540,livree
105314,14329,1,2025-03-01,2025-03-04,2025-03-03,637320,livree
105315,6174,3,2025-03-01,2025-03-03,2025-03-03,942565,livree
105316,13828,1,2025-03-02,2025-03-05,2025-03-13,516465,livree
105317,15086,3,2025-03-03,2025-03-08,2025-03-07,750115,livree
105318,15165,6,2025-03-04,2025-03-07,2025-03-15,554810,livree
105319,4477,3,2025-03-04,2025-03-07,2025-03-06,335500,livree
105320,20337,5,2025-03-02,2025-03-05,2025-03-07,697165,livree
105321,2015,3,2025-03-03,2025-03-08,2025-03-08,444825,livree
105322,15242,5,2025-03-03,2025-03-08,2025-03-07,198880,livree
105323,293,4,2025-03-02,2025-03-07,2025-03-06,484795,livree
105324,4369,1,2025-03-05,2025-03-10,2025-03-09,1376945,livree
105325,5880,2,2025-03-04,2025-03-09,2025-03-08,948670,livree
105326,20757,3,2025-03-04,2025-03-07,2025-03-08,759175,livree
105327,7531,2,2025-03-05,2025-03-10,2025-03-10,1223250,livree
105328,2702,3,2025-03-05,2025-03-10,2025-03-09,1264670,livree
105329,6733,5,2025-03-03,2025-03-10,2025-03-12,1206035,livree
105330,15709,6,2025-03-05,2025-03-12,2025-04-26,711765,livree
105331,3843,5,2025-03-05,2025-03-12,2025-03-12,960900,livree
105332,16631,4,2025-03-04,2025-03-06,2025-03-18,348700,livree
105333,2230,1,2025-03-05,2025-03-10,2025-03-10,298755,livree
105334,15676,5,2025-03-06,2025-03-13,2025-03-13,628810,livree
105335,21715,2,2025-03-05,2025-03-12,2025-03-12,1384185,livree
105336,1467,5,2025-03-06,2025-03-11,2025-03-15,1080085,livree
105337,16051,6,2025-03-06,2025-03-11,2025-03-15,569535,livree
105338,20610,6,2025-03-06,2025-03-16,2025-03-15,1382805,livree
105339,2516,2,2025-03-06,2025-03-13,2025-03-12,381705,livree
105340,18144,4,2025-03-07,2025-03-09,2025-03-09,977075,livree
105341,17734,1,2025-03-06,2025-03-09,2025-03-08,1377180,livree
105342,12334,3,2025-03-06,2025-03-09,2025-03-09,822660,livree
105343,14339,3,2025-03-05,2025-03-12,2025-03-12,1197970,livree
105344,3292,4,2025-03-06,2025-03-09,2025-03-08,341470,livree
105345,36,6,2025-03-07,2025-03-14,,418195,annulee
105346,18932,1,2025-03-08,2025-03-18,2025-03-17,565265,livree
105347,14596,6,2025-03-06,2025-03-11,2025-03-11,1401850,livree
105348,11302,2,2025-03-07,2025-03-09,2025-03-08,312740,livree
105349,8248,3,2025-03-07,2025-03-14,2025-03-17,391250,livree
105350,21744,5,2025-03-07,2025-03-12,2025-04-26,510545,livree
105351,19261,6,2025-03-09,2025-03-11,2025-03-10,682490,livree
105352,5477,1,2025-03-07,2025-03-09,2025-03-09,210775,livree
105353,18274,3,2025-03-07,2025-03-14,2025-03-14,120390,livree
105354,2521,6,2025-03-08,2025-03-18,2025-03-19,188945,livree
105355,20640,6,2025-03-07,2025-03-14,2025-03-14,221885,livree
105356,7731,4,2025-03-08,2025-03-18,2025-03-22,925265,livree
105357,20151,3,2025-03-09,2025-03-16,2025-04-30,746410,livree
105358,3448,1,2025-03-09,2025-03-12,2025-03-12,1424495,livree
105359,20855,3,2025-03-09,2025-03-14,2025-03-26,1428915,livree
105360,14900,5,2025-03-10,2025-03-15,2025-03-14,209200,livree
105361,13286,3,2025-03-10,2025-03-20,2025-03-19,565310,livree
105362,7575,5,2025-03-08,2025-03-10,2025-03-10,146815,livree
105363,12521,5,2025-03-08,2025-03-13,2025-03-13,568645,livree
105364,23357,2,2025-03-10,2025-03-13,2025-03-13,81520,livree
105365,14695,5,2025-03-09,2025-03-12,2025-03-12,1189250,livree
105366,14963,6,2025-03-09,2025-03-12,2025-03-11,598100,livree
105367,6683,6,2025-03-10,2025-03-15,2025-03-14,696950,livree
105368,20198,3,2025-03-10,2025-03-15,2025-03-15,373905,livree
105369,10501,3,2025-03-09,2025-03-14,2025-03-15,1291000,livree
105370,5279,1,2025-03-09,2025-03-14,2025-03-17,623210,livree
105371,17137,4,2025-03-12,2025-03-14,2025-04-03,1281380,livree
105372,5426,5,2025-03-12,2025-03-15,2025-03-15,860665,livree
105373,23101,2,2025-03-12,2025-03-15,2025-03-15,907715,livree
105374,8820,2,2025-03-12,2025-03-22,2025-03-21,544100,livree
105375,2023,2,2025-03-12,2025-03-15,2025-03-16,1309820,livree
105376,938,3,2025-03-12,2025-03-22,2025-03-22,1077595,livree
105377,12857,3,2025-03-12,2025-03-19,2025-03-19,192095,livree
105378,852,5,2025-03-13,2025-03-18,2025-03-18,509630,livree
105379,13348,5,2025-03-11,2025-03-16,2025-03-16,1294245,livree
105380,4081,6,2025-03-11,2025-03-16,2025-03-15,344470,livree
105381,5740,6,2025-03-13,2025-03-18,2025-03-18,143160,livree
105382,9759,1,2025-03-11,2025-03-16,2025-03-15,1123980,livree
105383,23438,6,2025-03-12,2025-03-17,2025-03-16,998255,livree
105384,20576,1,2025-03-13,2025-03-15,2025-03-15,1025860,livree
105385,3804,3,2025-03-12,2025-03-15,2025-03-15,747150,livree
105386,23457,3,2025-03-13,2025-03-18,2025-03-30,912415,livree
105387,526,5,2025-03-13,2025-03-18,,395255,annulee
105388,20166,4,2025-03-13,2025-03-15,2025-03-15,1183535,livree
105389,5698,4,2025-03-14,2025-03-21,2025-03-25,243540,livree
105390,385,4,2025-03-12,2025-03-17,2025-03-17,1093060,livree
105391,3531,2,2025-03-15,2025-03-18,2025-03-30,640805,livree
105392,22755,1,2025-03-14,2025-03-24,2025-03-24,1435500,livree
105393,10619,4,2025-03-13,2025-03-20,2025-03-20,1347380,livree
105394,3351,2,2025-03-14,2025-03-24,,1093545,annulee
105395,960,3,2025-03-13,2025-03-16,2025-03-17,660150,livree
105396,20145,3,2025-03-15,2025-03-18,2025-03-17,275770,livree
105397,19077,3,2025-03-15,2025-03-22,2025-03-21,845635,livree
105398,2552,3,2025-03-15,2025-03-20,2025-03-20,506305,livree
105399,12982,4,2025-03-14,2025-03-16,,547295,annulee
105400,6413,3,2025-03-16,2025-03-26,2025-03-25,847780,livree
105401,16957,5,2025-03-16,2025-03-21,2025-03-20,329245,livree
105402,18310,6,2025-03-15,2025-03-20,2025-03-19,157920,livree
105403,12434,1,2025-03-14,2025-03-24,2025-04-01,117025,livree
105404,4814,6,2025-03-14,2025-03-19,2025-03-19,365440,livree
105405,5389,3,2025-03-17,2025-03-20,2025-04-01,1203060,livree
105406,22184,4,2025-03-16,2025-03-19,2025-03-19,1227410,livree
105407,1124,2,2025-03-15,2025-03-20,2025-03-20,1136125,livree
105408,10096,5,2025-03-15,2025-03-18,2025-03-18,850250,livree
105409,6436,1,2025-03-15,2025-03-20,2025-03-19,420155,livree
105410,23436,2,2025-03-16,2025-03-19,2025-04-08,590790,livree
105411,22766,5,2025-03-18,2025-03-23,2025-03-23,126325,livree
105412,3871,3,2025-03-16,2025-03-19,2025-03-19,169725,livree
105413,16706,1,2025-03-17,2025-03-22,2025-03-22,291475,livree
105414,2628,1,2025-03-18,2025-03-28,2025-03-27,183965,livree
105415,14885,6,2025-03-18,2025-03-28,2025-03-28,439450,livree
105416,22645,2,2025-03-16,2025-03-21,2025-03-21,1131325,livree
105417,10483,4,2025-03-16,2025-03-19,2025-03-18,583810,livree
105418,16083,2,2025-03-19,2025-03-22,2025-03-21,1420775,livree
105419,18630,1,2025-03-18,2025-03-21,2025-03-21,761570,livree
105420,10387,1,2025-03-18,2025-03-21,2025-03-21,1375730,livree
105421,9423,5,2025-03-17,2025-03-22,2025-03-22,744420,livree
105422,5266,4,2025-03-17,2025-03-27,2025-03-27,701050,livree
105423,1440,6,2025-03-19,2025-03-21,2025-03-22,407630,livree
105424,15090,3,2025-03-17,2025-03-27,2025-03-26,1223235,livree
105425,18193,1,2025-03-19,2025-03-24,2025-03-24,1128010,livree
105426,12566,4,2025-03-18,2025-03-25,2025-03-25,905620,livree
105427,22149,2,2025-03-18,2025-03-21,2025-03-24,486845,livree
105428,16363,4,2025-03-18,2025-03-23,2025-03-23,968395,livree
105429,1175,4,2025-03-18,2025-03-28,2025-03-27,334760,livree
105430,13880,6,2025-03-18,2025-03-28,2025-03-27,217105,livree
105431,14935,5,2025-03-21,2025-03-23,2025-03-24,1156910,livree
105432,6558,6,2025-03-20,2025-03-30,2025-03-30,200830,livree
105433,20400,2,2025-03-21,2025-03-23,2025-03-23,167095,livree
105434,17181,3,2025-03-20,2025-03-25,2025-03-29,580215,livree
105435,14159,5,2025-03-20,2025-03-22,2025-03-22,196090,livree
105436,19311,6,2025-03-19,2025-03-24,2025-03-23,1042210,livree
105437,5184,4,2025-03-21,2025-03-31,2025-03-31,189145,livree
105438,175,3,2025-03-22,2025-04-01,2025-04-01,874265,livree
105439,15659,2,2025-03-20,2025-03-25,2025-03-25,554820,livree
105440,4462,4,2025-03-22,2025-04-01,2025-04-01,1115455,livree
105441,1994,6,2025-03-21,2025-03-23,2025-03-22,661855,livree
105442,15934,3,2025-03-20,2025-03-27,2025-03-26,1408035,livree
105443,6276,6,2025-03-21,2025-03-26,2025-03-25,174745,livree
105444,21308,2,2025-03-21,2025-03-24,2025-03-23,1150110,livree
105445,23297,2,2025-03-21,2025-03-24,2025-03-23,243430,livree
105446,13959,1,2025-03-22,2025-03-25,2025-03-25,1434525,livree
105447,5290,1,2025-03-21,2025-03-24,2025-03-26,543740,livree
105448,18574,3,2025-03-22,2025-03-27,2025-03-26,654640,livree
105449,5753,4,2025-03-23,2025-03-26,2025-03-31,1434785,livree
105450,16500,1,2025-03-23,2025-03-30,2025-05-14,124870,livree
105451,20289,6,2025-03-22,2025-03-29,2025-03-28,841265,livree
105452,16365,2,2025-03-23,2025-03-25,2025-03-24,1210080,livree
105453,14631,3,2025-03-24,2025-03-31,2025-03-31,1158400,livree
105454,6622,4,2025-03-23,2025-03-25,2025-03-25,53180,livree
105455,5227,6,2025-03-23,2025-03-28,2025-03-28,1058095,livree
105456,15532,5,2025-03-22,2025-03-29,2025-03-29,507395,livree
105457,21497,3,2025-03-23,2025-03-26,2025-03-26,240815,livree
105458,8225,4,2025-03-25,2025-03-27,2025-03-26,377260,livree
105459,13790,5,2025-03-25,2025-03-30,2025-03-30,120800,livree
105460,14671,2,2025-03-24,2025-03-29,2025-03-29,1214995,livree
105461,10118,4,2025-03-25,2025-04-04,2025-04-03,164670,livree
105462,22175,5,2025-03-24,2025-03-31,2025-03-31,670055,livree
105463,12894,5,2025-03-24,2025-04-03,2025-04-02,669935,livree
105464,9870,1,2025-03-25,2025-03-27,2025-03-26,660995,livree
105465,10316,2,2025-03-26,2025-03-31,2025-04-20,949875,livree
105466,20425,3,2025-03-25,2025-03-28,2025-03-28,1444610,livree
105467,11460,3,2025-03-26,2025-03-31,2025-03-31,696575,livree
105468,1655,2,2025-03-26,2025-03-31,2025-05-15,422135,livree
105469,960,4,2025-03-25,2025-03-30,2025-03-29,203785,livree
105470,23757,2,2025-03-26,2025-04-05,2025-04-05,368150,livree
105471,16010,6,2025-03-24,2025-03-29,2025-03-29,1348415,livree
105472,11169,2,2025-03-26,2025-03-28,2025-03-31,591020,livree
105473,14304,2,2025-03-25,2025-03-30,2025-03-30,1301540,livree
105474,8547,5,2025-03-25,2025-03-30,2025-03-30,626450,livree
105475,6203,4,2025-03-26,2025-04-05,2025-04-05,679440,livree
105476,5797,6,2025-03-26,2025-04-05,2025-04-06,612375,livree
105477,8833,6,2025-03-27,2025-04-06,2025-04-05,1089555,livree
105478,16922,1,2025-03-27,2025-04-01,2025-03-31,480335,livree
105479,22243,6,2025-03-26,2025-03-28,2025-03-28,809560,livree
105480,10398,5,2025-03-28,2025-04-07,2025-04-07,260170,livree
105481,15577,5,2025-03-28,2025-03-31,2025-03-31,230505,livree
105482,7108,3,2025-03-26,2025-03-29,2025-04-01,166015,livree
105483,4450,1,2025-03-28,2025-03-31,2025-04-20,744535,livree
105484,19140,5,2025-03-28,2025-03-31,2025-04-05,582540,livree
105485,19998,2,2025-03-29,2025-04-05,2025-04-05,298430,livree
105486,9958,5,2025-03-29,2025-04-03,2025-04-02,50390,livree
105487,9403,4,2025-03-27,2025-04-06,2025-04-26,1084910,livree
105488,20973,1,2025-03-29,2025-04-08,2025-04-07,1399045,livree
105489,2162,5,2025-03-27,2025-03-30,2025-04-02,577225,livree
105490,15270,6,2025-03-27,2025-03-30,,181140,annulee
105491,3977,2,2025-03-28,2025-04-02,2025-04-02,1003595,livree
105492,19522,6,2025-03-28,2025-03-30,2025-03-29,835075,livree
105493,10967,4,2025-03-28,2025-04-02,2025-04-02,851050,livree
105494,9269,2,2025-03-30,2025-04-01,2025-04-01,325395,livree
105495,13157,2,2025-03-29,2025-04-01,2025-04-01,111705,livree
105496,3515,2,2025-03-30,2025-04-06,2025-04-06,306770,livree
105497,12546,1,2025-03-28,2025-03-30,2025-04-07,116430,livree
105498,17562,3,2025-03-28,2025-04-07,2025-04-10,134490,livree
105499,22777,3,2025-03-31,2025-04-02,2025-04-01,391875,livree
105500,3791,2,2025-03-30,2025-04-09,2025-04-09,985535,livree
105501,21390,3,2025-03-29,2025-04-03,2025-04-02,476560,livree
105502,7856,5,2025-03-29,2025-04-01,2025-04-03,456890,livree
105503,5827,5,2025-03-30,2025-04-04,2025-05-19,126355,livree
105504,18792,1,2025-03-29,2025-04-01,2025-04-01,677495,livree
105505,21473,2,2025-03-30,2025-04-02,2025-04-02,790675,livree
105506,20203,3,2025-03-31,2025-04-05,2025-04-17,1031910,livree
105507,7019,6,2025-03-30,2025-04-09,2025-04-08,1158415,livree
105508,4477,3,2025-03-30,2025-04-06,2025-04-07,985830,livree
105509,11400,5,2025-03-31,2025-04-10,2025-04-09,739975,livree
105510,4869,4,2025-03-31,2025-04-10,2025-04-10,343640,livree
105511,18604,4,2025-04-01,2025-04-03,2025-04-03,572020,livree
105512,19535,4,2025-04-01,2025-04-06,2025-04-08,507215,livree
105513,22541,4,2025-03-31,2025-04-05,2025-04-04,282900,livree
105514,21805,3,2025-04-02,2025-04-04,2025-04-04,501120,livree
105515,6433,5,2025-04-01,2025-04-06,2025-04-06,214320,livree
105516,12384,6,2025-04-02,2025-04-07,2025-04-07,1232490,livree
105517,16598,3,2025-04-02,2025-04-12,2025-04-12,204270,livree
105518,19549,4,2025-04-02,2025-04-04,2025-04-03,87070,livree
105519,14955,3,2025-04-03,2025-04-08,2025-04-07,304800,livree
105520,6204,6,2025-04-03,2025-04-08,2025-04-08,262970,livree
105521,572,2,2025-04-03,2025-04-05,2025-04-05,176260,livree
105522,2494,2,2025-04-02,2025-04-09,2025-04-21,689080,livree
105523,22476,4,2025-04-02,2025-04-05,2025-04-05,1177840,livree
105524,23532,1,2025-04-01,2025-04-06,2025-04-06,594335,livree
105525,5558,2,2025-04-02,2025-04-07,2025-04-06,759800,livree
105526,4149,5,2025-04-04,2025-04-07,2025-04-07,929150,livree
105527,16420,1,2025-04-03,2025-04-06,2025-04-05,457085,livree
105528,2575,1,2025-04-03,2025-04-08,2025-04-07,338745,livree
105529,3019,1,2025-04-04,2025-04-09,2025-04-09,507630,livree
105530,10408,6,2025-04-03,2025-04-06,2025-04-06,309990,livree
105531,10516,3,2025-04-02,2025-04-07,2025-04-07,665715,livree
105532,5777,1,2025-04-05,2025-04-08,2025-04-08,318305,livree
105533,17026,4,2025-04-03,2025-04-08,2025-04-20,615235,livree
105534,7041,6,2025-04-04,2025-04-06,2025-04-06,1284865,livree
105535,4355,5,2025-04-05,2025-04-10,2025-04-10,643170,livree
105536,8575,2,2025-04-04,2025-04-11,2025-04-11,196020,livree
105537,3603,1,2025-04-04,2025-04-09,2025-04-08,990385,livree
105538,718,1,2025-04-03,2025-04-13,2025-04-12,784225,livree
105539,20420,1,2025-04-05,2025-04-10,,1199150,annulee
105540,17418,3,2025-04-04,2025-04-09,2025-04-09,478095,livree
105541,1084,3,2025-04-04,2025-04-09,2025-04-09,924370,livree
105542,6479,3,2025-04-05,2025-04-07,2025-04-19,1154975,livree
105543,1918,6,2025-04-05,2025-04-08,2025-04-07,702890,livree
105544,2775,6,2025-04-04,2025-04-09,2025-04-09,1181490,livree
105545,16960,2,2025-04-04,2025-04-14,2025-04-14,922660,livree
105546,14139,2,2025-04-07,2025-04-10,2025-04-09,340900,livree
105547,11873,3,2025-04-07,2025-04-17,2025-04-16,85080,livree
105548,17885,5,2025-04-06,2025-04-13,2025-04-13,993380,livree
105549,19090,3,2025-04-07,2025-04-12,2025-04-12,656285,livree
105550,10566,4,2025-04-05,2025-04-15,2025-04-15,1043130,livree
105551,11263,5,2025-04-07,2025-04-12,2025-04-12,1397870,livree
105552,10285,5,2025-04-07,2025-04-12,2025-04-16,958400,livree
105553,20491,6,2025-04-06,2025-04-09,2025-04-09,443380,livree
105554,8868,2,2025-04-06,2025-04-09,2025-04-08,201865,livree
105555,10045,2,2025-04-07,2025-04-14,2025-04-22,1261975,livree
105556,23478,6,2025-04-08,2025-04-13,2025-04-12,1024155,livree
105557,639,5,2025-04-07,2025-04-12,2025-04-11,1334780,livree
105558,20560,1,2025-04-06,2025-04-09,2025-04-09,186120,livree
105559,23909,5,2025-04-09,2025-04-12,2025-04-14,1315565,livree
105560,13253,6,2025-04-08,2025-04-18,2025-04-17,585485,livree
105561,6422,5,2025-04-09,2025-04-11,2025-04-10,636320,livree
105562,5129,5,2025-04-08,2025-04-15,2025-04-15,1438675,livree
105563,22810,5,2025-04-07,2025-04-12,2025-04-15,52475,livree
105564,8778,2,2025-04-08,2025-04-13,2025-04-18,683645,livree
105565,21524,3,2025-04-09,2025-04-12,2025-04-11,256960,livree
105566,6496,3,2025-04-08,2025-04-18,2025-04-17,374420,livree
105567,2832,5,2025-04-10,2025-04-15,2025-04-14,704405,livree
105568,5492,4,2025-04-10,2025-04-15,2025-04-15,247820,livree
105569,6695,1,2025-04-08,2025-04-11,2025-04-10,977310,livree
105570,1512,2,2025-04-10,2025-04-12,2025-04-12,754115,livree
105571,10560,2,2025-04-10,2025-04-17,2025-04-20,830360,livree
105572,6657,5,2025-04-10,2025-04-20,2025-04-20,291305,livree
105573,9545,6,2025-04-09,2025-04-14,2025-04-14,1090200,livree
105574,12186,6,2025-04-11,2025-04-16,2025-04-16,1303665,livree
105575,4742,6,2025-04-11,2025-04-14,2025-04-13,950015,livree
105576,21648,4,2025-04-10,2025-04-20,2025-04-20,181025,livree
105577,972,2,2025-04-09,2025-04-19,2025-04-18,855740,livree
105578,20073,3,2025-04-10,2025-04-15,2025-04-15,271765,livree
105579,8746,6,2025-04-12,2025-04-17,2025-04-16,991320,livree
105580,5264,5,2025-04-11,2025-04-16,2025-04-16,1364875,livree
105581,12976,2,2025-04-12,2025-04-17,2025-04-16,672590,livree
105582,10834,1,2025-04-10,2025-04-15,2025-04-15,829450,livree
105583,13731,6,2025-04-11,2025-04-16,2025-04-15,461060,livree
105584,18981,4,2025-04-12,2025-04-15,2025-04-15,1304225,livree
105585,17120,4,2025-04-11,2025-04-14,2025-04-14,407875,livree
105586,7488,3,2025-04-13,2025-04-16,2025-04-19,1421205,livree
105587,18360,1,2025-04-11,2025-04-16,2025-04-16,82800,livree
105588,23590,2,2025-04-13,2025-04-18,2025-04-17,546680,livree
105589,522,5,2025-04-12,2025-04-15,2025-04-15,467970,livree
105590,21722,3,2025-04-13,2025-04-18,2025-04-17,1205420,livree
105591,18365,1,2025-04-13,2025-04-15,2025-04-14,1323565,livree
105592,9777,2,2025-04-12,2025-04-17,2025-04-16,246455,livree
105593,5916,4,2025-04-14,2025-04-24,2025-05-06,280585,livree
105594,18088,6,2025-04-12,2025-04-15,,1437445,annulee
105595,13487,3,2025-04-12,2025-04-19,2025-04-18,173510,livree
105596,12274,6,2025-04-14,2025-04-16,2025-05-31,278380,livree
105597,14854,5,2025-04-13,2025-04-18,,712410,annulee
105598,15524,3,2025-04-13,2025-04-23,2025-04-22,786280,livree
105599,8148,1,2025-04-15,2025-04-18,2025-04-18,799550,livree
105600,20170,4,2025-04-13,2025-04-15,2025-05-30,120360,livree
105601,14905,4,2025-04-15,2025-04-18,2025-04-18,927440,livree
105602,4908,5,2025-04-13,2025-04-15,2025-04-15,769815,livree
105603,21601,1,2025-04-13,2025-04-15,2025-04-15,647370,livree
105604,16418,4,2025-04-15,2025-04-18,2025-04-17,796095,livree
105605,5353,2,2025-04-15,2025-04-18,2025-04-17,89540,livree
105606,326,1,2025-04-14,2025-04-16,,691935,annulee
105607,12950,2,2025-04-14,2025-04-19,2025-04-19,206810,livree
105608,3321,2,2025-04-14,2025-04-16,2025-04-18,931225,livree
105609,18001,3,2025-04-14,2025-04-17,2025-04-17,725255,livree
105610,7903,2,2025-04-16,2025-04-19,2025-04-19,1330740,livree
105611,5758,5,2025-04-16,2025-04-23,2025-04-26,434280,livree
105612,1513,2,2025-04-14,2025-04-17,2025-04-17,646220,livree
105613,777,6,2025-04-16,2025-04-19,2025-04-19,835675,livree
105614,16942,6,2025-04-16,2025-04-18,2025-04-17,714040,livree
105615,2435,5,2025-04-15,2025-04-25,2025-06-09,81975,livree
105616,23111,2,2025-04-17,2025-04-19,2025-04-19,608215,livree
105617,17564,3,2025-04-17,2025-04-19,2025-04-19,1260230,livree
105618,18968,3,2025-04-17,2025-04-22,2025-04-22,613795,livree
105619,7458,2,2025-04-16,2025-04-19,2025-05-01,646530,livree
105620,7179,1,2025-04-16,2025-04-21,2025-04-20,629830,livree
105621,12261,6,2025-04-17,2025-04-19,2025-04-19,1175265,livree
105622,22361,1,2025-04-18,2025-04-28,2025-06-12,703995,livree
105623,7612,6,2025-04-18,2025-04-28,2025-04-28,1117805,livree
105624,8495,1,2025-04-18,2025-04-23,2025-04-22,436045,livree
105625,20787,1,2025-04-17,2025-04-22,2025-04-22,136925,livree
105626,2632,1,2025-04-17,2025-04-20,2025-04-20,302725,livree
105627,16294,6,2025-04-18,2025-04-23,2025-04-23,92540,livree
105628,13785,2,2025-04-17,2025-04-27,2025-04-26,643115,livree
105629,16516,3,2025-04-19,2025-04-21,2025-04-21,1235530,livree
105630,513,4,2025-04-17,2025-04-22,2025-04-21,484565,livree
105631,20086,4,2025-04-17,2025-04-22,2025-04-21,243430,livree
105632,14686,6,2025-04-19,2025-04-24,2025-04-29,240755,livree
105633,3818,6,2025-04-18,2025-04-23,2025-04-23,416585,livree
105634,9594,3,2025-04-18,2025-04-20,2025-04-20,638555,livree
105635,5008,2,2025-04-18,2025-04-21,2025-04-21,865555,livree
105636,16319,1,2025-04-20,2025-04-25,2025-04-25,1328170,livree
105637,5890,4,2025-04-19,2025-04-24,2025-05-02,1169240,livree
105638,11780,4,2025-04-19,2025-04-24,2025-05-06,1034070,livree
105639,17319,6,2025-04-20,2025-04-22,2025-04-22,1149195,livree
105640,12936,5,2025-04-19,2025-04-24,2025-04-24,852760,livree
105641,23299,1,2025-04-19,2025-04-24,2025-04-25,653835,livree
105642,18759,1,2025-04-20,2025-04-23,2025-04-27,1242980,livree
105643,19978,4,2025-04-21,2025-04-24,2025-04-24,1079335,livree
105644,13829,2,2025-04-19,2025-04-22,2025-05-12,690450,livree
105645,9368,1,2025-04-20,2025-04-25,2025-04-24,1128080,livree
105646,446,4,2025-04-19,2025-04-21,,569210,annulee
105647,23673,3,2025-04-21,2025-04-26,2025-04-26,1428080,livree
105648,5123,1,2025-04-21,2025-05-01,2025-05-01,771525,livree
105649,7214,4,2025-04-22,2025-04-25,2025-04-25,603390,livree
105650,8110,1,2025-04-21,2025-04-26,2025-04-26,298015,livree
105651,5840,1,2025-04-22,2025-04-29,,1167900,annulee
105652,11610,2,2025-04-20,2025-04-23,2025-04-23,383440,livree
105653,307,5,2025-04-21,2025-04-26,2025-04-26,743220,livree
105654,12819,1,2025-04-23,2025-05-03,2025-05-03,218385,livree
105655,19149,2,2025-04-21,2025-05-01,2025-04-30,350290,livree
105656,14889,2,2025-04-22,2025-05-02,2025-05-02,102810,livree
105657,5391,4,2025-04-23,2025-04-26,,685740,annulee
105658,1417,3,2025-04-21,2025-04-26,2025-04-26,1388185,livree
105659,14525,5,2025-04-21,2025-04-23,2025-04-23,1425760,livree
105660,22075,3,2025-04-22,2025-04-27,2025-04-27,626655,livree
105661,1179,6,2025-04-24,2025-04-27,2025-04-27,323410,livree
105662,20197,3,2025-04-24,2025-04-27,2025-04-27,228395,livree
105663,5482,1,2025-04-24,2025-04-27,2025-04-27,1439995,livree
105664,12745,2,2025-04-22,2025-04-24,2025-04-24,1327255,livree
105665,1919,5,2025-04-23,2025-04-28,2025-04-27,987375,livree
105666,15003,1,2025-04-24,2025-05-01,2025-05-01,629570,livree
105667,16193,2,2025-04-24,2025-05-01,2025-05-01,1081600,livree
105668,21440,6,2025-04-24,2025-05-04,2025-05-03,363890,livree
105669,1085,4,2025-04-25,2025-04-28,2025-04-28,1337510,livree
105670,14299,2,2025-04-25,2025-05-02,2025-05-02,742640,livree
105671,8297,1,2025-04-25,2025-05-05,2025-05-05,363635,livree
105672,2665,3,2025-04-25,2025-05-02,2025-05-02,1010820,livree
105673,19317,2,2025-04-24,2025-04-29,2025-04-29,817260,livree
105674,14538,1,2025-04-24,2025-04-26,2025-04-26,705960,livree
105675,22617,4,2025-04-26,2025-04-29,2025-04-29,862725,livree
105676,23723,3,2025-04-25,2025-04-30,2025-04-30,1425135,livree
105677,4065,4,2025-04-24,2025-04-27,2025-04-27,502840,livree
105678,19421,1,2025-04-24,2025-05-04,2025-05-04,548440,livree
105679,19643,1,2025-04-26,2025-04-28,2025-04-28,670890,livree
105680,17177,6,2025-04-26,2025-05-03,2025-05-04,623285,livree
105681,2607,6,2025-04-25,2025-04-30,2025-04-29,45065,livree
105682,12281,1,2025-04-27,2025-05-07,2025-05-06,274180,livree
105683,15687,1,2025-04-25,2025-04-27,2025-04-26,1380805,livree
105684,3452,1,2025-04-25,2025-05-02,2025-05-03,799880,livree
105685,14540,6,2025-04-26,2025-04-29,2025-04-29,308390,livree
105686,4290,3,2025-04-27,2025-05-07,2025-06-21,987795,livree
105687,8306,2,2025-04-26,2025-05-06,,468805,annulee
105688,11861,3,2025-04-28,2025-05-03,2025-05-15,400285,livree
105689,12980,4,2025-04-28,2025-05-01,2025-06-15,172570,livree
105690,7895,1,2025-04-28,2025-05-08,2025-05-08,1426305,livree
105691,23779,2,2025-04-28,2025-04-30,2025-04-29,827110,livree
105692,22903,5,2025-04-27,2025-05-02,2025-05-02,549240,livree
105693,3705,6,2025-04-27,2025-04-29,2025-04-28,411175,livree
105694,12934,2,2025-04-29,2025-05-02,2025-05-01,815065,livree
105695,19414,5,2025-04-27,2025-05-04,2025-05-06,1411975,livree
105696,16214,1,2025-04-28,2025-04-30,2025-04-29,1189585,livree
105697,9795,1,2025-04-28,2025-05-03,2025-05-03,937470,livree
105698,20727,6,2025-04-29,2025-05-01,2025-05-01,1276640,livree
105699,1602,3,2025-04-27,2025-05-07,2025-05-07,642690,livree
105700,23478,5,2025-04-29,2025-05-04,2025-05-04,395065,livree
105701,1725,1,2025-04-30,2025-05-05,2025-05-05,416680,livree
105702,3425,1,2025-04-30,2025-05-03,2025-05-03,931470,livree
105703,11454,2,2025-04-28,2025-05-03,2025-05-02,1306555,livree
105704,19152,3,2025-04-28,2025-05-01,2025-04-30,414080,livree
105705,5967,3,2025-04-29,2025-05-01,2025-04-30,1350365,livree
105706,14428,6,2025-04-28,2025-05-01,2025-05-01,78700,livree
105707,11343,4,2025-04-30,2025-05-03,2025-05-03,689990,livree
105708,17364,6,2025-04-30,2025-05-05,2025-06-19,124470,livree
105709,6550,5,2025-04-29,2025-05-02,2025-05-02,1042680,livree
105710,3108,6,2025-05-01,2025-05-11,2025-05-15,390645,livree
105711,11020,6,2025-04-30,2025-05-10,2025-05-10,1057320,livree
105712,15209,6,2025-05-01,2025-05-08,2025-05-08,1420075,livree
105713,12279,2,2025-04-30,2025-05-10,2025-05-10,426845,livree
105714,1310,6,2025-05-02,2025-05-04,2025-05-04,349435,livree
105715,12010,6,2025-05-01,2025-05-04,2025-05-07,1395935,livree
105716,20834,5,2025-05-02,2025-05-12,2025-05-13,473910,livree
105717,22123,5,2025-04-30,2025-05-07,2025-05-15,570910,livree
105718,5316,2,2025-05-01,2025-05-04,2025-05-04,128735,livree
105719,15089,1,2025-04-30,2025-05-03,2025-05-02,1365140,livree
105720,11612,2,2025-05-01,2025-05-03,2025-05-03,899010,livree
105721,1240,4,2025-05-01,2025-05-06,2025-05-06,58890,livree
105722,16967,2,2025-05-02,2025-05-05,2025-06-19,1083960,livree
105723,6140,3,2025-05-01,2025-05-04,2025-05-03,836490,livree
105724,11037,6,2025-05-01,2025-05-06,,219050,annulee
105725,10098,1,2025-05-01,2025-05-03,2025-05-03,1178980,livree
105726,4862,3,2025-05-02,2025-05-12,2025-05-12,53860,livree
105727,16030,3,2025-05-04,2025-05-06,2025-05-05,353425,livree
105728,21762,1,2025-05-04,2025-05-09,2025-05-09,1221850,livree
105729,10860,1,2025-05-03,2025-05-06,2025-05-06,319520,livree
105730,19654,1,2025-05-03,2025-05-05,2025-05-10,1101950,livree
105731,7797,4,2025-05-02,2025-05-05,2025-05-05,281455,livree
105732,7446,6,2025-05-04,2025-05-06,2025-05-06,784445,livree
105733,4064,5,2025-05-02,2025-05-05,2025-05-05,54805,livree
105734,11721,3,2025-05-04,2025-05-09,2025-05-09,685450,livree
105735,22664,2,2025-05-05,2025-05-08,2025-05-08,1349625,livree
105736,7658,3,2025-05-05,2025-05-10,2025-05-10,830890,livree
105737,18238,2,2025-05-04,2025-05-07,2025-05-06,62620,livree
105738,19407,1,2025-05-05,2025-05-07,2025-05-07,102850,livree
105739,15545,1,2025-05-03,2025-05-05,2025-05-04,1052820,livree
105740,19851,3,2025-05-05,2025-05-10,2025-05-10,1109490,livree
105741,6295,3,2025-05-04,2025-05-07,2025-05-07,183555,livree
105742,5899,1,2025-05-06,2025-05-11,2025-05-31,85070,livree
105743,6857,4,2025-05-06,2025-05-08,2025-05-08,1388455,livree
105744,14976,1,2025-05-05,2025-05-12,2025-05-12,457180,livree
105745,17004,4,2025-05-04,2025-05-07,2025-05-06,257470,livree
105746,21650,6,2025-05-06,2025-05-08,2025-05-08,777945,livree
105747,9849,3,2025-05-07,2025-05-12,2025-05-11,1184455,livree
105748,11500,3,2025-05-07,2025-05-12,2025-05-13,797325,livree
105749,19679,3,2025-05-05,2025-05-15,2025-05-15,532550,livree
105750,21832,2,2025-05-07,2025-05-14,2025-05-13,58565,livree
105751,987,4,2025-05-06,2025-05-09,2025-05-09,1204325,livree
105752,12245,6,2025-05-07,2025-05-10,2025-05-11,356740,livree
105753,11210,5,2025-05-05,2025-05-10,2025-05-10,1045530,livree
105754,16290,2,2025-05-08,2025-05-13,2025-05-12,932750,livree
105755,15151,2,2025-05-06,2025-05-09,2025-05-09,1011450,livree
105756,16107,4,2025-05-06,2025-05-11,2025-05-11,107230,livree
105757,10913,4,2025-05-07,2025-05-09,2025-05-21,690370,livree
105758,18553,6,2025-05-06,2025-05-11,2025-05-31,105530,livree
105759,18739,6,2025-05-08,2025-05-13,2025-05-13,298505,livree
105760,4530,4,2025-05-07,2025-05-17,2025-05-16,650455,livree
105761,4091,4,2025-05-08,2025-05-10,2025-05-10,244870,livree
105762,15317,5,2025-05-09,2025-05-14,2025-05-14,1185195,livree
105763,11586,3,2025-05-08,2025-05-10,2025-05-10,1315920,livree
105764,5563,6,2025-05-09,2025-05-14,2025-05-17,601890,livree
105765,22303,5,2025-05-08,2025-05-13,2025-05-13,983870,livree
105766,21642,2,2025-05-07,2025-05-14,2025-05-14,499750,livree
105767,17388,2,2025-05-10,2025-05-13,2025-05-13,909860,livree
105768,2754,4,2025-05-09,2025-05-16,2025-05-16,350095,livree
105769,8930,5,2025-05-08,2025-05-15,2025-05-15,1255085,livree
105770,13805,5,2025-05-10,2025-05-15,2025-05-15,114655,livree
105771,23486,6,2025-05-09,2025-05-14,2025-05-14,789295,livree
105772,11767,1,2025-05-10,2025-05-13,2025-05-13,540630,livree
105773,21335,6,2025-05-10,2025-05-13,2025-05-12,784560,livree
105774,18409,6,2025-05-10,2025-05-13,2025-05-13,622875,livree
105775,20048,2,2025-05-10,2025-05-20,2025-05-24,1059585,livree
105776,7428,5,2025-05-11,2025-05-16,2025-05-24,1280525,livree
105777,22194,1,2025-05-09,2025-05-12,2025-05-12,612355,livree
105778,7355,2,2025-05-11,2025-05-21,2025-05-21,809030,livree
105779,14701,2,2025-05-10,2025-05-17,2025-05-17,1034295,livree
105780,10432,1,2025-05-11,2025-05-18,2025-05-18,711200,livree
105781,8800,4,2025-05-10,2025-05-12,2025-05-12,1334690,livree
105782,9784,2,2025-05-10,2025-05-20,2025-05-20,280525,livree
105783,18348,1,2025-05-11,2025-05-14,2025-05-14,1332625,livree
105784,1870,2,2025-05-11,2025-05-18,2025-05-18,54420,livree
105785,4245,2,2025-05-10,2025-05-12,2025-05-12,1256570,livree
105786,21956,2,2025-05-10,2025-05-12,2025-05-11,758760,livree
105787,5159,4,2025-05-10,2025-05-12,2025-05-12,46845,livree
105788,2276,5,2025-05-11,2025-05-13,2025-05-12,79355,livree
105789,12999,1,2025-05-13,2025-05-16,2025-05-20,879495,livree
105790,13696,2,2025-05-11,2025-05-16,2025-05-20,500995,livree
105791,23392,4,2025-05-12,2025-05-14,2025-05-14,1274655,livree
105792,4605,4,2025-05-13,2025-05-16,2025-05-21,1434560,livree
105793,6543,1,2025-05-12,2025-05-17,2025-05-17,228890,livree
105794,4340,1,2025-05-13,2025-05-18,2025-05-20,755540,livree
105795,18300,3,2025-05-12,2025-05-19,2025-05-19,702235,livree
105796,4786,6,2025-05-12,2025-05-19,2025-05-18,1016440,livree
105797,12892,2,2025-05-12,2025-05-17,2025-05-22,1042515,livree
105798,5538,1,2025-05-13,2025-05-18,2025-05-18,844700,livree
105799,18730,3,2025-05-12,2025-05-17,2025-05-17,718515,livree
105800,17095,2,2025-05-12,2025-05-15,2025-05-27,728470,livree
105801,3460,5,2025-05-14,2025-05-17,2025-06-06,1331415,livree
105802,17844,5,2025-05-14,2025-05-17,2025-05-20,1018415,livree
105803,21679,2,2025-05-14,2025-05-16,2025-05-16,208375,livree
105804,10506,1,2025-05-14,2025-05-19,2025-05-19,1058910,livree
105805,2438,1,2025-05-14,2025-05-19,2025-05-21,741050,livree
105806,10383,1,2025-05-13,2025-05-18,2025-05-22,1285225,livree
105807,5962,2,2025-05-13,2025-05-15,2025-05-15,886105,livree
105808,9460,6,2025-05-14,2025-05-16,2025-05-15,611400,livree
105809,2780,6,2025-05-15,2025-05-25,2025-05-25,1156915,livree
105810,13184,6,2025-05-14,2025-05-19,2025-05-19,535165,livree
105811,1836,6,2025-05-16,2025-05-19,2025-06-08,1233615,livree
105812,1846,4,2025-05-15,2025-05-22,2025-05-22,122430,livree
105813,5076,3,2025-05-16,2025-05-19,2025-05-22,796625,livree
105814,15447,4,2025-05-15,2025-05-22,2025-05-22,780285,livree
105815,5473,2,2025-05-16,2025-05-21,2025-05-21,1364505,livree
105816,16310,6,2025-05-16,2025-05-19,2025-05-18,1436030,livree
105817,18697,2,2025-05-15,2025-05-20,2025-07-04,559465,livree
105818,6558,6,2025-05-15,2025-05-18,2025-05-17,770890,livree
105819,19249,4,2025-05-16,2025-05-23,2025-05-25,1036950,livree
105820,5199,3,2025-05-15,2025-05-17,2025-05-17,549155,livree
105821,11230,2,2025-05-16,2025-05-26,2025-05-26,765390,livree
105822,1533,3,2025-05-16,2025-05-21,2025-05-20,137805,livree
105823,14,5,2025-05-16,2025-05-21,2025-06-02,757305,livree
105824,5474,1,2025-05-17,2025-05-27,2025-05-29,1136490,livree
105825,1246,2,2025-05-17,2025-05-22,2025-05-21,489260,livree
105826,16591,6,2025-05-16,2025-05-21,2025-05-21,523970,livree
105827,113,2,2025-05-18,2025-05-21,2025-05-21,1035960,livree
105828,8883,4,2025-05-18,2025-05-25,2025-06-02,762850,livree
105829,2917,5,2025-05-18,2025-05-21,2025-05-21,959065,livree
105830,8655,1,2025-05-19,2025-05-22,2025-05-22,517945,livree
105831,12198,2,2025-05-18,2025-05-21,2025-05-20,300485,livree
105832,17955,3,2025-05-18,2025-05-28,2025-05-28,1309875,livree
105833,4724,6,2025-05-18,2025-05-23,2025-05-23,1297385,livree
105834,10168,5,2025-05-18,2025-05-23,2025-05-23,1069585,livree
105835,14878,5,2025-05-19,2025-05-24,2025-05-24,397400,livree
105836,9598,5,2025-05-20,2025-05-27,2025-05-26,1240530,livree
105837,10429,4,2025-05-20,2025-05-23,2025-05-23,1103310,livree
105838,2844,4,2025-05-20,2025-05-30,2025-06-01,845770,livree
105839,2213,2,2025-05-18,2025-05-23,2025-05-23,161465,livree
105840,14413,6,2025-05-20,2025-05-25,2025-05-24,99965,livree
105841,16087,5,2025-05-21,2025-05-24,2025-05-23,1031965,livree
105842,13449,6,2025-05-21,2025-05-24,2025-05-24,381990,livree
105843,17887,1,2025-05-21,2025-05-24,2025-05-23,686845,livree
105844,2001,2,2025-05-19,2025-05-24,2025-05-23,873460,livree
105845,18963,3,2025-05-20,2025-05-27,2025-06-08,1433800,livree
105846,445,4,2025-05-21,2025-05-24,2025-06-01,701365,livree
105847,23209,5,2025-05-20,2025-05-25,2025-05-25,1235310,livree
105848,15910,4,2025-05-20,2025-05-25,2025-05-24,374200,livree
105849,15068,6,2025-05-22,2025-05-27,,1095615,annulee
105850,8786,1,2025-05-20,2025-05-25,2025-05-25,109945,livree
105851,16583,3,2025-05-20,2025-05-25,2025-05-25,777400,livree
105852,22706,6,2025-05-22,2025-05-27,2025-05-26,1398565,livree
105853,14678,1,2025-05-22,2025-05-27,2025-05-27,952210,livree
105854,13555,5,2025-05-21,2025-05-31,2025-05-31,1218665,livree
105855,19467,2,2025-05-22,2025-05-29,2025-05-29,618085,livree
105856,20943,6,2025-05-21,2025-05-23,2025-05-23,617325,livree
105857,2057,1,2025-05-21,2025-05-26,2025-05-26,968075,livree
105858,216,4,2025-05-23,2025-05-26,2025-07-10,137510,livree
105859,1660,1,2025-05-23,2025-06-02,2025-06-01,1269620,livree
105860,4965,1,2025-05-23,2025-06-02,2025-06-02,1047060,livree
105861,7015,3,2025-05-21,2025-05-26,2025-05-25,474365,livree
105862,11018,3,2025-05-24,2025-06-03,2025-06-03,450730,livree
105863,11810,4,2025-05-22,2025-05-25,2025-07-09,1229665,livree
105864,2893,3,2025-05-24,2025-05-29,2025-05-28,1447630,livree
105865,10288,2,2025-05-24,2025-05-29,2025-05-29,160140,livree
105866,14363,2,2025-05-24,2025-05-27,2025-06-16,629925,livree
105867,6852,2,2025-05-22,2025-05-24,2025-05-23,126870,livree
105868,14897,1,2025-05-24,2025-05-29,2025-06-06,851000,livree
105869,2014,1,2025-05-25,2025-05-28,2025-06-02,892815,livree
105870,4348,3,2025-05-25,2025-05-28,2025-05-27,974740,livree
105871,12059,3,2025-05-25,2025-05-27,2025-05-27,1243060,livree
105872,4892,3,2025-05-23,2025-06-02,2025-06-02,1397235,livree
105873,22044,2,2025-05-24,2025-05-26,2025-05-26,978150,livree
105874,20244,6,2025-05-24,2025-05-26,2025-05-26,935870,livree
105875,23782,3,2025-05-26,2025-06-05,2025-06-09,173940,livree
105876,8585,2,2025-05-24,2025-05-27,2025-05-27,1339695,livree
105877,22906,6,2025-05-26,2025-06-02,2025-06-02,1131575,livree
105878,1012,4,2025-05-25,2025-05-30,2025-05-29,332155,livree
105879,12870,1,2025-05-25,2025-05-30,2025-05-30,829105,livree
105880,2227,4,2025-05-25,2025-05-28,2025-05-28,1129820,livree
105881,9092,1,2025-05-24,2025-05-26,2025-05-25,57120,livree
105882,648,1,2025-05-26,2025-05-29,2025-05-31,320085,livree
105883,21533,5,2025-05-27,2025-05-29,2025-05-29,1082600,livree
105884,10376,1,2025-05-27,2025-05-30,2025-05-30,931080,livree
105885,3220,2,2025-05-25,2025-05-28,2025-06-05,1394175,livree
105886,7010,4,2025-05-27,2025-05-29,2025-05-28,1189365,livree
105887,3684,1,2025-05-26,2025-05-29,2025-05-29,648255,livree
105888,20694,6,2025-05-27,2025-06-06,2025-06-18,680755,livree
105889,9708,2,2025-05-26,2025-05-29,2025-05-28,867340,livree
105890,16675,3,2025-05-27,2025-06-01,2025-06-01,607060,livree
105891,13760,2,2025-05-27,2025-06-03,2025-06-03,1040055,livree
105892,23890,1,2025-05-27,2025-05-30,2025-06-19,1167720,livree
105893,16083,5,2025-05-28,2025-06-02,2025-06-01,1095025,livree
105894,9326,2,2025-05-26,2025-05-31,2025-06-02,1003925,livree
105895,4961,1,2025-05-28,2025-05-31,2025-05-31,60320,livree
105896,7858,1,2025-05-28,2025-05-30,2025-05-29,1446140,livree
105897,23879,5,2025-05-27,2025-05-30,2025-05-30,1334335,livree
105898,23632,4,2025-05-27,2025-06-01,2025-06-04,716695,livree
105899,19145,2,2025-05-28,2025-06-02,2025-06-02,1145620,livree
105900,22806,4,2025-05-28,2025-05-31,2025-05-30,298100,livree
105901,21239,5,2025-05-29,2025-06-05,2025-06-04,310655,livree
105902,2513,2,2025-05-30,2025-06-02,2025-06-02,426915,livree
105903,20654,5,2025-05-28,2025-05-31,2025-05-30,1009480,livree
105904,1301,5,2025-05-30,2025-06-01,2025-06-04,264720,livree
105905,7678,5,2025-05-29,2025-06-08,2025-06-07,1002740,livree
105906,11805,3,2025-05-29,2025-05-31,2025-05-31,659910,livree
105907,19054,4,2025-05-29,2025-06-03,2025-06-02,1097405,livree
105908,1246,1,2025-05-30,2025-06-04,2025-06-04,997925,livree
105909,10915,3,2025-05-31,2025-06-03,2025-06-02,1155030,livree
105910,4778,2,2025-05-30,2025-06-04,2025-06-03,62365,livree
105911,11191,6,2025-05-29,2025-06-08,,1377770,annulee
105912,19826,1,2025-05-31,2025-06-03,2025-06-23,852890,livree
105913,15781,1,2025-05-29,2025-06-03,2025-06-03,342945,livree
105914,2127,6,2025-05-31,2025-06-03,2025-06-02,457735,livree
105915,8283,2,2025-05-31,2025-06-05,2025-06-05,558715,livree
105916,23054,2,2025-05-31,2025-06-02,2025-06-14,1014890,livree
105917,21172,4,2025-05-30,2025-06-04,2025-06-04,953015,livree
105918,5584,5,2025-05-31,2025-06-03,2025-06-02,410355,livree
105919,21998,5,2025-06-01,2025-06-08,2025-06-08,1162260,livree
105920,13395,1,2025-06-01,2025-06-08,2025-06-08,588380,livree
105921,22623,2,2025-06-01,2025-06-06,2025-06-06,476045,livree
105922,5588,4,2025-05-31,2025-06-05,2025-06-05,312490,livree
105923,19990,1,2025-06-01,2025-06-06,2025-06-05,229810,livree
105924,17294,2,2025-05-31,2025-06-07,2025-06-06,527640,livree
105925,22560,4,2025-05-31,2025-06-05,2025-06-10,1293255,livree
105926,9466,4,2025-05-31,2025-06-03,2025-06-02,192005,livree
105927,3997,6,2025-06-01,2025-06-06,2025-06-26,869320,livree
105928,554,2,2025-06-01,2025-06-04,2025-06-04,1208270,livree
105929,6430,4,2025-06-01,2025-06-04,2025-06-08,912925,livree
105930,16574,4,2025-06-02,2025-06-05,2025-06-05,1255460,livree
105931,10725,5,2025-06-03,2025-06-08,2025-06-16,184245,livree
105932,16371,4,2025-06-03,2025-06-08,2025-06-08,1249250,livree
105933,16853,4,2025-06-01,2025-06-08,2025-06-08,147040,livree
105934,18834,2,2025-06-02,2025-06-09,2025-06-21,1307865,livree
105935,18151,4,2025-06-03,2025-06-13,2025-06-13,655575,livree
105936,12906,4,2025-06-04,2025-06-06,2025-06-05,285720,livree
105937,23,2,2025-06-02,2025-06-09,2025-06-09,1123150,livree
105938,13439,4,2025-06-03,2025-06-05,2025-06-05,312100,livree
105939,11997,4,2025-06-03,2025-06-10,2025-06-10,756690,livree
105940,12558,2,2025-06-02,2025-06-04,2025-06-03,806000,livree
105941,4461,1,2025-06-02,2025-06-07,2025-06-11,1185460,livree
105942,125,2,2025-06-04,2025-06-07,2025-06-06,1316710,livree
105943,5528,1,2025-06-03,2025-06-10,2025-06-10,556600,livree
105944,23598,6,2025-06-03,2025-06-05,2025-06-04,1223240,livree
105945,2499,3,2025-06-04,2025-06-07,2025-06-09,485305,livree
105946,17793,3,2025-06-03,2025-06-13,,999485,annulee
105947,6519,6,2025-06-03,2025-06-06,2025-06-06,942635,livree
105948,4978,2,2025-06-03,2025-06-13,2025-06-13,908950,livree
105949,19258,3,2025-06-05,2025-06-10,2025-06-10,1246330,livree
105950,11927,1,2025-06-06,2025-06-11,2025-06-11,645045,livree
105951,15760,5,2025-06-06,2025-06-08,2025-06-13,49315,livree
105952,22854,2,2025-06-06,2025-06-16,2025-06-15,423990,livree
105953,14886,2,2025-06-04,2025-06-09,2025-06-09,60220,livree
105954,18282,5,2025-06-05,2025-06-07,2025-06-07,573275,livree
105955,939,6,2025-06-06,2025-06-09,2025-06-09,1146125,livree
105956,14976,4,2025-06-06,2025-06-11,2025-06-10,934890,livree
105957,20270,6,2025-06-07,2025-06-14,2025-06-14,264770,livree
105958,8755,4,2025-06-06,2025-06-09,2025-06-08,346240,livree
105959,8271,3,2025-06-07,2025-06-10,2025-06-09,60560,livree
105960,23819,1,2025-06-07,2025-06-10,2025-06-09,987190,livree
105961,8846,4,2025-06-06,2025-06-08,2025-06-08,902095,livree
105962,22808,3,2025-06-08,2025-06-15,2025-06-15,221405,livree
105963,379,3,2025-06-06,2025-06-09,,1005255,annulee
105964,11395,3,2025-06-07,2025-06-10,2025-06-10,1368400,livree
105965,23857,5,2025-06-08,2025-06-11,2025-06-10,72930,livree
105966,16681,3,2025-06-08,2025-06-11,,292840,annulee
105967,11865,5,2025-06-06,2025-06-11,2025-06-10,1034900,livree
105968,17963,2,2025-06-08,2025-06-18,2025-06-18,399820,livree
105969,3101,5,2025-06-09,2025-06-14,2025-06-26,780650,livree
105970,1289,5,2025-06-08,2025-06-11,2025-06-10,1236145,livree
105971,10877,5,2025-06-08,2025-06-18,2025-06-17,580960,livree
105972,3326,2,2025-06-07,2025-06-09,2025-06-12,762630,livree
105973,2627,4,2025-06-09,2025-06-12,2025-06-12,1061505,livree
105974,3546,5,2025-06-09,2025-06-12,2025-06-12,1173175,livree
105975,7629,3,2025-06-07,2025-06-17,2025-06-17,763500,livree
105976,13660,6,2025-06-08,2025-06-15,2025-06-15,696225,livree
105977,1582,5,2025-06-10,2025-06-20,2025-06-19,1109450,livree
105978,20996,3,2025-06-10,2025-06-20,2025-06-20,521100,livree
105979,2402,3,2025-06-08,2025-06-18,2025-06-18,258365,livree
105980,15177,4,2025-06-10,2025-06-13,2025-06-12,457135,livree
105981,3175,4,2025-06-08,2025-06-10,2025-06-09,965750,livree
105982,16650,3,2025-06-08,2025-06-10,2025-06-09,278280,livree
105983,13299,1,2025-06-09,2025-06-14,2025-06-15,254530,livree
105984,22347,5,2025-06-11,2025-06-16,2025-06-16,1420835,livree
105985,3190,3,2025-06-11,2025-06-16,2025-06-16,1128655,livree
105986,2664,5,2025-06-09,2025-06-16,2025-06-15,1218830,livree
105987,21933,3,2025-06-09,2025-06-12,2025-06-11,509785,livree
105988,12048,1,2025-06-10,2025-06-12,2025-06-12,422675,livree
105989,18468,3,2025-06-12,2025-06-22,2025-06-22,884845,livree
105990,17709,4,2025-06-12,2025-06-22,2025-06-22,924285,livree
105991,106,1,2025-06-12,2025-06-22,2025-06-22,251530,livree
105992,18317,2,2025-06-10,2025-06-13,2025-06-21,613310,livree
105993,5670,2,2025-06-11,2025-06-21,2025-06-21,186640,livree
105994,16039,1,2025-06-12,2025-06-17,2025-06-16,1083035,livree
105995,7476,1,2025-06-11,2025-06-13,2025-07-28,578910,livree
105996,16886,3,2025-06-11,2025-06-21,2025-06-21,1318210,livree
105997,3049,1,2025-06-13,2025-06-18,2025-06-19,648920,livree
105998,15380,6,2025-06-13,2025-06-18,2025-06-18,774815,livree
105999,7757,2,2025-06-13,2025-06-23,2025-06-22,75415,livree
106000,22307,5,2025-06-13,2025-06-23,2025-07-01,344400,livree
106001,1754,4,2025-06-13,2025-06-23,2025-06-23,72810,livree
106002,18040,6,2025-06-12,2025-06-15,2025-07-05,1431545,livree
106003,8136,2,2025-06-13,2025-06-15,2025-06-14,1037525,livree
106004,12350,2,2025-06-14,2025-06-19,2025-06-18,1033680,livree
106005,1295,3,2025-06-12,2025-06-17,2025-06-16,945220,livree
106006,23170,4,2025-06-14,2025-06-17,2025-06-17,799440,livree
106007,14439,6,2025-06-12,2025-06-22,2025-06-22,1117705,livree
106008,4801,1,2025-06-14,2025-06-16,2025-06-15,994740,livree
106009,7364,4,2025-06-15,2025-06-18,2025-06-17,384445,livree
106010,18748,1,2025-06-15,2025-06-25,2025-06-25,1324305,livree
106011,10072,4,2025-06-13,2025-06-18,2025-06-18,1008770,livree
106012,3926,2,2025-06-14,2025-06-17,2025-06-29,115025,livree
106013,14765,3,2025-06-14,2025-06-16,,804700,annulee
106014,339,1,2025-06-13,2025-06-15,2025-06-14,700750,livree
106015,3508,2,2025-06-14,2025-06-16,2025-06-16,169155,livree
106016,2613,3,2025-06-16,2025-06-23,2025-06-22,1336635,livree
106017,2037,2,2025-06-15,2025-06-20,2025-06-19,553170,livree
106018,17668,5,2025-06-15,2025-06-18,2025-06-18,703660,livree
106019,7087,6,2025-06-14,2025-06-24,2025-06-24,1293990,livree
106020,14692,6,2025-06-15,2025-06-22,2025-06-21,229840,livree
106021,14508,5,2025-06-14,2025-06-24,2025-06-24,1169935,livree
106022,5181,1,2025-06-16,2025-06-21,2025-06-21,656760,livree
106023,1212,6,2025-06-16,2025-06-26,2025-06-26,840845,livree
106024,2062,2,2025-06-17,2025-06-20,2025-06-20,577245,livree
106025,8117,2,2025-06-17,2025-06-20,2025-06-19,833675,livree
106026,11599,1,2025-06-16,2025-06-21,2025-06-20,1369905,livree
106027,10972,3,2025-06-16,2025-06-19,2025-06-19,445140,livree
106028,6383,4,2025-06-15,2025-06-18,2025-06-18,1302875,livree
106029,16515,3,2025-06-16,2025-06-18,2025-06-18,1174210,livree
106030,48,5,2025-06-16,2025-06-19,2025-06-19,1138440,livree
106031,14893,5,2025-06-16,2025-06-21,2025-06-20,848090,livree
106032,20270,2,2025-06-18,2025-06-23,2025-06-22,753775,livree
106033,3557,6,2025-06-17,2025-06-20,2025-06-20,51485,livree
106034,23467,4,2025-06-18,2025-06-21,2025-07-03,260110,livree
106035,2455,4,2025-06-17,2025-06-27,2025-08-11,826340,livree
106036,13612,2,2025-06-17,2025-06-24,2025-06-24,410485,livree
106037,9896,5,2025-06-17,2025-06-22,2025-06-23,1445545,livree
106038,19771,1,2025-06-17,2025-06-19,2025-06-19,389475,livree
106039,13890,6,2025-06-19,2025-06-24,2025-06-24,1290950,livree
106040,14107,2,2025-06-19,2025-06-24,2025-06-24,428375,livree
106041,23257,2,2025-06-17,2025-06-27,2025-06-26,339885,livree
106042,19900,1,2025-06-17,2025-06-27,2025-06-27,929725,livree
106043,6681,5,2025-06-19,2025-06-22,2025-08-06,1438660,livree
106044,9840,3,2025-06-20,2025-06-23,2025-06-22,1184015,livree
106045,2051,6,2025-06-18,2025-06-25,2025-06-24,602475,livree
106046,17908,2,2025-06-18,2025-06-20,2025-06-28,347135,livree
106047,5687,2,2025-06-19,2025-06-22,2025-06-23,782670,livree
106048,11709,1,2025-06-18,2025-06-20,2025-06-20,1340380,livree
106049,16724,6,2025-06-20,2025-06-30,2025-07-03,684865,livree
106050,19511,1,2025-06-20,2025-06-30,2025-06-29,436420,livree
106051,19184,2,2025-06-21,2025-06-26,2025-06-25,888990,livree
106052,15280,5,2025-06-20,2025-06-25,2025-06-24,1383380,livree
106053,11041,6,2025-06-21,2025-06-24,2025-06-24,691415,livree
106054,20463,6,2025-06-19,2025-06-22,2025-06-22,766280,livree
106055,568,2,2025-06-19,2025-06-24,2025-06-24,469215,livree
106056,5469,1,2025-06-20,2025-06-25,2025-06-25,488155,livree
106057,10725,6,2025-06-21,2025-06-24,2025-06-27,1303960,livree
106058,12083,2,2025-06-22,2025-06-27,2025-06-27,925185,livree
106059,17173,1,2025-06-20,2025-06-27,2025-06-27,581655,livree
106060,13893,2,2025-06-20,2025-06-25,2025-06-25,121655,livree
106061,16060,4,2025-06-21,2025-06-23,2025-06-22,1009685,livree
106062,20187,5,2025-06-22,2025-06-24,2025-06-25,1373460,livree
106063,17772,6,2025-06-21,2025-06-26,,1203850,annulee
106064,10992,1,2025-06-22,2025-06-25,2025-06-25,1196920,livree
106065,10259,4,2025-06-23,2025-06-30,2025-07-03,429505,livree
106066,13784,5,2025-06-22,2025-06-24,2025-07-02,513110,livree
106067,18933,4,2025-06-23,2025-07-03,2025-07-03,1148100,livree
106068,5033,2,2025-06-22,2025-07-02,2025-07-01,1382580,livree
106069,13673,2,2025-06-21,2025-06-24,2025-06-23,704075,livree
106070,779,6,2025-06-23,2025-06-30,2025-07-02,862075,livree
106071,21006,3,2025-06-23,2025-06-28,2025-06-28,679255,livree
106072,12843,5,2025-06-24,2025-06-26,2025-06-26,698245,livree
106073,12975,3,2025-06-22,2025-06-27,2025-06-27,593250,livree
106074,13178,3,2025-06-22,2025-06-24,2025-06-24,1224840,livree
106075,16298,6,2025-06-23,2025-06-26,2025-06-25,515205,livree
106076,19785,2,2025-06-24,2025-06-29,2025-07-07,440195,livree
106077,2675,5,2025-06-25,2025-07-05,2025-07-05,595140,livree
106078,17762,3,2025-06-24,2025-07-01,2025-07-02,64145,livree
106079,8484,5,2025-06-25,2025-06-27,2025-06-28,1175255,livree
106080,11156,4,2025-06-24,2025-06-29,2025-06-30,195375,livree
106081,11107,4,2025-06-24,2025-06-29,2025-07-03,1038570,livree
106082,5789,2,2025-06-23,2025-06-28,2025-06-28,476885,livree
106083,15954,5,2025-06-25,2025-07-05,2025-07-05,325740,livree
106084,20903,3,2025-06-25,2025-06-30,2025-06-30,328630,livree
106085,2547,4,2025-06-24,2025-06-29,2025-06-29,839575,livree
106086,14074,2,2025-06-24,2025-06-29,,1115470,annulee
106087,6502,2,2025-06-26,2025-06-29,2025-07-04,126780,livree
106088,20276,6,2025-06-26,2025-07-01,2025-07-05,970825,livree
106089,12585,1,2025-06-26,2025-07-03,2025-07-03,533995,livree
106090,13849,6,2025-06-25,2025-07-02,2025-07-02,1094030,livree
106091,23257,5,2025-06-26,2025-06-29,2025-06-30,51190,livree
106092,9784,3,2025-06-25,2025-06-30,2025-07-01,1034715,livree
106093,10167,1,2025-06-25,2025-06-28,2025-07-03,545280,livree
106094,16950,4,2025-06-27,2025-06-29,,702225,annulee
106095,12739,4,2025-06-25,2025-07-05,2025-07-04,365325,livree
106096,7898,6,2025-06-26,2025-07-06,2025-07-06,813645,livree
106097,9551,6,2025-06-26,2025-06-28,2025-06-27,353060,livree
106098,13409,3,2025-06-28,2025-07-03,2025-07-03,392020,livree
106099,4509,2,2025-06-28,2025-07-01,2025-07-01,272715,livree
106100,8044,4,2025-06-26,2025-06-28,2025-06-27,274100,livree
106101,19128,5,2025-06-27,2025-06-30,2025-06-30,1396180,livree
106102,12330,3,2025-06-26,2025-07-06,2025-07-05,916085,livree
106103,20525,6,2025-06-28,2025-07-08,2025-07-08,676045,livree
106104,7693,6,2025-06-28,2025-07-01,2025-08-15,879165,livree
106105,9665,1,2025-06-29,2025-07-04,2025-07-03,138405,livree
106106,15111,5,2025-06-27,2025-06-29,2025-06-29,898505,livree
106107,8664,6,2025-06-27,2025-07-02,2025-07-02,751805,livree
106108,6275,6,2025-06-29,2025-07-06,2025-07-06,153820,livree
106109,4650,6,2025-06-27,2025-06-29,2025-06-29,447855,livree
106110,21138,1,2025-06-30,2025-07-03,2025-07-05,740900,livree
106111,8481,2,2025-06-30,2025-07-03,2025-07-03,1421315,livree
106112,3650,4,2025-06-29,2025-07-06,2025-07-05,275355,livree
106113,12546,4,2025-06-29,2025-07-04,2025-07-04,89800,livree
106114,10541,4,2025-06-30,2025-07-10,2025-07-10,632080,livree
106115,13426,2,2025-06-29,2025-07-04,2025-07-07,967070,livree
106116,18792,6,2025-06-30,2025-07-05,2025-07-05,1390425,livree
106117,11982,2,2025-06-30,2025-07-02,2025-07-01,1274720,livree
106118,1634,2,2025-06-29,2025-07-02,2025-07-02,330745,livree
106119,15891,6,2025-06-29,2025-07-02,2025-07-02,1251380,livree
106120,17724,2,2025-06-29,2025-07-02,2025-07-02,671585,livree
106121,9982,4,2025-07-01,2025-07-04,2025-07-12,1083360,livree
106122,10770,4,2025-06-30,2025-07-02,2025-07-01,695220,livree
106123,21196,3,2025-06-29,2025-07-09,,1430510,annulee
106124,23576,1,2025-07-01,2025-07-04,2025-07-03,1204340,livree
106125,12755,2,2025-07-01,2025-07-08,2025-07-13,681285,livree
106126,3988,3,2025-07-01,2025-07-04,2025-07-12,922580,livree
106127,12860,4,2025-06-30,2025-07-05,2025-07-05,688325,livree
106128,14574,2,2025-07-01,2025-07-04,2025-07-04,524770,livree
106129,12181,6,2025-07-01,2025-07-11,2025-07-10,482360,livree
106130,10060,4,2025-07-02,2025-07-05,2025-07-09,146640,livree
106131,12701,4,2025-07-02,2025-07-07,2025-07-07,1307490,livree
106132,18395,5,2025-07-02,2025-07-05,2025-07-05,1374385,livree
106133,11000,1,2025-07-03,2025-07-06,2025-07-06,1204005,livree
106134,20728,3,2025-07-02,2025-07-09,2025-07-09,989985,livree
106135,5417,1,2025-07-02,2025-07-12,2025-07-11,221960,livree
106136,22254,5,2025-07-01,2025-07-04,2025-07-03,1083490,livree
106137,268,6,2025-07-02,2025-07-05,2025-07-04,793535,livree
106138,12224,4,2025-07-03,2025-07-08,2025-07-08,1209580,livree
106139,9115,2,2025-07-03,2025-07-08,2025-07-08,165195,livree
106140,10845,3,2025-07-03,2025-07-13,2025-07-12,941600,livree
106141,6222,1,2025-07-02,2025-07-05,2025-07-04,440045,livree
106142,1144,6,2025-07-04,2025-07-09,2025-07-09,1092370,livree
106143,19373,5,2025-07-04,2025-07-07,2025-07-07,667770,livree
106144,11120,4,2025-07-04,2025-07-11,2025-07-11,146985,livree
106145,18060,1,2025-07-03,2025-07-06,2025-07-05,85315,livree
106146,22851,6,2025-07-03,2025-07-10,2025-07-10,1379445,livree
106147,16396,3,2025-07-04,2025-07-09,2025-07-09,122630,livree
106148,7223,3,2025-07-04,2025-07-09,2025-07-09,432685,livree
106149,19142,6,2025-07-04,2025-07-14,2025-07-14,1334825,livree
106150,16150,2,2025-07-03,2025-07-06,2025-07-06,1374245,livree
106151,9052,3,2025-07-06,2025-07-09,2025-08-23,172075,livree
106152,2009,5,2025-07-05,2025-07-07,2025-07-07,214845,livree
106153,7432,2,2025-07-05,2025-07-10,2025-07-10,524475,livree
106154,12389,5,2025-07-05,2025-07-07,2025-07-07,1102780,livree
106155,11901,3,2025-07-05,2025-07-12,2025-07-12,311555,livree
106156,7730,3,2025-07-06,2025-07-11,2025-07-11,311685,livree
106157,3203,6,2025-07-05,2025-07-10,2025-07-18,617460,livree
106158,6262,2,2025-07-05,2025-07-08,2025-07-08,235575,livree
106159,14221,2,2025-07-06,2025-07-11,2025-07-10,289455,livree
106160,10017,1,2025-07-05,2025-07-08,2025-07-08,77800,livree
106161,23446,6,2025-07-05,2025-07-08,2025-07-08,486440,livree
106162,18069,2,2025-07-05,2025-07-10,,237200,annulee
106163,3956,5,2025-07-05,2025-07-08,2025-07-08,275215,livree
106164,13685,4,2025-07-07,2025-07-14,2025-07-14,1075880,livree
106165,6994,5,2025-07-07,2025-07-14,2025-07-14,805690,livree
106166,5534,3,2025-07-06,2025-07-09,2025-07-09,1410085,livree
106167,13008,2,2025-07-08,2025-07-13,2025-07-13,1040745,livree
106168,5858,2,2025-07-08,2025-07-10,2025-07-10,664870,livree
106169,15228,6,2025-07-07,2025-07-09,2025-07-08,201230,livree
106170,15849,1,2025-07-08,2025-07-18,2025-07-17,486655,livree
106171,6290,5,2025-07-07,2025-07-10,2025-07-13,996375,livree
106172,5285,5,2025-07-08,2025-07-11,2025-07-11,934835,livree
106173,23822,1,2025-07-09,2025-07-14,2025-07-14,882395,livree
106174,13652,6,2025-07-09,2025-07-16,2025-07-16,269395,livree
106175,7740,1,2025-07-08,2025-07-15,2025-07-14,423835,livree
106176,1397,5,2025-07-08,2025-07-11,2025-07-11,1155865,livree
106177,19791,6,2025-07-10,2025-07-20,2025-07-20,1172195,livree
106178,17850,4,2025-07-10,2025-07-17,2025-07-16,1263340,livree
106179,19388,5,2025-07-10,2025-07-15,2025-07-14,687160,livree
106180,2984,3,2025-07-09,2025-07-12,2025-07-12,956635,livree
106181,21730,2,2025-07-10,2025-07-13,2025-07-13,563365,livree
106182,23070,3,2025-07-10,2025-07-13,2025-07-12,896685,livree
106183,13297,6,2025-07-09,2025-07-12,2025-07-12,1182045,livree
106184,19996,6,2025-07-10,2025-07-15,2025-07-15,76450,livree
106185,19111,6,2025-07-11,2025-07-16,2025-07-16,1164320,livree
106186,14172,5,2025-07-10,2025-07-13,2025-07-12,671140,livree
106187,17509,6,2025-07-09,2025-07-11,2025-07-23,1094370,livree
106188,4642,6,2025-07-10,2025-07-15,2025-07-15,939410,livree
106189,8816,1,2025-07-09,2025-07-11,2025-07-11,157805,livree
106190,8093,2,2025-07-11,2025-07-14,2025-07-26,98565,livree
106191,17702,3,2025-07-11,2025-07-14,2025-07-14,585755,livree
106192,14664,5,2025-07-10,2025-07-12,2025-07-13,675235,livree
106193,9595,4,2025-07-10,2025-07-17,2025-07-17,1301995,livree
106194,14284,3,2025-07-12,2025-07-15,2025-07-19,391570,livree
106195,22708,3,2025-07-10,2025-07-20,2025-07-20,844400,livree
106196,16660,2,2025-07-12,2025-07-17,2025-07-17,807815,livree
106197,17194,3,2025-07-12,2025-07-17,2025-07-17,1389940,livree
106198,19134,1,2025-07-11,2025-07-18,2025-07-18,1410660,livree
106199,3964,5,2025-07-12,2025-07-19,2025-07-19,84730,livree
106200,17640,6,2025-07-12,2025-07-19,2025-07-19,200935,livree
106201,8040,6,2025-07-12,2025-07-19,2025-07-19,480125,livree
106202,15745,1,2025-07-11,2025-07-16,2025-07-15,1290150,livree
106203,15837,2,2025-07-11,2025-07-14,2025-07-14,283705,livree
106204,7097,5,2025-07-13,2025-07-16,2025-08-30,377085,livree
106205,12993,2,2025-07-13,2025-07-15,2025-07-15,346240,livree
106206,4946,6,2025-07-12,2025-07-15,2025-07-14,452980,livree
106207,21053,2,2025-07-14,2025-07-19,2025-07-19,1259505,livree
106208,18505,2,2025-07-12,2025-07-17,2025-07-17,212275,livree
106209,14176,4,2025-07-13,2025-07-18,2025-07-18,1177150,livree
106210,14788,6,2025-07-13,2025-07-16,2025-07-16,976120,livree
106211,4439,3,2025-07-13,2025-07-23,2025-07-23,1045475,livree
106212,20424,3,2025-07-13,2025-07-18,2025-07-18,1342040,livree
106213,14911,2,2025-07-14,2025-07-17,2025-07-16,624865,livree
106214,5940,2,2025-07-14,2025-07-24,2025-07-23,330895,livree
106215,520,5,2025-07-13,2025-07-18,2025-07-26,278110,livree
106216,14428,5,2025-07-13,2025-07-20,2025-07-21,1144325,livree
106217,13778,2,2025-07-14,2025-07-21,2025-07-21,419335,livree
106218,17882,5,2025-07-14,2025-07-21,2025-07-21,407090,livree
106219,2219,4,2025-07-16,2025-07-19,2025-07-19,834565,livree
106220,13102,2,2025-07-15,2025-07-20,2025-07-20,463265,livree
106221,4948,3,2025-07-16,2025-07-21,2025-07-20,1094460,livree
106222,10419,3,2025-07-15,2025-07-18,2025-07-18,822990,livree
106223,20682,3,2025-07-16,2025-07-21,2025-09-04,344450,livree
106224,10732,5,2025-07-16,2025-07-18,2025-07-17,194895,livree
106225,2218,4,2025-07-15,2025-07-20,2025-07-19,326665,livree
106226,12058,2,2025-07-17,2025-07-24,2025-07-24,1212580,livree
106227,22195,1,2025-07-16,2025-07-19,2025-07-19,907865,livree
106228,2391,3,2025-07-17,2025-07-20,2025-07-20,935060,livree
106229,14276,1,2025-07-16,2025-07-23,2025-07-23,169900,livree
106230,20648,5,2025-07-15,2025-07-20,2025-07-20,949875,livree
106231,8102,2,2025-07-17,2025-07-20,2025-07-20,97075,livree
106232,3361,4,2025-07-17,2025-07-22,2025-07-22,1187575,livree
106233,265,2,2025-07-18,2025-07-23,,418705,annulee
106234,19671,6,2025-07-18,2025-07-28,2025-07-28,324060,livree
106235,15820,5,2025-07-17,2025-07-20,2025-07-20,472345,livree
106236,15340,6,2025-07-16,2025-07-18,2025-07-18,935110,livree
106237,17646,1,2025-07-18,2025-07-25,2025-07-24,1189515,livree
106238,11094,2,2025-07-18,2025-07-21,2025-07-21,805545,livree
106239,1354,4,2025-07-19,2025-07-29,2025-07-29,1051950,livree
106240,21531,1,2025-07-17,2025-07-20,2025-07-20,1151605,livree
106241,2719,4,2025-07-19,2025-07-24,2025-07-23,1062315,livree
106242,18717,1,2025-07-19,2025-07-24,2025-07-23,671390,livree
106243,2619,6,2025-07-19,2025-07-22,2025-07-22,52610,livree
106244,20321,6,2025-07-18,2025-07-23,2025-07-23,150115,livree
106245,4570,1,2025-07-19,2025-07-24,2025-07-24,1036310,livree
106246,391,4,2025-07-18,2025-07-21,2025-07-21,781755,livree
106247,6319,3,2025-07-20,2025-07-23,2025-07-23,727215,livree
106248,365,3,2025-07-19,2025-07-29,2025-07-29,1354435,livree
106249,167,3,2025-07-20,2025-07-27,2025-07-27,912060,livree
106250,23689,3,2025-07-20,2025-07-25,2025-07-24,600295,livree
106251,1300,1,2025-07-20,2025-07-23,2025-07-22,265975,livree
106252,9025,3,2025-07-21,2025-07-26,,922985,annulee
106253,18367,1,2025-07-19,2025-07-22,2025-07-21,1412775,livree
106254,2504,2,2025-07-19,2025-07-26,2025-07-26,726440,livree
106255,21271,2,2025-07-20,2025-07-23,2025-07-24,740270,livree
106256,18237,5,2025-07-21,2025-07-28,2025-07-27,1222820,livree
106257,16852,6,2025-07-19,2025-07-26,2025-07-25,1191015,livree
106258,3800,1,2025-07-21,2025-07-26,2025-07-26,1169855,livree
106259,21694,2,2025-07-20,2025-07-23,2025-07-31,1148985,livree
106260,20630,1,2025-07-21,2025-07-31,2025-07-30,219420,livree
106261,8484,6,2025-07-22,2025-07-27,2025-07-27,1170905,livree
106262,2388,2,2025-07-20,2025-07-25,2025-07-24,845800,livree
106263,6097,1,2025-07-21,2025-07-23,2025-07-23,334170,livree
106264,19549,6,2025-07-22,2025-07-29,2025-07-28,979745,livree
106265,22838,5,2025-07-22,2025-07-29,2025-07-29,599370,livree
106266,18141,4,2025-07-21,2025-07-23,2025-07-23,727850,livree
106267,23009,5,2025-07-23,2025-07-26,2025-07-26,1020665,livree
106268,17901,2,2025-07-21,2025-07-26,2025-07-26,1199080,livree
106269,5751,6,2025-07-22,2025-07-25,2025-07-25,928220,livree
106270,19284,5,2025-07-23,2025-07-25,,438905,annulee
106271,21971,4,2025-07-22,2025-07-25,2025-07-27,331710,livree
106272,6920,1,2025-07-23,2025-07-26,2025-07-26,477520,livree
106273,16312,3,2025-07-22,2025-07-25,2025-07-25,522290,livree
106274,18678,5,2025-07-22,2025-07-27,2025-07-30,772520,livree
106275,21254,2,2025-07-22,2025-07-24,2025-07-28,1048100,livree
106276,6482,1,2025-07-24,2025-07-29,2025-07-29,232650,livree
106277,20639,3,2025-07-22,2025-07-27,2025-07-27,1193795,livree
106278,82,6,2025-07-24,2025-08-03,2025-08-03,1395270,livree
106279,20223,2,2025-07-23,2025-07-26,2025-07-26,815625,livree
106280,17926,2,2025-07-25,2025-07-30,2025-08-02,1240935,livree
106281,14645,3,2025-07-25,2025-07-27,2025-07-27,107150,livree
106282,3253,2,2025-07-25,2025-07-28,2025-07-28,1341475,livree
106283,10349,3,2025-07-24,2025-07-27,2025-07-27,1139070,livree
106284,23313,5,2025-07-24,2025-07-26,2025-07-25,895325,livree
106285,9559,1,2025-07-24,2025-07-31,2025-07-31,531395,livree
106286,22980,2,2025-07-26,2025-07-31,2025-08-02,906650,livree
106287,2991,5,2025-07-24,2025-07-31,2025-08-08,156040,livree
106288,13245,1,2025-07-26,2025-08-02,2025-08-07,185340,livree
106289,9601,5,2025-07-26,2025-07-31,2025-07-30,484200,livree
106290,718,4,2025-07-24,2025-08-03,2025-08-02,650570,livree
106291,3016,6,2025-07-24,2025-07-26,,1046465,annulee
106292,8628,2,2025-07-26,2025-07-31,2025-07-30,750670,livree
106293,17642,1,2025-07-27,2025-07-30,2025-07-30,1001915,livree
106294,1676,6,2025-07-27,2025-07-30,2025-07-30,699885,livree
106295,23471,1,2025-07-26,2025-07-29,2025-08-06,249860,livree
106296,12248,4,2025-07-27,2025-08-06,2025-08-05,1335075,livree
106297,16219,2,2025-07-26,2025-07-31,2025-07-31,259000,livree
106298,13835,6,2025-07-28,2025-07-31,2025-07-31,679580,livree
106299,12442,1,2025-07-28,2025-08-07,2025-09-21,316990,livree
106300,12044,2,2025-07-26,2025-08-02,2025-08-02,1330940,livree
106301,11943,2,2025-07-27,2025-07-29,2025-08-18,1075910,livree
106302,14061,1,2025-07-27,2025-08-03,2025-08-03,110665,livree
106303,5559,3,2025-07-27,2025-07-30,2025-07-30,807280,livree
106304,9713,5,2025-07-27,2025-07-30,2025-07-30,178695,livree
106305,10277,5,2025-07-27,2025-08-01,2025-08-01,1334855,livree
106306,5347,2,2025-07-28,2025-08-02,2025-08-01,370675,livree
106307,7297,5,2025-07-27,2025-07-29,2025-07-29,278075,livree
106308,16835,3,2025-07-28,2025-08-02,2025-08-02,798980,livree
106309,5032,4,2025-07-27,2025-07-30,2025-09-13,941585,livree
106310,6613,3,2025-07-27,2025-08-03,2025-08-02,763675,livree
106311,12439,1,2025-07-27,2025-07-30,2025-07-29,332770,livree
106312,1739,1,2025-07-30,2025-08-04,2025-08-04,306295,livree
106313,4403,6,2025-07-28,2025-08-02,2025-08-01,1215025,livree
106314,13667,2,2025-07-30,2025-08-09,2025-08-09,695325,livree
106315,3533,6,2025-07-30,2025-08-02,2025-08-14,214765,livree
106316,9034,5,2025-07-30,2025-08-02,,446790,annulee
106317,23395,3,2025-07-28,2025-07-31,2025-08-01,1035520,livree
106318,22445,6,2025-07-30,2025-08-02,2025-08-02,1238530,livree
106319,8018,6,2025-07-29,2025-08-08,2025-08-08,1371755,livree
106320,375,2,2025-07-31,2025-08-10,2025-08-10,1200105,livree
106321,16114,3,2025-07-29,2025-08-08,2025-08-08,179510,livree
106322,19622,4,2025-07-29,2025-08-01,2025-08-05,1252575,livree
106323,23820,1,2025-07-29,2025-07-31,2025-07-30,309230,livree
106324,2938,1,2025-07-30,2025-08-04,2025-08-24,521085,livree
106325,18183,4,2025-08-01,2025-08-08,2025-08-08,937430,livree
106326,17139,1,2025-08-01,2025-08-04,2025-08-03,1155300,livree
106327,8668,2,2025-07-30,2025-08-02,2025-08-03,668950,livree
106328,19183,5,2025-08-01,2025-08-11,2025-08-10,1367560,livree
106329,23779,3,2025-08-01,2025-08-04,2025-08-05,190450,livree
106330,17140,2,2025-07-30,2025-08-09,2025-08-17,52315,livree
106331,6201,5,2025-08-01,2025-08-04,2025-08-03,450125,livree
106332,10237,2,2025-08-02,2025-08-04,2025-08-04,436170,livree
106333,13593,3,2025-08-01,2025-08-03,2025-08-03,436820,livree
106334,22838,5,2025-08-01,2025-08-04,2025-08-08,306550,livree
106335,13560,2,2025-08-02,2025-08-05,2025-08-05,461305,livree
106336,12114,5,2025-07-31,2025-08-10,2025-08-11,706535,livree
106337,17969,2,2025-07-31,2025-08-03,2025-08-03,548410,livree
106338,10922,3,2025-07-31,2025-08-02,2025-08-02,161640,livree
106339,16403,4,2025-08-01,2025-08-04,2025-08-04,697720,livree
106340,11291,1,2025-08-03,2025-08-10,2025-08-10,209235,livree
106341,10774,4,2025-08-01,2025-08-06,2025-08-06,1058600,livree
106342,1344,6,2025-08-03,2025-08-13,2025-08-12,333890,livree
106343,15838,1,2025-08-02,2025-08-05,,158470,annulee
106344,7322,5,2025-08-01,2025-08-03,2025-08-03,689770,livree
106345,8310,2,2025-08-03,2025-08-06,2025-08-07,395135,livree
106346,20380,5,2025-08-03,2025-08-06,2025-08-05,1445665,livree
106347,781,6,2025-08-03,2025-08-13,2025-08-12,343545,livree
106348,21688,2,2025-08-02,2025-08-07,2025-08-07,315520,livree
106349,6591,3,2025-08-03,2025-08-06,2025-08-05,454935,livree
106350,4061,2,2025-08-04,2025-08-07,2025-08-07,782185,livree
106351,5484,2,2025-08-03,2025-08-08,2025-08-12,144115,livree
106352,15244,2,2025-08-04,2025-08-09,2025-08-08,583380,livree
106353,3616,1,2025-08-03,2025-08-05,2025-08-05,1009570,livree
106354,4641,3,2025-08-03,2025-08-13,2025-08-13,770785,livree
106355,8233,4,2025-08-05,2025-08-12,2025-09-26,907545,livree
106356,3198,1,2025-08-03,2025-08-05,2025-08-04,1013795,livree
106357,745,4,2025-08-03,2025-08-13,2025-08-13,441395,livree
106358,6603,2,2025-08-04,2025-08-07,2025-08-06,1227400,livree
106359,18684,3,2025-08-06,2025-08-09,2025-08-09,941005,livree
106360,2556,3,2025-08-05,2025-08-15,2025-08-14,1100970,livree
106361,3547,3,2025-08-05,2025-08-12,2025-08-11,916815,livree
106362,2828,6,2025-08-04,2025-08-14,,506910,annulee
106363,15530,2,2025-08-05,2025-08-12,2025-08-12,1383785,livree
106364,9240,4,2025-08-06,2025-08-08,2025-08-08,112630,livree
106365,1021,4,2025-08-05,2025-08-07,2025-08-07,934060,livree
106366,3544,5,2025-08-07,2025-08-12,2025-08-12,708980,livree
106367,6730,5,2025-08-05,2025-08-10,2025-08-09,1226310,livree
106368,1533,1,2025-08-07,2025-08-10,2025-08-09,1213715,livree
106369,3774,2,2025-08-06,2025-08-11,2025-08-10,1401015,livree
106370,22184,4,2025-08-05,2025-08-08,2025-08-10,631335,livree
106371,751,6,2025-08-06,2025-08-09,2025-08-09,933265,livree
106372,11506,5,2025-08-06,2025-08-09,2025-08-09,834825,livree
106373,18854,3,2025-08-07,2025-08-17,2025-08-17,1122375,livree
106374,6921,5,2025-08-08,2025-08-11,2025-08-11,1193260,livree
106375,14197,4,2025-08-07,2025-08-14,2025-08-14,524390,livree
106376,13345,3,2025-08-08,2025-08-10,2025-08-10,127180,livree
106377,20146,3,2025-08-07,2025-08-12,2025-08-11,1290335,livree
106378,15637,6,2025-08-06,2025-08-13,2025-08-13,569585,livree
106379,14022,3,2025-08-09,2025-08-11,2025-08-10,354040,livree
106380,13711,1,2025-08-09,2025-08-11,2025-08-11,903985,livree
106381,12374,2,2025-08-07,2025-08-09,,999155,annulee
106382,5568,1,2025-08-08,2025-08-13,2025-08-21,1287795,livree
106383,13464,4,2025-08-09,2025-08-11,2025-08-10,176920,livree
106384,22223,4,2025-08-07,2025-08-09,2025-08-09,288820,livree
106385,20660,6,2025-08-07,2025-08-10,2025-08-10,769035,livree
106386,18138,6,2025-08-09,2025-08-14,2025-08-14,711395,livree
106387,15938,6,2025-08-10,2025-08-20,2025-08-19,435490,livree
106388,8734,5,2025-08-10,2025-08-15,2025-08-15,609430,livree
106389,4231,1,2025-08-09,2025-08-14,2025-08-14,1026745,livree
106390,887,4,2025-08-10,2025-08-15,2025-08-15,877165,livree
106391,7055,4,2025-08-08,2025-08-13,2025-08-12,1122475,livree
106392,19563,2,2025-08-09,2025-08-19,2025-08-19,275295,livree
106393,10823,4,2025-08-11,2025-08-16,2025-09-05,1420395,livree
106394,4430,6,2025-08-09,2025-08-12,2025-08-12,308645,livree
106395,15637,4,2025-08-10,2025-08-17,2025-08-19,1404755,livree
106396,10349,5,2025-08-10,2025-08-20,,649235,annulee
106397,10411,6,2025-08-10,2025-08-17,2025-08-17,416255,livree
106398,14483,3,2025-08-11,2025-08-14,2025-08-13,603790,livree
106399,16205,6,2025-08-10,2025-08-12,2025-08-11,884460,livree
106400,12470,2,2025-08-11,2025-08-14,2025-08-13,405490,livree
106401,1582,1,2025-08-12,2025-08-17,2025-08-17,1017075,livree
106402,16131,5,2025-08-10,2025-08-20,2025-08-19,1104890,livree
106403,22795,6,2025-08-11,2025-08-14,2025-08-14,589545,livree
106404,12052,1,2025-08-11,2025-08-21,2025-09-02,176550,livree
106405,3215,2,2025-08-11,2025-08-16,2025-08-16,116105,livree
106406,20457,3,2025-08-11,2025-08-18,2025-08-23,1294795,livree
106407,11537,5,2025-08-12,2025-08-17,2025-08-19,1053640,livree
106408,7452,1,2025-08-11,2025-08-13,2025-08-13,582005,livree
106409,8784,6,2025-08-12,2025-08-15,2025-08-14,272645,livree
106410,767,5,2025-08-13,2025-08-18,2025-08-18,771430,livree
106411,2043,1,2025-08-11,2025-08-14,2025-08-14,94685,livree
106412,2817,5,2025-08-13,2025-08-18,2025-08-17,1364850,livree
106413,1064,2,2025-08-12,2025-08-22,2025-08-22,1293265,livree
106414,1006,5,2025-08-14,2025-08-17,2025-08-16,52840,livree
106415,11693,2,2025-08-13,2025-08-15,2025-08-16,676275,livree
106416,16457,6,2025-08-14,2025-08-19,2025-09-08,844385,livree
106417,1542,3,2025-08-12,2025-08-15,2025-08-15,1419675,livree
106418,19817,3,2025-08-12,2025-08-15,2025-08-19,407985,livree
106419,21605,6,2025-08-13,2025-08-20,2025-08-19,645425,livree
106420,15076,3,2025-08-14,2025-08-21,2025-08-20,169705,livree
106421,13971,3,2025-08-15,2025-08-18,2025-08-18,1058710,livree
106422,3259,2,2025-08-15,2025-08-20,2025-08-19,85005,livree
106423,3760,4,2025-08-13,2025-08-18,2025-08-30,988255,livree
106424,23070,1,2025-08-13,2025-08-16,2025-08-15,1248050,livree
106425,8842,5,2025-08-13,2025-08-18,2025-08-22,802630,livree
106426,9253,2,2025-08-15,2025-08-18,2025-08-18,335350,livree
106427,13824,2,2025-08-14,2025-08-21,,146030,annulee
106428,10487,3,2025-08-14,2025-08-17,2025-08-20,566615,livree
106429,653,6,2025-08-16,2025-08-26,2025-08-25,403600,livree
106430,6018,6,2025-08-15,2025-08-17,2025-08-21,683125,livree
106431,10246,6,2025-08-15,2025-08-20,2025-08-20,1149060,livree
106432,2313,1,2025-08-16,2025-08-21,2025-08-20,216720,livree
106433,17754,2,2025-08-15,2025-08-22,2025-08-22,294830,livree
106434,17377,2,2025-08-15,2025-08-17,2025-08-17,1230025,livree
106435,6892,5,2025-08-15,2025-08-22,2025-08-22,330105,livree
106436,20376,6,2025-08-17,2025-08-24,2025-08-24,1249685,livree
106437,9989,5,2025-08-16,2025-08-18,2025-08-18,1141180,livree
106438,18858,5,2025-08-17,2025-08-20,2025-08-20,172825,livree
106439,6750,2,2025-08-16,2025-08-21,2025-08-20,254050,livree
106440,4045,3,2025-08-16,2025-08-21,2025-08-21,82450,livree
106441,23120,6,2025-08-16,2025-08-18,2025-08-18,1082715,livree
106442,17003,6,2025-08-17,2025-08-20,2025-08-21,70090,livree
106443,21564,3,2025-08-17,2025-08-24,2025-08-24,1397100,livree
106444,21033,6,2025-08-18,2025-08-23,2025-09-12,1205330,livree
106445,1331,1,2025-08-17,2025-08-22,2025-08-21,171250,livree
106446,23321,2,2025-08-17,2025-08-24,2025-08-24,620205,livree
106447,10866,6,2025-08-19,2025-08-26,2025-08-26,220265,livree
106448,6022,4,2025-08-19,2025-08-24,2025-08-24,950925,livree
106449,23140,3,2025-08-17,2025-08-24,2025-08-24,1006100,livree
106450,4256,5,2025-08-19,2025-08-21,2025-08-21,1260970,livree
106451,20814,6,2025-08-18,2025-08-21,2025-08-20,1296580,livree
106452,9965,1,2025-08-18,2025-08-21,2025-08-20,624815,livree
106453,9857,2,2025-08-18,2025-08-21,2025-08-21,634030,livree
106454,15755,4,2025-08-19,2025-08-24,2025-08-23,238820,livree
106455,21044,5,2025-08-20,2025-08-25,2025-08-24,950525,livree
106456,16887,5,2025-08-18,2025-08-28,2025-09-05,881865,livree
106457,13502,1,2025-08-19,2025-08-22,2025-08-22,903965,livree
106458,17165,1,2025-08-18,2025-08-21,2025-08-21,645665,livree
106459,3861,1,2025-08-18,2025-08-23,2025-08-22,1036630,livree
106460,7867,6,2025-08-20,2025-08-23,2025-08-23,860135,livree
106461,9718,3,2025-08-20,2025-08-23,2025-08-23,129755,livree
106462,8532,4,2025-08-21,2025-08-24,2025-08-24,541760,livree
106463,14508,4,2025-08-21,2025-08-28,2025-08-28,1424110,livree
106464,6178,4,2025-08-19,2025-08-24,2025-08-25,1414590,livree
106465,5030,4,2025-08-20,2025-08-27,2025-08-27,478285,livree
106466,5082,5,2025-08-21,2025-08-24,2025-08-25,1113915,livree
106467,3410,2,2025-08-20,2025-08-23,2025-08-23,503360,livree
106468,19894,5,2025-08-21,2025-08-26,2025-08-26,159955,livree
106469,14843,4,2025-08-21,2025-08-31,2025-08-31,1256055,livree
106470,15042,1,2025-08-21,2025-08-26,2025-08-26,287965,livree
106471,2724,4,2025-08-20,2025-08-23,2025-08-23,885920,livree
106472,6343,3,2025-08-22,2025-08-27,2025-08-26,68935,livree
106473,19036,1,2025-08-21,2025-08-24,2025-08-24,879000,livree
106474,18818,5,2025-08-21,2025-08-26,2025-08-26,589895,livree
106475,12826,2,2025-08-21,2025-08-26,2025-08-26,596410,livree
106476,7300,4,2025-08-21,2025-08-28,2025-08-28,1439670,livree
106477,21865,6,2025-08-21,2025-08-24,2025-08-24,1319925,livree
106478,12970,1,2025-08-23,2025-08-28,2025-08-29,806470,livree
106479,18699,3,2025-08-23,2025-09-02,2025-09-02,530915,livree
106480,1221,6,2025-08-22,2025-08-27,2025-08-27,980920,livree
106481,4009,1,2025-08-23,2025-09-02,2025-09-22,370295,livree
106482,20963,3,2025-08-24,2025-08-27,2025-08-27,935040,livree
106483,13458,5,2025-08-23,2025-08-25,2025-08-25,598230,livree
106484,17839,3,2025-08-23,2025-08-25,2025-08-25,921190,livree
106485,20879,2,2025-08-23,2025-08-30,2025-08-30,716810,livree
106486,14715,1,2025-08-24,2025-08-27,2025-08-27,1282550,livree
106487,13683,6,2025-08-24,2025-08-31,2025-08-30,159045,livree
106488,13560,5,2025-08-24,2025-08-26,2025-08-26,496400,livree
106489,13044,3,2025-08-24,2025-08-29,2025-09-01,263545,livree
106490,1889,4,2025-08-23,2025-08-26,2025-08-26,1194995,livree
106491,15894,6,2025-08-24,2025-08-26,2025-08-26,383090,livree
106492,16159,4,2025-08-24,2025-08-27,2025-08-26,725580,livree
106493,21549,1,2025-08-24,2025-09-03,2025-09-03,110835,livree
106494,16257,2,2025-08-26,2025-08-28,2025-08-28,189005,livree
106495,23595,5,2025-08-26,2025-09-05,2025-09-04,274740,livree
106496,10044,6,2025-08-24,2025-08-27,2025-08-27,984190,livree
106497,14177,6,2025-08-25,2025-09-01,2025-09-02,1241015,livree
106498,15720,4,2025-08-26,2025-08-29,2025-08-31,1360195,livree
106499,3302,4,2025-08-24,2025-08-29,2025-08-29,997880,livree
106500,7822,2,2025-08-26,2025-08-29,2025-10-13,1430985,livree
106501,14241,6,2025-08-25,2025-08-28,2025-08-28,438665,livree
106502,4566,6,2025-08-25,2025-08-28,2025-08-27,52025,livree
106503,16234,6,2025-08-25,2025-08-28,2025-08-28,950370,livree
106504,16728,1,2025-08-27,2025-09-06,2025-09-10,706625,livree
106505,22093,4,2025-08-25,2025-08-30,2025-08-30,599095,livree
106506,23844,3,2025-08-26,2025-09-05,2025-09-05,830385,livree
106507,23270,1,2025-08-27,2025-09-01,2025-08-31,468275,livree
106508,11610,1,2025-08-28,2025-08-30,2025-08-30,242755,livree
106509,14608,4,2025-08-28,2025-09-02,2025-09-02,1054090,livree
106510,10915,6,2025-08-26,2025-08-28,2025-08-27,1281945,livree
106511,6000,4,2025-08-27,2025-09-01,2025-09-03,185165,livree
106512,10579,5,2025-08-26,2025-08-29,2025-08-28,1209470,livree
106513,23821,4,2025-08-26,2025-08-28,2025-08-28,1137230,livree
106514,14601,1,2025-08-27,2025-09-01,2025-09-01,514785,livree
106515,3417,5,2025-08-28,2025-09-07,2025-09-07,857860,livree
106516,20570,3,2025-08-28,2025-09-02,2025-10-17,661525,livree
106517,10492,6,2025-08-27,2025-09-03,2025-09-02,994025,livree
106518,11111,5,2025-08-28,2025-08-31,2025-08-31,671650,livree
106519,10013,5,2025-08-27,2025-08-29,2025-08-29,594250,livree
106520,3129,3,2025-08-28,2025-09-02,2025-09-02,1168365,livree
106521,3802,2,2025-08-30,2025-09-01,2025-09-01,72155,livree
106522,4711,3,2025-08-29,2025-09-03,2025-09-02,432170,livree
106523,3134,4,2025-08-29,2025-09-03,2025-09-03,1037915,livree
106524,202,2,2025-08-30,2025-09-01,2025-09-02,556700,livree
106525,3988,3,2025-08-28,2025-08-31,2025-09-20,1354790,livree
106526,2216,5,2025-08-28,2025-09-02,2025-09-02,1422940,livree
106527,6637,2,2025-08-31,2025-09-02,2025-09-02,760360,livree
106528,22343,3,2025-08-29,2025-09-01,2025-08-31,1400245,livree
106529,23532,5,2025-08-30,2025-09-04,2025-09-04,890065,livree
106530,6174,1,2025-08-29,2025-09-03,2025-09-23,1060070,livree
106531,8984,2,2025-08-31,2025-09-10,2025-09-09,424840,livree
106532,22015,1,2025-08-31,2025-09-05,2025-09-04,1078590,livree
106533,20893,6,2025-08-29,2025-09-01,2025-09-01,947215,livree
106534,5239,6,2025-08-31,2025-09-05,2025-09-08,1161925,livree
106535,14323,1,2025-08-30,2025-09-04,2025-09-04,1242775,livree
106536,5088,6,2025-09-01,2025-09-08,2025-09-07,1324385,livree
106537,2178,4,2025-08-31,2025-09-05,2025-09-05,523970,livree
106538,166,4,2025-08-31,2025-09-07,2025-09-07,1154235,livree
106539,16123,4,2025-09-01,2025-09-11,2025-09-11,681550,livree
106540,13124,2,2025-09-01,2025-09-11,2025-09-11,722810,livree
106541,23902,4,2025-08-31,2025-09-05,2025-09-05,799950,livree
106542,7540,1,2025-09-01,2025-09-06,2025-09-05,412260,livree
106543,1451,6,2025-08-31,2025-09-05,2025-09-05,143950,livree
106544,1975,1,2025-08-31,2025-09-05,2025-09-05,1396925,livree
106545,2322,1,2025-09-02,2025-09-07,2025-09-06,598000,livree
106546,9153,4,2025-09-02,2025-09-05,2025-09-04,632530,livree
106547,8337,3,2025-09-02,2025-09-09,2025-09-10,1060035,livree
106548,2276,2,2025-09-02,2025-09-07,2025-09-06,968115,livree
106549,12014,2,2025-09-02,2025-09-04,2025-09-04,369380,livree
106550,23088,4,2025-09-03,2025-09-13,2025-09-12,1269945,livree
106551,12966,4,2025-09-03,2025-09-08,2025-09-13,1024620,livree
106552,19079,6,2025-09-02,2025-09-05,2025-09-05,1189510,livree
106553,11465,1,2025-09-02,2025-09-05,2025-09-05,812095,livree
106554,10560,5,2025-09-03,2025-09-10,2025-09-10,743540,livree
106555,14840,4,2025-09-04,2025-09-09,2025-09-08,1006330,livree
106556,3011,4,2025-09-04,2025-09-09,2025-09-09,338710,livree
106557,3695,1,2025-09-02,2025-09-05,2025-09-05,538290,livree
106558,2260,6,2025-09-03,2025-09-08,2025-09-28,667530,livree
106559,9150,4,2025-09-04,2025-09-09,2025-09-09,1203075,livree
106560,4158,4,2025-09-04,2025-09-11,2025-09-10,1242810,livree
106561,19749,4,2025-09-03,2025-09-10,2025-09-10,818910,livree
106562,14110,4,2025-09-05,2025-09-08,2025-09-07,902405,livree
106563,6511,4,2025-09-04,2025-09-07,2025-09-07,773330,livree
106564,15199,5,2025-09-04,2025-09-07,2025-09-07,1440120,livree
106565,11256,3,2025-09-05,2025-09-12,,229795,annulee
106566,22960,3,2025-09-03,2025-09-05,,193955,annulee
106567,1584,2,2025-09-06,2025-09-11,2025-09-11,752800,livree
106568,2543,6,2025-09-05,2025-09-12,2025-09-12,746870,livree
106569,23070,1,2025-09-04,2025-09-07,2025-09-07,509345,livree
106570,18779,5,2025-09-04,2025-09-09,2025-09-08,1225595,livree
106571,20595,6,2025-09-04,2025-09-06,2025-09-06,381865,livree
106572,14599,2,2025-09-05,2025-09-12,2025-09-11,127685,livree
106573,20965,2,2025-09-06,2025-09-11,2025-09-10,1408135,livree
106574,17144,1,2025-09-07,2025-09-10,2025-09-10,193070,livree
106575,20047,4,2025-09-05,2025-09-12,2025-09-12,1440525,livree
106576,19087,1,2025-09-07,2025-09-17,2025-09-17,857040,livree
106577,15395,2,2025-09-07,2025-09-12,2025-09-12,948995,livree
106578,21152,6,2025-09-07,2025-09-10,2025-09-10,1217630,livree
106579,17868,1,2025-09-05,2025-09-08,2025-09-08,1073150,livree
106580,6432,1,2025-09-06,2025-09-08,2025-09-08,1316865,livree
106581,521,2,2025-09-06,2025-09-16,2025-09-16,1120740,livree
106582,15232,3,2025-09-07,2025-09-12,2025-09-11,774195,livree
106583,19893,3,2025-09-06,2025-09-08,2025-09-08,1235585,livree
106584,4916,6,2025-09-06,2025-09-13,2025-09-12,552215,livree
106585,22181,6,2025-09-06,2025-09-08,2025-09-08,1387955,livree
106586,13853,3,2025-09-06,2025-09-08,2025-09-07,608140,livree
106587,3407,3,2025-09-08,2025-09-10,2025-09-10,706940,livree
106588,19630,6,2025-09-07,2025-09-14,2025-10-04,192630,livree
106589,22448,6,2025-09-09,2025-09-12,2025-09-12,764385,livree
106590,4600,2,2025-09-09,2025-09-19,2025-09-19,1449460,livree
106591,8080,5,2025-09-08,2025-09-18,2025-09-18,1205870,livree
106592,3698,2,2025-09-08,2025-09-10,2025-09-09,562500,livree
106593,10090,4,2025-09-08,2025-09-13,2025-09-21,571665,livree
106594,9718,1,2025-09-10,2025-09-13,2025-09-12,1049240,livree
106595,12654,5,2025-09-09,2025-09-12,2025-10-02,161545,livree
106596,5116,1,2025-09-08,2025-09-11,2025-09-11,240620,livree
106597,19650,2,2025-09-10,2025-09-12,2025-09-11,855475,livree
106598,4097,4,2025-09-10,2025-09-15,2025-09-15,1095425,livree
106599,11546,1,2025-09-10,2025-09-13,2025-09-12,1147255,livree
106600,18602,6,2025-09-10,2025-09-13,2025-09-12,1063120,livree
106601,4595,1,2025-09-11,2025-09-13,2025-09-14,893000,livree
106602,11491,2,2025-09-10,2025-09-15,2025-09-15,418965,livree
106603,10982,3,2025-09-09,2025-09-12,2025-09-12,746080,livree
106604,11381,6,2025-09-11,2025-09-14,2025-09-17,516150,livree
106605,7639,5,2025-09-09,2025-09-11,2025-09-10,599360,livree
106606,21356,3,2025-09-09,2025-09-14,2025-09-14,1301595,livree
106607,22825,4,2025-09-11,2025-09-16,2025-09-16,338315,livree
106608,6342,4,2025-09-11,2025-09-14,2025-09-14,1006785,livree
106609,6557,6,2025-09-10,2025-09-13,2025-09-13,1280060,livree
106610,15712,5,2025-09-10,2025-09-15,2025-09-15,862650,livree
106611,18728,3,2025-09-11,2025-09-14,2025-09-13,343685,livree
106612,20624,6,2025-09-12,2025-09-17,2025-09-17,563145,livree
106613,5842,1,2025-09-10,2025-09-12,2025-09-12,71175,livree
106614,1011,4,2025-09-13,2025-09-16,2025-09-18,850350,livree
106615,12797,4,2025-09-12,2025-09-14,2025-09-16,814995,livree
106616,11511,4,2025-09-11,2025-09-14,2025-09-16,926010,livree
106617,2838,2,2025-09-13,2025-09-18,2025-09-18,432020,livree
106618,17504,3,2025-09-12,2025-09-15,2025-09-15,1033180,livree
106619,18594,4,2025-09-13,2025-09-18,2025-09-18,492715,livree
106620,6341,6,2025-09-12,2025-09-22,2025-09-21,742515,livree
106621,11446,1,2025-09-14,2025-09-16,2025-09-16,399070,livree
106622,20542,6,2025-09-14,2025-09-19,,300180,annulee
106623,1554,5,2025-09-13,2025-09-16,2025-09-16,160570,livree
106624,21847,4,2025-09-13,2025-09-23,2025-09-23,373420,livree
106625,16076,2,2025-09-14,2025-09-19,2025-09-19,417195,livree
106626,2680,5,2025-09-14,2025-09-16,2025-09-16,899865,livree
106627,22612,2,2025-09-13,2025-09-18,2025-09-18,834390,livree
106628,17147,2,2025-09-14,2025-09-24,2025-09-24,381135,livree
106629,11845,6,2025-09-13,2025-09-23,2025-09-23,176110,livree
106630,4840,6,2025-09-13,2025-09-15,2025-09-16,53635,livree
106631,3255,2,2025-09-14,2025-09-17,2025-09-17,1033050,livree
106632,16329,4,2025-09-14,2025-09-17,2025-09-16,1418170,livree
106633,864,6,2025-09-13,2025-09-18,2025-09-18,1396980,livree
106634,16842,1,2025-09-13,2025-09-18,2025-09-18,768615,livree
106635,14877,1,2025-09-16,2025-09-23,2025-09-23,84320,livree
106636,23366,5,2025-09-16,2025-09-26,2025-09-25,780625,livree
106637,15807,3,2025-09-14,2025-09-19,2025-09-19,929105,livree
106638,3448,3,2025-09-14,2025-09-16,2025-09-16,1167695,livree
106639,1636,5,2025-09-15,2025-09-18,2025-09-17,295235,livree
106640,13817,5,2025-09-15,2025-09-18,2025-09-18,70285,livree
106641,3198,1,2025-09-17,2025-09-22,2025-09-22,278690,livree
106642,4814,1,2025-09-16,2025-09-26,2025-09-26,131055,livree
106643,5535,1,2025-09-17,2025-09-22,2025-09-21,188305,livree
106644,2498,2,2025-09-16,2025-09-21,2025-09-20,1335040,livree
106645,18053,5,2025-09-15,2025-09-17,2025-09-17,942005,livree
106646,5083,2,2025-09-15,2025-09-20,2025-09-20,999335,livree
106647,8418,4,2025-09-17,2025-09-19,,1284705,annulee
106648,21251,6,2025-09-18,2025-09-21,2025-09-21,634850,livree
106649,23697,6,2025-09-17,2025-09-22,2025-09-22,983165,livree
106650,19174,3,2025-09-16,2025-09-19,,1312095,annulee
106651,12797,3,2025-09-17,2025-09-20,2025-09-23,857955,livree
106652,16754,4,2025-09-18,2025-09-21,,152535,annulee
106653,5048,2,2025-09-18,2025-09-20,2025-09-20,1314450,livree
106654,536,2,2025-09-17,2025-09-20,2025-09-19,576040,livree
106655,20451,6,2025-09-18,2025-09-25,2025-09-24,1001840,livree
106656,8856,1,2025-09-19,2025-09-24,2025-09-24,773955,livree
106657,162,6,2025-09-19,2025-09-29,,228720,annulee
106658,14393,6,2025-09-17,2025-09-19,2025-09-19,898335,livree
106659,10707,3,2025-09-19,2025-09-22,2025-09-22,909735,livree
106660,23485,3,2025-09-17,2025-09-20,2025-09-19,201030,livree
106661,16673,6,2025-09-20,2025-09-25,2025-09-25,1102030,livree
106662,8073,1,2025-09-18,2025-09-21,,318440,annulee
106663,6047,4,2025-09-19,2025-09-21,2025-09-20,1281195,livree
106664,4529,1,2025-09-19,2025-09-24,2025-09-24,814135,livree
106665,316,5,2025-09-18,2025-09-21,2025-09-21,966455,livree
106666,12116,6,2025-09-19,2025-09-26,2025-09-26,980425,livree
106667,4322,6,2025-09-20,2025-09-25,2025-09-25,390215,livree
106668,6908,1,2025-09-20,2025-09-25,2025-09-24,639640,livree
106669,20583,3,2025-09-19,2025-09-26,2025-09-25,1367195,livree
106670,7342,5,2025-09-21,2025-10-01,2025-09-30,206885,livree
106671,22555,5,2025-09-19,2025-09-26,2025-09-25,435315,livree
106672,18777,4,2025-09-19,2025-09-24,2025-09-24,526755,livree
106673,11581,3,2025-09-20,2025-09-30,2025-09-30,1239895,livree
106674,16743,4,2025-09-20,2025-09-23,2025-09-23,634560,livree
106675,14902,6,2025-09-20,2025-09-27,2025-11-11,1042080,livree
106676,13332,2,2025-09-22,2025-10-02,2025-10-06,142875,livree
106677,12261,5,2025-09-21,2025-09-24,2025-09-24,805060,livree
106678,12454,2,2025-09-20,2025-09-22,2025-09-21,1124895,livree
106679,21637,5,2025-09-22,2025-10-02,2025-10-03,347030,livree
106680,6584,4,2025-09-21,2025-10-01,2025-10-01,659815,livree
106681,973,6,2025-09-22,2025-09-27,2025-09-27,328580,livree
106682,6402,4,2025-09-22,2025-09-24,2025-09-24,1228815,livree
106683,18792,1,2025-09-22,2025-09-25,,687405,annulee
106684,6010,5,2025-09-23,2025-09-28,2025-09-28,553965,livree
106685,1192,3,2025-09-22,2025-09-29,2025-09-28,376255,livree
106686,23866,2,2025-09-21,2025-09-23,2025-09-23,1405405,livree
106687,3784,3,2025-09-21,2025-09-26,2025-09-26,234620,livree
106688,4508,3,2025-09-24,2025-10-04,2025-10-04,1336255,livree
106689,706,3,2025-09-24,2025-10-04,2025-10-04,1357700,livree
106690,17978,4,2025-09-22,2025-09-24,2025-09-24,564575,livree
106691,11507,6,2025-09-22,2025-09-27,2025-10-17,740490,livree
106692,11355,3,2025-09-23,2025-09-26,2025-10-04,299795,livree
106693,17672,3,2025-09-23,2025-10-03,2025-10-03,1313730,livree
106694,2694,3,2025-09-22,2025-09-27,2025-09-27,999495,livree
106695,8558,1,2025-09-25,2025-09-30,2025-10-20,1363165,livree
106696,20712,4,2025-09-25,2025-09-30,2025-09-29,905120,livree
106697,18499,2,2025-09-25,2025-10-05,2025-10-05,498150,livree
106698,17771,3,2025-09-25,2025-09-30,2025-09-30,1418325,livree
106699,3436,3,2025-09-25,2025-09-27,2025-09-26,225600,livree
106700,8247,3,2025-09-25,2025-09-28,2025-09-28,562450,livree
106701,3460,4,2025-09-24,2025-09-29,2025-10-07,1417310,livree
106702,18079,6,2025-09-25,2025-09-27,2025-09-27,1212955,livree
106703,19390,1,2025-09-26,2025-09-29,2025-09-28,589970,livree
106704,3221,1,2025-09-26,2025-09-29,2025-09-28,308285,livree
106705,4850,6,2025-09-24,2025-09-29,2025-09-29,180645,livree
106706,20030,6,2025-09-26,2025-09-28,2025-09-27,1202665,livree
106707,23061,3,2025-09-24,2025-09-29,,483695,annulee
106708,19865,2,2025-09-27,2025-10-07,2025-10-06,294565,livree
106709,23120,3,2025-09-27,2025-09-30,2025-09-30,1164850,livree
106710,15596,4,2025-09-26,2025-10-06,2025-10-06,806820,livree
106711,16955,6,2025-09-25,2025-09-28,2025-09-28,1355130,livree
106712,23827,5,2025-09-26,2025-10-01,,1284760,annulee
106713,23527,2,2025-09-27,2025-09-29,2025-11-13,1419260,livree
106714,13000,3,2025-09-25,2025-09-27,2025-09-27,941165,livree
106715,23524,6,2025-09-27,2025-10-02,2025-10-02,325695,livree
106716,15565,3,2025-09-28,2025-09-30,,508770,annulee
106717,4013,2,2025-09-27,2025-09-30,2025-09-29,1284095,livree
106718,15931,2,2025-09-27,2025-10-04,,357975,annulee
106719,13086,6,2025-09-28,2025-10-01,2025-10-09,214875,livree
106720,13392,4,2025-09-27,2025-09-29,2025-10-07,393135,livree
106721,8420,5,2025-09-28,2025-10-01,2025-10-01,353530,livree
106722,11489,4,2025-09-27,2025-09-30,2025-09-30,555185,livree
106723,557,3,2025-09-28,2025-10-01,2025-10-01,582080,livree
106724,14758,2,2025-09-29,2025-10-01,2025-10-01,1177135,livree
106725,11554,6,2025-09-29,2025-10-04,2025-10-03,1051445,livree
106726,1002,5,2025-09-28,2025-10-01,2025-10-01,861010,livree
106727,21610,4,2025-09-27,2025-09-29,2025-09-28,1312395,livree
106728,4668,6,2025-09-29,2025-10-04,2025-10-04,128265,livree
106729,7591,1,2025-09-29,2025-10-02,2025-10-01,1223110,livree
106730,3023,1,2025-09-30,2025-10-07,2025-10-07,887940,livree
106731,18146,2,2025-09-29,2025-10-04,2025-10-04,272070,livree
106732,1206,2,2025-09-30,2025-10-02,2025-10-01,72525,livree
106733,354,4,2025-09-28,2025-10-03,2025-10-11,493595,livree
106734,21081,2,2025-09-28,2025-10-08,,1201730,annulee
106735,18581,3,2025-10-01,2025-10-06,2025-10-08,897220,livree
106736,4455,3,2025-09-30,2025-10-05,2025-10-04,694380,livree
106737,5992,4,2025-09-30,2025-10-07,2025-10-06,1243810,livree
106738,20924,4,2025-09-30,2025-10-07,,607215,annulee
106739,17220,3,2025-09-29,2025-10-04,2025-10-04,486200,livree
106740,9241,6,2025-09-30,2025-10-05,2025-10-06,343260,livree
106741,18192,1,2025-09-29,2025-10-04,2025-10-04,1002625,livree
106742,22678,1,2025-10-01,2025-10-11,2025-10-11,1203620,livree
106743,18702,1,2025-10-01,2025-10-08,2025-10-08,209225,livree
106744,2509,4,2025-09-30,2025-10-05,2025-10-05,63870,livree
106745,15271,3,2025-10-01,2025-10-04,2025-10-03,538985,livree
106746,13773,5,2025-10-01,2025-10-06,2025-10-06,634455,livree
106747,10642,4,2025-10-02,2025-10-04,2025-10-04,1093185,livree
106748,1501,6,2025-09-30,2025-10-02,2025-10-02,1432205,livree
106749,7277,2,2025-10-01,2025-10-03,2025-10-03,1071930,livree
106750,5430,2,2025-10-03,2025-10-10,2025-10-10,1174675,livree
106751,5109,2,2025-10-02,2025-10-09,2025-10-09,333535,livree
106752,5141,4,2025-10-02,2025-10-09,2025-10-09,539000,livree
106753,8595,5,2025-10-02,2025-10-07,2025-10-06,467395,livree
106754,18892,5,2025-10-02,2025-10-05,2025-10-05,1276555,livree
106755,18599,1,2025-10-02,2025-10-07,2025-10-19,1028385,livree
106756,13613,1,2025-10-03,2025-10-08,2025-10-08,1157750,livree
106757,4745,6,2025-10-02,2025-10-07,2025-10-06,1031660,livree
106758,22281,4,2025-10-03,2025-10-08,2025-10-08,1156645,livree
106759,10887,4,2025-10-03,2025-10-06,2025-10-06,1428495,livree
106760,15878,5,2025-10-02,2025-10-12,2025-10-12,761290,livree
106761,14223,5,2025-10-04,2025-10-07,2025-10-07,400850,livree
106762,23592,2,2025-10-05,2025-10-07,2025-10-10,1415170,livree
106763,19202,1,2025-10-05,2025-10-15,2025-10-14,1326600,livree
106764,21544,3,2025-10-04,2025-10-06,2025-10-06,1176160,livree
106765,19574,5,2025-10-05,2025-10-12,2025-10-12,1128260,livree
106766,327,3,2025-10-05,2025-10-08,2025-10-08,342440,livree
106767,4714,2,2025-10-05,2025-10-08,2025-10-07,1105245,livree
106768,23183,4,2025-10-05,2025-10-12,2025-10-12,106990,livree
106769,24,3,2025-10-05,2025-10-10,2025-10-15,931215,livree
106770,17203,5,2025-10-04,2025-10-07,2025-10-07,47130,livree
106771,6344,5,2025-10-04,2025-10-11,2025-10-11,994300,livree
106772,8979,1,2025-10-05,2025-10-08,2025-10-07,903900,livree
106773,291,6,2025-10-04,2025-10-11,2025-10-11,906850,livree
106774,22725,3,2025-10-05,2025-10-10,2025-10-10,324535,livree
106775,16686,1,2025-10-06,2025-10-11,2025-10-14,1138455,livree
106776,1716,4,2025-10-06,2025-10-11,2025-10-11,1041090,livree
106777,17262,5,2025-10-07,2025-10-10,2025-10-09,1406730,livree
106778,9044,3,2025-10-05,2025-10-10,2025-10-10,532910,livree
106779,12823,4,2025-10-05,2025-10-10,2025-10-10,54720,livree
106780,11881,2,2025-10-07,2025-10-09,2025-10-09,801230,livree
106781,19261,3,2025-10-06,2025-10-11,2025-10-15,842125,livree
106782,16544,3,2025-10-07,2025-10-10,2025-10-10,775730,livree
106783,23654,5,2025-10-06,2025-10-16,2025-10-16,1028175,livree
106784,5786,4,2025-10-07,2025-10-12,2025-10-12,604665,livree
106785,10014,1,2025-10-07,2025-10-09,2025-10-11,862650,livree
106786,11657,2,2025-10-06,2025-10-13,2025-10-13,225565,livree
106787,3436,6,2025-10-07,2025-10-10,2025-10-10,77220,livree
106788,3932,6,2025-10-08,2025-10-10,2025-10-13,512350,livree
106789,9058,3,2025-10-08,2025-10-11,2025-10-11,272180,livree
106790,18232,2,2025-10-08,2025-10-13,2025-10-15,1389845,livree
106791,15855,1,2025-10-09,2025-10-12,2025-10-12,893260,livree
106792,16628,6,2025-10-08,2025-10-11,2025-10-12,1022740,livree
106793,2328,5,2025-10-09,2025-10-14,2025-10-14,69435,livree
106794,7949,4,2025-10-08,2025-10-18,2025-10-18,848180,livree
106795,18280,2,2025-10-09,2025-10-11,2025-10-10,1021210,livree
106796,8906,3,2025-10-10,2025-10-15,2025-10-15,1360915,livree
106797,23469,3,2025-10-10,2025-10-13,2025-10-13,367605,livree
106798,2070,6,2025-10-10,2025-10-20,2025-10-20,674160,livree
106799,5067,6,2025-10-08,2025-10-11,2025-10-11,1196375,livree
106800,13964,6,2025-10-08,2025-10-11,2025-10-11,1409300,livree
106801,11244,4,2025-10-08,2025-10-15,2025-11-04,408040,livree
106802,8570,5,2025-10-08,2025-10-11,2025-10-10,1207580,livree
106803,19866,4,2025-10-10,2025-10-15,2025-10-15,93055,livree
106804,2987,1,2025-10-10,2025-10-12,2025-10-12,480175,livree
106805,7449,5,2025-10-10,2025-10-13,2025-10-13,1199130,livree
106806,19549,2,2025-10-09,2025-10-12,2025-10-16,1445510,livree
106807,500,3,2025-10-09,2025-10-12,2025-10-13,1161925,livree
106808,7376,2,2025-10-10,2025-10-13,2025-10-12,1008850,livree
106809,16527,5,2025-10-11,2025-10-14,2025-10-14,730820,livree
106810,20671,3,2025-10-11,2025-10-14,2025-10-13,900915,livree
106811,18049,2,2025-10-11,2025-10-16,2025-10-17,126195,livree
106812,17851,6,2025-10-10,2025-10-20,,1232915,annulee
106813,16202,5,2025-10-12,2025-10-22,2025-10-21,490265,livree
106814,9001,3,2025-10-12,2025-10-22,2025-10-22,527270,livree
106815,22777,3,2025-10-10,2025-10-15,2025-10-15,465770,livree
106816,3494,4,2025-10-13,2025-10-16,2025-10-16,540950,livree
106817,6267,4,2025-10-12,2025-10-15,2025-10-14,866805,livree
106818,9626,2,2025-10-11,2025-10-14,2025-10-14,777295,livree
106819,10193,6,2025-10-12,2025-10-17,2025-10-17,1366495,livree
106820,10970,4,2025-10-11,2025-10-13,2025-10-12,353370,livree
106821,7633,6,2025-10-13,2025-10-18,,672565,annulee
106822,18059,6,2025-10-13,2025-10-16,2025-10-16,203875,livree
106823,6770,2,2025-10-13,2025-10-15,2025-10-15,822955,livree
106824,14751,6,2025-10-12,2025-10-14,2025-10-26,876645,livree
106825,6376,3,2025-10-14,2025-10-24,2025-10-24,278675,livree
106826,3610,1,2025-10-14,2025-10-21,2025-10-21,214960,livree
106827,8164,2,2025-10-12,2025-10-15,2025-10-20,1353060,livree
106828,21993,5,2025-10-12,2025-10-17,2025-10-17,743355,livree
106829,17435,4,2025-10-13,2025-10-16,2025-10-16,789835,livree
106830,6971,3,2025-10-15,2025-10-17,2025-10-16,686080,livree
106831,3988,3,2025-10-14,2025-10-16,2025-10-20,1023465,livree
106832,16793,3,2025-10-15,2025-10-17,2025-10-18,1188685,livree
106833,4113,4,2025-10-15,2025-10-18,2025-10-18,314595,livree
106834,12908,5,2025-10-15,2025-10-25,2025-10-25,691310,livree
106835,19767,1,2025-10-15,2025-10-18,2025-10-18,1148740,livree
106836,9763,6,2025-10-16,2025-10-19,2025-10-19,796280,livree
106837,4677,1,2025-10-15,2025-10-20,2025-10-24,1235215,livree
106838,6967,4,2025-10-15,2025-10-20,2025-10-19,997045,livree
106839,20351,3,2025-10-16,2025-10-19,2025-10-19,579730,livree
106840,13453,6,2025-10-15,2025-10-17,2025-10-29,389525,livree
106841,20893,2,2025-10-16,2025-10-21,2025-10-20,474140,livree
106842,20312,5,2025-10-16,2025-10-19,2025-10-18,826275,livree
106843,17405,4,2025-10-17,2025-10-24,2025-10-24,838310,livree
106844,6647,3,2025-10-15,2025-10-25,2025-10-25,1108120,livree
106845,14943,3,2025-10-16,2025-10-18,2025-10-17,1061480,livree
106846,6846,6,2025-10-16,2025-10-19,2025-10-19,697170,livree
106847,10140,4,2025-10-15,2025-10-25,2025-10-24,570230,livree
106848,2773,6,2025-10-17,2025-10-20,2025-10-20,594235,livree
106849,6319,3,2025-10-16,2025-10-18,2025-10-18,774180,livree
106850,2552,6,2025-10-18,2025-10-25,,171515,annulee
106851,23157,3,2025-10-16,2025-10-21,2025-10-21,779570,livree
106852,4867,6,2025-10-18,2025-10-23,2025-10-22,385320,livree
106853,12083,6,2025-10-18,2025-10-21,2025-11-10,569115,livree
106854,3765,3,2025-10-17,2025-10-20,2025-10-20,630770,livree
106855,8284,2,2025-10-18,2025-10-21,2025-10-21,971890,livree
106856,10875,6,2025-10-17,2025-10-20,2025-10-20,1161130,livree
106857,2681,3,2025-10-19,2025-10-26,2025-11-07,750335,livree
106858,3638,4,2025-10-19,2025-10-29,2025-10-30,656970,livree
106859,21700,1,2025-10-19,2025-10-29,2025-10-28,635785,livree
106860,4476,4,2025-10-19,2025-10-24,2025-10-25,989850,livree
106861,18588,1,2025-10-18,2025-10-21,2025-10-21,1314835,livree
106862,5691,2,2025-10-19,2025-10-26,2025-10-25,403115,livree
106863,458,3,2025-10-18,2025-10-28,2025-10-28,840065,livree
106864,11731,2,2025-10-19,2025-10-24,2025-10-24,317265,livree
106865,5934,4,2025-10-20,2025-10-27,2025-10-27,1378975,livree
106866,15097,6,2025-10-20,2025-10-27,2025-10-26,48475,livree
106867,18499,5,2025-10-18,2025-10-23,,428650,annulee
106868,10228,3,2025-10-20,2025-10-27,2025-11-16,343905,livree
106869,8989,3,2025-10-18,2025-10-21,2025-10-20,1032675,livree
106870,13208,5,2025-10-21,2025-10-24,2025-10-23,873905,livree
106871,5634,5,2025-10-21,2025-10-26,2025-10-26,513535,livree
106872,18505,5,2025-10-20,2025-10-23,2025-10-23,939435,livree
106873,9049,2,2025-10-20,2025-10-23,2025-10-22,469375,livree
106874,20009,4,2025-10-20,2025-10-25,2025-10-24,46675,livree
106875,5673,4,2025-10-19,2025-10-22,2025-10-25,402995,livree
106876,18070,3,2025-10-21,2025-10-24,2025-10-24,588900,livree
106877,9164,2,2025-10-20,2025-10-23,2025-10-23,715135,livree
106878,20810,3,2025-10-22,2025-10-25,2025-10-30,242140,livree
106879,11084,4,2025-10-22,2025-10-24,2025-10-23,1171360,livree
106880,5043,2,2025-10-22,2025-10-25,2025-11-02,574110,livree
106881,10893,2,2025-10-20,2025-10-27,2025-10-27,855340,livree
106882,9731,6,2025-10-21,2025-10-28,2025-10-28,161205,livree
106883,5294,3,2025-10-23,2025-10-28,2025-10-28,168595,livree
106884,18426,6,2025-10-23,2025-10-28,2025-10-27,471620,livree
106885,18000,1,2025-10-21,2025-10-24,2025-10-24,571205,livree
106886,6816,3,2025-10-21,2025-10-28,2025-10-27,1372195,livree
106887,3581,4,2025-10-22,2025-10-25,2025-10-25,365690,livree
106888,2558,4,2025-10-22,2025-10-25,2025-10-24,360240,livree
106889,2736,5,2025-10-21,2025-10-31,2025-10-31,884810,livree
106890,2367,6,2025-10-24,2025-10-26,2025-10-25,419950,livree
106891,11078,6,2025-10-24,2025-10-31,2025-10-31,1381940,livree
106892,13102,6,2025-10-24,2025-11-03,2025-11-03,359200,livree
106893,3322,2,2025-10-24,2025-10-26,2025-10-26,650935,livree
106894,6199,3,2025-10-23,2025-10-26,2025-10-26,195155,livree
106895,18420,2,2025-10-23,2025-10-28,2025-10-27,1162265,livree
106896,10445,6,2025-10-23,2025-11-02,2025-11-01,1235190,livree
106897,15943,6,2025-10-25,2025-10-28,2025-11-09,708620,livree
106898,17345,5,2025-10-23,2025-10-26,2025-10-26,353310,livree
106899,17749,4,2025-10-23,2025-10-28,2025-10-27,1069300,livree
106900,1796,5,2025-10-23,2025-10-25,2025-10-25,1197750,livree
106901,16338,1,2025-10-24,2025-10-27,2025-10-26,1131850,livree
106902,9495,2,2025-10-23,2025-10-26,2025-10-26,210995,livree
106903,105,2,2025-10-25,2025-10-28,2025-10-28,60855,livree
106904,15546,1,2025-10-24,2025-10-27,2025-10-27,1289260,livree
106905,3129,3,2025-10-26,2025-10-31,2025-10-31,1177670,livree
106906,6383,1,2025-10-24,2025-10-29,2025-10-29,943460,livree
106907,12725,2,2025-10-25,2025-10-27,2025-10-27,812220,livree
106908,12306,4,2025-10-24,2025-10-26,2025-10-25,471925,livree
106909,12303,2,2025-10-26,2025-10-29,2025-11-06,673920,livree
106910,18033,6,2025-10-26,2025-10-31,2025-10-31,676330,livree
106911,6008,5,2025-10-26,2025-11-05,2025-11-05,586635,livree
106912,4379,5,2025-10-27,2025-11-01,2025-11-02,1016775,livree
106913,21227,2,2025-10-26,2025-10-31,2025-10-31,551210,livree
106914,20695,1,2025-10-27,2025-11-06,2025-11-06,84040,livree
106915,23559,4,2025-10-27,2025-11-01,2025-11-01,1150790,livree
106916,13040,3,2025-10-25,2025-10-30,2025-10-30,981560,livree
106917,22807,6,2025-10-27,2025-10-30,2025-10-30,1082910,livree
106918,3746,5,2025-10-27,2025-11-01,2025-10-31,286700,livree
106919,7473,3,2025-10-27,2025-11-01,2025-11-01,815515,livree
106920,15154,5,2025-10-26,2025-10-29,,816450,annulee
106921,23026,3,2025-10-26,2025-10-29,2025-11-06,176755,livree
106922,8362,1,2025-10-26,2025-11-05,2025-11-05,817245,livree
106923,17805,4,2025-10-27,2025-11-01,2025-10-31,1176510,livree
106924,8968,2,2025-10-27,2025-11-01,2025-10-31,135275,livree
106925,2930,3,2025-10-28,2025-10-31,2025-11-04,1172610,livree
106926,19166,5,2025-10-27,2025-11-06,2025-11-06,938850,livree
106927,7635,2,2025-10-27,2025-10-29,2025-10-29,86880,livree
106928,10455,3,2025-10-28,2025-10-31,,605505,annulee
106929,2072,5,2025-10-29,2025-11-01,2025-10-31,1288175,livree
106930,14917,4,2025-10-30,2025-11-09,2025-11-13,1081410,livree
106931,4271,5,2025-10-28,2025-11-04,2025-11-04,1049315,livree
106932,15317,4,2025-10-29,2025-11-03,2025-11-03,343385,livree
106933,19197,4,2025-10-30,2025-11-01,2025-11-01,1054620,livree
106934,6702,1,2025-10-30,2025-11-02,2025-11-02,409215,livree
106935,2601,3,2025-10-29,2025-11-03,2025-11-03,1390825,livree
106936,20709,4,2025-10-28,2025-10-31,2025-10-31,380250,livree
106937,9426,2,2025-10-30,2025-11-04,2025-11-04,893255,livree
106938,21755,5,2025-10-30,2025-11-09,2025-11-08,616230,livree
106939,12540,6,2025-10-29,2025-11-08,2025-11-09,716860,livree
106940,15602,3,2025-10-29,2025-10-31,2025-11-04,1082505,livree
106941,22469,3,2025-10-31,2025-11-10,,617770,annulee
106942,8397,2,2025-10-29,2025-11-08,,185690,annulee
106943,13446,5,2025-10-31,2025-11-05,2025-11-05,236810,livree
106944,16882,2,2025-10-30,2025-11-06,2025-11-05,968235,livree
106945,14879,1,2025-10-31,2025-11-05,2025-11-05,448145,livree
106946,23631,6,2025-11-01,2025-11-08,2025-11-08,627920,livree
106947,21560,4,2025-10-30,2025-11-02,2025-11-04,1008950,livree
106948,12609,5,2025-11-01,2025-11-04,2025-11-07,316775,livree
106949,16113,3,2025-10-30,2025-11-04,2025-11-04,746135,livree
106950,8942,2,2025-11-01,2025-11-08,2025-11-08,427330,livree
106951,17547,2,2025-10-31,2025-11-05,2025-11-04,578715,livree
106952,2726,4,2025-10-31,2025-11-05,2025-11-04,163715,livree
106953,22951,3,2025-11-01,2025-11-06,2025-11-06,647675,livree
106954,14903,5,2025-11-01,2025-11-08,2025-11-08,1002525,livree
106955,7376,6,2025-10-31,2025-11-10,2025-11-09,186725,livree
106956,13701,4,2025-11-02,2025-11-07,2025-11-07,878100,livree
106957,4435,6,2025-11-03,2025-11-13,2025-11-13,1226580,livree
106958,3782,4,2025-11-03,2025-11-05,2025-11-06,930405,livree
106959,17498,3,2025-11-02,2025-11-05,2025-11-05,1001470,livree
106960,13534,5,2025-11-02,2025-11-07,2025-11-06,1401015,livree
106961,8517,6,2025-11-03,2025-11-05,2025-11-05,89125,livree
106962,17757,3,2025-11-03,2025-11-08,2025-11-10,307135,livree
106963,3096,3,2025-11-02,2025-11-09,2025-11-10,838730,livree
106964,23428,4,2025-11-02,2025-11-07,2025-11-07,200995,livree
106965,10877,6,2025-11-04,2025-11-07,2025-11-27,374925,livree
106966,12620,1,2025-11-02,2025-11-05,2025-11-05,969915,livree
106967,11892,2,2025-11-02,2025-11-09,2025-12-24,146000,livree
106968,4726,5,2025-11-03,2025-11-06,2025-11-05,1352135,livree
106969,12666,4,2025-11-04,2025-11-06,2025-11-06,1235150,livree
106970,17322,4,2025-11-02,2025-11-04,2025-11-03,570255,livree
106971,16448,5,2025-11-04,2025-11-07,2025-11-07,122985,livree
106972,1911,5,2025-11-04,2025-11-14,2025-11-14,841025,livree
106973,1238,6,2025-11-04,2025-11-07,2025-11-06,126730,livree
106974,6001,3,2025-11-05,2025-11-12,2025-11-12,955285,livree
106975,9061,1,2025-11-04,2025-11-06,2025-11-11,638660,livree
106976,16581,5,2025-11-05,2025-11-07,2025-11-06,1025480,livree
106977,6341,4,2025-11-05,2025-11-07,2025-11-07,233305,livree
106978,13868,6,2025-11-06,2025-11-16,2025-11-16,440795,livree
106979,11547,3,2025-11-05,2025-11-10,2025-11-09,497755,livree
106980,12197,6,2025-11-04,2025-11-14,2025-11-14,1061350,livree
106981,22988,3,2025-11-04,2025-11-07,2025-11-07,1320620,livree
106982,13903,1,2025-11-06,2025-11-16,2025-11-15,986760,livree
106983,18625,5,2025-11-04,2025-11-11,2025-11-11,1047345,livree
106984,5465,3,2025-11-07,2025-11-10,2025-11-10,1333125,livree
106985,18396,3,2025-11-06,2025-11-09,2025-11-08,723595,livree
106986,22437,5,2025-11-05,2025-11-10,2025-11-09,703550,livree
106987,23467,1,2025-11-05,2025-11-08,2025-11-08,679550,livree
106988,6311,4,2025-11-05,2025-11-08,2025-11-07,904275,livree
106989,17584,1,2025-11-06,2025-11-09,2025-11-09,996775,livree
106990,7509,5,2025-11-06,2025-11-09,2025-11-09,833980,livree
106991,2777,2,2025-11-07,2025-11-10,2025-11-09,656750,livree
106992,14636,4,2025-11-07,2025-11-12,2025-11-12,1229215,livree
106993,22720,4,2025-11-06,2025-11-09,2025-11-09,639360,livree
106994,6627,2,2025-11-06,2025-11-11,2025-11-11,864780,livree
106995,8560,1,2025-11-07,2025-11-09,2025-11-09,389310,livree
106996,397,4,2025-11-07,2025-11-10,2025-11-10,533975,livree
106997,10589,2,2025-11-06,2025-11-11,2025-11-10,407905,livree
106998,22800,5,2025-11-07,2025-11-09,2025-11-09,992675,livree
106999,21541,5,2025-11-08,2025-11-11,2025-11-11,752280,livree
107000,17226,3,2025-11-07,2025-11-10,2025-11-10,665650,livree
107001,16290,3,2025-11-08,2025-11-15,2025-11-14,876535,livree
107002,11337,6,2025-11-08,2025-11-13,2025-11-13,563850,livree
107003,8550,5,2025-11-09,2025-11-19,2025-11-19,61275,livree
107004,10033,3,2025-11-10,2025-11-13,2025-11-12,1099490,livree
107005,16138,6,2025-11-10,2025-11-15,2025-11-15,1363755,livree
107006,1157,6,2025-11-10,2025-11-13,2025-11-13,1449200,livree
107007,1096,2,2025-11-10,2025-11-13,,1050675,annulee
107008,20460,5,2025-11-08,2025-11-18,2025-11-18,213940,livree
107009,59,1,2025-11-08,2025-11-11,2025-11-10,138525,livree
107010,14590,4,2025-11-09,2025-11-11,2025-11-10,71930,livree
107011,5369,2,2025-11-09,2025-11-12,2025-11-11,1312375,livree
107012,5088,6,2025-11-11,2025-11-18,2025-11-18,1152160,livree
107013,23886,3,2025-11-09,2025-11-14,2025-11-13,861175,livree
107014,15763,1,2025-11-11,2025-11-21,2025-11-22,1354675,livree
107015,22323,1,2025-11-10,2025-11-12,2025-11-12,754990,livree
107016,6570,3,2025-11-09,2025-11-14,2025-11-14,143570,livree
107017,8512,3,2025-11-10,2025-11-20,2025-11-20,1275835,livree
107018,22197,2,2025-11-10,2025-11-20,2025-11-20,138175,livree
107019,6622,3,2025-11-10,2025-11-12,2025-11-11,166345,livree
107020,606,5,2025-11-10,2025-11-12,2025-11-12,719795,livree
107021,16644,4,2025-11-11,2025-11-16,2025-11-16,172070,livree
107022,9141,4,2025-11-11,2025-11-16,2025-11-15,467595,livree
107023,606,4,2025-11-10,2025-11-12,2025-11-13,60135,livree
107024,6975,5,2025-11-11,2025-11-13,2025-11-12,86105,livree
107025,15558,5,2025-11-13,2025-11-20,2025-11-20,282325,livree
107026,7814,3,2025-11-13,2025-11-20,2025-11-19,672015,livree
107027,6980,5,2025-11-11,2025-11-13,,932005,annulee
107028,8194,6,2025-11-11,2025-11-16,2025-11-16,650060,livree
107029,21432,5,2025-11-11,2025-11-13,2025-11-13,1120685,livree
107030,23899,5,2025-11-11,2025-11-18,2025-11-17,794550,livree
107031,16924,4,2025-11-14,2025-11-16,2025-11-16,1259160,livree
107032,14037,1,2025-11-14,2025-11-19,2025-11-18,720850,livree
107033,23676,4,2025-11-14,2025-11-16,2025-11-16,189485,livree
107034,17813,2,2025-11-14,2025-11-24,2025-11-25,877985,livree
107035,16237,6,2025-11-13,2025-11-18,2025-11-18,1087935,livree
107036,11561,3,2025-11-14,2025-11-21,2025-11-24,1139010,livree
107037,5498,4,2025-11-14,2025-11-17,2025-11-17,71880,livree
107038,5208,1,2025-11-15,2025-11-18,2025-11-18,963190,livree
107039,16938,1,2025-11-13,2025-11-20,2025-11-20,512860,livree
107040,12669,4,2025-11-15,2025-11-18,2025-11-18,454535,livree
107041,15767,5,2025-11-15,2025-11-17,2025-11-16,762960,livree
107042,20747,6,2025-11-14,2025-11-17,,431145,annulee
107043,13586,3,2025-11-14,2025-11-21,2025-11-21,705790,livree
107044,9704,1,2025-11-15,2025-11-18,2025-11-18,1413325,livree
107045,22868,5,2025-11-14,2025-11-17,2025-11-16,409225,livree
107046,19548,1,2025-11-16,2025-11-19,2025-11-20,286950,livree
107047,8801,4,2025-11-16,2025-11-21,2025-11-20,663520,livree
107048,15212,6,2025-11-14,2025-11-24,2025-12-14,780635,livree
107049,11656,5,2025-11-14,2025-11-24,2025-11-24,1078035,livree
107050,7590,6,2025-11-15,2025-11-25,2025-11-25,297860,livree
107051,18245,4,2025-11-15,2025-11-17,2025-11-25,1040345,livree
107052,9660,3,2025-11-16,2025-11-26,2025-11-26,161025,livree
107053,11005,1,2025-11-15,2025-11-22,2025-11-22,1192460,livree
107054,18175,5,2025-11-15,2025-11-18,2025-11-18,1081795,livree
107055,5245,3,2025-11-17,2025-11-20,2025-11-19,533095,livree
107056,23890,5,2025-11-16,2025-11-26,2025-11-25,1349000,livree
107057,12857,2,2025-11-17,2025-11-27,2025-11-27,1305785,livree
107058,4649,2,2025-11-16,2025-11-21,2025-11-21,1166150,livree
107059,22786,3,2025-11-17,2025-11-27,2025-11-27,681310,livree
107060,16478,4,2025-11-16,2025-11-19,,611585,annulee
107061,19431,3,2025-11-16,2025-11-26,2025-11-26,1415750,livree
107062,7855,2,2025-11-17,2025-11-20,2025-12-10,172310,livree
107063,14655,5,2025-11-18,2025-11-21,2025-11-21,1204035,livree
107064,5827,6,2025-11-16,2025-11-23,,498895,annulee
107065,15470,1,2025-11-17,2025-11-20,2025-11-20,1047795,livree
107066,22460,5,2025-11-19,2025-11-21,2025-11-23,139450,livree
107067,20674,3,2025-11-18,2025-11-28,2025-11-28,1286415,livree
107068,8719,3,2025-11-19,2025-11-22,2025-11-21,1181505,livree
107069,6519,1,2025-11-17,2025-11-22,2025-11-22,428545,livree
107070,4473,1,2025-11-17,2025-11-27,2025-11-30,1278040,livree
107071,18417,5,2025-11-18,2025-11-20,2025-11-19,697040,livree
107072,1823,6,2025-11-19,2025-11-22,2025-11-22,1148175,livree
107073,3297,5,2025-11-20,2025-11-23,2025-11-23,274725,livree
107074,2544,3,2025-11-18,2025-11-21,2025-11-20,232605,livree
107075,15816,4,2025-11-18,2025-11-23,2025-11-23,58870,livree
107076,19498,4,2025-11-19,2025-11-24,2025-12-02,543440,livree
107077,11274,5,2025-11-18,2025-11-23,2025-11-22,153735,livree
107078,22730,3,2025-11-21,2025-11-24,2025-11-23,1314590,livree
107079,8183,4,2025-11-19,2025-11-21,2025-11-20,660660,livree
107080,11603,6,2025-11-19,2025-11-29,2025-11-29,953485,livree
107081,1344,6,2025-11-19,2025-11-24,2025-12-06,663225,livree
107082,7595,2,2025-11-19,2025-11-24,2025-11-23,321480,livree
107083,5469,6,2025-11-19,2025-11-22,2025-11-21,437900,livree
107084,11027,3,2025-11-20,2025-11-25,,1212155,annulee
107085,5639,6,2025-11-21,2025-12-01,2025-12-01,786765,livree
107086,11177,5,2025-11-22,2025-11-25,2025-11-25,953610,livree
107087,14407,3,2025-11-21,2025-11-26,2025-11-27,1300475,livree
107088,13507,6,2025-11-22,2025-12-02,2025-12-02,233700,livree
107089,3627,6,2025-11-20,2025-11-25,2025-11-27,832110,livree
107090,619,3,2025-11-21,2025-11-28,2025-11-28,994720,livree
107091,13645,6,2025-11-21,2025-11-24,2025-11-23,609905,livree
107092,17433,6,2025-11-23,2025-11-26,,92100,annulee
107093,19376,6,2025-11-22,2025-11-25,2025-11-24,1340430,livree
107094,14532,5,2025-11-21,2025-12-01,2025-11-30,889015,livree
107095,21402,3,2025-11-22,2025-11-27,2025-11-27,1270955,livree
107096,7385,1,2025-11-22,2025-12-02,2025-12-02,318945,livree
107097,185,6,2025-11-21,2025-11-26,2025-11-26,776450,livree
107098,12719,3,2025-11-22,2025-11-29,2025-11-29,176265,livree
107099,4945,3,2025-11-23,2025-11-25,2025-11-24,1123300,livree
107100,18856,3,2025-11-24,2025-11-27,2025-11-27,1070355,livree
107101,10820,6,2025-11-23,2025-11-25,2025-11-25,75865,livree
107102,18163,3,2025-11-22,2025-11-29,2025-11-29,1446625,livree
107103,10379,1,2025-11-24,2025-11-29,2025-11-29,1420875,livree
107104,20328,3,2025-11-24,2025-11-27,2025-11-27,1213990,livree
107105,5775,3,2025-11-25,2025-11-30,2025-12-20,1440655,livree
107106,12841,4,2025-11-25,2025-11-28,2025-11-28,742560,livree
107107,3515,1,2025-11-23,2025-11-26,,887700,annulee
107108,11222,4,2025-11-25,2025-11-30,2025-12-02,76365,livree
107109,7909,5,2025-11-24,2025-11-27,2025-11-26,882050,livree
107110,15535,1,2025-11-25,2025-12-02,2025-12-01,243245,livree
107111,14049,1,2025-11-25,2025-12-05,2025-12-13,917630,livree
107112,21689,5,2025-11-25,2025-11-28,2025-11-28,1196210,livree
107113,17399,1,2025-11-25,2025-11-28,2025-11-28,1348440,livree
107114,15395,4,2025-11-24,2025-11-26,2025-12-04,1060475,livree
107115,18043,5,2025-11-25,2025-11-30,2025-11-29,904220,livree
107116,10042,1,2025-11-26,2025-12-01,2025-12-01,704635,livree
107117,12344,5,2025-11-24,2025-11-26,2025-11-26,242575,livree
107118,16409,2,2025-11-25,2025-12-02,2025-12-02,523245,livree
107119,9135,3,2025-11-26,2025-12-01,2025-12-01,625650,livree
107120,23249,2,2025-11-27,2025-11-30,2025-11-29,893355,livree
107121,7375,5,2025-11-27,2025-11-29,2025-11-29,509115,livree
107122,11130,5,2025-11-25,2025-12-05,2025-12-05,1178170,livree
107123,60,4,2025-11-27,2025-11-29,2026-01-13,234350,livree
107124,22695,4,2025-11-25,2025-11-27,2025-11-29,956630,livree
107125,15224,1,2025-11-27,2025-11-30,2025-11-30,313095,livree
107126,16595,5,2025-11-27,2025-11-29,2025-11-29,657620,livree
107127,2595,3,2025-11-26,2025-12-01,2025-12-01,675090,livree
107128,4561,6,2025-11-27,2025-12-04,2025-12-04,1280570,livree
107129,9568,2,2025-11-28,2025-12-01,2025-11-30,885825,livree
107130,4102,4,2025-11-27,2025-11-29,2025-11-29,898670,livree
107131,14316,3,2025-11-28,2025-11-30,2025-11-30,1125720,livree
107132,23349,6,2025-11-27,2025-11-29,2025-11-28,217650,livree
107133,6234,5,2025-11-27,2025-11-30,2025-11-30,369020,livree
107134,23623,6,2025-11-28,2025-12-05,2025-12-04,887110,livree
107135,2722,6,2025-11-28,2025-12-03,2025-12-02,902400,livree
107136,18962,3,2025-11-28,2025-12-05,2025-12-05,693660,livree
107137,1382,3,2025-11-27,2025-12-07,2025-12-07,425060,livree
107138,20678,3,2025-11-27,2025-11-30,2025-11-30,524415,livree
107139,16152,1,2025-11-28,2025-12-08,2025-12-08,877525,livree
107140,18917,4,2025-11-30,2025-12-05,2025-12-05,450985,livree
107141,22472,4,2025-11-28,2025-12-01,2025-11-30,62420,livree
107142,625,2,2025-11-28,2025-12-03,2025-12-03,823010,livree
107143,6302,1,2025-11-28,2025-12-03,2025-12-03,805740,livree
107144,21529,2,2025-11-30,2025-12-03,2025-12-02,1363005,livree
107145,6601,5,2025-11-29,2025-12-09,2025-12-09,902700,livree
107146,4396,4,2025-11-29,2025-12-06,2025-12-05,278025,livree
107147,2927,2,2025-11-30,2025-12-10,2025-12-11,451615,livree
107148,6936,4,2025-11-30,2025-12-03,2025-12-03,1100390,livree
107149,13118,2,2025-12-01,2025-12-03,2025-12-02,142480,livree
107150,7074,2,2025-11-30,2025-12-02,2025-12-02,1435495,livree
107151,11014,1,2025-11-30,2025-12-07,2025-12-08,260570,livree
107152,23021,2,2025-12-02,2025-12-07,2025-12-08,867330,livree
107153,7471,4,2025-11-30,2025-12-03,2025-12-03,127895,livree
107154,2693,1,2025-11-30,2025-12-07,2025-12-07,1268810,livree
107155,10221,3,2025-11-30,2025-12-05,2025-12-05,1310300,livree
107156,15383,4,2025-11-30,2025-12-03,2025-12-03,510330,livree
107157,23259,4,2025-12-02,2025-12-12,2025-12-11,1192900,livree
107158,14408,6,2025-12-02,2025-12-09,2025-12-09,1211070,livree
107159,18812,2,2025-12-01,2025-12-04,2025-12-03,1257710,livree
107160,13862,4,2025-12-03,2025-12-13,2025-12-13,1319940,livree
107161,7142,5,2025-12-02,2025-12-05,2025-12-05,271250,livree
107162,6129,1,2025-12-01,2025-12-03,2025-12-02,466185,livree
107163,1479,6,2025-12-02,2025-12-09,2025-12-09,1227555,livree
107164,12616,1,2025-12-02,2025-12-05,2025-12-04,437565,livree
107165,6183,4,2025-12-01,2025-12-11,2025-12-10,452100,livree
107166,6586,5,2025-12-02,2025-12-05,2025-12-05,1376575,livree
107167,4011,1,2025-12-02,2025-12-04,2025-12-04,895210,livree
107168,11263,1,2025-12-04,2025-12-06,2025-12-06,297240,livree
107169,3381,3,2025-12-02,2025-12-04,2025-12-04,198730,livree
107170,6767,4,2025-12-02,2025-12-09,2025-12-13,239715,livree
107171,871,5,2025-12-02,2025-12-12,2025-12-20,1079020,livree
107172,20401,1,2025-12-05,2025-12-10,2025-12-10,55245,livree
107173,18648,5,2025-12-03,2025-12-10,2025-12-10,1248215,livree
107174,3651,4,2025-12-03,2025-12-06,2025-12-06,1161645,livree
107175,4930,5,2025-12-04,2025-12-09,2025-12-09,610665,livree
107176,21364,3,2025-12-04,2025-12-07,2025-12-07,965805,livree
107177,18556,2,2025-12-05,2025-12-10,2025-12-10,736525,livree
107178,8501,1,2025-12-05,2025-12-15,2025-12-15,712715,livree
107179,13488,3,2025-12-04,2025-12-09,2025-12-08,1104910,livree
107180,10401,6,2025-12-05,2025-12-15,2026-01-04,627265,livree
107181,15060,2,2025-12-04,2025-12-09,,849460,annulee
107182,6706,4,2025-12-05,2025-12-08,2025-12-07,875180,livree
107183,10931,3,2025-12-05,2025-12-08,2025-12-07,1407775,livree
107184,11164,1,2025-12-04,2025-12-11,2025-12-10,165895,livree
107185,9262,4,2025-12-04,2025-12-06,2025-12-06,544465,livree
107186,18307,2,2025-12-06,2025-12-11,2025-12-11,1271220,livree
107187,13720,1,2025-12-06,2025-12-09,2025-12-09,1198710,livree
107188,849,1,2025-12-06,2025-12-09,2025-12-09,796845,livree
107189,14502,5,2025-12-06,2025-12-16,2025-12-16,653675,livree
107190,15403,3,2025-12-06,2025-12-09,2025-12-09,684725,livree
107191,15307,2,2025-12-06,2025-12-11,2025-12-11,1101100,livree
107192,3806,6,2025-12-07,2025-12-09,2025-12-21,1050585,livree
107193,19489,4,2025-12-07,2025-12-12,2025-12-14,1305850,livree
107194,900,4,2025-12-06,2025-12-13,2025-12-13,1291290,livree
107195,3722,3,2025-12-08,2025-12-10,2025-12-30,422360,livree
107196,16565,6,2025-12-08,2025-12-10,2025-12-09,92690,livree
107197,3984,5,2025-12-07,2025-12-14,2025-12-13,709790,livree
107198,21304,3,2025-12-06,2025-12-11,2025-12-10,331410,livree
107199,3432,2,2025-12-09,2025-12-16,2025-12-28,1151170,livree
107200,20410,6,2025-12-09,2025-12-19,2025-12-18,1420160,livree
107201,16444,5,2025-12-08,2025-12-10,2025-12-10,1044815,livree
107202,8160,5,2025-12-08,2025-12-10,2025-12-10,1094465,livree
107203,23416,2,2025-12-08,2025-12-18,2025-12-18,719280,livree
107204,22199,6,2025-12-09,2025-12-19,2025-12-19,982565,livree
107205,8349,1,2025-12-08,2025-12-13,2025-12-13,670100,livree
107206,11365,6,2025-12-09,2025-12-12,2025-12-11,241410,livree
107207,13119,1,2025-12-09,2025-12-16,2025-12-16,172355,livree
107208,17478,6,2025-12-09,2025-12-14,2025-12-14,168075,livree
107209,7221,3,2025-12-08,2025-12-15,2025-12-15,1440075,livree
107210,3104,5,2025-12-10,2025-12-20,2025-12-28,788515,livree
107211,9832,1,2025-12-10,2025-12-15,2025-12-20,1019000,livree
107212,5780,3,2025-12-10,2025-12-20,2025-12-19,1034265,livree
107213,10087,3,2025-12-09,2025-12-14,2025-12-17,1444925,livree
107214,11492,4,2025-12-11,2025-12-18,2025-12-17,1385295,livree
107215,20399,2,2025-12-10,2025-12-15,2025-12-15,1088980,livree
107216,13139,5,2025-12-10,2025-12-13,2025-12-13,1007995,livree
107217,11372,2,2025-12-10,2025-12-20,2025-12-20,1122880,livree
107218,13617,1,2025-12-09,2025-12-14,2025-12-14,923620,livree
107219,17909,3,2025-12-11,2025-12-13,2025-12-12,854095,livree
107220,5972,6,2025-12-12,2025-12-14,2026-01-03,302985,livree
107221,2486,6,2025-12-11,2025-12-16,2025-12-15,1151610,livree
107222,4930,2,2025-12-10,2025-12-13,2025-12-13,449540,livree
107223,22306,4,2025-12-10,2025-12-12,2026-01-26,1388340,livree
107224,12488,5,2025-12-12,2025-12-15,2025-12-15,845620,livree
107225,10128,2,2025-12-10,2025-12-13,2025-12-13,656940,livree
107226,20861,2,2025-12-13,2025-12-16,2025-12-19,1052615,livree
107227,11694,3,2025-12-13,2025-12-20,2025-12-20,160075,livree
107228,17990,3,2025-12-13,2025-12-23,2025-12-23,492205,livree
107229,13091,6,2025-12-13,2025-12-15,2025-12-14,491655,livree
107230,3292,2,2025-12-11,2025-12-14,2025-12-13,1245725,livree
107231,13841,2,2025-12-12,2025-12-19,2025-12-19,1163975,livree
107232,23828,6,2025-12-11,2025-12-14,2025-12-22,1006955,livree
107233,16010,6,2025-12-14,2025-12-21,2025-12-20,1283070,livree
107234,1711,3,2025-12-12,2025-12-17,2025-12-17,296245,livree
107235,12205,3,2025-12-14,2025-12-17,2025-12-17,363685,livree
107236,2527,2,2025-12-12,2025-12-15,2025-12-15,859775,livree
107237,4687,6,2025-12-12,2025-12-22,2025-12-21,650370,livree
107238,12400,3,2025-12-13,2025-12-18,2025-12-17,1198205,livree
107239,12128,3,2025-12-14,2025-12-17,2025-12-17,660775,livree
107240,1556,3,2025-12-15,2025-12-20,2025-12-20,540830,livree
107241,1438,4,2025-12-13,2025-12-15,2025-12-15,603620,livree
107242,2345,5,2025-12-14,2025-12-24,2025-12-24,1428530,livree
107243,1703,4,2025-12-13,2025-12-20,2025-12-23,495545,livree
107244,14017,6,2025-12-14,2025-12-16,2025-12-16,1308050,livree
107245,19615,3,2025-12-13,2025-12-20,2026-02-03,872550,livree
107246,6756,1,2025-12-16,2025-12-21,2025-12-20,116510,livree
107247,19932,2,2025-12-16,2025-12-19,2025-12-19,722395,livree
107248,15490,3,2025-12-15,2025-12-20,2025-12-19,663900,livree
107249,19085,1,2025-12-15,2025-12-20,2025-12-19,439030,livree
107250,22480,6,2025-12-16,2025-12-18,2025-12-18,731055,livree
107251,656,3,2025-12-16,2025-12-23,2025-12-23,963420,livree
107252,5845,1,2025-12-14,2025-12-19,2025-12-18,1098410,livree
107253,15085,1,2025-12-17,2025-12-22,2025-12-22,1169745,livree
107254,10334,5,2025-12-15,2025-12-18,2025-12-18,369815,livree
107255,7399,5,2025-12-17,2025-12-24,2025-12-25,285095,livree
107256,22666,5,2025-12-17,2025-12-22,2025-12-21,1285865,livree
107257,21568,3,2025-12-15,2025-12-22,2025-12-22,365645,livree
107258,19801,3,2025-12-17,2025-12-20,2025-12-20,819840,livree
107259,2753,3,2025-12-16,2025-12-21,2025-12-21,1234115,livree
107260,21696,6,2025-12-16,2025-12-18,2025-12-17,970365,livree
107261,17897,2,2025-12-17,2025-12-27,2025-12-27,1340260,livree
107262,5780,5,2025-12-17,2025-12-22,2025-12-26,588685,livree
107263,15180,3,2025-12-18,2025-12-21,2025-12-20,1317220,livree
107264,9736,6,2025-12-16,2025-12-26,2026-01-03,697905,livree
107265,23549,2,2025-12-16,2025-12-18,2025-12-18,413420,livree
107266,8899,5,2025-12-19,2025-12-29,2025-12-29,689775,livree
107267,6259,5,2025-12-18,2025-12-28,2025-12-28,612500,livree
107268,20157,1,2025-12-19,2025-12-21,2025-12-21,161205,livree
107269,13045,3,2025-12-19,2025-12-21,2025-12-21,1272840,livree
107270,12428,6,2025-12-19,2025-12-24,2026-02-07,1354100,livree
107271,7594,6,2025-12-18,2025-12-25,2025-12-24,765910,livree
107272,15304,6,2025-12-18,2025-12-23,2025-12-22,900335,livree
107273,23648,2,2025-12-19,2025-12-24,2025-12-23,1345055,livree
107274,12208,6,2025-12-18,2025-12-21,2025-12-21,874520,livree
107275,12581,4,2025-12-20,2025-12-25,2025-12-25,902340,livree
107276,1279,2,2025-12-20,2025-12-25,2025-12-25,977875,livree
107277,16170,3,2025-12-20,2025-12-22,2025-12-22,383355,livree
107278,11610,5,2025-12-19,2025-12-24,2026-01-01,321640,livree
107279,7527,6,2025-12-20,2025-12-23,2025-12-23,665375,livree
107280,11528,4,2025-12-19,2025-12-24,2025-12-24,1189015,livree
107281,8836,4,2025-12-20,2025-12-30,2026-01-01,53630,livree
107282,7295,5,2025-12-21,2025-12-28,2025-12-28,1093925,livree
107283,4895,1,2025-12-21,2025-12-31,2025-12-30,870610,livree
107284,5096,3,2025-12-21,2025-12-24,2025-12-24,130090,livree
107285,10811,5,2025-12-21,2025-12-23,2025-12-22,1332435,livree
107286,6905,6,2025-12-21,2025-12-23,2025-12-23,516025,livree
107287,2839,5,2025-12-20,2025-12-30,2025-12-30,200450,livree
107288,3180,6,2025-12-20,2025-12-27,2025-12-27,153195,livree
107289,43,1,2025-12-22,2026-01-01,2026-01-01,138265,livree
107290,14409,4,2025-12-21,2025-12-24,2025-12-23,1358265,livree
107291,6722,3,2025-12-20,2025-12-22,2025-12-22,829330,livree
107292,15673,2,2025-12-22,2025-12-27,2025-12-27,159945,livree
107293,17047,4,2025-12-23,2025-12-26,2025-12-26,467090,livree
107294,9897,5,2025-12-23,2025-12-28,2025-12-28,1331645,livree
107295,14282,3,2025-12-23,2025-12-26,2025-12-26,1115490,livree
107296,6901,1,2025-12-21,2025-12-31,2025-12-30,924980,livree
107297,10542,2,2025-12-23,2025-12-30,2025-12-31,983315,livree
107298,12935,2,2025-12-23,2025-12-26,2025-12-26,1372460,livree
107299,9259,4,2025-12-21,2025-12-26,2025-12-25,551180,livree
107300,16256,4,2025-12-24,2025-12-31,2025-12-31,563605,livree
107301,23897,5,2025-12-22,2025-12-29,2025-12-29,1070220,livree
107302,3968,1,2025-12-22,2025-12-25,2025-12-25,1141430,livree
107303,15431,4,2025-12-22,2025-12-24,2025-12-26,466185,livree
107304,13402,5,2025-12-22,2025-12-25,2025-12-25,319870,livree
107305,3808,3,2025-12-23,2026-01-02,2026-01-01,766555,livree
107306,14898,1,2025-12-24,2026-01-03,2026-01-03,646065,livree
107307,17280,1,2025-12-24,2025-12-27,2025-12-26,136450,livree
107308,18848,2,2025-12-25,2025-12-27,2025-12-27,777035,livree
107309,16697,2,2025-12-25,2025-12-27,2025-12-27,306685,livree
107310,5739,2,2025-12-25,2025-12-28,2026-01-05,146325,livree
107311,21883,6,2025-12-25,2025-12-28,2026-02-11,258075,livree
107312,22906,2,2025-12-23,2025-12-30,2026-01-04,436840,livree
107313,22269,5,2025-12-25,2025-12-30,2026-01-11,1143300,livree
107314,4589,2,2025-12-26,2026-01-02,2026-01-01,1088445,livree
107315,12136,6,2025-12-25,2025-12-28,2025-12-28,360175,livree
107316,10716,5,2025-12-25,2025-12-30,2025-12-30,978615,livree
107317,575,3,2025-12-26,2025-12-29,2025-12-28,667760,livree
107318,11095,3,2025-12-25,2026-01-04,2026-01-04,657305,livree
107319,13329,4,2025-12-24,2025-12-27,2025-12-27,242910,livree
107320,2722,3,2025-12-26,2025-12-29,2025-12-29,840570,livree
107321,1444,2,2025-12-25,2025-12-27,2025-12-27,727645,livree
107322,15349,5,2025-12-27,2026-01-03,2026-01-02,515190,livree
107323,9724,4,2025-12-26,2025-12-31,2025-12-31,589690,livree
107324,8992,6,2025-12-25,2026-01-04,2026-01-04,809255,livree
107325,10887,5,2025-12-26,2025-12-31,2025-12-31,1442485,livree
107326,23895,3,2025-12-26,2025-12-29,2025-12-29,717755,livree
107327,22278,4,2025-12-28,2026-01-07,2026-01-06,149010,livree
107328,17136,1,2025-12-27,2026-01-06,2026-01-05,353540,livree
107329,13318,4,2025-12-26,2025-12-29,,194295,annulee
107330,10718,1,2025-12-28,2026-01-04,2026-01-08,605775,livree
107331,5655,3,2025-12-26,2026-01-05,2026-01-05,693980,livree
107332,21631,5,2025-12-26,2025-12-31,2025-12-31,772890,livree
107333,3462,2,2025-12-26,2025-12-31,2025-12-30,1192660,livree
107334,3797,1,2025-12-28,2025-12-30,2025-12-30,297755,livree
107335,15821,4,2025-12-29,2026-01-05,2026-01-04,516805,livree
107336,10678,2,2025-12-28,2026-01-02,2026-01-02,399745,livree
107337,3592,6,2025-12-28,2026-01-02,2026-01-05,704635,livree
107338,11722,2,2025-12-29,2025-12-31,2026-01-20,387525,livree
107339,17714,1,2025-12-28,2026-01-04,2026-01-04,1016545,livree
107340,11233,1,2025-12-29,2026-01-01,2026-01-01,445650,livree
107341,15385,4,2025-12-30,2026-01-04,2026-01-04,1192770,livree
107342,12953,4,2025-12-28,2025-12-30,2025-12-30,926700,livree
107343,765,3,2025-12-30,2026-01-02,2026-01-02,290525,livree
107344,13679,3,2025-12-30,2026-01-01,2026-01-01,235150,livree
107345,14538,5,2025-12-30,2026-01-09,2026-01-08,1378350,livree
107346,8895,4,2025-12-29,2026-01-03,,1448680,annulee
107347,1119,5,2025-12-31,2026-01-05,2026-01-25,194380,livree
107348,13385,5,2025-12-31,2026-01-03,2026-01-02,1040395,livree
107349,1787,5,2025-12-30,2026-01-04,2026-01-04,632410,livree
107350,5889,6,2025-12-29,2026-01-05,2026-01-05,1214270,livree
107351,4540,4,2025-12-29,2026-01-05,2026-01-05,1384740,livree
107352,13748,6,2025-12-29,2025-12-31,2025-12-31,512170,livree
107353,22622,3,2025-12-29,2026-01-08,2026-01-08,285690,livree
107354,14266,3,2026-01-01,2026-01-04,2026-01-04,771375,livree
107355,12463,6,2025-12-30,2026-01-02,2026-01-03,614500,livree
107356,3171,2,2025-12-30,2026-01-09,,50545,annulee
107357,8632,3,2025-12-31,2026-01-02,2026-01-02,306615,livree
107358,6537,4,2026-01-01,2026-01-03,2026-01-03,1088415,livree
107359,2583,3,2025-12-30,2026-01-09,2026-01-09,1341110,livree
107360,2261,6,2026-01-01,2026-01-04,2026-01-03,696580,livree
107361,20938,4,2026-01-02,2026-01-05,2026-01-05,263020,livree
107362,4966,5,2025-12-31,2026-01-05,2026-01-08,1395920,livree
107363,820,3,2026-01-01,2026-01-03,2026-02-17,507550,livree
107364,12274,1,2026-01-01,2026-01-06,2026-01-05,281475,livree
107365,21061,2,2026-01-01,2026-01-03,2026-01-02,158665,livree
107366,3562,5,2025-12-31,2026-01-03,2026-01-07,1240500,livree
107367,12859,4,2026-01-03,2026-01-13,2026-01-14,814825,livree
107368,9674,5,2026-01-02,2026-01-05,2026-01-05,281430,livree
107369,5453,6,2026-01-03,2026-01-13,2026-01-13,212760,livree
107370,20575,5,2026-01-01,2026-01-11,2026-01-11,684135,livree
107371,16482,6,2026-01-01,2026-01-11,2026-01-11,1330635,livree
107372,16913,1,2026-01-02,2026-01-12,2026-01-20,348015,livree
107373,19172,6,2026-01-01,2026-01-04,2026-01-04,1332365,livree
107374,2605,6,2026-01-04,2026-01-09,2026-01-09,910005,livree
107375,13411,1,2026-01-04,2026-01-06,2026-01-06,230200,livree
107376,9224,1,2026-01-03,2026-01-05,2026-01-04,1380220,livree
107377,5176,6,2026-01-04,2026-01-11,2026-01-10,955675,livree
107378,3880,3,2026-01-04,2026-01-11,2026-01-13,1442215,livree
107379,23791,6,2026-01-04,2026-01-09,2026-01-09,289545,livree
107380,3536,5,2026-01-02,2026-01-05,2026-01-07,1175445,livree
107381,13328,3,2026-01-04,2026-01-09,2026-01-08,1371700,livree
107382,4040,3,2026-01-03,2026-01-08,2026-01-08,161690,livree
107383,10529,6,2026-01-04,2026-01-07,2026-01-19,502805,livree
107384,17227,5,2026-01-03,2026-01-08,2026-01-08,492630,livree
107385,21276,6,2026-01-04,2026-01-09,2026-01-08,575660,livree
107386,9559,1,2026-01-05,2026-01-10,2026-01-10,619055,livree
107387,2454,4,2026-01-06,2026-01-09,2026-01-09,989985,livree
107388,17669,3,2026-01-06,2026-01-08,2026-01-07,1261775,livree
107389,15207,5,2026-01-05,2026-01-12,2026-01-11,1425705,livree
107390,12206,1,2026-01-06,2026-01-11,2026-01-16,66685,livree
107391,18024,3,2026-01-06,2026-01-13,2026-01-13,186025,livree
107392,9864,3,2026-01-04,2026-01-06,,687840,annulee
107393,3106,2,2026-01-05,2026-01-08,2026-01-07,234150,livree
107394,18730,1,2026-01-07,2026-01-09,2026-01-12,246920,livree
107395,19882,2,2026-01-05,2026-01-15,2026-01-14,1193285,livree
107396,15953,2,2026-01-07,2026-01-17,2026-01-17,1175850,livree
107397,21462,4,2026-01-06,2026-01-11,2026-01-13,229975,livree
107398,11798,2,2026-01-07,2026-01-10,2026-01-13,401125,livree
107399,1067,5,2026-01-07,2026-01-12,2026-01-20,1038550,livree
107400,7825,1,2026-01-07,2026-01-09,2026-01-08,1044925,livree
107401,6892,6,2026-01-07,2026-01-10,2026-01-10,59845,livree
107402,12936,4,2026-01-06,2026-01-13,2026-01-12,967585,livree
107403,6530,4,2026-01-06,2026-01-09,2026-01-09,832760,livree
107404,22110,4,2026-01-08,2026-01-13,2026-01-16,336680,livree
107405,22993,2,2026-01-06,2026-01-13,2026-01-13,356395,livree
107406,11163,5,2026-01-08,2026-01-13,2026-01-12,635080,livree
107407,11988,3,2026-01-08,2026-01-13,2026-01-12,418480,livree
107408,14641,6,2026-01-07,2026-01-14,2026-02-28,362540,livree
107409,13184,4,2026-01-09,2026-01-14,2026-01-18,568740,livree
107410,17006,1,2026-01-08,2026-01-18,2026-01-26,865845,livree
107411,239,3,2026-01-09,2026-01-12,2026-01-11,517370,livree
107412,14889,2,2026-01-07,2026-01-12,2026-01-12,843115,livree
107413,981,6,2026-01-07,2026-01-10,2026-01-09,1358475,livree
107414,21714,6,2026-01-08,2026-01-13,2026-01-25,347440,livree
107415,20932,1,2026-01-09,2026-01-16,2026-01-16,98475,livree
107416,21031,2,2026-01-10,2026-01-20,2026-01-22,1126720,livree
107417,10647,1,2026-01-08,2026-01-10,2026-01-10,472955,livree
107418,6916,1,2026-01-10,2026-01-12,2026-01-12,1137165,livree
107419,3548,5,2026-01-08,2026-01-11,2026-01-11,1047965,livree
107420,7414,1,2026-01-10,2026-01-13,2026-01-12,961245,livree
107421,12227,6,2026-01-10,2026-01-20,2026-01-24,406985,livree
107422,21354,5,2026-01-09,2026-01-14,2026-01-14,356085,livree
107423,21511,5,2026-01-09,2026-01-12,2026-01-11,907100,livree
107424,20942,4,2026-01-10,2026-01-13,2026-01-12,947130,livree
107425,12385,1,2026-01-11,2026-01-13,2026-01-12,798105,livree
107426,5117,5,2026-01-11,2026-01-13,2026-01-13,520295,livree
107427,11276,5,2026-01-11,2026-01-21,2026-01-22,247820,livree
107428,15321,1,2026-01-11,2026-01-16,2026-01-16,267690,livree
107429,19185,6,2026-01-10,2026-01-13,2026-01-13,106305,livree
107430,1741,1,2026-01-12,2026-01-17,2026-01-17,707035,livree
107431,9624,6,2026-01-12,2026-01-17,2026-01-17,250525,livree
107432,3686,2,2026-01-10,2026-01-20,,150285,annulee
107433,15278,1,2026-01-10,2026-01-17,2026-01-16,1044990,livree
107434,19630,5,2026-01-11,2026-01-14,2026-01-14,51320,livree
107435,22254,5,2026-01-12,2026-01-15,2026-01-15,572895,livree
107436,9745,3,2026-01-12,2026-01-14,2026-01-14,1113455,livree
107437,3017,4,2026-01-11,2026-01-14,2026-01-14,1162275,livree
107438,7832,5,2026-01-11,2026-01-14,2026-01-14,593430,livree
107439,2024,6,2026-01-13,2026-01-20,2026-01-20,1210055,livree
107440,5667,6,2026-01-11,2026-01-21,2026-01-20,978680,livree
107441,6918,4,2026-01-12,2026-01-15,2026-01-14,774610,livree
107442,284,1,2026-01-13,2026-01-18,2026-01-21,1081040,livree
107443,3323,5,2026-01-14,2026-01-24,2026-01-24,749385,livree
107444,1497,2,2026-01-14,2026-01-19,2026-01-18,336755,livree
107445,16326,3,2026-01-14,2026-01-24,2026-01-25,255830,livree
107446,9292,4,2026-01-12,2026-01-17,2026-01-17,639215,livree
107447,21837,2,2026-01-13,2026-01-18,2026-01-18,465715,livree
107448,1780,1,2026-01-13,2026-01-15,,671665,annulee
107449,5668,6,2026-01-15,2026-01-17,2026-01-17,124500,livree
107450,6042,1,2026-01-13,2026-01-20,2026-01-20,1441215,livree
107451,17136,6,2026-01-14,2026-01-16,2026-01-16,1272105,livree
107452,19575,5,2026-01-13,2026-01-18,2026-01-18,542570,livree
107453,10558,6,2026-01-14,2026-01-24,2026-01-23,656665,livree
107454,23145,1,2026-01-13,2026-01-16,2026-01-17,896080,livree
107455,15581,2,2026-01-15,2026-01-17,2026-01-17,1201985,livree
107456,9132,5,2026-01-15,2026-01-25,2026-01-25,996190,livree
107457,672,6,2026-01-14,2026-01-21,2026-01-20,352485,livree
107458,13295,4,2026-01-16,2026-01-21,2026-01-21,1193740,livree
107459,5622,3,2026-01-14,2026-01-17,2026-01-17,91085,livree
107460,12655,3,2026-01-16,2026-01-19,2026-01-18,379275,livree
107461,20602,4,2026-01-17,2026-01-20,2026-01-20,1201910,livree
107462,5519,4,2026-01-15,2026-01-22,2026-03-08,1132020,livree
107463,17529,1,2026-01-15,2026-01-20,2026-01-19,775820,livree
107464,141,1,2026-01-17,2026-01-22,2026-01-21,738540,livree
107465,17339,4,2026-01-16,2026-01-21,2026-01-21,1161750,livree
107466,5867,5,2026-01-15,2026-01-20,2026-01-20,1007895,livree
107467,15874,6,2026-01-15,2026-01-18,2026-01-18,165430,livree
107468,13544,5,2026-01-17,2026-01-24,2026-01-24,319120,livree
107469,6820,5,2026-01-17,2026-01-22,2026-02-11,689265,livree
107470,15296,1,2026-01-16,2026-01-23,2026-01-23,662030,livree
107471,5901,1,2026-01-17,2026-01-27,2026-01-27,1234290,livree
107472,9956,1,2026-01-17,2026-01-20,2026-01-20,419625,livree
107473,3477,1,2026-01-16,2026-01-23,2026-01-22,215805,livree
107474,16404,4,2026-01-16,2026-01-18,2026-01-18,422590,livree
107475,6967,2,2026-01-19,2026-01-24,2026-02-13,435600,livree
107476,21507,4,2026-01-17,2026-01-19,2026-01-18,140940,livree
107477,15484,3,2026-01-19,2026-01-24,2026-01-24,1300495,livree
107478,15903,3,2026-01-19,2026-01-26,2026-01-26,395495,livree
107479,22436,3,2026-01-19,2026-01-22,2026-01-27,912720,livree
107480,8441,4,2026-01-18,2026-01-21,2026-01-21,1084965,livree
107481,23677,1,2026-01-18,2026-01-25,2026-01-25,993075,livree
107482,7414,1,2026-01-19,2026-01-24,2026-01-23,585760,livree
107483,18947,4,2026-01-19,2026-01-29,2026-01-28,1082925,livree
107484,12273,3,2026-01-19,2026-01-26,2026-01-25,707035,livree
107485,5868,3,2026-01-18,2026-01-21,2026-01-21,1239935,livree
107486,17302,6,2026-01-19,2026-01-21,2026-01-21,611225,livree
107487,13541,1,2026-01-18,2026-01-28,2026-01-27,723255,livree
107488,15586,5,2026-01-20,2026-01-25,2026-01-25,705250,livree
107489,13143,5,2026-01-21,2026-01-24,2026-01-24,306965,livree
107490,16748,1,2026-01-20,2026-01-27,2026-01-28,1363540,livree
107491,5241,4,2026-01-21,2026-01-24,,995490,annulee
107492,11035,3,2026-01-20,2026-01-27,2026-01-27,246450,livree
107493,11796,2,2026-01-19,2026-01-22,2026-03-08,1178850,livree
107494,6043,1,2026-01-19,2026-01-29,2026-01-28,1153740,livree
107495,6659,5,2026-01-22,2026-01-25,2026-01-25,1318685,livree
107496,22731,1,2026-01-21,2026-01-26,2026-01-25,1275495,livree
107497,2002,1,2026-01-21,2026-01-31,2026-01-31,193345,livree
107498,23863,2,2026-01-20,2026-01-30,2026-01-30,1253945,livree
107499,4900,5,2026-01-20,2026-01-23,2026-01-23,1325735,livree
107500,8751,3,2026-01-22,2026-02-01,,723945,annulee
107501,11159,3,2026-01-21,2026-01-28,2026-01-28,576755,livree
107502,18923,4,2026-01-23,2026-01-25,2026-01-25,1291590,livree
107503,2199,1,2026-01-23,2026-01-26,2026-01-26,1059730,livree
107504,15256,6,2026-01-23,2026-01-26,2026-01-26,1398145,livree
107505,1708,2,2026-01-22,2026-02-01,2026-02-01,425035,livree
107506,20009,6,2026-01-21,2026-01-28,2026-01-28,620895,livree
107507,7389,4,2026-01-21,2026-01-28,2026-01-27,729890,livree
107508,5320,4,2026-01-23,2026-01-26,2026-01-25,258220,livree
107509,22331,6,2026-01-24,2026-01-27,2026-01-26,1426565,livree
107510,6553,5,2026-01-22,2026-02-01,2026-02-01,455405,livree
107511,17183,2,2026-01-22,2026-01-25,2026-01-24,176450,livree
107512,4289,3,2026-01-23,2026-01-25,2026-01-26,997905,livree
107513,11615,2,2026-01-23,2026-01-26,2026-01-26,1312135,livree
107514,23240,1,2026-01-22,2026-02-01,2026-02-01,344915,livree
107515,11156,3,2026-01-24,2026-01-29,2026-02-10,680085,livree
107516,1744,3,2026-01-23,2026-01-26,2026-01-26,95350,livree
107517,18593,4,2026-01-24,2026-01-29,2026-01-29,387535,livree
107518,3457,5,2026-01-23,2026-01-28,2026-01-28,394270,livree
107519,17033,5,2026-01-24,2026-01-29,2026-01-28,1318400,livree
107520,15696,6,2026-01-25,2026-01-30,2026-01-29,138315,livree
107521,5632,6,2026-01-24,2026-01-27,2026-01-26,249940,livree
107522,6929,1,2026-01-25,2026-02-04,2026-02-04,1264545,livree
107523,18732,6,2026-01-26,2026-01-29,2026-01-28,375115,livree
107524,8701,3,2026-01-24,2026-01-27,2026-01-26,966085,livree
107525,13891,6,2026-01-26,2026-02-02,,364365,annulee
107526,20511,6,2026-01-24,2026-01-27,2026-01-26,344670,livree
107527,18591,1,2026-01-25,2026-01-27,2026-01-27,748225,livree
107528,12272,2,2026-01-26,2026-02-05,2026-03-22,1080245,livree
107529,6662,2,2026-01-27,2026-02-01,2026-02-01,1041700,livree
107530,17528,3,2026-01-25,2026-01-28,2026-01-27,932430,livree
107531,17426,5,2026-01-25,2026-02-04,2026-02-04,599630,livree
107532,17000,6,2026-01-27,2026-02-01,2026-02-01,1117435,livree
107533,17630,2,2026-01-27,2026-02-01,2026-02-09,330760,livree
107534,22975,3,2026-01-25,2026-01-28,2026-01-28,948980,livree
107535,4666,4,2026-01-26,2026-01-28,2026-01-28,1237700,livree
107536,22907,2,2026-01-27,2026-02-06,2026-02-06,187615,livree
107537,2782,6,2026-01-28,2026-02-02,2026-02-02,1222575,livree
107538,16801,3,2026-01-28,2026-01-31,2026-01-30,335690,livree
107539,629,6,2026-01-26,2026-01-31,2026-01-30,142150,livree
107540,20722,4,2026-01-28,2026-02-02,2026-02-01,312450,livree
107541,15786,6,2026-01-27,2026-02-06,2026-02-05,744990,livree
107542,5600,5,2026-01-28,2026-02-02,2026-02-01,671260,livree
107543,10821,5,2026-01-28,2026-02-02,2026-02-03,374020,livree
107544,23689,4,2026-01-27,2026-01-29,2026-01-28,585455,livree
107545,2509,6,2026-01-27,2026-02-01,,1052515,annulee
107546,18264,4,2026-01-28,2026-02-04,2026-02-04,780640,livree
107547,10585,2,2026-01-27,2026-02-03,2026-02-03,1214860,livree
107548,10758,2,2026-01-27,2026-01-30,,986915,annulee
107549,3746,1,2026-01-30,2026-02-02,2026-02-02,720875,livree
107550,20627,2,2026-01-30,2026-02-02,2026-02-02,1298850,livree
107551,3673,2,2026-01-30,2026-02-06,2026-02-05,198220,livree
107552,9367,2,2026-01-30,2026-02-06,,125235,annulee
107553,15399,1,2026-01-30,2026-02-02,2026-02-01,1003545,livree
107554,11554,4,2026-01-28,2026-02-02,2026-02-02,591100,livree
107555,12863,6,2026-01-30,2026-02-04,2026-02-04,103035,livree
107556,10658,2,2026-01-31,2026-02-05,2026-02-04,1142565,livree
107557,18071,2,2026-01-30,2026-02-06,2026-02-06,187735,livree
107558,18483,1,2026-01-29,2026-02-01,2026-02-01,678815,livree
107559,6825,6,2026-01-29,2026-02-03,2026-02-03,1241830,livree
107560,11289,6,2026-01-29,2026-02-01,2026-01-31,910440,livree
107561,2261,6,2026-01-29,2026-02-05,2026-02-05,377620,livree
107562,205,4,2026-02-01,2026-02-08,2026-02-08,1097025,livree
107563,5455,1,2026-01-30,2026-02-01,2026-02-05,180825,livree
107564,14507,6,2026-01-30,2026-02-04,2026-02-04,249845,livree
107565,2007,1,2026-01-30,2026-02-06,2026-02-09,1218295,livree
107566,16089,4,2026-02-01,2026-02-04,2026-02-08,397140,livree
107567,13762,1,2026-01-30,2026-02-02,2026-02-01,410120,livree
107568,12018,6,2026-02-01,2026-02-06,2026-02-06,269730,livree
107569,10846,4,2026-02-02,2026-02-07,2026-03-24,987000,livree
107570,22467,1,2026-02-02,2026-02-04,2026-02-04,528485,livree
107571,18710,6,2026-01-31,2026-02-05,2026-02-05,1317420,livree
107572,4815,3,2026-01-31,2026-02-05,2026-02-05,1245640,livree
107573,2799,3,2026-01-31,2026-02-05,2026-02-04,332105,livree
107574,14084,5,2026-01-31,2026-02-10,,877815,annulee
107575,8342,5,2026-01-31,2026-02-05,2026-02-05,1408600,livree
107576,19172,5,2026-02-02,2026-02-07,2026-02-07,1317460,livree
107577,21185,1,2026-02-02,2026-02-09,,217775,annulee
107578,23539,5,2026-02-02,2026-02-05,2026-02-17,1099250,livree
107579,11113,3,2026-02-01,2026-02-06,2026-02-05,541210,livree
107580,16312,1,2026-02-03,2026-02-06,2026-02-05,472025,livree
107581,16598,3,2026-02-01,2026-02-06,2026-02-06,1220060,livree
107582,13407,1,2026-02-02,2026-02-05,2026-02-06,602985,livree
107583,2160,4,2026-02-04,2026-02-09,2026-02-09,739900,livree
107584,9964,6,2026-02-03,2026-02-10,2026-02-22,1350580,livree
107585,1621,1,2026-02-03,2026-02-10,2026-02-13,904950,livree
107586,1619,5,2026-02-02,2026-02-05,2026-02-05,1190740,livree
107587,2265,6,2026-02-03,2026-02-06,2026-02-07,846535,livree
107588,21280,6,2026-02-03,2026-02-06,2026-02-05,1436265,livree
107589,11697,6,2026-02-05,2026-02-15,2026-02-20,1102225,livree
107590,7955,4,2026-02-04,2026-02-14,2026-02-14,547210,livree
107591,13897,1,2026-02-05,2026-02-07,2026-02-19,354160,livree
107592,3758,2,2026-02-03,2026-02-08,2026-02-07,911630,livree
107593,4430,5,2026-02-04,2026-02-11,2026-02-13,777945,livree
107594,11088,5,2026-02-03,2026-02-05,2026-02-17,539875,livree
107595,14959,2,2026-02-03,2026-02-06,2026-02-06,1175145,livree
107596,18875,3,2026-02-06,2026-02-09,2026-03-01,218620,livree
107597,303,5,2026-02-05,2026-02-08,2026-02-08,517880,livree
107598,9494,1,2026-02-04,2026-02-06,2026-02-18,1174880,livree
107599,10581,5,2026-02-05,2026-02-12,2026-02-16,1373555,livree
107600,14647,5,2026-02-05,2026-02-10,2026-02-10,1243945,livree
107601,1743,3,2026-02-06,2026-02-16,2026-02-16,320750,livree
107602,2129,1,2026-02-06,2026-02-13,2026-02-13,1445730,livree
107603,22253,2,2026-02-06,2026-02-16,2026-02-16,1187745,livree
107604,19587,4,2026-02-05,2026-02-08,2026-02-07,1076210,livree
107605,1549,4,2026-02-05,2026-02-10,2026-02-10,543780,livree
107606,22680,2,2026-02-07,2026-02-09,2026-02-09,1236385,livree
107607,14285,2,2026-02-06,2026-02-13,2026-02-13,628035,livree
107608,8816,1,2026-02-05,2026-02-07,2026-02-12,670850,livree
107609,20658,2,2026-02-06,2026-02-16,2026-02-15,851915,livree
107610,15818,6,2026-02-06,2026-02-09,2026-02-08,1163820,livree
107611,21905,6,2026-02-07,2026-02-09,2026-02-08,380225,livree
107612,23175,3,2026-02-08,2026-02-13,2026-02-13,560240,livree
107613,9866,3,2026-02-06,2026-02-16,2026-02-16,339860,livree
107614,12610,3,2026-02-06,2026-02-09,2026-03-26,468645,livree
107615,8316,2,2026-02-06,2026-02-09,2026-02-09,460050,livree
107616,17377,1,2026-02-08,2026-02-15,2026-02-15,834725,livree
107617,10768,2,2026-02-07,2026-02-09,2026-02-09,1256935,livree
107618,8493,2,2026-02-08,2026-02-10,2026-02-09,961125,livree
107619,8107,4,2026-02-09,2026-02-12,2026-02-12,997930,livree
107620,17312,4,2026-02-07,2026-02-10,2026-02-09,443735,livree
107621,20833,1,2026-02-08,2026-02-11,2026-02-11,346170,livree
107622,13604,6,2026-02-07,2026-02-10,2026-02-10,200665,livree
107623,6325,1,2026-02-08,2026-02-15,2026-02-14,318265,livree
107624,18680,3,2026-02-10,2026-02-13,2026-02-13,1022910,livree
107625,7398,4,2026-02-09,2026-02-12,2026-02-11,1112900,livree
107626,7191,2,2026-02-09,2026-02-14,2026-02-14,81380,livree
107627,22896,1,2026-02-08,2026-02-11,2026-02-11,161935,livree
107628,9499,4,2026-02-08,2026-02-10,2026-02-11,1379490,livree
107629,19412,6,2026-02-11,2026-02-14,2026-02-13,1140220,livree
107630,5126,5,2026-02-11,2026-02-14,2026-02-13,742505,livree
107631,15543,1,2026-02-11,2026-02-21,2026-02-21,1342695,livree
107632,1975,4,2026-02-11,2026-02-21,2026-02-21,581190,livree
107633,21526,1,2026-02-09,2026-02-14,2026-02-14,1206195,livree
107634,18565,5,2026-02-11,2026-02-14,2026-02-14,995740,livree
107635,14921,1,2026-02-11,2026-02-14,2026-02-14,466945,livree
107636,18095,5,2026-02-10,2026-02-12,2026-02-13,1122765,livree
107637,18019,6,2026-02-11,2026-02-16,2026-02-17,1310185,livree
107638,341,1,2026-02-12,2026-02-17,2026-02-17,1069025,livree
107639,5866,4,2026-02-10,2026-02-15,2026-02-15,774070,livree
107640,1506,5,2026-02-11,2026-02-18,2026-02-18,118470,livree
107641,22726,1,2026-02-12,2026-02-17,2026-02-16,463355,livree
107642,4338,4,2026-02-12,2026-02-17,2026-02-16,976215,livree
107643,6728,1,2026-02-12,2026-02-17,2026-02-16,85305,livree
107644,559,6,2026-02-12,2026-02-19,2026-02-20,646690,livree
107645,14516,2,2026-02-12,2026-02-19,2026-02-18,389365,livree
107646,15166,6,2026-02-13,2026-02-20,2026-02-20,676270,livree
107647,23096,4,2026-02-13,2026-02-15,2026-02-14,993510,livree
107648,14924,6,2026-02-11,2026-02-14,2026-03-06,872470,livree
107649,18008,4,2026-02-12,2026-02-17,2026-02-16,874970,livree
107650,9300,5,2026-02-14,2026-02-16,2026-02-15,55665,livree
107651,11767,2,2026-02-14,2026-02-21,2026-03-13,911445,livree
107652,14805,4,2026-02-12,2026-02-22,2026-02-22,772745,livree
107653,21152,2,2026-02-14,2026-02-19,2026-02-19,847690,livree
107654,13805,4,2026-02-14,2026-02-21,2026-02-21,1298435,livree
107655,3088,6,2026-02-14,2026-02-17,2026-04-03,1381285,livree
107656,7535,3,2026-02-13,2026-02-18,2026-02-18,1083050,livree
107657,17520,1,2026-02-14,2026-02-17,2026-02-17,1399065,livree
107658,8155,2,2026-02-15,2026-02-20,2026-02-20,107560,livree
107659,17765,6,2026-02-14,2026-02-24,2026-02-24,913860,livree
107660,5779,4,2026-02-13,2026-02-18,2026-02-17,1242165,livree
107661,11436,6,2026-02-13,2026-02-18,2026-02-17,376275,livree
107662,2690,2,2026-02-14,2026-02-17,2026-02-17,133450,livree
107663,17338,1,2026-02-15,2026-02-18,2026-02-18,1405590,livree
107664,17979,4,2026-02-16,2026-02-23,2026-02-22,901105,livree
107665,90,5,2026-02-16,2026-02-23,2026-02-23,630010,livree
107666,10745,2,2026-02-14,2026-02-19,2026-02-18,596465,livree
107667,12066,2,2026-02-16,2026-02-21,2026-02-26,1043345,livree
107668,6302,4,2026-02-15,2026-02-18,2026-02-17,89925,livree
107669,22071,5,2026-02-15,2026-02-18,2026-02-18,1209875,livree
107670,5898,3,2026-02-16,2026-02-21,2026-02-21,843675,livree
107671,13229,6,2026-02-16,2026-02-21,2026-02-21,672740,livree
107672,11127,4,2026-02-17,2026-02-20,2026-02-20,1141305,livree
107673,1360,4,2026-02-17,2026-02-20,2026-02-20,450245,livree
107674,7667,2,2026-02-15,2026-02-22,2026-02-21,1357370,livree
107675,12412,1,2026-02-15,2026-02-25,2026-03-05,513165,livree
107676,1543,6,2026-02-16,2026-02-19,2026-02-18,392415,livree
107677,12010,2,2026-02-18,2026-02-20,2026-02-20,1300620,livree
107678,1560,4,2026-02-16,2026-02-21,2026-02-21,1086320,livree
107679,13992,5,2026-02-17,2026-02-19,2026-02-19,437320,livree
107680,2928,5,2026-02-18,2026-02-20,2026-02-20,55470,livree
107681,5970,2,2026-02-16,2026-02-21,2026-02-21,1442275,livree
107682,18705,5,2026-02-17,2026-02-20,2026-02-20,1442385,livree
107683,467,3,2026-02-17,2026-02-22,2026-02-21,46400,livree
107684,22135,6,2026-02-19,2026-02-26,2026-02-26,892365,livree
107685,9434,6,2026-02-18,2026-02-28,2026-02-27,1195800,livree
107686,2905,6,2026-02-17,2026-02-22,2026-02-22,1344685,livree
107687,5403,4,2026-02-17,2026-02-20,2026-02-21,1165905,livree
107688,9962,5,2026-02-19,2026-02-26,2026-02-26,998305,livree
107689,19183,2,2026-02-18,2026-02-28,2026-02-28,1124395,livree
107690,7560,6,2026-02-19,2026-02-22,2026-03-06,1432425,livree
107691,22606,2,2026-02-18,2026-02-21,2026-02-20,980370,livree
107692,20943,4,2026-02-20,2026-02-23,2026-03-03,1430250,livree
107693,1006,1,2026-02-20,2026-03-02,2026-03-02,1107120,livree
107694,5754,3,2026-02-18,2026-02-23,2026-02-24,1129485,livree
107695,15834,2,2026-02-19,2026-02-26,2026-02-26,1138470,livree
107696,8278,2,2026-02-20,2026-02-23,2026-02-23,60335,livree
107697,1298,3,2026-02-19,2026-02-24,2026-02-24,184775,livree
107698,9700,5,2026-02-19,2026-02-26,2026-02-26,803975,livree
107699,3565,4,2026-02-20,2026-02-23,2026-02-23,1431215,livree
107700,22011,1,2026-02-20,2026-02-22,2026-02-22,898885,livree
107701,4054,4,2026-02-19,2026-02-24,,1311260,annulee
107702,14970,5,2026-02-19,2026-02-21,2026-02-20,278695,livree
107703,20219,5,2026-02-21,2026-02-24,2026-02-24,365605,livree
107704,5225,4,2026-02-20,2026-02-23,2026-02-23,1387235,livree
107705,12146,2,2026-02-20,2026-02-23,2026-02-22,440485,livree
107706,22053,1,2026-02-20,2026-02-25,2026-02-25,282410,livree
107707,4088,3,2026-02-20,2026-02-22,2026-02-22,1160025,livree
107708,21634,4,2026-02-22,2026-02-27,2026-02-27,226505,livree
107709,1910,1,2026-02-21,2026-03-03,2026-03-03,315165,livree
107710,19825,5,2026-02-22,2026-02-24,2026-02-23,799515,livree
107711,877,4,2026-02-21,2026-02-26,2026-02-26,568285,livree
107712,7991,1,2026-02-23,2026-03-02,2026-03-01,651220,livree
107713,19605,3,2026-02-23,2026-02-25,2026-02-24,1095730,livree
107714,4736,3,2026-02-21,2026-02-26,2026-02-25,846560,livree
107715,8709,6,2026-02-21,2026-02-24,2026-02-23,651755,livree
107716,6423,2,2026-02-22,2026-02-24,2026-02-24,147920,livree
107717,6866,6,2026-02-24,2026-03-01,2026-03-01,1331635,livree
107718,467,6,2026-02-23,2026-02-28,2026-03-20,93500,livree
107719,22125,5,2026-02-24,2026-02-26,2026-02-26,794485,livree
107720,15714,2,2026-02-23,2026-03-05,2026-03-05,678390,livree
107721,18205,4,2026-02-22,2026-02-24,2026-02-24,82725,livree
107722,7841,5,2026-02-22,2026-02-27,2026-02-27,882775,livree
107723,9188,5,2026-02-23,2026-02-26,2026-03-18,202145,livree
107724,3555,3,2026-02-23,2026-02-25,2026-02-25,1337315,livree
107725,16218,5,2026-02-24,2026-03-01,2026-03-01,241110,livree
107726,12342,2,2026-02-25,2026-03-02,2026-03-02,961805,livree
107727,7952,6,2026-02-23,2026-03-02,,422060,annulee
107728,12902,2,2026-02-25,2026-02-28,2026-02-28,366130,livree
107729,21022,5,2026-02-25,2026-03-02,2026-03-02,954490,livree
107730,4088,2,2026-02-26,2026-02-28,2026-03-02,96690,livree
107731,15230,5,2026-02-25,2026-03-04,2026-03-03,848980,livree
107732,3230,2,2026-02-26,2026-02-28,2026-02-28,1130610,livree
107733,16114,4,2026-02-24,2026-02-27,2026-02-26,385895,livree
107734,4478,2,2026-02-24,2026-02-27,2026-02-26,669050,livree
107735,9706,4,2026-02-24,2026-02-26,2026-02-26,641220,livree
107736,3985,5,2026-02-24,2026-02-26,2026-02-26,1442850,livree
107737,2079,6,2026-02-26,2026-03-08,2026-03-16,571330,livree
107738,22653,1,2026-02-27,2026-03-04,2026-03-04,868895,livree
107739,6174,1,2026-02-27,2026-03-04,2026-03-03,768165,livree
107740,9707,2,2026-02-26,2026-03-03,2026-04-17,65100,livree
107741,6381,4,2026-02-25,2026-03-04,2026-03-12,92355,livree
107742,23885,3,2026-02-26,2026-03-03,2026-03-11,536910,livree
107743,19671,5,2026-02-27,2026-03-04,2026-03-04,638725,livree
107744,11189,3,2026-02-26,2026-03-01,2026-02-28,128885,livree
107745,18260,1,2026-02-26,2026-03-03,2026-03-05,338015,livree
107746,17746,5,2026-02-27,2026-03-02,2026-03-01,906620,livree
107747,21774,2,2026-02-27,2026-03-04,2026-03-04,180945,livree
107748,11770,1,2026-02-27,2026-03-04,,582025,annulee
107749,13582,6,2026-02-28,2026-03-02,2026-03-02,148290,livree
107750,10950,4,2026-02-28,2026-03-03,2026-03-23,938620,livree
107751,12577,4,2026-02-27,2026-03-09,2026-03-08,810740,livree
107752,21974,1,2026-02-28,2026-03-07,2026-03-07,484995,livree
107753,21193,2,2026-03-01,2026-03-08,2026-03-28,1398930,livree
107754,1888,1,2026-02-28,2026-03-10,2026-03-09,333515,livree
107755,11184,2,2026-02-27,2026-03-01,2026-03-05,1269675,livree
107756,4103,1,2026-02-28,2026-03-10,,984495,annulee
107757,19723,2,2026-03-02,2026-03-05,2026-03-05,1196125,livree
107758,9117,1,2026-02-28,2026-03-05,2026-03-08,1443465,livree
107759,17595,4,2026-02-28,2026-03-02,2026-03-01,1436525,livree
107760,2487,4,2026-02-28,2026-03-05,2026-03-13,770430,livree
107761,15798,1,2026-03-01,2026-03-06,2026-03-07,341010,livree
107762,8766,4,2026-03-02,2026-03-07,2026-03-11,782460,livree
107763,21372,3,2026-03-02,2026-03-12,2026-03-12,1268900,livree
107764,16921,6,2026-03-03,2026-03-05,2026-03-07,702200,livree
107765,10691,5,2026-03-03,2026-03-06,2026-03-06,1219045,livree
107766,6053,3,2026-03-02,2026-03-07,2026-03-07,1328260,livree
107767,16284,3,2026-03-01,2026-03-08,2026-03-07,840890,livree
107768,9975,4,2026-03-01,2026-03-11,2026-03-19,1441945,livree
107769,10681,2,2026-03-02,2026-03-05,2026-03-06,973485,livree
107770,17994,5,2026-03-03,2026-03-08,2026-03-08,955970,livree
107771,17268,3,2026-03-04,2026-03-14,2026-03-14,665145,livree
107772,21836,3,2026-03-02,2026-03-12,2026-03-12,448370,livree
107773,20155,5,2026-03-04,2026-03-09,2026-03-08,626065,livree
107774,12530,2,2026-03-02,2026-03-07,2026-03-07,198450,livree
107775,13546,2,2026-03-02,2026-03-04,2026-03-04,70090,livree
107776,15214,1,2026-03-02,2026-03-04,2026-03-04,1174865,livree
107777,11519,3,2026-03-04,2026-03-11,2026-03-11,1031495,livree
107778,6691,5,2026-03-05,2026-03-07,2026-03-07,1338990,livree
107779,17105,4,2026-03-05,2026-03-12,2026-03-11,670640,livree
107780,1197,4,2026-03-04,2026-03-09,2026-03-09,314310,livree
107781,5839,1,2026-03-05,2026-03-15,2026-03-14,503715,livree
107782,4622,3,2026-03-03,2026-03-06,2026-03-06,222360,livree
107783,10416,4,2026-03-04,2026-03-09,2026-03-29,1261685,livree
107784,8122,1,2026-03-04,2026-03-09,2026-04-23,698685,livree
107785,11382,5,2026-03-06,2026-03-08,2026-03-07,590600,livree
107786,19656,5,2026-03-06,2026-03-11,,324965,annulee
107787,3260,3,2026-03-05,2026-03-08,2026-03-07,306055,livree
107788,18094,5,2026-03-05,2026-03-12,2026-03-11,545295,livree
107789,13596,1,2026-03-04,2026-03-06,2026-03-06,930930,livree
107790,4075,5,2026-03-06,2026-03-13,2026-03-16,778300,livree
107791,22958,4,2026-03-06,2026-03-13,2026-03-12,298230,livree
107792,10254,4,2026-03-05,2026-03-08,2026-03-08,943245,livree
107793,17682,2,2026-03-06,2026-03-11,2026-03-11,1006885,livree
107794,11092,6,2026-03-07,2026-03-12,2026-03-15,188050,livree
107795,19621,3,2026-03-05,2026-03-12,2026-03-11,247245,livree
107796,20345,4,2026-03-06,2026-03-08,2026-03-07,502485,livree
107797,20572,2,2026-03-08,2026-03-10,2026-03-09,137975,livree
107798,7247,4,2026-03-07,2026-03-17,2026-03-22,1135625,livree
107799,16896,2,2026-03-08,2026-03-11,2026-03-11,1235770,livree
107800,2627,2,2026-03-06,2026-03-11,2026-03-10,45410,livree
107801,1020,5,2026-03-07,2026-03-09,2026-03-17,1427905,livree
107802,14622,2,2026-03-08,2026-03-13,2026-03-13,948275,livree
107803,14608,1,2026-03-06,2026-03-09,2026-03-09,68475,livree
107804,11971,1,2026-03-07,2026-03-10,2026-03-10,1080815,livree
107805,4411,4,2026-03-07,2026-03-10,2026-03-09,353440,livree
107806,7592,1,2026-03-07,2026-03-10,2026-03-10,906045,livree
107807,15808,1,2026-03-08,2026-03-11,2026-03-11,773020,livree
107808,6052,3,2026-03-09,2026-03-14,2026-03-13,1092510,livree
107809,805,2,2026-03-08,2026-03-13,2026-03-13,178425,livree
107810,10490,6,2026-03-08,2026-03-13,2026-03-13,689970,livree
107811,3917,1,2026-03-10,2026-03-13,2026-03-12,535510,livree
107812,14101,5,2026-03-08,2026-03-18,2026-03-18,873890,livree
107813,2629,5,2026-03-09,2026-03-11,2026-03-10,1138995,livree
107814,10006,4,2026-03-10,2026-03-15,2026-03-14,285540,livree
107815,11136,2,2026-03-08,2026-03-18,2026-03-18,1068115,livree
107816,8904,5,2026-03-08,2026-03-15,2026-03-15,1000525,livree
107817,5154,4,2026-03-08,2026-03-13,2026-03-15,886995,livree
107818,4543,3,2026-03-09,2026-03-12,2026-03-11,1333090,livree
107819,17291,5,2026-03-10,2026-03-13,2026-03-13,1414630,livree
107820,11673,6,2026-03-11,2026-03-14,,1000305,annulee
107821,21570,6,2026-03-09,2026-03-19,2026-03-18,379930,livree
107822,11715,2,2026-03-11,2026-03-18,2026-03-18,847840,livree
107823,21911,4,2026-03-11,2026-03-16,2026-03-16,994505,livree
107824,388,2,2026-03-10,2026-03-12,2026-03-12,1153315,livree
107825,22074,1,2026-03-11,2026-03-14,2026-03-14,889000,livree
107826,13662,2,2026-03-11,2026-03-16,2026-03-15,1392340,livree
107827,11349,3,2026-03-12,2026-03-17,2026-03-17,133290,livree
107828,13611,2,2026-03-11,2026-03-14,2026-03-14,367985,livree
107829,5255,2,2026-03-11,2026-03-18,2026-03-18,150505,livree
107830,9547,1,2026-03-10,2026-03-20,2026-03-20,510115,livree
107831,21196,4,2026-03-11,2026-03-14,2026-03-13,1429185,livree
107832,23590,2,2026-03-12,2026-03-15,2026-03-15,770945,livree
107833,1919,1,2026-03-13,2026-03-16,2026-03-20,364960,livree
107834,136,1,2026-03-11,2026-03-16,2026-03-16,665730,livree
107835,21380,1,2026-03-13,2026-03-15,,160000,annulee
107836,2143,4,2026-03-11,2026-03-14,2026-03-14,322655,livree
107837,3782,6,2026-03-12,2026-03-19,2026-03-19,680995,livree
107838,12068,5,2026-03-13,2026-03-16,2026-03-16,914715,livree
107839,14045,6,2026-03-13,2026-03-20,2026-03-20,1169745,livree
107840,13274,5,2026-03-13,2026-03-23,,1158845,annulee
107841,11211,2,2026-03-14,2026-03-19,2026-03-19,1276740,livree
107842,7913,1,2026-03-13,2026-03-18,2026-03-17,403205,livree
107843,17427,4,2026-03-13,2026-03-15,2026-03-14,770780,livree
107844,13257,5,2026-03-15,2026-03-17,2026-03-16,764360,livree
107845,14048,6,2026-03-14,2026-03-17,2026-03-20,98030,livree
107846,6944,6,2026-03-15,2026-03-17,2026-03-17,875645,livree
107847,8706,4,2026-03-13,2026-03-15,2026-03-15,414325,livree
107848,18477,1,2026-03-14,2026-03-21,2026-04-02,380500,livree
107849,13976,1,2026-03-15,2026-03-20,2026-03-19,1153530,livree
107850,5879,3,2026-03-14,2026-03-17,2026-03-16,701395,livree
107851,18823,4,2026-03-14,2026-03-16,2026-03-16,916060,livree
107852,21651,3,2026-03-15,2026-03-25,2026-03-25,343310,livree
107853,10878,3,2026-03-16,2026-03-26,2026-03-26,342960,livree
107854,15637,5,2026-03-14,2026-03-24,2026-03-24,1092230,livree
107855,11863,6,2026-03-14,2026-03-17,2026-03-17,136650,livree
107856,6279,2,2026-03-14,2026-03-17,2026-03-17,1311430,livree
107857,1401,2,2026-03-14,2026-03-19,2026-03-18,251700,livree
107858,2224,3,2026-03-17,2026-03-24,2026-03-24,821275,livree
107859,23583,1,2026-03-17,2026-03-24,2026-03-23,328755,livree
107860,17157,1,2026-03-15,2026-03-22,2026-03-21,689125,livree
107861,12944,1,2026-03-17,2026-03-24,2026-03-24,809155,livree
107862,13878,1,2026-03-17,2026-03-19,2026-03-19,1150350,livree
107863,12482,4,2026-03-17,2026-03-20,2026-03-20,1130920,livree
107864,6074,2,2026-03-17,2026-03-22,2026-03-21,503265,livree
107865,407,1,2026-03-16,2026-03-19,2026-03-18,1293315,livree
107866,14910,5,2026-03-16,2026-03-26,2026-03-29,904685,livree
107867,20517,5,2026-03-16,2026-03-21,2026-03-20,295150,livree
107868,12079,6,2026-03-18,2026-03-23,2026-03-23,1143440,livree
107869,23180,4,2026-03-17,2026-03-22,2026-03-21,866200,livree
107870,13998,2,2026-03-17,2026-03-20,2026-03-20,422570,livree
107871,594,2,2026-03-17,2026-03-19,2026-03-19,546775,livree
107872,21177,6,2026-03-17,2026-03-20,2026-03-20,575710,livree
107873,5024,2,2026-03-18,2026-03-25,2026-03-24,470250,livree
107874,6563,4,2026-03-18,2026-03-20,2026-03-19,453710,livree
107875,15283,5,2026-03-17,2026-03-27,2026-05-11,1323665,livree
107876,12934,6,2026-03-19,2026-03-22,2026-03-22,1363350,livree
107877,15123,3,2026-03-17,2026-03-22,2026-03-22,805560,livree
107878,13774,3,2026-03-19,2026-03-24,2026-03-24,146015,livree
107879,18439,2,2026-03-18,2026-03-21,2026-03-21,646675,livree
107880,17117,2,2026-03-20,2026-03-27,2026-03-27,958695,livree
107881,8329,4,2026-03-20,2026-03-23,2026-03-22,417720,livree
107882,23017,2,2026-03-18,2026-03-21,2026-03-21,453465,livree
107883,18608,2,2026-03-20,2026-03-23,2026-03-23,274095,livree
107884,11812,2,2026-03-19,2026-03-26,2026-03-26,182090,livree
107885,12784,5,2026-03-21,2026-03-28,2026-03-27,1222390,livree
107886,11258,3,2026-03-20,2026-03-25,2026-03-25,832420,livree
107887,116,6,2026-03-19,2026-03-26,2026-03-26,1154810,livree
107888,4793,6,2026-03-20,2026-03-23,,469850,annulee
107889,6486,5,2026-03-19,2026-03-24,2026-03-23,1305130,livree
107890,2739,3,2026-03-20,2026-03-30,2026-03-30,1290680,livree
107891,6283,6,2026-03-20,2026-03-23,2026-03-22,563500,livree
107892,2030,4,2026-03-22,2026-03-24,2026-03-24,421775,livree
107893,17574,6,2026-03-22,2026-03-27,2026-03-27,685015,livree
107894,5364,2,2026-03-22,2026-03-25,2026-03-25,143100,livree
107895,1895,4,2026-03-20,2026-03-25,2026-03-25,756410,livree
107896,11007,1,2026-03-20,2026-03-23,2026-03-23,1224780,livree
107897,14631,3,2026-03-21,2026-03-31,2026-03-31,1258940,livree
107898,6171,4,2026-03-22,2026-03-29,2026-03-28,1003515,livree
107899,14701,5,2026-03-22,2026-03-29,2026-03-29,1015920,livree
107900,18288,4,2026-03-22,2026-03-25,2026-03-24,675320,livree
107901,7340,1,2026-03-22,2026-03-29,2026-03-28,1121915,livree
107902,14044,6,2026-03-23,2026-03-28,2026-03-30,1377935,livree
107903,20989,3,2026-03-21,2026-03-26,2026-04-03,651935,livree
107904,21701,6,2026-03-23,2026-03-28,2026-04-09,1411300,livree
107905,22182,1,2026-03-22,2026-03-25,2026-03-25,123965,livree
107906,11033,5,2026-03-23,2026-04-02,2026-04-01,149575,livree
107907,14483,1,2026-03-23,2026-04-02,2026-04-02,896925,livree
107908,23529,1,2026-03-22,2026-03-27,2026-03-27,742605,livree
107909,1653,5,2026-03-22,2026-03-25,2026-03-25,1032830,livree
107910,9973,5,2026-03-24,2026-03-29,2026-03-29,688050,livree
107911,9358,2,2026-03-24,2026-04-03,2026-04-03,318200,livree
107912,14864,3,2026-03-23,2026-03-26,2026-03-25,1356410,livree
107913,7392,4,2026-03-24,2026-04-03,2026-04-02,629790,livree
107914,1213,3,2026-03-23,2026-03-30,2026-03-30,1413615,livree
107915,17338,5,2026-03-24,2026-03-29,2026-04-01,1020290,livree
107916,14137,5,2026-03-23,2026-03-26,2026-03-25,864065,livree
107917,9114,3,2026-03-24,2026-03-27,2026-03-26,430200,livree
107918,20683,3,2026-03-26,2026-03-29,2026-03-29,1147575,livree
107919,15206,6,2026-03-24,2026-04-03,2026-04-03,179785,livree
107920,18732,6,2026-03-26,2026-04-02,2026-04-02,531520,livree
107921,21499,2,2026-03-24,2026-03-31,2026-03-30,1310500,livree
107922,23361,5,2026-03-24,2026-03-29,2026-03-29,1061630,livree
107923,6922,2,2026-03-25,2026-04-01,2026-03-31,382210,livree
107924,5126,2,2026-03-24,2026-03-27,2026-03-28,918390,livree
107925,7195,5,2026-03-26,2026-03-29,2026-03-29,1190835,livree
107926,3619,6,2026-03-26,2026-04-02,2026-04-01,979780,livree
107927,12352,1,2026-03-26,2026-03-31,2026-03-30,1419855,livree
107928,20226,4,2026-03-27,2026-03-30,2026-04-11,309230,livree
107929,23680,3,2026-03-25,2026-03-28,2026-03-28,852320,livree
107930,12408,6,2026-03-25,2026-03-28,2026-03-28,610620,livree
107931,1878,6,2026-03-26,2026-03-29,2026-03-28,1311280,livree
107932,8443,1,2026-03-27,2026-03-29,2026-03-30,1362665,livree
107933,21776,3,2026-03-28,2026-03-31,2026-03-31,585815,livree
107934,10312,3,2026-03-26,2026-03-28,2026-03-28,1081580,livree
107935,6602,6,2026-03-26,2026-03-31,2026-03-31,424525,livree
107936,21014,1,2026-03-28,2026-03-31,2026-03-31,892265,livree
107937,9630,6,2026-03-27,2026-04-06,2026-04-06,108260,livree
107938,23860,4,2026-03-28,2026-03-30,2026-04-03,1290625,livree
107939,13117,2,2026-03-29,2026-04-03,2026-04-03,719150,livree
107940,13991,1,2026-03-28,2026-03-31,2026-03-31,1229535,livree
107941,7448,2,2026-03-28,2026-04-02,2026-04-06,430140,livree
107942,1525,2,2026-03-27,2026-04-03,2026-05-18,394920,livree
107943,21909,6,2026-03-29,2026-04-03,2026-04-15,1153850,livree
107944,2442,3,2026-03-27,2026-04-03,,776110,annulee
107945,1879,1,2026-03-29,2026-04-03,2026-05-18,836560,livree
107946,3073,6,2026-03-28,2026-03-30,2026-03-30,908620,livree
107947,9060,5,2026-03-28,2026-03-30,,1419835,annulee
107948,15339,1,2026-03-30,2026-04-01,2026-04-01,155100,livree
107949,542,5,2026-03-29,2026-04-03,2026-04-02,92105,livree
107950,22330,5,2026-03-28,2026-04-02,2026-04-02,916450,livree
107951,23578,3,2026-03-30,2026-04-02,2026-04-02,1237430,livree
107952,122,6,2026-03-30,2026-04-04,2026-04-03,801390,livree
107953,11200,2,2026-03-29,2026-04-01,2026-04-01,1018445,livree
107954,14757,6,2026-03-29,2026-04-01,2026-04-01,1142440,livree
107955,1361,3,2026-03-31,2026-04-03,2026-04-03,657585,livree
107956,23348,5,2026-03-30,2026-04-02,2026-04-02,650660,livree
107957,2923,5,2026-03-31,2026-04-02,2026-04-01,794770,livree
107958,15660,3,2026-03-31,2026-04-10,2026-04-10,235140,livree
107959,18192,2,2026-03-30,2026-04-06,2026-04-06,628850,livree
107960,12069,5,2026-03-31,2026-04-02,2026-04-02,514090,livree
107961,11826,4,2026-04-01,2026-04-11,2026-04-14,1445155,livree
107962,7812,3,2026-03-31,2026-04-05,2026-04-05,244420,livree
107963,22471,6,2026-03-31,2026-04-03,2026-04-02,1165270,livree
107964,8614,4,2026-03-31,2026-04-05,2026-04-06,469860,livree
107965,22894,3,2026-03-31,2026-04-02,2026-04-02,99630,livree
107966,23572,4,2026-04-02,2026-04-05,2026-04-05,1271970,livree
107967,660,5,2026-04-02,2026-04-04,2026-04-04,399130,livree
107968,17785,1,2026-03-31,2026-04-02,2026-04-02,818310,livree
107969,253,1,2026-04-02,2026-04-05,2026-04-05,1045075,livree
107970,3768,3,2026-04-01,2026-04-04,2026-05-19,746970,livree
107971,15148,5,2026-03-31,2026-04-03,2026-04-03,73930,livree
107972,18757,5,2026-04-02,2026-04-07,2026-04-07,1223955,livree
107973,21770,2,2026-04-02,2026-04-12,2026-04-12,1179810,livree
107974,7974,2,2026-04-02,2026-04-04,2026-04-04,1216945,livree
107975,6455,1,2026-04-03,2026-04-13,2026-04-13,1326340,livree
107976,17895,4,2026-04-03,2026-04-08,2026-04-07,1106560,livree
107977,4363,5,2026-04-01,2026-04-03,2026-04-05,136380,livree
107978,2747,2,2026-04-01,2026-04-04,2026-04-04,1228965,livree
107979,23836,5,2026-04-04,2026-04-07,2026-04-07,1227090,livree
107980,4409,1,2026-04-03,2026-04-10,2026-04-14,873235,livree
107981,10718,2,2026-04-04,2026-04-11,2026-04-19,908450,livree
107982,6330,5,2026-04-02,2026-04-07,2026-04-11,1123260,livree
107983,16724,2,2026-04-02,2026-04-04,2026-04-04,636720,livree
107984,16295,5,2026-04-04,2026-04-14,2026-04-14,267105,livree
107985,18307,6,2026-04-02,2026-04-09,,137385,annulee
107986,20525,2,2026-04-05,2026-04-07,2026-04-07,987530,livree
107987,21231,1,2026-04-05,2026-04-07,2026-04-06,594465,livree
107988,5111,3,2026-04-04,2026-04-09,2026-04-08,1298860,livree
107989,14675,6,2026-04-03,2026-04-08,2026-04-08,1109185,livree
107990,15413,5,2026-04-04,2026-04-07,,460415,annulee
107991,22876,1,2026-04-05,2026-04-10,2026-04-10,756875,livree
107992,330,2,2026-04-06,2026-04-09,2026-04-09,1090785,livree
107993,20059,6,2026-04-06,2026-04-13,2026-04-13,760335,livree
107994,3373,6,2026-04-05,2026-04-10,2026-04-10,942110,livree
107995,12137,5,2026-04-06,2026-04-11,2026-05-01,1326500,livree
107996,327,5,2026-04-05,2026-04-07,2026-04-06,850655,livree
107997,22398,2,2026-04-05,2026-04-12,2026-04-11,1385210,livree
107998,18190,2,2026-04-04,2026-04-07,2026-04-08,977470,livree
107999,18444,3,2026-04-06,2026-04-16,2026-04-15,1353210,livree
108000,59,6,2026-04-05,2026-04-07,2026-04-07,151710,livree
108001,19484,5,2026-04-07,2026-04-10,2026-04-10,625705,livree
108002,22632,3,2026-04-06,2026-04-08,2026-04-07,913765,livree
108003,20821,1,2026-04-06,2026-04-11,2026-04-11,445810,livree
108004,23347,3,2026-04-06,2026-04-09,2026-04-09,995055,livree
108005,21175,2,2026-04-07,2026-04-12,2026-04-11,629920,livree
108006,16068,2,2026-04-07,2026-04-12,2026-04-12,370990,livree
108007,12029,6,2026-04-07,2026-04-12,2026-04-11,360865,livree
108008,7636,4,2026-04-06,2026-04-13,2026-04-15,823725,livree
108009,23366,1,2026-04-06,2026-04-09,2026-04-09,1400415,livree
108010,23713,3,2026-04-06,2026-04-11,2026-04-11,1017065,livree
108011,8671,3,2026-04-07,2026-04-10,2026-04-10,1271420,livree
108012,8709,3,2026-04-09,2026-04-14,2026-04-14,182790,livree
108013,11340,2,2026-04-09,2026-04-12,2026-04-11,1324305,livree
108014,13731,6,2026-04-09,2026-04-12,,998665,annulee
108015,19121,5,2026-04-07,2026-04-10,2026-04-10,592715,livree
108016,5537,4,2026-04-09,2026-04-12,2026-04-11,1239445,livree
108017,9802,2,2026-04-07,2026-04-12,2026-04-12,1211715,livree
108018,23850,5,2026-04-09,2026-04-11,2026-04-11,742475,livree
108019,13306,5,2026-04-10,2026-04-17,2026-04-16,749270,livree
108020,2095,3,2026-04-09,2026-04-12,2026-04-12,858900,livree
108021,15269,1,2026-04-10,2026-04-13,2026-04-13,53460,livree
108022,12031,5,2026-04-09,2026-04-12,2026-04-11,176125,livree
108023,12816,1,2026-04-09,2026-04-14,2026-04-13,417705,livree
108024,4004,2,2026-04-10,2026-04-15,2026-04-15,380415,livree
108025,7290,1,2026-04-09,2026-04-12,2026-04-14,816510,livree
108026,20347,4,2026-04-10,2026-04-13,2026-04-13,735140,livree
108027,9123,1,2026-04-10,2026-04-20,2026-04-20,1374650,livree
108028,3989,4,2026-04-10,2026-04-15,2026-04-15,1306220,livree
108029,904,3,2026-04-11,2026-04-16,2026-04-16,527650,livree
108030,2915,1,2026-04-10,2026-04-13,2026-04-12,1226175,livree
108031,15957,6,2026-04-09,2026-04-16,2026-04-15,923280,livree
108032,3936,6,2026-04-10,2026-04-13,2026-04-13,487255,livree
108033,14298,1,2026-04-10,2026-04-17,2026-04-18,46530,livree
108034,18155,6,2026-04-11,2026-04-14,2026-04-14,381375,livree
108035,5506,5,2026-04-10,2026-04-13,2026-04-12,96655,livree
108036,14411,4,2026-04-12,2026-04-15,,622860,annulee
108037,8315,6,2026-04-12,2026-04-17,2026-04-17,630000,livree
108038,19872,4,2026-04-10,2026-04-15,2026-04-15,723765,livree
108039,7561,1,2026-04-13,2026-04-18,2026-04-18,950445,livree
108040,19129,4,2026-04-11,2026-04-14,2026-04-14,775800,livree
108041,18336,6,2026-04-11,2026-04-16,2026-04-15,113530,livree
108042,917,1,2026-04-11,2026-04-14,2026-04-13,633915,livree
108043,12747,5,2026-04-13,2026-04-18,2026-04-18,785285,livree
108044,14903,3,2026-04-12,2026-04-15,2026-04-15,492210,livree
108045,21865,1,2026-04-12,2026-04-14,2026-04-13,687865,livree
108046,7332,5,2026-04-14,2026-04-24,2026-04-24,653760,livree
108047,6096,3,2026-04-13,2026-04-18,2026-04-26,341905,livree
108048,23048,3,2026-04-13,2026-04-16,2026-04-16,1390775,livree
108049,20062,2,2026-04-14,2026-04-17,2026-04-22,1054460,livree
108050,11629,2,2026-04-14,2026-04-16,2026-04-16,763215,livree
108051,14112,2,2026-04-12,2026-04-22,2026-05-04,604435,livree
108052,3839,6,2026-04-13,2026-04-18,2026-04-18,174360,livree
108053,22776,2,2026-04-15,2026-04-25,2026-04-24,750460,livree
108054,20585,2,2026-04-13,2026-04-18,2026-04-20,1146355,livree
108055,11686,4,2026-04-15,2026-04-25,2026-04-25,1122525,livree
108056,2762,1,2026-04-15,2026-04-20,2026-04-22,1136615,livree
108057,22296,1,2026-04-13,2026-04-16,2026-04-15,1230670,livree
108058,4119,3,2026-04-13,2026-04-23,2026-04-23,1005795,livree
108059,21053,1,2026-04-14,2026-04-16,2026-04-15,195730,livree
108060,13415,4,2026-04-16,2026-04-19,2026-04-23,837845,livree
108061,6485,4,2026-04-15,2026-04-25,2026-04-25,1197695,livree
108062,13607,3,2026-04-15,2026-04-18,2026-04-18,553020,livree
108063,6012,6,2026-04-14,2026-04-17,2026-04-17,437650,livree
108064,3946,5,2026-04-16,2026-04-19,2026-04-24,1202095,livree
108065,7581,2,2026-04-15,2026-04-20,2026-04-20,587055,livree
108066,22894,6,2026-04-16,2026-04-23,2026-04-26,523760,livree
108067,11312,5,2026-04-15,2026-04-22,2026-04-22,526295,livree
108068,22652,2,2026-04-17,2026-04-20,2026-04-19,645790,livree
108069,20483,6,2026-04-15,2026-04-18,2026-04-18,1070660,livree
108070,2259,5,2026-04-17,2026-04-20,,693965,annulee
108071,10994,4,2026-04-16,2026-04-18,2026-04-18,456600,livree
108072,22534,5,2026-04-15,2026-04-25,2026-04-25,1445410,livree
108073,17134,1,2026-04-18,2026-04-23,2026-05-01,750745,livree
108074,1010,3,2026-04-16,2026-04-26,,1045910,annulee
108075,3572,1,2026-04-16,2026-04-21,2026-04-21,97565,livree
108076,5849,3,2026-04-17,2026-04-24,2026-04-24,655815,livree
108077,10291,3,2026-04-16,2026-04-26,2026-04-28,418220,livree
108078,18672,6,2026-04-18,2026-04-23,2026-05-01,870460,livree
108079,6530,5,2026-04-17,2026-04-19,2026-04-19,364715,livree
108080,10208,3,2026-04-17,2026-04-22,2026-04-22,186045,livree
108081,14004,4,2026-04-19,2026-04-24,2026-04-24,900700,livree
108082,20112,2,2026-04-18,2026-04-20,2026-04-20,1250690,livree
108083,18744,1,2026-04-17,2026-04-24,2026-04-24,554305,livree
108084,17103,6,2026-04-19,2026-04-29,2026-05-01,551965,livree
108085,365,2,2026-04-18,2026-04-25,2026-04-25,570190,livree
108086,12852,5,2026-04-20,2026-04-25,2026-04-25,1415800,livree
108087,20255,2,2026-04-20,2026-04-30,2026-04-30,1066580,livree
108088,16214,4,2026-04-20,2026-04-30,2026-04-29,616740,livree
108089,7572,1,2026-04-18,2026-04-28,2026-04-27,519155,livree
108090,18496,6,2026-04-20,2026-04-25,2026-04-25,1235630,livree
108091,22184,4,2026-04-18,2026-04-21,2026-04-21,316720,livree
108092,15106,3,2026-04-18,2026-04-23,2026-04-22,1206985,livree
108093,18715,3,2026-04-20,2026-04-25,2026-04-24,493390,livree
108094,18648,6,2026-04-19,2026-04-24,2026-04-23,190725,livree
108095,21640,3,2026-04-19,2026-04-22,2026-04-23,907540,livree
108096,1294,1,2026-04-21,2026-05-01,2026-05-01,857430,livree
108097,19112,4,2026-04-20,2026-04-23,2026-04-23,1406745,livree
108098,2886,3,2026-04-20,2026-04-27,2026-04-27,803910,livree
108099,8263,5,2026-04-19,2026-04-21,2026-04-21,1124435,livree
108100,18712,2,2026-04-21,2026-04-28,2026-05-10,403880,livree
108101,2329,2,2026-04-22,2026-04-27,2026-04-30,753490,livree
108102,13968,6,2026-04-20,2026-04-30,2026-05-20,1037625,livree
108103,3013,5,2026-04-20,2026-04-22,2026-04-23,421690,livree
108104,11597,4,2026-04-21,2026-04-23,2026-04-22,796300,livree
108105,23742,1,2026-04-22,2026-04-25,2026-04-25,1013715,livree
108106,21953,5,2026-04-22,2026-04-29,2026-04-29,1010175,livree
108107,4898,1,2026-04-23,2026-04-30,2026-05-05,704790,livree
108108,17574,2,2026-04-23,2026-04-26,2026-04-26,276325,livree
108109,970,2,2026-04-21,2026-04-23,2026-04-23,1323385,livree
108110,20533,4,2026-04-22,2026-04-25,2026-04-25,75830,livree
108111,8969,5,2026-04-21,2026-04-24,2026-05-02,216315,livree
108112,11434,5,2026-04-23,2026-04-25,2026-04-26,154410,livree
108113,8040,5,2026-04-24,2026-04-29,2026-05-19,957100,livree
108114,4258,3,2026-04-24,2026-05-04,2026-05-04,1267485,livree
108115,6023,2,2026-04-22,2026-04-27,2026-04-27,1025570,livree
108116,22093,2,2026-04-22,2026-04-29,2026-04-28,55195,livree
108117,3260,5,2026-04-22,2026-05-02,2026-05-06,411045,livree
108118,321,2,2026-04-24,2026-04-29,2026-04-29,1319965,livree
108119,4486,3,2026-04-24,2026-04-27,2026-04-27,1070185,livree
108120,15313,3,2026-04-24,2026-04-26,2026-04-26,909325,livree
108121,9775,4,2026-04-24,2026-04-29,2026-04-28,606820,livree
108122,19296,1,2026-04-24,2026-04-27,2026-05-17,1380265,livree
108123,11550,4,2026-04-25,2026-04-28,2026-04-28,363050,livree
108124,15233,4,2026-04-23,2026-04-26,2026-04-26,1392660,livree
108125,10232,3,2026-04-24,2026-04-27,2026-04-26,228555,livree
108126,3262,5,2026-04-25,2026-05-05,2026-05-05,421535,livree
108127,11292,3,2026-04-25,2026-04-30,2026-04-29,1043245,livree
108128,19086,4,2026-04-25,2026-05-02,2026-05-02,777910,livree
108129,19877,4,2026-04-25,2026-05-05,2026-05-25,413485,livree
108130,5583,3,2026-04-24,2026-05-04,2026-05-03,1320770,livree
108131,766,5,2026-04-25,2026-04-27,2026-04-27,867355,livree
108132,3369,5,2026-04-26,2026-04-29,2026-04-28,826695,livree
108133,18537,3,2026-04-25,2026-04-30,2026-04-30,158130,livree
108134,14305,2,2026-04-27,2026-05-04,,1064075,annulee
108135,22045,5,2026-04-27,2026-05-04,2026-05-03,346805,livree
108136,11768,5,2026-04-26,2026-05-01,,1037495,annulee
108137,4243,3,2026-04-26,2026-05-01,2026-04-30,469295,livree
108138,21737,6,2026-04-25,2026-04-30,2026-05-01,640850,livree
108139,7886,3,2026-04-25,2026-04-28,2026-04-28,1180765,livree
108140,10783,5,2026-04-26,2026-04-29,2026-04-29,947970,livree
108141,16387,6,2026-04-27,2026-05-02,2026-05-02,486645,livree
108142,18452,2,2026-04-28,2026-05-01,2026-05-01,1164425,livree
108143,16429,5,2026-04-26,2026-05-01,2026-05-01,171930,livree
108144,9844,4,2026-04-27,2026-05-02,2026-05-07,225565,livree
108145,12382,5,2026-04-27,2026-04-29,2026-04-28,590690,livree
108146,11150,4,2026-04-27,2026-04-30,2026-04-29,80190,livree
108147,1907,5,2026-04-28,2026-05-01,2026-04-30,244160,livree
108148,13192,3,2026-04-28,2026-05-05,2026-05-07,1014830,livree
108149,19753,3,2026-04-28,2026-05-05,2026-05-04,1124340,livree
108150,14039,2,2026-04-27,2026-05-04,2026-05-04,420140,livree
108151,19292,1,2026-04-28,2026-05-03,2026-05-03,1395370,livree
108152,5777,3,2026-04-28,2026-05-05,2026-05-04,849745,livree
108153,12199,4,2026-04-28,2026-05-03,2026-05-03,539325,livree
108154,1764,6,2026-04-30,2026-05-07,2026-05-07,1028410,livree
108155,2235,2,2026-04-30,2026-05-07,2026-05-10,501045,livree
108156,4704,1,2026-04-28,2026-05-01,2026-05-01,448320,livree
108157,22046,3,2026-04-28,2026-04-30,2026-04-29,1340790,livree
108158,22086,3,2026-04-28,2026-04-30,2026-05-01,719175,livree
108159,13598,4,2026-04-29,2026-05-02,2026-05-02,736930,livree
108160,1666,2,2026-04-30,2026-05-03,2026-05-03,194250,livree
108161,6721,6,2026-04-30,2026-05-05,2026-05-05,163155,livree
108162,15496,6,2026-05-01,2026-05-06,,1368235,annulee
108163,5756,6,2026-04-29,2026-05-02,2026-05-02,1209550,livree
108164,18691,6,2026-04-30,2026-05-03,2026-05-03,505565,livree
108165,15212,6,2026-04-30,2026-05-03,2026-05-03,1438240,livree
108166,8054,2,2026-05-01,2026-05-11,2026-05-11,116800,livree
108167,23871,2,2026-05-01,2026-05-08,2026-05-07,1409865,livree
108168,21714,6,2026-05-02,2026-05-07,2026-05-07,775895,livree
108169,18900,4,2026-05-02,2026-05-12,2026-05-24,678585,livree
108170,2153,2,2026-05-01,2026-05-11,2026-05-10,68545,livree
108171,8060,2,2026-05-01,2026-05-04,2026-05-04,237195,livree
108172,14632,4,2026-04-30,2026-05-10,2026-05-10,1043670,livree
108173,18149,1,2026-05-02,2026-05-09,2026-05-08,697995,livree
108174,7295,1,2026-05-02,2026-05-05,2026-05-08,596235,livree
108175,7638,3,2026-05-01,2026-05-06,2026-05-05,844480,livree
108176,3197,4,2026-05-02,2026-05-04,2026-05-03,720035,livree
108177,5492,3,2026-05-02,2026-05-12,2026-05-12,1242720,livree
108178,3640,1,2026-05-01,2026-05-06,2026-05-06,1024935,livree
108179,13041,6,2026-05-03,2026-05-05,2026-05-04,891570,livree
108180,17702,2,2026-05-04,2026-05-07,2026-05-06,872625,livree
108181,18053,2,2026-05-04,2026-05-14,2026-05-14,1173875,livree
108182,5375,5,2026-05-03,2026-05-06,2026-05-05,788685,livree
108183,23619,1,2026-05-04,2026-05-09,2026-05-09,570215,livree
108184,271,5,2026-05-03,2026-05-05,2026-05-04,525370,livree
108185,12729,6,2026-05-03,2026-05-10,2026-05-09,478905,livree
108186,10134,3,2026-05-03,2026-05-08,2026-05-08,490220,livree
108187,10795,2,2026-05-03,2026-05-13,2026-05-12,1247040,livree
108188,19652,2,2026-05-03,2026-05-13,2026-06-27,627160,livree
108189,19966,3,2026-05-04,2026-05-09,2026-05-14,385190,livree
108190,1488,1,2026-05-03,2026-05-06,2026-05-06,148365,livree
108191,22204,6,2026-05-05,2026-05-12,2026-05-20,1127470,livree
108192,5694,3,2026-05-04,2026-05-07,2026-05-07,172830,livree
108193,17506,1,2026-05-03,2026-05-06,2026-05-06,1330665,livree
108194,7111,4,2026-05-05,2026-05-10,2026-05-10,477740,livree
108195,4208,2,2026-05-06,2026-05-16,2026-05-16,697020,livree
108196,19138,3,2026-05-06,2026-05-09,2026-05-08,462515,livree
108197,6032,5,2026-05-06,2026-05-11,2026-05-11,901320,livree
108198,14516,4,2026-05-05,2026-05-08,2026-05-07,1033820,livree
108199,8038,5,2026-05-05,2026-05-08,2026-05-07,788500,livree
108200,21273,6,2026-05-06,2026-05-08,2026-05-08,939050,livree
108201,20591,2,2026-05-07,2026-05-10,2026-05-30,491970,livree
108202,9716,6,2026-05-05,2026-05-12,2026-05-11,1114340,livree
108203,1830,2,2026-05-07,2026-05-17,2026-05-17,597795,livree
108204,1945,6,2026-05-05,2026-05-10,2026-05-09,972465,livree
108205,21533,5,2026-05-05,2026-05-07,2026-05-07,674270,livree
108206,10939,3,2026-05-06,2026-05-11,2026-05-11,354300,livree
108207,10698,2,2026-05-06,2026-05-11,2026-05-12,1190005,livree
108208,16590,5,2026-05-08,2026-05-11,2026-05-13,96155,livree
108209,13478,5,2026-05-07,2026-05-10,2026-05-10,498045,livree
108210,18413,3,2026-05-06,2026-05-08,2026-05-08,1007720,livree
108211,12941,4,2026-05-07,2026-05-17,2026-05-18,131855,livree
108212,6314,6,2026-05-08,2026-05-11,2026-05-11,598790,livree
108213,2820,6,2026-05-08,2026-05-13,2026-05-13,227225,livree
108214,8967,1,2026-05-07,2026-05-10,2026-05-10,801605,livree
108215,9798,1,2026-05-07,2026-05-10,2026-05-09,306820,livree
108216,10287,5,2026-05-09,2026-05-12,2026-05-12,1186380,livree
108217,14581,6,2026-05-09,2026-05-19,2026-05-19,1303315,livree
108218,19226,5,2026-05-09,2026-05-12,2026-05-12,975045,livree
108219,12578,2,2026-05-08,2026-05-18,2026-05-18,831080,livree
108220,11683,4,2026-05-09,2026-05-11,2026-05-11,706790,livree
108221,19029,6,2026-05-09,2026-05-12,2026-05-12,896855,livree
108222,8377,6,2026-05-08,2026-05-11,2026-06-25,555255,livree
108223,282,6,2026-05-08,2026-05-13,2026-05-13,346995,livree
108224,14672,1,2026-05-10,2026-05-12,2026-05-12,1028130,livree
108225,9777,6,2026-05-09,2026-05-19,,705960,annulee
108226,9305,1,2026-05-10,2026-05-13,2026-06-27,761735,livree
108227,23821,6,2026-05-09,2026-05-19,2026-05-18,847670,livree
108228,20459,5,2026-05-11,2026-05-16,2026-05-16,627095,livree
108229,19178,2,2026-05-09,2026-05-19,2026-05-20,831475,livree
108230,12949,1,2026-05-11,2026-05-13,2026-05-13,193085,livree
108231,14307,3,2026-05-09,2026-05-14,2026-05-13,1223385,livree
108232,18631,3,2026-05-10,2026-05-12,2026-05-12,288130,livree
108233,3800,1,2026-05-10,2026-05-12,2026-05-12,912910,livree
108234,16454,2,2026-05-10,2026-05-15,2026-05-15,981580,livree
108235,2176,1,2026-05-10,2026-05-12,2026-05-11,1307510,livree
108236,10671,6,2026-05-12,2026-05-15,2026-05-15,222495,livree
108237,2781,6,2026-05-11,2026-05-14,2026-05-22,678010,livree
108238,574,2,2026-05-12,2026-05-22,2026-05-26,894015,livree
108239,18944,4,2026-05-11,2026-05-16,2026-05-16,973895,livree
108240,22640,6,2026-05-11,2026-05-16,2026-05-15,139015,livree
108241,14620,4,2026-05-11,2026-05-21,2026-05-21,1260490,livree
108242,5444,6,2026-05-13,2026-05-20,2026-05-20,149970,livree
108243,15472,1,2026-05-13,2026-05-18,2026-05-21,591115,livree
108244,3994,3,2026-05-12,2026-05-15,2026-05-15,1282540,livree
108245,21186,6,2026-05-13,2026-05-20,2026-05-20,1000910,livree
108246,14409,4,2026-05-11,2026-05-13,2026-06-27,957685,livree
108247,12791,4,2026-05-13,2026-05-18,2026-05-18,753640,livree
108248,11328,4,2026-05-14,2026-05-17,2026-05-17,761155,livree
108249,1665,6,2026-05-14,2026-05-19,2026-05-19,1327545,livree
108250,4799,1,2026-05-14,2026-05-21,2026-05-20,730805,livree
108251,741,6,2026-05-12,2026-05-17,2026-05-17,545570,livree
108252,5224,5,2026-05-13,2026-05-18,2026-05-17,78320,livree
108253,18965,2,2026-05-12,2026-05-17,2026-05-16,707375,livree
108254,17876,6,2026-05-14,2026-05-17,2026-05-16,1390650,livree
108255,15933,2,2026-05-15,2026-05-18,2026-05-20,768990,livree
108256,5804,6,2026-05-15,2026-05-18,2026-05-18,1188480,livree
108257,8170,4,2026-05-13,2026-05-18,2026-05-23,717165,livree
108258,22661,1,2026-05-13,2026-05-18,2026-05-30,503660,livree
108259,9890,1,2026-05-13,2026-05-23,2026-05-23,1043275,livree
108260,10956,4,2026-05-13,2026-05-16,2026-05-15,129590,livree
108261,9513,1,2026-05-15,2026-05-18,2026-05-22,1239385,livree
108262,12558,5,2026-05-14,2026-05-17,2026-05-17,226920,livree
108263,16236,2,2026-05-14,2026-05-19,2026-05-19,397415,livree
108264,1996,2,2026-05-15,2026-05-18,2026-05-19,932005,livree
108265,21869,4,2026-05-14,2026-05-21,2026-05-21,1217185,livree
108266,17379,1,2026-05-14,2026-05-16,2026-05-21,438785,livree
108267,15721,5,2026-05-16,2026-05-21,2026-05-21,1069430,livree
108268,10988,2,2026-05-16,2026-05-21,2026-05-20,61845,livree
108269,19316,3,2026-05-15,2026-05-20,2026-05-21,104445,livree
108270,262,1,2026-05-17,2026-05-22,2026-05-21,203515,livree
108271,16631,5,2026-05-16,2026-05-26,2026-05-26,729285,livree
108272,10779,2,2026-05-15,2026-05-20,2026-05-19,402190,livree
108273,9667,3,2026-05-17,2026-05-19,2026-05-19,157195,livree
108274,10899,2,2026-05-16,2026-05-19,2026-05-19,883065,livree
108275,642,4,2026-05-18,2026-05-28,2026-05-27,805820,livree
108276,1669,4,2026-05-17,2026-05-24,2026-05-24,1309555,livree
108277,5335,4,2026-05-16,2026-05-26,2026-05-25,63470,livree
108278,17326,1,2026-05-18,2026-05-23,2026-05-23,97530,livree
108279,17719,2,2026-05-16,2026-05-21,2026-05-20,1108810,livree
108280,6818,6,2026-05-16,2026-05-18,2026-05-17,521125,livree
108281,17613,6,2026-05-18,2026-05-25,2026-05-25,1070060,livree
108282,10832,6,2026-05-19,2026-05-24,2026-05-23,1324620,livree
108283,18521,5,2026-05-18,2026-05-20,2026-05-20,1446275,livree
108284,14106,3,2026-05-18,2026-05-21,2026-05-21,431030,livree
108285,17827,6,2026-05-19,2026-05-24,,294110,annulee
108286,2996,6,2026-05-17,2026-05-19,2026-05-19,1281070,livree
108287,20079,5,2026-05-17,2026-05-20,2026-06-09,1278090,livree
108288,11526,5,2026-05-18,2026-05-21,2026-05-20,1017280,livree
108289,16715,1,2026-05-20,2026-05-27,2026-05-26,656295,livree
108290,20506,6,2026-05-20,2026-05-23,2026-05-23,65290,livree
108291,9304,4,2026-05-19,2026-05-29,2026-05-28,1431595,livree
108292,13044,6,2026-05-18,2026-05-20,2026-05-23,1070305,livree
108293,20694,1,2026-05-20,2026-05-23,2026-05-23,1197655,livree
108294,4744,1,2026-05-20,2026-05-23,2026-05-23,381315,livree
108295,4469,5,2026-05-19,2026-05-21,2026-05-20,1088515,livree
108296,18526,1,2026-05-19,2026-05-21,2026-05-21,980355,livree
108297,13709,5,2026-05-20,2026-05-30,2026-06-07,1027855,livree
108298,4609,3,2026-05-19,2026-05-22,2026-05-22,479660,livree
108299,8091,4,2026-05-19,2026-05-21,2026-05-21,658785,livree
108300,23026,3,2026-05-20,2026-05-25,2026-05-28,731665,livree
108301,23533,2,2026-05-22,2026-05-27,2026-05-27,1142210,livree
108302,18423,2,2026-05-20,2026-05-25,2026-05-25,58285,livree
108303,23850,2,2026-05-22,2026-06-01,2026-06-02,1282660,livree
108304,6698,5,2026-05-21,2026-05-26,2026-05-27,1258260,livree
108305,11390,3,2026-05-21,2026-05-24,2026-05-24,1443620,livree
108306,17975,1,2026-05-20,2026-05-23,2026-05-23,746050,livree
108307,6001,2,2026-05-20,2026-05-25,2026-05-24,164215,livree
108308,21380,2,2026-05-23,2026-05-28,2026-05-27,849220,livree
108309,20326,6,2026-05-23,2026-06-02,2026-06-02,462300,livree
108310,6565,1,2026-05-22,2026-05-25,2026-05-25,1372960,livree
108311,15032,1,2026-05-22,2026-05-24,2026-05-24,197315,livree
108312,23293,3,2026-05-21,2026-05-28,2026-05-27,301930,livree
108313,20425,2,2026-05-22,2026-06-01,2026-06-02,1180625,livree
108314,15368,5,2026-05-21,2026-05-26,2026-05-27,1417765,livree
108315,5290,4,2026-05-24,2026-05-31,2026-05-31,1256670,livree
108316,8989,2,2026-05-22,2026-05-27,2026-05-27,399900,livree
108317,13321,2,2026-05-22,2026-05-25,2026-06-06,1192530,livree
108318,5521,1,2026-05-23,2026-05-26,2026-05-26,758635,livree
108319,11616,6,2026-05-24,2026-05-27,2026-05-26,1350065,livree
108320,5910,2,2026-05-23,2026-05-28,2026-05-28,978005,livree
108321,473,5,2026-05-22,2026-05-24,2026-05-27,915975,livree
108322,8639,3,2026-05-23,2026-06-02,2026-06-02,846770,livree
108323,17368,2,2026-05-25,2026-06-04,2026-06-04,983505,livree
108324,5186,5,2026-05-23,2026-05-26,2026-05-25,1440830,livree
108325,18921,5,2026-05-23,2026-05-26,,1282120,annulee
108326,19797,4,2026-05-24,2026-05-26,2026-05-26,913475,livree
108327,17743,6,2026-05-23,2026-05-26,2026-06-15,249190,livree
108328,7342,3,2026-05-25,2026-05-30,2026-05-30,913360,livree
108329,22353,1,2026-05-25,2026-05-28,2026-06-09,575740,livree
108330,1966,2,2026-05-26,2026-05-31,2026-05-30,834095,livree
108331,8728,2,2026-05-25,2026-05-30,2026-06-01,1204080,livree
108332,20972,1,2026-05-24,2026-05-27,2026-05-26,298815,livree
108333,4990,4,2026-05-24,2026-05-27,2026-05-26,1426845,livree
108334,19393,1,2026-05-25,2026-05-30,2026-05-30,945300,livree
108335,22099,1,2026-05-26,2026-05-29,2026-05-28,555805,livree
108336,12630,3,2026-05-26,2026-05-29,,727095,annulee
108337,8184,5,2026-05-25,2026-06-01,2026-05-31,534530,livree
108338,1651,3,2026-05-26,2026-05-28,2026-05-27,632215,livree
108339,63,3,2026-05-25,2026-05-27,2026-05-28,796995,livree
108340,18323,4,2026-05-25,2026-06-04,2026-07-19,435840,livree
108341,22774,4,2026-05-27,2026-06-01,2026-06-01,727595,livree
108342,541,5,2026-05-28,2026-06-07,,850465,annulee
108343,18954,4,2026-05-26,2026-05-31,2026-05-31,738465,livree
108344,23236,1,2026-05-27,2026-05-30,2026-05-30,1301595,livree
108345,567,6,2026-05-27,2026-06-01,2026-06-01,713115,livree
108346,4957,4,2026-05-26,2026-06-02,2026-06-01,120930,livree
108347,12408,4,2026-05-28,2026-06-02,2026-06-02,1128900,livree
108348,15382,3,2026-05-28,2026-05-31,2026-05-31,306280,livree
108349,5695,2,2026-05-29,2026-06-03,2026-06-03,1122405,livree
108350,21598,2,2026-05-28,2026-05-30,2026-05-30,641615,livree
108351,12948,2,2026-05-29,2026-06-01,2026-06-01,1220930,livree
108352,18253,4,2026-05-28,2026-06-04,2026-06-04,1392620,livree
108353,21289,3,2026-05-28,2026-05-31,2026-05-30,1269025,livree
108354,18153,6,2026-05-27,2026-06-03,2026-06-03,1286120,livree
108355,15260,6,2026-05-29,2026-06-05,2026-06-05,1369150,livree
108356,23632,2,2026-05-30,2026-06-01,2026-06-04,147020,livree
108357,22134,1,2026-05-29,2026-06-08,2026-06-20,1037390,livree
108358,10296,6,2026-05-28,2026-05-31,2026-07-15,591165,livree
108359,22589,1,2026-05-28,2026-05-30,2026-05-30,198195,livree
108360,3177,2,2026-05-28,2026-05-31,2026-05-31,154560,livree
108361,12662,6,2026-05-29,2026-06-01,2026-06-01,513500,livree
108362,9381,1,2026-05-30,2026-06-04,2026-06-04,1157790,livree
108363,8509,1,2026-05-29,2026-06-01,2026-06-01,1426490,livree
108364,1500,2,2026-05-31,2026-06-07,2026-06-07,1158040,livree
108365,23859,2,2026-05-29,2026-06-03,2026-07-18,296910,livree
108366,9593,6,2026-05-31,2026-06-10,2026-06-09,395410,livree
108367,508,1,2026-05-29,2026-06-03,2026-06-03,1357165,livree
108368,8597,1,2026-05-29,2026-06-01,2026-05-31,140485,livree
108369,1245,4,2026-05-31,2026-06-07,2026-06-27,225945,livree
108370,5324,5,2026-06-01,2026-06-11,2026-06-16,145770,livree
108371,23607,5,2026-05-31,2026-06-07,2026-06-07,1430485,livree
108372,14898,3,2026-05-30,2026-06-01,2026-06-01,410665,livree
108373,14696,4,2026-06-01,2026-06-06,2026-06-05,969350,livree
108374,12992,2,2026-05-31,2026-06-07,2026-06-07,803530,livree
108375,22315,3,2026-06-01,2026-06-04,2026-06-04,172405,livree
108376,18826,2,2026-05-31,2026-06-05,2026-06-05,343600,livree
108377,12042,2,2026-06-01,2026-06-06,2026-06-06,724950,livree
108378,17800,2,2026-06-01,2026-06-11,2026-06-11,1073230,livree
108379,18809,3,2026-06-01,2026-06-04,2026-06-12,636775,livree
108380,7248,2,2026-05-31,2026-06-03,2026-06-03,1075630,livree
108381,7584,4,2026-05-31,2026-06-05,2026-06-05,166905,livree
108382,21026,1,2026-06-01,2026-06-04,2026-06-07,858430,livree
108383,18497,3,2026-06-03,2026-06-05,2026-06-05,287540,livree
108384,18351,4,2026-06-02,2026-06-12,2026-06-11,609175,livree
108385,12010,4,2026-06-01,2026-06-06,2026-06-05,512490,livree
108386,9080,3,2026-06-03,2026-06-05,2026-06-05,1371020,livree
108387,12302,2,2026-06-01,2026-06-06,2026-06-05,888470,livree
108388,14830,5,2026-06-03,2026-06-06,2026-06-05,849905,livree
108389,17569,5,2026-06-03,2026-06-06,2026-06-06,591825,livree
108390,9021,5,2026-06-03,2026-06-06,2026-06-05,1443085,livree
108391,22235,5,2026-06-03,2026-06-13,2026-06-13,997930,livree
108392,8333,4,2026-06-03,2026-06-13,2026-06-12,80515,livree
108393,19656,5,2026-06-02,2026-06-12,2026-06-12,478355,livree
108394,18274,2,2026-06-02,2026-06-07,2026-06-07,484985,livree
108395,2629,3,2026-06-04,2026-06-11,2026-06-19,1243990,livree
108396,1407,5,2026-06-03,2026-06-08,2026-06-07,180835,livree
108397,17554,3,2026-06-03,2026-06-10,2026-06-10,96570,livree
108398,6195,4,2026-06-05,2026-06-08,2026-06-07,100155,livree
108399,15416,1,2026-06-04,2026-06-07,2026-06-06,421150,livree
108400,2606,3,2026-06-04,2026-06-07,2026-06-12,1086575,livree
108401,18234,6,2026-06-03,2026-06-08,2026-06-08,519555,livree
108402,5421,1,2026-06-05,2026-06-10,2026-06-10,142745,livree
108403,3125,1,2026-06-05,2026-06-08,2026-07-23,825490,livree
108404,12546,5,2026-06-05,2026-06-12,2026-06-11,946130,livree
108405,20955,4,2026-06-05,2026-06-07,2026-06-15,359865,livree
108406,12092,3,2026-06-04,2026-06-14,2026-06-14,883560,livree
108407,15906,1,2026-06-04,2026-06-09,2026-06-08,637790,livree
108408,8223,1,2026-06-05,2026-06-12,2026-06-12,1030450,livree
108409,2396,1,2026-06-07,2026-06-10,2026-06-09,520515,livree
108410,173,3,2026-06-05,2026-06-15,2026-06-15,487840,livree
108411,22396,5,2026-06-06,2026-06-08,2026-06-08,644505,livree
108412,23391,2,2026-06-05,2026-06-15,2026-06-15,730150,livree
108413,852,1,2026-06-06,2026-06-08,2026-06-08,945550,livree
108414,4335,6,2026-06-07,2026-06-10,2026-06-09,623230,livree
108415,21866,2,2026-06-07,2026-06-14,2026-06-17,1213975,livree
108416,8999,2,2026-06-06,2026-06-08,2026-06-08,802665,livree
108417,12733,1,2026-06-06,2026-06-09,2026-06-08,197610,livree
108418,17066,3,2026-06-06,2026-06-09,2026-06-08,1422300,livree
108419,23506,4,2026-06-08,2026-06-11,2026-06-11,387280,livree
108420,16969,6,2026-06-08,2026-06-13,2026-06-13,1204850,livree
108421,15396,1,2026-06-08,2026-06-11,2026-06-11,1161700,livree
108422,8386,1,2026-06-09,2026-06-11,2026-06-10,670520,livree
108423,13684,3,2026-06-08,2026-06-10,2026-06-11,546585,livree
108424,4991,4,2026-06-07,2026-06-10,2026-06-10,469240,livree
108425,2702,1,2026-06-07,2026-06-12,2026-06-12,1261515,livree
108426,3455,1,2026-06-07,2026-06-14,2026-06-14,691165,livree
108427,18002,1,2026-06-07,2026-06-12,2026-06-11,366660,livree
108428,5274,4,2026-06-07,2026-06-12,2026-06-12,1242480,livree
108429,17603,2,2026-06-08,2026-06-13,2026-06-13,1393475,livree
108430,4445,2,2026-06-09,2026-06-11,2026-06-11,642125,livree
108431,3107,3,2026-06-10,2026-06-15,2026-06-15,189845,livree
108432,20064,4,2026-06-10,2026-06-12,2026-06-12,1256140,livree
108433,19727,4,2026-06-08,2026-06-10,2026-06-10,689090,livree
108434,3549,6,2026-06-08,2026-06-10,2026-06-15,1287645,livree
108435,1751,4,2026-06-09,2026-06-14,2026-06-13,114295,livree
108436,20770,4,2026-06-09,2026-06-12,2026-06-12,80520,livree
108437,12689,4,2026-06-11,2026-06-21,2026-06-21,85865,livree
108438,103,4,2026-06-10,2026-06-15,2026-06-15,554635,livree
108439,6570,6,2026-06-10,2026-06-20,2026-06-19,1408510,livree
108440,7005,3,2026-06-10,2026-06-13,2026-06-12,513710,livree
108441,16838,6,2026-06-11,2026-06-18,,581185,annulee
108442,2467,6,2026-06-10,2026-06-15,2026-06-14,431475,livree
108443,22625,1,2026-06-11,2026-06-18,2026-06-18,629985,livree
108444,20554,5,2026-06-11,2026-06-16,2026-06-15,539440,livree
108445,23893,1,2026-06-12,2026-06-22,2026-06-21,1049405,livree
108446,1254,5,2026-06-11,2026-06-18,2026-06-17,335025,livree
108447,16896,6,2026-06-10,2026-06-17,2026-06-20,539165,livree
108448,1506,4,2026-06-12,2026-06-22,2026-06-21,536090,livree
108449,8147,3,2026-06-12,2026-06-15,2026-06-14,766090,livree
108450,10595,2,2026-06-12,2026-06-15,2026-06-14,1352330,livree
108451,23289,4,2026-06-11,2026-06-13,2026-06-12,1012855,livree
108452,22731,6,2026-06-13,2026-06-16,2026-06-15,938195,livree
108453,15415,2,2026-06-11,2026-06-14,2026-06-13,982540,livree
108454,14667,1,2026-06-13,2026-06-20,2026-06-19,775725,livree
108455,13865,1,2026-06-12,2026-06-15,2026-06-15,733835,livree
108456,20807,1,2026-06-13,2026-06-15,2026-06-14,133400,livree
108457,16709,6,2026-06-12,2026-06-14,2026-06-14,888070,livree
108458,17509,6,2026-06-13,2026-06-23,2026-06-27,722385,livree
108459,13995,2,2026-06-12,2026-06-15,2026-06-15,60055,livree
108460,5934,4,2026-06-14,2026-06-24,2026-06-24,1227605,livree
108461,13226,5,2026-06-14,2026-06-19,2026-06-19,889190,livree
108462,3635,3,2026-06-14,2026-06-19,2026-06-19,1304425,livree
108463,1187,3,2026-06-14,2026-06-21,2026-06-20,805945,livree
108464,10439,3,2026-06-13,2026-06-23,2026-06-23,962080,livree
108465,17417,5,2026-06-15,2026-06-18,2026-06-19,451450,livree
108466,21543,2,2026-06-15,2026-06-20,2026-06-19,69390,livree
108467,5559,5,2026-06-14,2026-06-17,2026-06-17,1325820,livree
108468,22938,6,2026-06-15,2026-06-25,2026-06-25,1325785,livree
108469,16128,3,2026-06-13,2026-06-18,2026-06-17,1370085,livree
108470,17893,1,2026-06-16,2026-06-19,2026-06-19,57840,livree
108471,17525,1,2026-06-16,2026-06-19,2026-06-18,402500,livree
108472,1131,4,2026-06-15,2026-06-22,2026-06-21,1423910,livree
108473,5658,1,2026-06-16,2026-06-26,2026-06-25,1373465,livree
108474,625,2,2026-06-16,2026-06-19,2026-06-19,189770,livree
108475,23673,3,2026-06-14,2026-06-17,2026-06-16,891510,livree
108476,4211,6,2026-06-16,2026-06-21,2026-06-23,524730,livree
108477,16575,1,2026-06-17,2026-06-20,2026-06-22,786895,livree
108478,12281,3,2026-06-17,2026-06-22,2026-07-12,868750,livree
108479,6825,3,2026-06-15,2026-06-17,2026-06-17,439940,livree
108480,16340,2,2026-06-16,2026-06-23,2026-06-23,887260,livree
108481,5410,6,2026-06-16,2026-06-19,2026-06-19,244585,livree
108482,9862,3,2026-06-15,2026-06-18,2026-06-20,864065,livree
108483,23017,6,2026-06-16,2026-06-21,2026-06-21,1098500,livree
108484,16240,2,2026-06-18,2026-06-21,2026-06-21,920575,livree
108485,22771,3,2026-06-17,2026-06-20,2026-06-19,589420,livree
108486,22722,1,2026-06-16,2026-06-18,2026-06-23,455990,livree
108487,15651,5,2026-06-18,2026-06-23,,565705,annulee
108488,15259,6,2026-06-17,2026-06-20,2026-06-20,1294795,livree
108489,22567,1,2026-06-18,2026-06-25,2026-06-24,721555,livree
108490,10140,4,2026-06-19,2026-06-22,2026-06-21,454125,livree
108491,17998,4,2026-06-17,2026-06-27,2026-08-11,1208875,livree
108492,15496,5,2026-06-19,2026-06-24,2026-06-24,623185,livree
108493,1586,1,2026-06-17,2026-06-19,2026-06-19,1260535,livree
108494,10994,5,2026-06-18,2026-06-23,2026-06-23,838750,livree
108495,7887,6,2026-06-18,2026-06-28,2026-07-10,644650,livree
108496,8975,2,2026-06-20,2026-06-30,2026-06-30,897165,livree
108497,1593,2,2026-06-18,2026-06-23,2026-06-23,341140,livree
108498,18341,3,2026-06-20,2026-06-23,2026-08-07,1398225,livree
108499,9975,3,2026-06-20,2026-06-27,2026-07-02,1211870,livree
108500,2368,2,2026-06-18,2026-06-25,2026-06-28,339490,livree
108501,1792,2,2026-06-19,2026-06-22,2026-06-21,378525,livree
108502,5624,6,2026-06-19,2026-06-21,2026-06-21,1073625,livree
108503,4132,1,2026-06-19,2026-06-26,2026-06-25,913600,livree
108504,17717,5,2026-06-21,2026-06-26,,79640,annulee
108505,17309,2,2026-06-19,2026-06-21,2026-06-22,58545,livree
108506,18679,2,2026-06-19,2026-06-22,2026-06-21,293035,livree
108507,13391,5,2026-06-20,2026-06-30,2026-06-30,50945,livree
108508,4313,2,2026-06-21,2026-07-01,2026-07-01,987640,livree
108509,14113,6,2026-06-20,2026-06-23,2026-06-23,803710,livree
108510,14877,3,2026-06-21,2026-06-26,2026-06-25,49180,livree
108511,20986,5,2026-06-20,2026-06-22,2026-06-22,995380,livree
108512,784,1,2026-06-22,2026-06-25,2026-06-25,1429455,livree
108513,7658,2,2026-06-22,2026-06-29,2026-06-29,711600,livree
108514,15677,2,2026-06-21,2026-06-26,2026-06-29,1005995,livree
108515,11776,2,2026-06-22,2026-06-27,2026-06-27,326670,livree
108516,23187,2,2026-06-20,2026-06-27,2026-06-26,1015750,livree
108517,21736,5,2026-06-21,2026-06-26,2026-06-26,534550,livree
108518,18663,5,2026-06-22,2026-06-27,2026-06-26,1034215,livree
108519,13193,2,2026-06-21,2026-06-26,2026-07-08,336420,livree
108520,11685,4,2026-06-22,2026-06-27,2026-06-27,1295000,livree
108521,15125,1,2026-06-23,2026-06-30,2026-06-29,417170,livree
108522,2328,6,2026-06-22,2026-06-25,2026-06-25,1444170,livree
108523,11741,4,2026-06-24,2026-06-29,2026-07-07,389765,livree
108524,1348,4,2026-06-23,2026-06-26,2026-06-26,866270,livree
108525,5404,4,2026-06-23,2026-06-26,2026-06-26,269625,livree
108526,20242,2,2026-06-23,2026-06-28,2026-06-28,1174285,livree
108527,14010,3,2026-06-23,2026-07-03,2026-07-04,1391970,livree
108528,3035,2,2026-06-22,2026-06-29,2026-07-02,645240,livree
108529,22722,1,2026-06-23,2026-06-26,2026-06-26,212655,livree
108530,3581,5,2026-06-25,2026-07-02,2026-07-02,451905,livree
108531,18977,6,2026-06-23,2026-06-28,2026-06-29,1189380,livree
108532,22059,3,2026-06-23,2026-06-28,2026-06-27,194980,livree
108533,6433,2,2026-06-23,2026-06-28,2026-06-28,534455,livree
108534,15056,2,2026-06-24,2026-07-04,2026-07-04,170250,livree
108535,8444,2,2026-06-23,2026-06-25,2026-06-24,616895,livree
108536,12322,2,2026-06-25,2026-06-27,2026-06-27,1242775,livree
108537,13817,3,2026-06-24,2026-06-27,2026-06-27,705405,livree
108538,19163,5,2026-06-24,2026-06-26,2026-06-26,584075,livree
108539,17173,3,2026-06-25,2026-06-28,2026-08-12,380040,livree
108540,18319,1,2026-06-26,2026-06-29,2026-06-29,180395,livree
108541,2605,6,2026-06-25,2026-07-05,2026-07-05,740880,livree
108542,6980,4,2026-06-26,2026-06-28,2026-06-28,760720,livree
108543,12415,6,2026-06-27,2026-06-29,2026-06-28,841070,livree
108544,19049,2,2026-06-26,2026-07-01,,189785,annulee
108545,8549,2,2026-06-25,2026-07-02,2026-07-02,1449700,livree
108546,12756,1,2026-06-25,2026-06-28,2026-06-27,1337110,livree
108547,23759,2,2026-06-27,2026-06-30,2026-06-30,508305,livree
108548,15268,4,2026-06-26,2026-06-29,,148415,annulee
108549,1873,6,2026-06-27,2026-07-07,,219715,annulee
108550,2436,2,2026-06-27,2026-06-30,2026-07-20,1406960,livree
108551,12414,1,2026-06-28,2026-07-01,2026-07-01,1217160,livree
108552,10153,4,2026-06-26,2026-06-29,2026-06-29,1069275,livree
108553,6150,6,2026-06-27,2026-07-07,2026-07-07,505485,livree
108554,21155,5,2026-06-28,2026-07-05,2026-07-05,959950,livree
108555,23431,6,2026-06-26,2026-07-03,2026-07-03,1339070,livree
108556,18020,3,2026-06-28,2026-07-01,2026-07-01,478620,livree
108557,2582,2,2026-06-27,2026-06-30,2026-07-01,1001700,livree
108558,18538,4,2026-06-28,2026-07-01,2026-07-04,1040885,livree
108559,2502,5,2026-06-29,2026-07-06,,516655,annulee
108560,21194,2,2026-06-29,2026-07-04,2026-07-04,904500,livree
108561,14772,4,2026-06-29,2026-07-04,2026-07-04,661480,livree
108562,18457,4,2026-06-27,2026-07-04,2026-07-04,1281725,livree
108563,18721,3,2026-06-28,2026-07-05,,860845,annulee
108564,17734,2,2026-06-29,2026-07-01,2026-07-05,795750,livree
108565,3298,3,2026-06-28,2026-07-03,2026-07-02,1382175,livree
108566,9718,2,2026-06-29,2026-07-01,2026-07-01,1341620,livree
108567,817,1,2026-06-29,2026-07-02,2026-07-02,1308785,livree
108568,11786,2,2026-06-29,2026-07-02,,341140,annulee
108569,20949,4,2026-06-30,2026-07-02,,979270,annulee
108570,5172,4,2026-06-30,2026-07-02,2026-07-07,73675,livree
108571,19972,4,2026-07-01,2026-07-03,2026-07-02,383465,livree
108572,23345,2,2026-07-01,2026-07-04,2026-07-04,1065655,livree
108573,17489,4,2026-07-01,2026-07-04,2026-07-04,1442165,livree
108574,8979,3,2026-07-01,2026-07-04,2026-07-04,810730,livree
108575,22640,3,2026-06-30,2026-07-03,2026-07-03,736135,livree
108576,4928,1,2026-06-30,2026-07-05,2026-07-06,1054095,livree
108577,10575,1,2026-07-02,2026-07-05,2026-07-05,575080,livree
108578,23461,2,2026-07-02,2026-07-05,2026-07-13,514405,livree
108579,5548,4,2026-07-01,2026-07-08,2026-07-08,1154670,livree
108580,12037,1,2026-07-01,2026-07-04,2026-07-04,1351075,livree
108581,3757,6,2026-07-02,2026-07-07,2026-07-07,915150,livree
108582,22323,6,2026-07-02,2026-07-05,2026-07-05,152605,livree
108583,2065,6,2026-07-02,2026-07-05,2026-07-09,1079660,livree
108584,6341,4,2026-07-01,2026-07-03,2026-07-03,751795,livree
108585,19691,5,2026-07-02,2026-07-07,2026-07-07,389630,livree
108586,18037,1,2026-07-03,2026-07-08,2026-07-08,1092285,livree
108587,250,3,2026-07-03,2026-07-06,2026-07-06,1391930,livree
108588,77,4,2026-07-03,2026-07-05,,763310,annulee
108589,19638,5,2026-07-01,2026-07-03,2026-07-02,1414960,livree
108590,9843,3,2026-07-03,2026-07-06,2026-07-06,245915,livree
108591,15639,4,2026-07-03,2026-07-06,2026-07-05,96460,livree
108592,12665,1,2026-07-03,2026-07-13,2026-07-12,186495,livree
108593,14144,3,2026-07-04,2026-07-14,2026-07-16,134595,livree
108594,5822,1,2026-07-02,2026-07-04,2026-07-03,519655,livree
108595,4613,5,2026-07-04,2026-07-09,2026-07-08,920600,livree
108596,3902,2,2026-07-04,2026-07-06,2026-07-08,635140,livree
108597,14638,2,2026-07-04,2026-07-07,2026-07-06,472785,livree
108598,18315,6,2026-07-05,2026-07-08,2026-07-08,297495,livree
108599,23779,1,2026-07-03,2026-07-05,2026-07-05,728450,livree
108600,9726,2,2026-07-05,2026-07-07,2026-07-07,140310,livree
108601,4961,6,2026-07-03,2026-07-05,2026-07-04,1259160,livree
108602,22180,6,2026-07-03,2026-07-06,2026-08-20,1005660,livree
108603,11005,6,2026-07-03,2026-07-08,2026-07-08,736490,livree
108604,7117,1,2026-07-05,2026-07-10,2026-07-10,588460,livree
108605,17204,5,2026-07-06,2026-07-11,,1169795,annulee
108606,16317,3,2026-07-06,2026-07-11,2026-07-11,1276455,livree
108607,10412,2,2026-07-05,2026-07-08,2026-07-07,1215325,livree
108608,20817,5,2026-07-05,2026-07-10,2026-07-10,91330,livree
108609,13437,2,2026-07-05,2026-07-08,2026-07-09,851315,livree
108610,1101,2,2026-07-06,2026-07-09,2026-07-09,1352820,livree
108611,19223,1,2026-07-05,2026-07-12,2026-07-12,196055,livree
108612,7074,4,2026-07-07,2026-07-10,2026-07-15,139170,livree
108613,18859,4,2026-07-07,2026-07-12,2026-07-12,987785,livree
108614,5886,2,2026-07-07,2026-07-12,2026-07-12,1233205,livree
108615,19734,4,2026-07-05,2026-07-07,2026-07-19,1348580,livree
108616,10924,3,2026-07-06,2026-07-13,2026-07-25,1216500,livree
108617,8665,5,2026-07-08,2026-07-13,2026-07-12,237265,livree
108618,4554,4,2026-07-07,2026-07-10,2026-07-09,1409145,livree
108619,8976,6,2026-07-06,2026-07-09,2026-07-09,1340105,livree
108620,10892,5,2026-07-07,2026-07-17,2026-07-18,1367170,livree
108621,18876,4,2026-07-07,2026-07-12,2026-07-12,1153660,livree
108622,8305,3,2026-07-06,2026-07-13,2026-08-02,492580,livree
108623,11762,6,2026-07-06,2026-07-13,2026-07-12,1214240,livree
108624,11416,4,2026-07-08,2026-07-10,2026-07-09,379135,livree
108625,17336,3,2026-07-07,2026-07-17,2026-07-16,329395,livree
108626,1812,3,2026-07-09,2026-07-14,2026-08-03,1383835,livree
108627,14157,4,2026-07-09,2026-07-14,2026-07-26,1210660,livree
108628,1479,3,2026-07-07,2026-07-17,2026-07-17,487370,livree
108629,12470,2,2026-07-09,2026-07-14,2026-07-13,1325320,livree
108630,14289,1,2026-07-09,2026-07-12,2026-07-11,557275,livree
108631,15276,6,2026-07-08,2026-07-10,2026-07-10,375760,livree
108632,22399,5,2026-07-08,2026-07-11,2026-07-12,989030,livree
108633,20743,1,2026-07-08,2026-07-15,2026-07-15,455600,livree
108634,9806,3,2026-07-09,2026-07-19,2026-07-18,80420,livree
108635,8365,3,2026-07-08,2026-07-11,2026-07-11,777155,livree
108636,3592,5,2026-07-08,2026-07-11,,327315,annulee
108637,17582,4,2026-07-10,2026-07-20,2026-07-19,135545,livree
108638,17072,6,2026-07-09,2026-07-19,2026-07-19,313070,livree
108639,5950,2,2026-07-11,2026-07-16,2026-07-16,1220310,livree
108640,11074,2,2026-07-10,2026-07-13,2026-07-12,427590,livree
108641,2308,2,2026-07-11,2026-07-14,2026-07-13,1336820,livree
108642,15369,2,2026-07-10,2026-07-17,2026-07-21,468915,livree
108643,3299,2,2026-07-09,2026-07-14,2026-07-14,460210,livree
108644,349,6,2026-07-11,2026-07-14,2026-07-14,1170665,livree
108645,1985,5,2026-07-11,2026-07-13,2026-07-12,670540,livree
108646,23578,1,2026-07-10,2026-07-17,2026-07-16,109020,livree
108647,6896,3,2026-07-11,2026-07-21,2026-07-22,890695,livree
108648,5720,3,2026-07-10,2026-07-20,2026-07-24,162955,livree
108649,8845,5,2026-07-12,2026-07-14,2026-07-14,643620,livree
108650,5522,5,2026-07-11,2026-07-16,2026-07-15,128460,livree
108651,15046,6,2026-07-11,2026-07-21,2026-07-24,419525,livree
108652,5189,2,2026-07-12,2026-07-15,2026-07-15,188990,livree
108653,23553,2,2026-07-12,2026-07-14,2026-07-13,299615,livree
108654,1232,4,2026-07-12,2026-07-17,2026-07-16,1313585,livree
108655,4752,1,2026-07-11,2026-07-13,2026-07-13,918555,livree
108656,23050,3,2026-07-12,2026-07-15,2026-07-27,1032090,livree
108657,3835,5,2026-07-12,2026-07-17,2026-07-17,435130,livree
108658,5804,5,2026-07-13,2026-07-18,2026-08-07,1440120,livree
108659,11420,3,2026-07-13,2026-07-16,2026-07-15,53085,livree
108660,10039,6,2026-07-14,2026-07-17,2026-07-17,607670,livree
108661,13504,4,2026-07-13,2026-07-18,2026-07-18,1065560,livree
108662,16735,1,2026-07-14,2026-07-21,2026-07-20,1275730,livree
108663,14480,1,2026-07-14,2026-07-19,2026-07-19,394835,livree
108664,16035,5,2026-07-14,2026-07-17,2026-07-16,933915,livree
108665,12857,2,2026-07-14,2026-07-19,2026-07-19,641475,livree
108666,17136,1,2026-07-13,2026-07-23,2026-07-26,72600,livree
108667,11718,3,2026-07-15,2026-07-20,2026-07-22,1232360,livree
108668,18754,5,2026-07-13,2026-07-23,2026-08-12,242530,livree
108669,17000,2,2026-07-13,2026-07-18,2026-07-18,64735,livree
108670,20946,2,2026-07-13,2026-07-16,2026-07-15,235190,livree
108671,11366,4,2026-07-15,2026-07-22,2026-07-22,194795,livree
108672,22694,2,2026-07-14,2026-07-17,2026-07-17,1015460,livree
108673,18992,1,2026-07-15,2026-07-20,2026-07-19,238655,livree
108674,4014,4,2026-07-15,2026-07-17,2026-07-17,702240,livree
108675,396,5,2026-07-15,2026-07-22,2026-07-22,708690,livree
108676,15895,6,2026-07-15,2026-07-17,2026-07-17,608825,livree
108677,9722,5,2026-07-16,2026-07-21,2026-07-21,1434975,livree
108678,11159,2,2026-07-16,2026-07-26,2026-07-25,743205,livree
108679,20359,6,2026-07-15,2026-07-22,2026-07-21,697115,livree
108680,17402,4,2026-07-17,2026-07-20,2026-07-20,125315,livree
108681,20339,1,2026-07-16,2026-07-21,2026-07-21,1360220,livree
108682,406,3,2026-07-16,2026-07-26,2026-07-26,48880,livree
108683,4786,1,2026-07-17,2026-07-20,,705635,annulee
108684,6542,4,2026-07-16,2026-07-21,2026-07-21,991525,livree
108685,9219,1,2026-07-16,2026-07-19,2026-07-18,1443380,livree
108686,3239,1,2026-07-18,2026-07-20,2026-07-20,724940,livree
108687,16363,6,2026-07-18,2026-07-20,2026-07-19,317775,livree
108688,8462,3,2026-07-17,2026-07-27,2026-07-27,68035,livree
108689,8584,1,2026-07-17,2026-07-27,2026-07-27,635675,livree
108690,11029,2,2026-07-18,2026-07-23,2026-07-23,111980,livree
108691,12815,4,2026-07-18,2026-07-21,2026-07-20,859165,livree
108692,1127,6,2026-07-17,2026-07-20,2026-07-20,1195245,livree
108693,2567,6,2026-07-17,2026-07-24,2026-07-24,185890,livree
108694,10616,3,2026-07-18,2026-07-20,2026-07-19,1309285,livree
108695,1726,4,2026-07-18,2026-07-28,2026-07-28,301240,livree
108696,13026,3,2026-07-18,2026-07-21,2026-07-20,1095490,livree
108697,4654,5,2026-07-19,2026-07-24,2026-07-24,945845,livree
108698,9187,2,2026-07-19,2026-07-24,2026-08-13,302705,livree
108699,817,6,2026-07-19,2026-07-22,2026-07-22,900795,livree
108700,9825,6,2026-07-19,2026-07-22,2026-07-22,1133635,livree
108701,11982,4,2026-07-19,2026-07-22,2026-07-21,453940,livree
108702,433,1,2026-07-20,2026-07-23,2026-07-22,212970,livree
108703,1332,2,2026-07-20,2026-07-25,2026-07-24,195120,livree
108704,8839,3,2026-07-18,2026-07-28,2026-08-09,453365,livree
108705,13498,5,2026-07-20,2026-07-25,2026-07-25,419405,livree
108706,11894,1,2026-07-19,2026-07-24,2026-07-24,977165,livree
108707,15331,1,2026-07-21,2026-07-26,2026-07-25,1290535,livree
108708,19084,4,2026-07-20,2026-07-25,2026-07-26,640645,livree
108709,6401,6,2026-07-20,2026-07-25,2026-07-25,626215,livree
108710,2737,5,2026-07-19,2026-07-22,2026-07-27,974055,livree
108711,5417,6,2026-07-21,2026-07-24,2026-07-24,639795,livree
108712,15283,6,2026-07-22,2026-07-29,2026-07-29,276775,livree
108713,755,2,2026-07-21,2026-07-26,2026-07-26,1037975,livree
108714,8947,2,2026-07-20,2026-07-25,2026-07-25,73730,livree
108715,12467,2,2026-07-22,2026-08-01,2026-08-01,147670,livree
108716,7958,1,2026-07-21,2026-07-31,2026-07-30,1242190,livree
108717,20274,6,2026-07-22,2026-08-01,2026-08-01,280000,livree
108718,22986,1,2026-07-22,2026-07-25,2026-07-25,820355,livree
108719,14486,2,2026-07-21,2026-07-23,2026-07-22,246760,livree
108720,9378,6,2026-07-22,2026-07-25,2026-07-24,1049410,livree
108721,22744,6,2026-07-21,2026-07-31,2026-08-02,977750,livree
108722,5655,2,2026-07-21,2026-07-31,2026-07-30,664915,livree
108723,18609,3,2026-07-22,2026-07-27,2026-07-27,1124855,livree
108724,20412,6,2026-07-23,2026-07-26,2026-07-26,657755,livree
108725,14857,6,2026-07-24,2026-08-03,2026-08-04,826665,livree
108726,12557,1,2026-07-23,2026-07-28,2026-08-09,689645,livree
108727,15013,6,2026-07-23,2026-07-30,2026-07-30,1119215,livree
108728,9199,5,2026-07-23,2026-07-28,2026-07-28,1369815,livree
108729,14900,4,2026-07-24,2026-07-29,2026-07-29,1289760,livree
108730,18458,6,2026-07-23,2026-08-02,2026-08-03,708675,livree
108731,12208,3,2026-07-24,2026-07-29,2026-07-28,1443920,livree
108732,20256,6,2026-07-23,2026-08-02,2026-08-01,819840,livree
108733,21834,6,2026-07-24,2026-07-31,2026-07-30,1438855,livree
108734,21001,6,2026-07-24,2026-07-26,2026-07-25,79320,livree
108735,18379,2,2026-07-25,2026-07-28,2026-07-28,176300,livree
108736,3338,1,2026-07-25,2026-07-28,2026-07-28,954470,livree
108737,3133,2,2026-07-25,2026-07-30,2026-07-29,1208590,livree
108738,12967,3,2026-07-24,2026-07-31,2026-07-31,799925,livree
108739,15957,6,2026-07-24,2026-07-29,2026-07-31,1110945,livree
108740,14656,6,2026-07-24,2026-07-27,2026-07-27,1295250,livree
108741,11075,3,2026-07-24,2026-07-29,2026-07-28,1340710,livree
108742,15571,6,2026-07-26,2026-08-02,2026-08-02,1262275,livree
108743,15009,4,2026-07-26,2026-08-02,2026-08-02,1248515,livree
108744,7381,5,2026-07-25,2026-07-28,2026-07-27,73805,livree
108745,7803,4,2026-07-27,2026-08-06,2026-08-05,996100,livree
108746,16396,6,2026-07-27,2026-08-01,2026-08-05,312300,livree
108747,19573,6,2026-07-27,2026-07-30,2026-08-07,1314485,livree
108748,13847,4,2026-07-25,2026-07-28,2026-07-28,1287570,livree
108749,21403,3,2026-07-25,2026-08-04,2026-08-03,637205,livree
108750,6778,3,2026-07-25,2026-08-04,2026-08-04,858815,livree
108751,5341,1,2026-07-26,2026-08-05,2026-08-06,430745,livree
108752,15077,4,2026-07-28,2026-07-31,2026-07-31,1369320,livree
108753,13087,5,2026-07-28,2026-07-30,2026-07-30,1102310,livree
108754,12079,2,2026-07-27,2026-08-01,2026-08-01,661810,livree
108755,8999,3,2026-07-26,2026-07-31,2026-07-31,1191570,livree
108756,11319,6,2026-07-26,2026-07-29,2026-07-28,437120,livree
108757,23802,1,2026-07-27,2026-07-30,2026-07-30,1097935,livree
108758,18258,4,2026-07-27,2026-07-29,2026-07-29,106580,livree
108759,4928,4,2026-07-29,2026-07-31,2026-07-31,672765,livree
108760,14104,1,2026-07-28,2026-07-31,2026-07-31,504720,livree
108761,18939,4,2026-07-28,2026-07-31,2026-07-31,479520,livree
108762,17416,2,2026-07-28,2026-07-31,2026-07-30,1040035,livree
108763,4275,3,2026-07-28,2026-07-31,2026-07-31,1283805,livree
108764,14724,3,2026-07-27,2026-08-01,2026-08-21,613710,livree
108765,4016,4,2026-07-29,2026-08-03,2026-08-03,537855,livree
108766,4463,5,2026-07-30,2026-08-01,2026-08-01,653730,livree
108767,5096,5,2026-07-28,2026-08-02,2026-08-02,1095635,livree
108768,8702,2,2026-07-30,2026-08-06,2026-08-06,1280890,livree
108769,19471,4,2026-07-28,2026-07-31,2026-07-31,859935,livree
108770,6378,5,2026-07-29,2026-08-08,2026-08-08,109320,livree
108771,18812,4,2026-07-28,2026-08-07,2026-08-06,1243405,livree
108772,13188,5,2026-07-29,2026-07-31,2026-07-30,1099660,livree
108773,2856,6,2026-07-29,2026-08-08,2026-08-08,664995,livree
108774,460,3,2026-07-29,2026-07-31,2026-07-30,511985,livree
108775,20356,2,2026-07-30,2026-08-06,2026-08-06,987205,livree
108776,17802,2,2026-07-29,2026-08-05,2026-08-04,1422195,livree
108777,4398,1,2026-07-30,2026-08-02,2026-08-01,520880,livree
108778,21011,1,2026-07-29,2026-08-01,2026-08-01,541130,livree
108779,20113,4,2026-07-30,2026-08-04,2026-08-04,522510,livree
108780,8066,5,2026-07-31,2026-08-03,2026-08-03,244445,livree
108781,493,4,2026-07-30,2026-08-04,2026-08-06,337215,livree
108782,13906,3,2026-07-30,2026-08-02,2026-08-02,688360,livree
108783,17845,3,2026-07-31,2026-08-07,2026-08-07,995190,livree
108784,6896,6,2026-08-01,2026-08-11,2026-08-10,429735,livree
108785,1883,3,2026-08-01,2026-08-08,2026-08-08,225525,livree
108786,6207,3,2026-08-01,2026-08-04,2026-08-03,98575,livree
108787,16542,3,2026-07-31,2026-08-03,2026-08-03,1149220,livree
108788,4341,5,2026-07-31,2026-08-05,2026-08-04,620610,livree
108789,8824,1,2026-08-01,2026-08-06,2026-08-06,930190,livree
108790,10269,5,2026-08-02,2026-08-04,2026-08-04,561790,livree
108791,13927,2,2026-07-31,2026-08-02,2026-08-01,1330940,livree
108792,11621,1,2026-08-01,2026-08-06,2026-08-06,897615,livree
108793,20376,2,2026-08-02,2026-08-09,2026-08-17,1295880,livree
108794,11655,1,2026-08-02,2026-08-07,2026-08-07,249455,livree
108795,7012,2,2026-08-02,2026-08-07,,917395,annulee
108796,5697,1,2026-08-01,2026-08-06,2026-08-06,255220,livree
108797,3679,5,2026-08-03,2026-08-06,2026-08-06,73035,livree
108798,6961,5,2026-08-02,2026-08-12,2026-08-17,1128780,livree
108799,977,3,2026-08-03,2026-08-05,2026-08-04,1112990,livree
108800,5519,3,2026-08-04,2026-08-06,,489150,annulee
108801,18557,6,2026-08-03,2026-08-13,2026-08-13,1063365,livree
108802,4872,6,2026-08-03,2026-08-10,2026-08-10,587530,livree
108803,13085,6,2026-08-02,2026-08-05,2026-08-25,962665,livree
108804,11422,4,2026-08-02,2026-08-12,2026-08-12,423215,livree
108805,20436,1,2026-08-02,2026-08-12,2026-08-12,818005,livree
108806,18606,6,2026-08-04,2026-08-09,2026-08-09,200995,livree
108807,17443,5,2026-08-04,2026-08-09,2026-08-17,1221740,livree
108808,640,2,2026-08-04,2026-08-09,2026-08-09,1164025,livree
108809,6962,4,2026-08-04,2026-08-11,2026-08-16,1181995,livree
108810,20572,3,2026-08-03,2026-08-10,,334790,annulee
108811,20739,6,2026-08-05,2026-08-08,2026-08-10,485705,livree
108812,2188,4,2026-08-04,2026-08-11,2026-08-11,137880,livree
108813,14203,2,2026-08-05,2026-08-08,2026-08-07,846570,livree
108814,10425,5,2026-08-04,2026-08-06,2026-08-06,1304290,livree
108815,23829,6,2026-08-04,2026-08-11,2026-08-11,854305,livree
108816,21497,1,2026-08-06,2026-08-09,2026-08-08,57045,livree
108817,6812,2,2026-08-04,2026-08-07,2026-08-07,373580,livree
108818,15148,5,2026-08-06,2026-08-08,2026-08-28,993495,livree
108819,9274,2,2026-08-05,2026-08-12,2026-08-11,827530,livree
108820,16308,4,2026-08-07,2026-08-10,2026-08-10,1150795,livree
108821,22085,5,2026-08-06,2026-08-11,2026-08-10,618240,livree
108822,22088,4,2026-08-06,2026-08-09,2026-08-09,401380,livree
108823,5235,2,2026-08-07,2026-08-12,2026-08-12,508015,livree
108824,20547,3,2026-08-07,2026-08-12,2026-08-12,1058100,livree
108825,17632,6,2026-08-07,2026-08-12,2026-08-12,373460,livree
108826,13799,6,2026-08-06,2026-08-16,2026-08-15,326150,livree
108827,3738,5,2026-08-07,2026-08-12,2026-08-12,624270,livree
108828,23140,5,2026-08-06,2026-08-11,2026-08-15,370525,livree
108829,9723,2,2026-08-06,2026-08-09,2026-08-09,762475,livree
108830,4655,2,2026-08-08,2026-08-18,2026-08-18,723580,livree
108831,19388,1,2026-08-08,2026-08-15,2026-08-14,413165,livree
108832,22972,4,2026-08-08,2026-08-11,2026-08-11,850415,livree
108833,16288,6,2026-08-09,2026-08-12,2026-08-11,1192390,livree
108834,5343,1,2026-08-07,2026-08-17,2026-08-17,542550,livree
108835,23174,5,2026-08-08,2026-08-13,2026-08-12,1044770,livree
108836,22029,4,2026-08-09,2026-08-12,2026-08-12,655705,livree
108837,6249,4,2026-08-07,2026-08-12,2026-08-12,655305,livree
108838,11226,5,2026-08-08,2026-08-15,2026-08-15,1383555,livree
108839,10175,6,2026-08-10,2026-08-12,2026-08-12,1153530,livree
108840,1395,4,2026-08-09,2026-08-11,2026-08-11,563455,livree
108841,4546,6,2026-08-09,2026-08-11,2026-08-11,447675,livree
108842,5258,3,2026-08-08,2026-08-18,2026-09-07,265935,livree
108843,874,2,2026-08-08,2026-08-13,2026-08-12,754700,livree
108844,21622,5,2026-08-10,2026-08-13,2026-08-13,1030565,livree
108845,2501,6,2026-08-10,2026-08-17,,274210,annulee
108846,11852,2,2026-08-10,2026-08-20,2026-08-19,1345175,livree
108847,9258,5,2026-08-10,2026-08-20,2026-08-20,1159130,livree
108848,4672,3,2026-08-11,2026-08-14,2026-08-13,1446245,livree
108849,22136,3,2026-08-11,2026-08-14,2026-08-14,255545,livree
108850,1187,2,2026-08-10,2026-08-13,2026-08-13,348785,livree
108851,21686,2,2026-08-09,2026-08-16,2026-08-16,891360,livree
108852,19070,5,2026-08-10,2026-08-13,2026-08-13,1304330,livree
108853,1849,1,2026-08-10,2026-08-12,2026-08-11,1083090,livree
108854,8499,1,2026-08-11,2026-08-16,2026-09-05,625985,livree
108855,14501,4,2026-08-11,2026-08-16,2026-08-16,104165,livree
108856,22011,3,2026-08-10,2026-08-12,2026-08-12,1165930,livree
108857,4860,6,2026-08-10,2026-08-17,2026-08-16,1049700,livree
108858,7500,3,2026-08-12,2026-08-14,2026-08-14,386215,livree
108859,18368,5,2026-08-13,2026-08-15,2026-08-15,1285535,livree
108860,12264,5,2026-08-11,2026-08-16,2026-08-16,735360,livree
108861,23342,6,2026-08-12,2026-08-14,2026-08-14,728725,livree
108862,1129,3,2026-08-13,2026-08-20,2026-08-20,362175,livree
108863,9901,1,2026-08-13,2026-08-15,2026-08-15,708420,livree
108864,21319,5,2026-08-13,2026-08-15,2026-08-15,480880,livree
108865,2114,2,2026-08-12,2026-08-15,2026-08-15,435135,livree
108866,9778,5,2026-08-14,2026-08-24,2026-08-23,927470,livree
108867,1755,6,2026-08-12,2026-08-17,2026-08-17,1123655,livree
108868,23590,1,2026-08-14,2026-08-17,2026-08-16,1045590,livree
108869,8719,3,2026-08-14,2026-08-19,2026-08-19,177730,livree
108870,19460,5,2026-08-12,2026-08-15,2026-08-23,859515,livree
108871,4402,3,2026-08-12,2026-08-19,2026-08-18,920495,livree
108872,17634,2,2026-08-14,2026-08-19,,1280550,annulee
108873,11477,5,2026-08-15,2026-08-17,2026-08-17,1094300,livree
108874,17480,3,2026-08-15,2026-08-22,2026-08-22,562815,livree
108875,4928,5,2026-08-14,2026-08-21,2026-08-21,970780,livree
108876,20088,4,2026-08-13,2026-08-16,2026-08-16,335465,livree
108877,15591,3,2026-08-13,2026-08-16,2026-08-16,720790,livree
108878,9707,4,2026-08-15,2026-08-18,2026-08-18,1230615,livree
108879,22915,5,2026-08-14,2026-08-16,2026-08-15,1208850,livree
108880,21895,5,2026-08-16,2026-08-23,2026-08-23,950710,livree
108881,23253,6,2026-08-14,2026-08-24,2026-08-23,649320,livree
108882,4327,4,2026-08-15,2026-08-18,2026-08-18,1201705,livree
108883,14628,3,2026-08-14,2026-08-24,2026-08-24,1080570,livree
108884,14616,3,2026-08-16,2026-08-21,2026-08-21,1359275,livree
108885,6516,2,2026-08-14,2026-08-24,2026-08-23,619205,livree
108886,4911,5,2026-08-15,2026-08-22,2026-08-22,224310,livree
108887,3136,4,2026-08-15,2026-08-20,2026-08-20,1213940,livree
108888,14323,3,2026-08-17,2026-08-20,2026-08-20,486640,livree
108889,23862,4,2026-08-15,2026-08-20,2026-08-19,171565,livree
108890,3616,3,2026-08-16,2026-08-26,2026-08-26,761835,livree
108891,3732,4,2026-08-16,2026-08-26,2026-08-31,209120,livree
108892,16982,3,2026-08-15,2026-08-18,2026-08-18,142335,livree
108893,2238,4,2026-08-17,2026-08-19,2026-08-19,1136505,livree
108894,1957,3,2026-08-17,2026-08-20,2026-08-20,97555,livree
108895,2374,2,2026-08-18,2026-08-23,,548165,annulee
108896,13505,5,2026-08-18,2026-08-23,2026-08-23,730060,livree
108897,20342,6,2026-08-16,2026-08-23,2026-08-22,1308320,livree
108898,10632,2,2026-08-17,2026-08-19,2026-08-19,695745,livree
108899,12955,1,2026-08-17,2026-08-20,2026-08-20,791815,livree
108900,15809,4,2026-08-19,2026-08-21,2026-08-20,1142155,livree
108901,11492,4,2026-08-19,2026-08-22,2026-08-22,59930,livree
108902,11702,3,2026-08-17,2026-08-20,2026-08-20,1047710,livree
108903,7908,6,2026-08-19,2026-08-24,2026-08-24,1024150,livree
108904,10756,5,2026-08-17,2026-08-19,2026-08-19,509910,livree
108905,20726,4,2026-08-17,2026-08-19,,441255,annulee
108906,426,5,2026-08-19,2026-08-24,2026-08-23,311365,livree
108907,11680,6,2026-08-20,2026-08-23,2026-08-23,1295010,livree
108908,9761,6,2026-08-20,2026-08-22,2026-08-22,670920,livree
108909,16013,3,2026-08-19,2026-08-24,2026-08-25,1078995,livree
108910,1013,6,2026-08-19,2026-08-24,2026-08-23,464495,livree
108911,15849,3,2026-08-20,2026-08-27,,989455,annulee
108912,4207,6,2026-08-19,2026-08-22,2026-08-22,919745,livree
108913,19898,1,2026-08-21,2026-08-31,2026-09-08,609465,livree
108914,19824,5,2026-08-21,2026-08-31,2026-09-01,1344795,livree
108915,13043,4,2026-08-21,2026-08-31,2026-09-01,457760,livree
108916,15236,6,2026-08-21,2026-08-31,2026-08-30,1402945,livree
108917,14400,4,2026-08-20,2026-08-22,2026-09-03,752100,livree
108918,22290,4,2026-08-20,2026-08-30,2026-10-14,1183540,livree
108919,3503,6,2026-08-19,2026-08-21,2026-08-21,1419940,livree
108920,4364,4,2026-08-21,2026-08-24,2026-08-23,1330160,livree
108921,8935,5,2026-08-20,2026-08-25,2026-08-24,957720,livree
108922,22182,5,2026-08-22,2026-08-27,2026-08-27,1302950,livree
108923,16891,2,2026-08-22,2026-08-25,2026-08-28,1292595,livree
108924,12038,6,2026-08-20,2026-08-27,2026-08-27,427305,livree
108925,23526,5,2026-08-20,2026-08-25,2026-09-02,1292250,livree
108926,12699,1,2026-08-22,2026-08-24,2026-08-24,861775,livree
108927,2502,2,2026-08-23,2026-08-28,2026-08-27,644635,livree
108928,5440,4,2026-08-23,2026-08-28,2026-08-28,605245,livree
108929,2068,2,2026-08-22,2026-08-27,2026-08-27,74175,livree
108930,11226,2,2026-08-21,2026-08-26,2026-08-26,1086495,livree
108931,17482,6,2026-08-23,2026-08-28,,205995,annulee
108932,17989,1,2026-08-21,2026-08-31,2026-08-31,719735,livree
108933,4104,6,2026-08-22,2026-08-29,2026-08-29,349830,livree
108934,12509,5,2026-08-23,2026-08-28,2026-08-28,173285,livree
108935,13728,4,2026-08-24,2026-08-27,2026-08-29,1302725,livree
108936,5821,3,2026-08-23,2026-08-25,2026-08-24,681360,livree
108937,6789,6,2026-08-22,2026-08-25,2026-08-24,611315,livree
108938,5197,6,2026-08-23,2026-08-26,2026-08-25,1004175,livree
108939,18023,5,2026-08-24,2026-08-29,2026-08-29,158765,livree
108940,2804,5,2026-08-25,2026-08-30,2026-08-30,733085,livree
108941,4839,2,2026-08-24,2026-08-29,,677960,annulee
108942,18955,3,2026-08-25,2026-08-30,2026-08-30,1209100,livree
108943,20192,3,2026-08-25,2026-08-30,2026-08-30,486460,livree
108944,23868,4,2026-08-23,2026-09-02,2026-09-02,533910,livree
108945,7354,2,2026-08-25,2026-09-04,2026-09-03,1386240,livree
108946,12227,1,2026-08-24,2026-08-27,2026-08-27,569765,livree
108947,16476,5,2026-08-24,2026-08-27,2026-08-26,778345,livree
108948,11616,1,2026-08-24,2026-08-31,2026-08-31,1092140,livree
108949,12939,6,2026-08-25,2026-08-30,2026-08-30,471685,livree
108950,18195,1,2026-08-26,2026-08-28,2026-08-27,769230,livree
108951,17168,4,2026-08-24,2026-08-29,2026-08-29,189905,livree
108952,13976,4,2026-08-25,2026-08-28,2026-08-28,1251460,livree
108953,22382,3,2026-08-26,2026-08-31,2026-08-30,181975,livree
108954,1362,4,2026-08-25,2026-08-28,2026-08-28,1102175,livree
108955,14077,5,2026-08-25,2026-08-28,,588450,annulee
108956,16297,4,2026-08-27,2026-09-06,2026-09-06,365535,livree
108957,599,3,2026-08-26,2026-08-31,2026-08-30,155935,livree
108958,6483,2,2026-08-25,2026-09-01,2026-08-31,1073830,livree
108959,3293,3,2026-08-27,2026-08-30,2026-08-29,155270,livree
108960,22833,4,2026-08-27,2026-08-29,2026-08-29,1329125,livree
108961,22803,4,2026-08-26,2026-08-28,2026-08-28,843725,livree
108962,20605,1,2026-08-26,2026-08-29,2026-08-29,1143840,livree
108963,18351,1,2026-08-27,2026-09-06,2026-09-05,74705,livree
108964,20185,4,2026-08-26,2026-08-28,2026-08-28,1386655,livree
108965,8140,2,2026-08-26,2026-09-05,2026-09-04,1203210,livree
108966,22570,5,2026-08-27,2026-09-06,2026-09-11,570710,livree
108967,13615,3,2026-08-29,2026-09-08,2026-09-08,1206800,livree
108968,21921,1,2026-08-29,2026-09-03,2026-09-03,854005,livree
108969,21056,5,2026-08-29,2026-09-01,2026-09-03,646625,livree
108970,12476,6,2026-08-27,2026-09-01,2026-09-01,226320,livree
108971,2274,1,2026-08-27,2026-09-01,2026-09-01,435525,livree
108972,558,1,2026-08-29,2026-09-08,2026-09-07,1329395,livree
108973,15341,1,2026-08-28,2026-09-02,2026-09-01,1398990,livree
108974,21647,5,2026-08-30,2026-09-01,2026-09-09,602235,livree
108975,10485,2,2026-08-30,2026-09-04,2026-09-04,1372230,livree
108976,4546,5,2026-08-30,2026-09-02,2026-09-02,835830,livree
108977,20907,5,2026-08-30,2026-09-02,2026-09-02,941850,livree
108978,5342,4,2026-08-29,2026-09-05,2026-09-05,1337010,livree
108979,16442,3,2026-08-29,2026-09-08,2026-09-08,85315,livree
108980,190,2,2026-08-29,2026-09-01,2026-09-01,206305,livree
108981,681,5,2026-08-29,2026-09-05,2026-09-05,169145,livree
108982,20216,3,2026-08-30,2026-09-06,2026-09-06,1208105,livree
108983,14391,1,2026-08-30,2026-09-01,2026-09-09,267585,livree
108984,18535,3,2026-08-29,2026-09-01,2026-08-31,182130,livree
108985,6654,4,2026-08-30,2026-09-09,2026-09-08,560330,livree
108986,15134,5,2026-08-31,2026-09-02,2026-09-02,733140,livree
108987,3153,6,2026-08-30,2026-09-06,2026-09-06,716580,livree
108988,10659,4,2026-09-01,2026-09-06,2026-09-06,416775,livree
108989,20657,2,2026-09-01,2026-09-11,2026-09-11,1219930,livree
108990,23893,5,2026-08-31,2026-09-07,2026-09-07,1342625,livree
108991,8966,4,2026-08-30,2026-09-02,2026-09-01,111960,livree
108992,15085,4,2026-09-01,2026-09-08,2026-09-07,398890,livree
108993,9748,6,2026-08-30,2026-09-02,2026-09-02,715600,livree
108994,23431,1,2026-09-01,2026-09-08,2026-09-07,607170,livree
108995,13609,2,2026-08-31,2026-09-10,2026-09-10,111245,livree
108996,22579,5,2026-09-02,2026-09-12,2026-09-12,120955,livree
108997,14330,2,2026-09-01,2026-09-06,2026-09-09,486095,livree
108998,14538,2,2026-08-31,2026-09-05,2026-09-04,1293990,livree
108999,8887,1,2026-09-02,2026-09-04,2026-09-09,147380,livree
