id_facture,id_client,date_facture,date_echeance,date_encaissement,montant_ttc,montant_encaisse,conditions_paiement
300000,11821,2023-01-01,2023-01-31,2023-01-29,483930,483930,30 j
300001,12251,2023-01-01,2023-01-16,2023-01-11,638245,638245,Comptant
300002,18282,2023-01-02,2023-01-17,2023-01-14,1539580,1539580,Comptant
300003,8725,2023-01-03,2023-02-02,2023-01-28,221885,221885,30 j
300004,11146,2023-01-01,2023-01-16,2023-01-21,1762585,1762585,Comptant
300005,11117,2023-01-03,2023-02-02,,999430,0,30 j
300006,10602,2023-01-02,2023-02-01,2023-01-27,1794185,1794185,30 j
300007,18327,2023-01-02,2023-02-01,2023-01-27,866305,866305,30 j
300008,16927,2023-01-03,2023-01-18,,210750,0,Comptant
300009,15511,2023-01-03,2023-01-18,2023-01-13,962820,962820,Comptant
300010,20745,2023-01-03,2023-01-18,2023-02-07,865465,865465,Comptant
300011,3939,2023-01-02,2023-01-17,2023-01-12,336470,336470,Comptant
300012,22730,2023-01-04,2023-01-19,,511990,0,Comptant
300013,6655,2023-01-03,2023-01-18,2023-01-19,725185,725185,Comptant
300014,23662,2023-01-03,2023-01-18,2023-01-17,927490,927490,Comptant
300015,18596,2023-01-04,2023-01-19,,442745,0,Comptant
300016,15704,2023-01-04,2023-02-03,,1338170,0,30 j
300017,148,2023-01-03,2023-02-02,2023-02-03,66270,66270,30 j
300018,8114,2023-01-03,2023-01-18,2023-01-18,715420,715420,Comptant
300019,13284,2023-01-04,2023-02-03,2023-02-01,250280,250280,30 j
300020,1451,2023-01-04,2023-03-05,,681545,0,60 j
300021,618,2023-01-06,2023-01-21,2023-01-21,659730,659730,Comptant
300022,10976,2023-01-06,2023-01-21,2023-01-16,1557810,1557810,Comptant
300023,18667,2023-01-04,2023-01-19,2023-01-19,1247180,1247180,Comptant
300024,4044,2023-01-05,2023-02-04,,1193505,0,30 j
300025,9847,2023-01-06,2023-02-05,,88210,0,30 j
300026,5056,2023-01-04,2023-01-19,2023-01-14,90630,90630,Comptant
300027,11667,2023-01-05,2023-01-20,,1204215,0,Comptant
300028,10674,2023-01-05,2023-02-04,,515945,0,30 j
300029,20468,2023-01-07,2023-03-08,2023-03-05,548230,548230,60 j
300030,15552,2023-01-05,2023-02-04,2023-02-03,953410,953410,30 j
300031,5115,2023-01-07,2023-02-06,,1725485,0,30 j
300032,13968,2023-01-07,2023-02-06,2023-02-05,1750220,1750220,30 j
300033,9422,2023-01-07,2023-02-06,2023-02-04,241230,241230,30 j
300034,6334,2023-01-07,2023-03-08,2023-03-07,1412965,1412965,60 j
300035,17616,2023-01-08,2023-03-09,2023-03-06,1447040,1447040,60 j
300036,2640,2023-01-08,2023-01-23,2023-02-02,1318485,1318485,Comptant
300037,3211,2023-01-07,2023-01-22,2023-03-08,565615,565615,Comptant
300038,13600,2023-01-06,2023-02-05,2023-02-03,815105,815105,30 j
300039,6669,2023-01-06,2023-01-21,2023-01-19,699685,699685,Comptant
300040,16554,2023-01-06,2023-01-21,2023-01-19,540520,540520,Comptant
300041,8995,2023-01-07,2023-02-06,,434045,0,30 j
300042,12742,2023-01-07,2023-01-22,2023-01-20,1107140,1107140,Comptant
300043,12687,2023-01-08,2023-01-23,2023-01-18,223250,223250,Comptant
300044,7932,2023-01-09,2023-01-24,2023-01-19,1783140,1783140,Comptant
300045,22321,2023-01-09,2023-01-24,2023-01-19,1342335,1342335,Comptant
300046,12852,2023-01-09,2023-01-24,2023-01-23,816360,816360,Comptant
300047,9121,2023-01-07,2023-01-22,2023-01-17,635515,635515,Comptant
300048,13037,2023-01-08,2023-02-07,2023-02-04,625750,625750,30 j
300049,12615,2023-01-08,2023-02-07,2023-02-07,149425,149425,30 j
300050,18998,2023-01-10,2023-01-25,2023-01-23,1761455,1761455,Comptant
300051,23238,2023-01-08,2023-01-23,2023-01-23,178540,178540,Comptant
300052,4259,2023-01-10,2023-01-25,2023-02-04,718920,718920,Comptant
300053,10031,2023-01-10,2023-02-09,2023-02-11,1021985,1021985,30 j
300054,10656,2023-01-09,2023-01-24,2023-01-24,1096640,1096640,Comptant
300055,7928,2023-01-10,2023-01-25,2023-01-23,781200,781200,Comptant
300056,1753,2023-01-10,2023-01-25,2023-01-26,290345,290345,Comptant
300057,9487,2023-01-11,2023-01-26,2023-01-24,1750240,1750240,Comptant
300058,4349,2023-01-10,2023-02-09,2023-02-06,392935,392935,30 j
300059,3834,2023-01-11,2023-01-26,2023-01-24,954025,954025,Comptant
300060,20590,2023-01-10,2023-03-11,2023-03-10,1618105,1618105,60 j
300061,10554,2023-01-10,2023-01-25,,83710,0,Comptant
300062,351,2023-01-12,2023-02-11,,1542410,0,30 j
300063,9310,2023-01-10,2023-02-09,2023-02-08,1405565,1405565,30 j
300064,19238,2023-01-11,2023-01-26,2023-01-21,1506920,1506920,Comptant
300065,23576,2023-01-12,2023-02-11,2023-02-08,887525,887525,30 j
300066,21031,2023-01-10,2023-01-25,2023-01-22,699075,699075,Comptant
300067,20839,2023-01-12,2023-02-11,,1281180,0,30 j
300068,18302,2023-01-11,2023-01-26,2023-01-21,1627070,1627070,Comptant
300069,14240,2023-01-11,2023-02-10,2023-02-05,313870,313870,30 j
300070,21996,2023-01-11,2023-01-26,2023-01-21,1184335,1184335,Comptant
300071,22604,2023-01-11,2023-01-26,2023-01-26,275680,275680,Comptant
300072,6118,2023-01-13,2023-02-12,,227280,0,30 j
300073,17804,2023-01-11,2023-01-26,2023-02-05,1626095,1626095,Comptant
300074,23289,2023-01-14,2023-02-13,2023-03-30,1777370,1777370,30 j
300075,23849,2023-01-14,2023-01-29,2023-01-29,690780,690780,Comptant
300076,4899,2023-01-14,2023-01-29,2023-01-26,127065,127065,Comptant
300077,8796,2023-01-12,2023-01-27,2023-01-24,1221885,1221885,Comptant
300078,2191,2023-01-14,2023-02-13,2023-02-13,278035,278035,30 j
300079,6156,2023-01-13,2023-01-28,2023-02-17,142760,142760,Comptant
300080,14204,2023-01-13,2023-01-28,,1214905,0,Comptant
300081,393,2023-01-13,2023-01-28,2023-01-28,1513540,1513540,Comptant
300082,287,2023-01-13,2023-01-28,2023-01-27,677255,677255,Comptant
300083,22942,2023-01-14,2023-01-29,2023-01-24,1323810,1323810,Comptant
300084,6965,2023-01-15,2023-02-14,,550865,0,30 j
300085,4322,2023-01-14,2023-01-29,,1387270,0,Comptant
300086,18339,2023-01-13,2023-01-28,,182605,0,Comptant
300087,10964,2023-01-14,2023-02-13,2023-02-12,544060,544060,30 j
300088,8847,2023-01-14,2023-01-29,2023-01-24,1068285,1068285,Comptant
300089,17856,2023-01-15,2023-02-14,2023-02-09,553355,553355,30 j
300090,11624,2023-01-16,2023-02-15,,1357890,0,30 j
300091,6398,2023-01-14,2023-01-29,2023-01-26,974545,974545,Comptant
300092,8376,2023-01-14,2023-01-29,2023-02-08,1550695,1550695,Comptant
300093,17118,2023-01-16,2023-02-15,2023-02-12,1098605,1098605,30 j
300094,14668,2023-01-15,2023-01-30,2023-01-30,1337375,1337375,Comptant
300095,16795,2023-01-16,2023-01-31,2023-01-31,1575820,1575820,Comptant
300096,10242,2023-01-17,2023-02-16,,989205,0,30 j
300097,1563,2023-01-16,2023-02-15,,1364325,0,30 j
300098,12556,2023-01-15,2023-03-16,2023-03-11,1267230,1267230,60 j
300099,7224,2023-01-15,2023-01-30,2023-01-27,900035,900035,Comptant
300100,17445,2023-01-16,2023-01-31,2023-01-30,108320,108320,Comptant
300101,1253,2023-01-18,2023-02-17,,125385,0,30 j
300102,10151,2023-01-17,2023-02-01,2023-02-01,1142050,1142050,Comptant
300103,399,2023-01-18,2023-02-17,,382920,0,30 j
300104,14516,2023-01-17,2023-02-01,2023-01-29,1220850,1220850,Comptant
300105,9370,2023-01-17,2023-02-01,2023-01-27,1376800,1376800,Comptant
300106,16651,2023-01-18,2023-02-02,2023-01-31,1076275,1076275,Comptant
300107,4886,2023-01-16,2023-01-31,2023-01-29,1526605,1526605,Comptant
300108,15750,2023-01-18,2023-02-02,2023-02-02,1285275,1285275,Comptant
300109,12984,2023-01-19,2023-02-03,2023-02-03,235460,235460,Comptant
300110,12093,2023-01-17,2023-02-01,,777380,0,Comptant
300111,2692,2023-01-17,2023-02-16,2023-02-18,1193370,1193370,30 j
300112,5510,2023-01-19,2023-02-03,,1756120,0,Comptant
300113,20269,2023-01-17,2023-02-01,2023-01-30,1628040,1628040,Comptant
300114,19411,2023-01-17,2023-02-01,,1578930,0,Comptant
300115,21303,2023-01-18,2023-02-17,2023-02-17,1735485,1735485,30 j
300116,7300,2023-01-19,2023-02-18,2023-02-15,1170075,1170075,30 j
300117,19685,2023-01-18,2023-02-02,2023-02-01,1516545,1516545,Comptant
300118,6668,2023-01-20,2023-02-19,2023-02-18,74400,74400,30 j
300119,21037,2023-01-20,2023-02-19,2023-02-17,1740175,1740175,30 j
300120,20331,2023-01-20,2023-02-04,2023-02-05,1167270,1167270,Comptant
300121,16723,2023-01-21,2023-02-20,2023-02-18,1170560,1170560,30 j
300122,11651,2023-01-21,2023-02-05,2023-01-31,490540,490540,Comptant
300123,2943,2023-01-21,2023-03-22,2023-03-19,167475,167475,60 j
300124,12094,2023-01-20,2023-02-04,2023-02-06,521100,521100,Comptant
300125,17110,2023-01-20,2023-02-04,2023-02-01,1410695,1410695,Comptant
300126,17770,2023-01-20,2023-02-04,2023-02-01,1747110,1747110,Comptant
300127,21706,2023-01-19,2023-02-18,2023-02-13,617090,617090,30 j
300128,10645,2023-01-20,2023-03-21,2023-03-16,103715,103715,60 j
300129,19641,2023-01-20,2023-02-04,2023-02-01,961730,961730,Comptant
300130,330,2023-01-21,2023-02-05,,564545,0,Comptant
300131,6385,2023-01-21,2023-02-20,2023-02-19,1161540,1161540,30 j
300132,11399,2023-01-21,2023-02-05,2023-01-31,1405845,1405845,Comptant
300133,18262,2023-01-21,2023-03-22,,486690,0,60 j
300134,7318,2023-01-20,2023-02-04,,557945,0,Comptant
300135,6255,2023-01-22,2023-02-06,2023-02-01,224110,224110,Comptant
300136,13605,2023-01-21,2023-03-22,2023-03-19,455095,455095,60 j
300137,3107,2023-01-22,2023-02-21,2023-02-18,1779185,1779185,30 j
300138,636,2023-01-22,2023-02-06,2023-02-01,851705,851705,Comptant
300139,17328,2023-01-21,2023-02-20,2023-02-17,547225,547225,30 j
300140,2392,2023-01-23,2023-03-24,2023-03-23,1497450,1497450,60 j
300141,1645,2023-01-22,2023-02-21,2023-03-13,699555,699555,30 j
300142,535,2023-01-23,2023-02-07,,1151855,0,Comptant
300143,12923,2023-01-24,2023-02-23,,936015,0,30 j
300144,18350,2023-01-24,2023-02-08,2023-02-13,1019285,1019285,Comptant
300145,500,2023-01-22,2023-02-21,2023-02-21,355640,355640,30 j
300146,10580,2023-01-24,2023-02-08,,1704190,0,Comptant
300147,20868,2023-01-23,2023-02-22,2023-02-19,652310,652310,30 j
300148,9940,2023-01-24,2023-02-23,2023-02-18,671320,671320,30 j
300149,14069,2023-01-25,2023-02-09,2023-02-04,879685,879685,Comptant
300150,11430,2023-01-24,2023-02-08,2023-02-05,873795,873795,Comptant
300151,12240,2023-01-25,2023-02-24,,212150,0,30 j
300152,20148,2023-01-23,2023-02-22,2023-02-17,1483930,1483930,30 j
300153,152,2023-01-24,2023-03-25,2023-03-22,1243880,1243880,60 j
300154,19863,2023-01-23,2023-02-22,2023-02-20,872865,872865,30 j
300155,6660,2023-01-25,2023-03-26,2023-03-26,1095430,1095430,60 j
300156,19327,2023-01-26,2023-02-10,2023-02-09,1241250,1241250,Comptant
300157,20153,2023-01-25,2023-02-09,2023-02-06,324960,324960,Comptant
300158,6065,2023-01-26,2023-03-27,2023-04-01,995060,995060,60 j
300159,20665,2023-01-24,2023-02-08,2023-02-03,939450,939450,Comptant
300160,113,2023-01-26,2023-02-10,2023-02-08,697320,697320,Comptant
300161,4720,2023-01-24,2023-02-08,2023-02-08,1503075,1503075,Comptant
300162,20869,2023-01-27,2023-02-26,2023-02-23,132145,132145,30 j
300163,15992,2023-01-26,2023-02-10,2023-02-09,319930,319930,Comptant
300164,3256,2023-01-25,2023-02-09,2023-02-04,1695390,1695390,Comptant
300165,2591,2023-01-25,2023-02-09,,977545,0,Comptant
300166,19362,2023-01-27,2023-02-26,2023-02-23,1376285,1376285,30 j
300167,17169,2023-01-25,2023-03-26,2023-04-15,464195,464195,60 j
300168,5126,2023-01-25,2023-02-24,,454885,0,30 j
300169,8671,2023-01-28,2023-02-12,2023-02-09,524020,524020,Comptant
300170,3238,2023-01-27,2023-02-26,,1665200,0,30 j
300171,15204,2023-01-26,2023-02-10,2023-02-09,1182225,1182225,Comptant
300172,21776,2023-01-27,2023-02-11,2023-02-06,656980,656980,Comptant
300173,23146,2023-01-27,2023-02-11,,1344795,0,Comptant
300174,21423,2023-01-26,2023-02-10,,559295,0,Comptant
300175,11344,2023-01-29,2023-02-28,2023-03-01,286055,286055,30 j
300176,20819,2023-01-29,2023-02-13,2023-02-13,198555,198555,Comptant
300177,22838,2023-01-29,2023-02-13,2023-02-08,697880,697880,Comptant
300178,15633,2023-01-29,2023-02-13,2023-02-13,546690,546690,Comptant
300179,22407,2023-01-27,2023-02-26,2023-02-21,1621595,1621595,30 j
300180,5789,2023-01-29,2023-02-13,2023-02-10,1266390,1266390,Comptant
300181,11116,2023-01-29,2023-03-30,,1726230,0,60 j
300182,10560,2023-01-28,2023-02-12,2023-02-09,163600,163600,Comptant
300183,23144,2023-01-30,2023-03-01,2023-02-26,493995,493995,30 j
300184,19192,2023-01-29,2023-02-13,2023-02-13,1439035,1439035,Comptant
300185,7684,2023-01-29,2023-03-30,,1261900,0,60 j
300186,3561,2023-01-30,2023-02-14,2023-02-14,1371510,1371510,Comptant
300187,10400,2023-01-29,2023-02-28,2023-02-23,932825,932825,30 j
300188,3545,2023-01-30,2023-02-14,2023-02-13,1749015,1749015,Comptant
300189,12239,2023-01-30,2023-03-01,2023-03-01,1179375,1179375,30 j
300190,302,2023-01-29,2023-02-13,2023-02-10,1235835,1235835,Comptant
300191,2294,2023-01-29,2023-02-13,2023-02-11,1475275,1475275,Comptant
300192,2851,2023-01-29,2023-02-13,,640460,0,Comptant
300193,10900,2023-01-31,2023-02-15,2023-02-10,1134260,1134260,Comptant
300194,22358,2023-01-31,2023-02-15,2023-02-15,1037205,1037205,Comptant
300195,1246,2023-01-30,2023-02-14,2023-02-14,536355,536355,Comptant
300196,7579,2023-01-31,2023-02-15,,509330,0,Comptant
300197,12102,2023-01-31,2023-02-15,2023-02-14,1428075,1428075,Comptant
300198,23341,2023-01-30,2023-03-01,2023-04-15,892850,892850,30 j
300199,7285,2023-01-31,2023-03-02,2023-02-27,227990,227990,30 j
300200,8282,2023-01-30,2023-03-01,2023-02-27,1697175,1697175,30 j
300201,21375,2023-01-31,2023-03-02,2023-03-01,495570,495570,30 j
300202,996,2023-02-02,2023-02-17,2023-02-12,295455,295455,Comptant
300203,6365,2023-01-31,2023-03-02,,1677675,0,30 j
300204,12305,2023-01-31,2023-04-01,2023-03-29,633220,633220,60 j
300205,6848,2023-02-02,2023-02-17,2023-02-15,1761365,1761365,Comptant
300206,22751,2023-02-01,2023-03-03,,636560,0,30 j
300207,4969,2023-01-31,2023-03-02,2023-02-28,849100,849100,30 j
300208,11059,2023-02-02,2023-02-17,2023-02-12,1123330,1123330,Comptant
300209,23824,2023-02-01,2023-02-16,2023-02-15,1038705,1038705,Comptant
300210,23733,2023-02-03,2023-02-18,2023-02-15,825245,825245,Comptant
300211,8655,2023-02-01,2023-02-16,2023-02-16,945120,945120,Comptant
300212,14569,2023-02-03,2023-03-05,2023-03-04,439910,439910,30 j
300213,18720,2023-02-03,2023-02-18,2023-02-28,358010,358010,Comptant
300214,5846,2023-02-03,2023-04-04,2023-03-30,550700,550700,60 j
300215,8603,2023-02-01,2023-02-16,,476635,0,Comptant
300216,16061,2023-02-02,2023-03-04,2023-03-09,892590,892590,30 j
300217,13625,2023-02-02,2023-03-04,2023-03-04,60550,60550,30 j
300218,7654,2023-02-04,2023-02-19,2023-02-21,1544155,1544155,Comptant
300219,7354,2023-02-04,2023-03-06,2023-03-03,874315,874315,30 j
300220,10482,2023-02-02,2023-02-17,2023-02-15,323310,323310,Comptant
300221,12856,2023-02-03,2023-02-18,2023-02-15,752330,752330,Comptant
300222,17317,2023-02-05,2023-03-07,2023-03-05,1401275,1401275,30 j
300223,10788,2023-02-04,2023-03-06,2023-03-04,1550865,1550865,30 j
300224,3565,2023-02-04,2023-03-06,2023-03-08,1580105,1580105,30 j
300225,22513,2023-02-03,2023-02-18,2023-02-13,1776575,1776575,Comptant
300226,2425,2023-02-05,2023-03-07,,671755,0,30 j
300227,19557,2023-02-04,2023-02-19,2023-02-17,1477740,1477740,Comptant
300228,13294,2023-02-05,2023-02-20,2023-02-19,1155910,1155910,Comptant
300229,11599,2023-02-06,2023-02-21,2023-02-21,1273800,1273800,Comptant
300230,3615,2023-02-06,2023-02-21,2023-02-21,1640765,1640765,Comptant
300231,15152,2023-02-04,2023-03-06,2023-03-03,647100,647100,30 j
300232,10986,2023-02-04,2023-02-19,,1249830,0,Comptant
300233,10511,2023-02-04,2023-02-19,2023-02-14,440030,440030,Comptant
300234,14766,2023-02-05,2023-03-07,2023-03-07,736225,736225,30 j
300235,14768,2023-02-06,2023-03-08,2023-03-06,438500,438500,30 j
300236,590,2023-02-05,2023-02-20,2023-04-06,1594955,1594955,Comptant
300237,10007,2023-02-05,2023-02-20,,1343620,0,Comptant
300238,13241,2023-02-06,2023-02-21,2023-02-23,1146585,1146585,Comptant
300239,2284,2023-02-05,2023-02-20,,1279520,0,Comptant
300240,17621,2023-02-07,2023-03-09,2023-03-08,1545300,1545300,30 j
300241,5871,2023-02-07,2023-02-22,2023-02-17,853750,853750,Comptant
300242,15987,2023-02-07,2023-02-22,2023-02-19,798320,798320,Comptant
300243,15979,2023-02-06,2023-02-21,2023-02-20,1610970,1610970,Comptant
300244,20252,2023-02-06,2023-02-21,2023-02-18,440345,440345,Comptant
300245,3610,2023-02-06,2023-03-08,2023-03-03,1501870,1501870,30 j
300246,9757,2023-02-07,2023-03-09,2023-03-09,484520,484520,30 j
300247,14645,2023-02-07,2023-03-09,2023-03-06,1088175,1088175,30 j
300248,12394,2023-02-06,2023-02-21,,739435,0,Comptant
300249,741,2023-02-09,2023-02-24,2023-02-21,616425,616425,Comptant
300250,9005,2023-02-09,2023-02-24,2023-02-22,1459635,1459635,Comptant
300251,9119,2023-02-09,2023-02-24,2023-02-22,1234540,1234540,Comptant
300252,10953,2023-02-09,2023-02-24,2023-03-06,1681640,1681640,Comptant
300253,13155,2023-02-09,2023-02-24,,482535,0,Comptant
300254,3147,2023-02-08,2023-04-09,2023-04-29,825600,825600,60 j
300255,23428,2023-02-08,2023-04-09,2023-04-04,1388775,1388775,60 j
300256,937,2023-02-08,2023-02-23,2023-02-21,619855,619855,Comptant
300257,7142,2023-02-09,2023-04-10,2023-04-08,1462090,1462090,60 j
300258,6846,2023-02-10,2023-02-25,,519265,0,Comptant
300259,20377,2023-02-09,2023-02-24,,449705,0,Comptant
300260,23402,2023-02-09,2023-02-24,2023-02-23,1415590,1415590,Comptant
300261,20628,2023-02-08,2023-03-10,2023-03-10,446270,446270,30 j
300262,8802,2023-02-10,2023-02-25,2023-02-27,878580,878580,Comptant
300263,22983,2023-02-09,2023-02-24,2023-03-06,391775,391775,Comptant
300264,18487,2023-02-09,2023-03-11,2023-03-10,130265,130265,30 j
300265,6263,2023-02-09,2023-02-24,2023-02-23,1017390,1017390,Comptant
300266,9720,2023-02-10,2023-02-25,2023-02-25,1396675,1396675,Comptant
300267,19701,2023-02-11,2023-02-26,2023-02-28,999580,999580,Comptant
300268,818,2023-02-10,2023-02-25,2023-02-25,1746175,1746175,Comptant
300269,10578,2023-02-12,2023-02-27,,453655,0,Comptant
300270,1146,2023-02-10,2023-04-11,,1166565,0,60 j
300271,1914,2023-02-10,2023-02-25,2023-02-27,517015,517015,Comptant
300272,1724,2023-02-11,2023-02-26,2023-02-24,1625070,1625070,Comptant
300273,7162,2023-02-11,2023-02-26,,787645,0,Comptant
300274,9483,2023-02-10,2023-02-25,2023-02-25,72355,72355,Comptant
300275,7396,2023-02-11,2023-02-26,2023-02-25,1235980,1235980,Comptant
300276,10194,2023-02-11,2023-02-26,,681605,0,Comptant
300277,13902,2023-02-11,2023-02-26,2023-02-26,1210425,1210425,Comptant
300278,8621,2023-02-11,2023-02-26,2023-02-25,1345805,1345805,Comptant
300279,10750,2023-02-12,2023-02-27,2023-02-22,1742425,1742425,Comptant
300280,8125,2023-02-11,2023-02-26,2023-02-24,342415,342415,Comptant
300281,18559,2023-02-13,2023-02-28,2023-03-02,965470,965470,Comptant
300282,2535,2023-02-13,2023-03-15,2023-03-15,75480,75480,30 j
300283,10471,2023-02-14,2023-03-01,2023-02-27,502120,502120,Comptant
300284,3641,2023-02-14,2023-03-01,,1147085,0,Comptant
300285,21420,2023-02-14,2023-03-01,2023-03-03,1062235,1062235,Comptant
300286,8005,2023-02-14,2023-03-01,2023-02-24,1160825,1160825,Comptant
300287,17046,2023-02-13,2023-02-28,,1162490,0,Comptant
300288,20395,2023-02-14,2023-03-01,2023-02-28,492145,492145,Comptant
300289,9737,2023-02-13,2023-02-28,,365265,0,Comptant
300290,1280,2023-02-15,2023-03-02,2023-03-02,867980,867980,Comptant
300291,9105,2023-02-15,2023-03-17,2023-03-16,698065,698065,30 j
300292,2446,2023-02-14,2023-03-16,2023-03-13,738905,738905,30 j
300293,4787,2023-02-15,2023-03-02,2023-03-01,841525,841525,Comptant
300294,5037,2023-02-13,2023-04-14,2023-04-16,1712455,1712455,60 j
300295,628,2023-02-15,2023-03-17,2023-03-12,708530,708530,30 j
300296,3116,2023-02-16,2023-03-03,2023-03-02,301400,301400,Comptant
300297,18444,2023-02-16,2023-03-18,2023-03-15,326360,326360,30 j
300298,15735,2023-02-15,2023-03-17,2023-03-15,551715,551715,30 j
300299,2169,2023-02-15,2023-03-02,2023-03-01,1140120,1140120,Comptant
300300,12741,2023-02-15,2023-03-17,2023-03-15,1733025,1733025,30 j
300301,322,2023-02-15,2023-03-02,,79750,0,Comptant
300302,21077,2023-02-15,2023-03-17,2023-03-14,1096775,1096775,30 j
300303,23182,2023-02-16,2023-03-18,2023-03-13,979875,979875,30 j
300304,14642,2023-02-17,2023-03-19,2023-03-19,768185,768185,30 j
300305,10430,2023-02-16,2023-03-03,2023-03-03,986390,986390,Comptant
300306,14008,2023-02-17,2023-03-04,2023-03-03,1582735,1582735,Comptant
300307,20482,2023-02-17,2023-03-04,2023-03-01,407300,407300,Comptant
300308,11652,2023-02-16,2023-03-03,2023-03-05,489350,489350,Comptant
300309,2842,2023-02-15,2023-03-02,2023-03-01,1007715,1007715,Comptant
300310,10415,2023-02-16,2023-03-03,2023-03-13,646320,646320,Comptant
300311,14863,2023-02-18,2023-03-05,2023-03-04,747525,747525,Comptant
300312,10270,2023-02-16,2023-03-18,2023-03-16,1085775,1085775,30 j
300313,19200,2023-02-17,2023-03-04,2023-03-03,922825,922825,Comptant
300314,19626,2023-02-17,2023-03-04,,841775,0,Comptant
300315,15144,2023-02-18,2023-03-05,2023-03-04,746935,746935,Comptant
300316,20593,2023-02-18,2023-04-19,2023-04-18,1676510,1676510,60 j
300317,5928,2023-02-17,2023-03-19,2023-03-17,1749090,1749090,30 j
300318,13561,2023-02-17,2023-03-04,2023-03-03,1518875,1518875,Comptant
300319,12251,2023-02-17,2023-03-04,,1646275,0,Comptant
300320,21243,2023-02-18,2023-04-19,2023-04-14,1522660,1522660,60 j
300321,9249,2023-02-18,2023-03-05,2023-03-05,1714470,1714470,Comptant
300322,15210,2023-02-19,2023-03-06,,1499785,0,Comptant
300323,2057,2023-02-18,2023-03-20,2023-03-17,1688090,1688090,30 j
300324,16399,2023-02-18,2023-03-05,2023-03-03,400990,400990,Comptant
300325,6349,2023-02-20,2023-04-21,,1064960,0,60 j
300326,16028,2023-02-18,2023-03-20,2023-03-18,671170,671170,30 j
300327,20608,2023-02-19,2023-03-21,2023-03-16,1540275,1540275,30 j
300328,23287,2023-02-19,2023-03-06,2023-03-03,767015,767015,Comptant
300329,11034,2023-02-18,2023-03-05,2023-02-28,419025,419025,Comptant
300330,2151,2023-02-20,2023-03-07,2023-03-04,383785,383785,Comptant
300331,16562,2023-02-21,2023-03-23,2023-03-22,614630,614630,30 j
300332,22476,2023-02-19,2023-03-06,2023-03-26,1267335,1267335,Comptant
300333,9154,2023-02-21,2023-03-08,2023-03-08,875120,875120,Comptant
300334,18329,2023-02-20,2023-03-22,2023-03-17,1668675,1668675,30 j
300335,22204,2023-02-20,2023-03-07,2023-03-04,891100,891100,Comptant
300336,21708,2023-02-21,2023-03-08,2023-03-06,1605240,1605240,Comptant
300337,651,2023-02-22,2023-03-09,2023-03-06,447705,447705,Comptant
300338,12797,2023-02-20,2023-03-07,2023-03-07,1447380,1447380,Comptant
300339,9677,2023-02-22,2023-03-09,2023-03-09,1644820,1644820,Comptant
300340,6415,2023-02-20,2023-03-07,2023-03-05,1572375,1572375,Comptant
300341,5434,2023-02-20,2023-03-07,2023-03-05,552025,552025,Comptant
300342,11062,2023-02-20,2023-03-07,2023-03-06,760525,760525,Comptant
300343,14527,2023-02-21,2023-03-08,2023-03-06,499940,499940,Comptant
300344,17938,2023-02-21,2023-04-22,2023-04-17,1138340,1138340,60 j
300345,12332,2023-02-23,2023-03-10,2023-03-08,1009255,1009255,Comptant
300346,14722,2023-02-23,2023-03-25,2023-03-24,649565,649565,30 j
300347,14753,2023-02-22,2023-04-23,2023-04-22,1235840,1235840,60 j
300348,12030,2023-02-22,2023-03-24,2023-03-23,1240235,1240235,30 j
300349,18445,2023-02-22,2023-03-09,2023-03-07,522030,522030,Comptant
300350,4820,2023-02-24,2023-03-11,2023-03-06,729585,729585,Comptant
300351,2008,2023-02-22,2023-03-09,,60840,0,Comptant
300352,17052,2023-02-24,2023-03-11,2023-03-11,1027730,1027730,Comptant
300353,16266,2023-02-23,2023-03-25,2023-03-20,271480,271480,30 j
300354,7959,2023-02-23,2023-03-10,2023-03-08,555365,555365,Comptant
300355,1316,2023-02-24,2023-03-26,2023-03-26,938175,938175,30 j
300356,5395,2023-02-22,2023-03-09,2023-03-04,1632090,1632090,Comptant
300357,13470,2023-02-24,2023-03-11,2023-03-10,1086145,1086145,Comptant
300358,22366,2023-02-23,2023-04-24,,438895,0,60 j
300359,11293,2023-02-25,2023-03-27,2023-03-27,697240,697240,30 j
300360,20419,2023-02-23,2023-04-24,2023-04-22,954480,954480,60 j
300361,81,2023-02-25,2023-03-12,2023-03-09,1653130,1653130,Comptant
300362,22846,2023-02-23,2023-03-10,2023-03-05,952650,952650,Comptant
300363,8622,2023-02-26,2023-03-28,2023-03-25,1772100,1772100,30 j
300364,11888,2023-02-25,2023-03-12,2023-03-10,564350,564350,Comptant
300365,8001,2023-02-24,2023-03-26,2023-03-24,1619890,1619890,30 j
300366,22839,2023-02-26,2023-03-13,2023-03-13,289360,289360,Comptant
300367,9769,2023-02-26,2023-03-28,2023-03-26,1739450,1739450,30 j
300368,11497,2023-02-26,2023-03-13,2023-03-14,76050,76050,Comptant
300369,10925,2023-02-25,2023-03-12,2023-03-13,1675750,1675750,Comptant
300370,19735,2023-02-26,2023-04-27,2023-04-26,1548190,1548190,60 j
300371,17700,2023-02-26,2023-03-28,2023-03-26,1333845,1333845,30 j
300372,15533,2023-02-26,2023-03-28,2023-03-27,1085695,1085695,30 j
300373,14975,2023-02-25,2023-03-12,2023-03-09,825325,825325,Comptant
300374,3504,2023-02-26,2023-03-13,2023-03-23,749865,749865,Comptant
300375,2069,2023-02-26,2023-03-13,2023-03-12,162580,162580,Comptant
300376,4216,2023-02-26,2023-03-13,2023-03-13,186335,186335,Comptant
300377,20903,2023-02-26,2023-03-13,2023-03-12,409885,409885,Comptant
300378,4090,2023-02-27,2023-03-14,,480555,0,Comptant
300379,17333,2023-02-26,2023-03-13,2023-03-12,542705,542705,Comptant
300380,18508,2023-02-28,2023-03-15,2023-03-12,1569245,1569245,Comptant
300381,15511,2023-02-28,2023-03-15,2023-03-10,102645,102645,Comptant
300382,5392,2023-02-26,2023-03-13,2023-03-08,961075,961075,Comptant
300383,1475,2023-02-28,2023-03-15,2023-03-14,966415,966415,Comptant
300384,6105,2023-02-28,2023-03-15,2023-03-14,990215,990215,Comptant
300385,7472,2023-03-01,2023-04-30,2023-04-28,598290,598290,60 j
300386,7504,2023-02-27,2023-03-14,2023-04-28,1164070,1164070,Comptant
300387,15239,2023-02-28,2023-03-15,2023-03-13,359560,359560,Comptant
300388,17963,2023-03-01,2023-03-16,2023-03-15,159980,159980,Comptant
300389,7635,2023-03-01,2023-03-16,2023-03-11,769515,769515,Comptant
300390,14700,2023-02-28,2023-04-29,2023-04-29,587390,587390,60 j
300391,10352,2023-03-01,2023-03-16,,658365,0,Comptant
300392,13711,2023-03-02,2023-04-01,2023-03-27,1290920,1290920,30 j
300393,20215,2023-02-28,2023-03-30,2023-03-27,1458320,1458320,30 j
300394,8298,2023-03-01,2023-03-16,2023-03-15,790685,790685,Comptant
300395,19550,2023-03-02,2023-05-01,2023-04-29,893155,893155,60 j
300396,23432,2023-03-01,2023-03-16,,1768860,0,Comptant
300397,15433,2023-03-03,2023-04-02,2023-04-01,1618290,1618290,30 j
300398,12636,2023-03-02,2023-05-01,2023-05-01,1746970,1746970,60 j
300399,21803,2023-03-02,2023-04-01,,1777185,0,30 j
300400,16508,2023-03-01,2023-03-31,2023-03-29,916505,916505,30 j
300401,7124,2023-03-02,2023-03-17,2023-03-12,384925,384925,Comptant
300402,10386,2023-03-03,2023-03-18,2023-03-18,257770,257770,Comptant
300403,13382,2023-03-02,2023-03-17,2023-03-22,1339305,1339305,Comptant
300404,11282,2023-03-04,2023-03-19,2023-03-18,1550200,1550200,Comptant
300405,3635,2023-03-03,2023-03-18,2023-03-18,291215,291215,Comptant
300406,5988,2023-03-04,2023-03-19,2023-03-14,497400,497400,Comptant
300407,18600,2023-03-03,2023-04-02,2023-04-01,1045320,1045320,30 j
300408,639,2023-03-04,2023-03-19,,1627135,0,Comptant
300409,2490,2023-03-02,2023-03-17,2023-04-06,1540015,1540015,Comptant
300410,22801,2023-03-03,2023-03-18,2023-03-13,650090,650090,Comptant
300411,1104,2023-03-05,2023-04-04,,790810,0,30 j
300412,15674,2023-03-04,2023-03-19,2023-03-19,565650,565650,Comptant
300413,5321,2023-03-05,2023-03-20,2023-03-18,1363050,1363050,Comptant
300414,1544,2023-03-04,2023-03-19,2023-03-17,1583735,1583735,Comptant
300415,17555,2023-03-04,2023-05-03,2023-05-01,1215785,1215785,60 j
300416,17354,2023-03-04,2023-03-19,2023-03-18,918250,918250,Comptant
300417,5098,2023-03-05,2023-03-20,2023-03-19,1179415,1179415,Comptant
300418,7375,2023-03-05,2023-04-04,2023-04-03,567770,567770,30 j
300419,3496,2023-03-04,2023-04-03,2023-04-01,313620,313620,30 j
300420,13048,2023-03-06,2023-04-05,2023-04-04,1253250,1253250,30 j
300421,11723,2023-03-06,2023-05-05,2023-04-30,658915,658915,60 j
300422,1800,2023-03-06,2023-03-21,2023-03-18,758495,758495,Comptant
300423,6199,2023-03-06,2023-03-21,2023-03-16,188240,188240,Comptant
300424,13363,2023-03-06,2023-04-05,2023-04-10,1659380,1659380,30 j
300425,15890,2023-03-07,2023-03-22,2023-03-17,1786415,1786415,Comptant
300426,12051,2023-03-07,2023-04-06,2023-04-11,719710,719710,30 j
300427,16399,2023-03-06,2023-03-21,,759095,0,Comptant
300428,8907,2023-03-06,2023-03-21,,1736125,0,Comptant
300429,23275,2023-03-05,2023-03-20,2023-03-15,699505,699505,Comptant
300430,17760,2023-03-06,2023-03-21,,734735,0,Comptant
300431,7868,2023-03-08,2023-05-07,2023-05-05,1429565,1429565,60 j
300432,22113,2023-03-08,2023-04-07,2023-04-07,352305,352305,30 j
300433,23660,2023-03-06,2023-03-21,2023-03-19,1325500,1325500,Comptant
300434,17078,2023-03-08,2023-03-23,2023-03-20,1191950,1191950,Comptant
300435,487,2023-03-08,2023-04-07,2023-04-02,995220,995220,30 j
300436,11203,2023-03-06,2023-03-21,2023-03-19,1577790,1577790,Comptant
300437,14768,2023-03-08,2023-04-07,2023-05-22,765730,765730,30 j
300438,4923,2023-03-09,2023-03-24,2023-03-19,1130915,1130915,Comptant
300439,22889,2023-03-07,2023-03-22,2023-03-20,899215,899215,Comptant
300440,20545,2023-03-08,2023-03-23,2023-03-23,1418100,1418100,Comptant
300441,2061,2023-03-08,2023-03-23,2023-03-22,1412730,1412730,Comptant
300442,8999,2023-03-08,2023-03-23,2023-03-23,1095745,1095745,Comptant
300443,4547,2023-03-08,2023-04-07,2023-04-17,1682125,1682125,30 j
300444,7853,2023-03-08,2023-03-23,,356730,0,Comptant
300445,9784,2023-03-09,2023-03-24,2023-03-21,465380,465380,Comptant
300446,2068,2023-03-10,2023-04-09,2023-04-04,357890,357890,30 j
300447,9249,2023-03-10,2023-03-25,2023-03-26,971050,971050,Comptant
300448,6325,2023-03-09,2023-04-08,2023-04-05,579275,579275,30 j
300449,1699,2023-03-09,2023-04-08,,652770,0,30 j
300450,19008,2023-03-09,2023-04-08,2023-04-28,385150,385150,30 j
300451,7081,2023-03-11,2023-05-10,2023-05-15,1001785,1001785,60 j
300452,6719,2023-03-11,2023-03-26,2023-03-28,1642380,1642380,Comptant
300453,3341,2023-03-09,2023-04-08,2023-04-08,1639285,1639285,30 j
300454,8769,2023-03-10,2023-04-09,2023-04-09,547330,547330,30 j
300455,14302,2023-03-09,2023-03-24,,598160,0,Comptant
300456,18884,2023-03-10,2023-03-25,2023-03-24,1792715,1792715,Comptant
300457,15933,2023-03-09,2023-03-24,2023-03-21,1610960,1610960,Comptant
300458,8941,2023-03-10,2023-03-25,,375380,0,Comptant
300459,11348,2023-03-12,2023-03-27,,714005,0,Comptant
300460,9557,2023-03-10,2023-05-09,2023-05-04,1305435,1305435,60 j
300461,1195,2023-03-12,2023-03-27,2023-03-26,617540,617540,Comptant
300462,11756,2023-03-10,2023-04-09,2023-04-06,354780,354780,30 j
300463,16214,2023-03-12,2023-05-11,2023-05-06,1003895,1003895,60 j
300464,12564,2023-03-11,2023-04-10,2023-04-07,1724515,1724515,30 j
300465,18315,2023-03-11,2023-03-26,2023-03-24,1262075,1262075,Comptant
300466,7486,2023-03-11,2023-03-26,2023-03-28,154210,154210,Comptant
300467,19790,2023-03-13,2023-04-12,2023-04-10,1105965,1105965,30 j
300468,23857,2023-03-12,2023-03-27,2023-04-01,188490,188490,Comptant
300469,15051,2023-03-11,2023-03-26,2023-03-26,1192650,1192650,Comptant
300470,16244,2023-03-13,2023-03-28,2023-03-23,1673520,1673520,Comptant
300471,8335,2023-03-14,2023-04-13,2023-04-12,1299400,1299400,30 j
300472,17747,2023-03-14,2023-03-29,2023-03-29,629485,629485,Comptant
300473,15198,2023-03-13,2023-03-28,2023-03-28,864110,864110,Comptant
300474,11711,2023-03-13,2023-03-28,2023-03-23,951215,951215,Comptant
300475,22207,2023-03-12,2023-03-27,2023-03-25,1123875,1123875,Comptant
300476,4768,2023-03-12,2023-05-11,2023-05-06,237135,237135,60 j
300477,19627,2023-03-14,2023-05-13,2023-05-12,374220,374220,60 j
300478,15450,2023-03-13,2023-05-12,2023-05-17,842080,842080,60 j
300479,4470,2023-03-15,2023-04-14,2023-04-14,1059385,1059385,30 j
300480,2530,2023-03-15,2023-03-30,2023-03-28,672690,672690,Comptant
300481,21870,2023-03-13,2023-04-12,2023-04-09,969660,969660,30 j
300482,20771,2023-03-13,2023-03-28,2023-03-25,1236775,1236775,Comptant
300483,4913,2023-03-15,2023-04-14,2023-04-14,370230,370230,30 j
300484,8610,2023-03-16,2023-03-31,,1735265,0,Comptant
300485,16659,2023-03-16,2023-04-15,2023-04-10,738795,738795,30 j
300486,2783,2023-03-16,2023-03-31,2023-03-31,675915,675915,Comptant
300487,15899,2023-03-15,2023-05-14,2023-05-12,1594460,1594460,60 j
300488,10972,2023-03-16,2023-03-31,2023-03-29,1445485,1445485,Comptant
300489,2212,2023-03-15,2023-04-14,,1456395,0,30 j
300490,9960,2023-03-16,2023-03-31,2023-05-15,361550,361550,Comptant
300491,2398,2023-03-17,2023-04-01,2023-03-30,179175,179175,Comptant
300492,8317,2023-03-16,2023-04-15,2023-04-13,1319890,1319890,30 j
300493,20479,2023-03-17,2023-04-01,,1417635,0,Comptant
300494,12128,2023-03-15,2023-03-30,2023-03-27,1503420,1503420,Comptant
300495,12605,2023-03-15,2023-03-30,2023-03-25,575890,575890,Comptant
300496,6361,2023-03-16,2023-04-15,2023-04-15,159580,159580,30 j
300497,3623,2023-03-17,2023-04-01,2023-04-01,406120,406120,Comptant
300498,6515,2023-03-16,2023-04-15,2023-04-14,1552795,1552795,30 j
300499,4663,2023-03-17,2023-05-16,,345660,0,60 j
300500,4825,2023-03-18,2023-04-02,2023-04-07,1049585,1049585,Comptant
300501,227,2023-03-16,2023-05-15,2023-05-13,486570,486570,60 j
300502,11086,2023-03-16,2023-03-31,2023-03-30,149070,149070,Comptant
300503,12146,2023-03-18,2023-04-02,2023-04-12,1341310,1341310,Comptant
300504,22830,2023-03-18,2023-04-02,2023-04-04,642345,642345,Comptant
300505,9456,2023-03-18,2023-04-02,2023-04-01,1579470,1579470,Comptant
300506,14429,2023-03-19,2023-04-03,2023-03-29,373060,373060,Comptant
300507,23019,2023-03-19,2023-04-03,2023-03-31,1507990,1507990,Comptant
300508,20120,2023-03-17,2023-04-01,2023-03-27,445360,445360,Comptant
300509,17525,2023-03-18,2023-04-02,2023-03-28,1163210,1163210,Comptant
300510,19182,2023-03-18,2023-04-02,2023-03-30,388545,388545,Comptant
300511,19085,2023-03-20,2023-04-19,2023-04-14,768430,768430,30 j
300512,14552,2023-03-20,2023-04-19,2023-04-19,172965,172965,30 j
300513,5511,2023-03-18,2023-05-17,2023-05-15,446065,446065,60 j
300514,16730,2023-03-18,2023-04-02,2023-04-12,1605920,1605920,Comptant
300515,14360,2023-03-20,2023-04-04,2023-04-03,822165,822165,Comptant
300516,21258,2023-03-18,2023-04-02,2023-04-02,188000,188000,Comptant
300517,23776,2023-03-20,2023-04-19,2023-04-17,1232805,1232805,30 j
300518,17569,2023-03-19,2023-04-18,2023-04-17,998850,998850,30 j
300519,2253,2023-03-21,2023-05-20,2023-05-25,376915,376915,60 j
300520,14053,2023-03-20,2023-04-19,2023-04-17,1779035,1779035,30 j
300521,14571,2023-03-20,2023-04-04,2023-04-02,1446570,1446570,Comptant
300522,4221,2023-03-21,2023-04-20,2023-04-20,130095,130095,30 j
300523,3892,2023-03-21,2023-04-05,2023-03-31,435020,435020,Comptant
300524,6838,2023-03-19,2023-04-18,2023-04-13,342560,342560,30 j
300525,6742,2023-03-20,2023-04-04,2023-04-02,223250,223250,Comptant
300526,5866,2023-03-21,2023-04-05,,989935,0,Comptant
300527,22224,2023-03-21,2023-04-20,2023-04-19,1443435,1443435,30 j
300528,4996,2023-03-20,2023-04-19,,1700875,0,30 j
300529,23009,2023-03-22,2023-04-21,2023-04-18,996465,996465,30 j
300530,3641,2023-03-20,2023-04-04,2023-04-01,1385715,1385715,Comptant
300531,2272,2023-03-21,2023-04-05,2023-03-31,1012225,1012225,Comptant
300532,907,2023-03-22,2023-04-06,2023-04-01,548660,548660,Comptant
300533,12958,2023-03-22,2023-04-06,2023-04-06,501060,501060,Comptant
300534,1318,2023-03-21,2023-05-20,,249425,0,60 j
300535,762,2023-03-22,2023-04-21,2023-04-20,1660830,1660830,30 j
300536,2998,2023-03-22,2023-04-06,2023-04-06,1588330,1588330,Comptant
300537,15574,2023-03-22,2023-04-21,2023-04-20,222250,222250,30 j
300538,7509,2023-03-23,2023-04-07,2023-04-02,1377240,1377240,Comptant
300539,11318,2023-03-22,2023-05-21,2023-05-16,1201670,1201670,60 j
300540,11590,2023-03-24,2023-05-23,2023-05-21,186830,186830,60 j
300541,12942,2023-03-24,2023-04-08,2023-04-08,280690,280690,Comptant
300542,15632,2023-03-24,2023-04-08,2023-04-06,395150,395150,Comptant
300543,18502,2023-03-24,2023-04-23,2023-05-03,1146275,1146275,30 j
300544,2245,2023-03-22,2023-04-06,2023-04-05,1201175,1201175,Comptant
300545,6807,2023-03-25,2023-04-24,2023-04-19,766785,766785,30 j
300546,4711,2023-03-25,2023-05-24,2023-05-25,636435,636435,60 j
300547,14832,2023-03-23,2023-04-22,2023-04-17,883960,883960,30 j
300548,15605,2023-03-23,2023-04-22,2023-04-20,1291495,1291495,30 j
300549,12776,2023-03-24,2023-04-08,2023-05-23,1630060,1630060,Comptant
300550,2912,2023-03-25,2023-04-09,2023-04-08,433735,433735,Comptant
300551,2827,2023-03-23,2023-05-22,2023-05-19,488165,488165,60 j
300552,16835,2023-03-25,2023-04-09,2023-04-04,283030,283030,Comptant
300553,11454,2023-03-24,2023-04-08,2023-04-08,1599420,1599420,Comptant
300554,10370,2023-03-24,2023-04-08,2023-04-05,1519915,1519915,Comptant
300555,1698,2023-03-25,2023-04-24,2023-04-22,140660,140660,30 j
300556,21151,2023-03-26,2023-04-25,2023-04-24,969075,969075,30 j
300557,15735,2023-03-26,2023-04-25,2023-04-24,572570,572570,30 j
300558,338,2023-03-26,2023-04-10,,1689220,0,Comptant
300559,3745,2023-03-27,2023-04-11,2023-04-08,346230,346230,Comptant
300560,14846,2023-03-27,2023-04-26,2023-04-25,1372675,1372675,30 j
300561,6004,2023-03-25,2023-04-24,2023-04-23,1116670,1116670,30 j
300562,19284,2023-03-25,2023-05-24,2023-05-22,1065915,1065915,60 j
300563,5775,2023-03-25,2023-04-09,2023-04-08,145470,145470,Comptant
300564,16397,2023-03-27,2023-04-11,2023-04-11,989725,989725,Comptant
300565,8713,2023-03-27,2023-04-26,2023-04-28,706775,706775,30 j
300566,2438,2023-03-27,2023-04-26,2023-04-26,560110,560110,30 j
300567,5674,2023-03-27,2023-04-11,2023-04-08,899935,899935,Comptant
300568,11766,2023-03-27,2023-04-11,,1339585,0,Comptant
300569,7821,2023-03-27,2023-04-11,2023-04-09,1784660,1784660,Comptant
300570,3891,2023-03-26,2023-04-25,2023-04-24,1291915,1291915,30 j
300571,9664,2023-03-26,2023-04-25,2023-04-20,852075,852075,30 j
300572,2422,2023-03-27,2023-04-11,2023-04-06,476415,476415,Comptant
300573,10755,2023-03-29,2023-04-28,2023-04-27,863050,863050,30 j
300574,12653,2023-03-27,2023-05-26,2023-05-26,1454845,1454845,60 j
300575,8188,2023-03-28,2023-04-12,2023-04-09,763065,763065,Comptant
300576,8400,2023-03-27,2023-04-26,,1728480,0,30 j
300577,16604,2023-03-27,2023-04-26,2023-04-21,1030605,1030605,30 j
300578,16568,2023-03-28,2023-04-12,2023-04-10,1186935,1186935,Comptant
300579,1603,2023-03-30,2023-04-29,2023-04-24,1400295,1400295,30 j
300580,13352,2023-03-30,2023-04-14,2023-04-15,1605670,1605670,Comptant
300581,1730,2023-03-28,2023-04-12,2023-04-11,1325180,1325180,Comptant
300582,3258,2023-03-29,2023-05-28,2023-05-26,805050,805050,60 j
300583,8093,2023-03-29,2023-04-13,2023-04-18,1795790,1795790,Comptant
300584,20062,2023-03-29,2023-04-13,2023-04-10,172665,172665,Comptant
300585,8006,2023-03-30,2023-04-14,,712460,0,Comptant
300586,8284,2023-03-31,2023-04-15,,822985,0,Comptant
300587,21724,2023-03-30,2023-04-14,2023-04-13,172340,172340,Comptant
300588,9084,2023-03-30,2023-04-14,2023-04-12,1099650,1099650,Comptant
300589,6002,2023-03-29,2023-04-28,2023-04-25,508760,508760,30 j
300590,16950,2023-03-29,2023-04-13,2023-04-12,561720,561720,Comptant
300591,23752,2023-03-29,2023-04-13,,1106095,0,Comptant
300592,2131,2023-03-30,2023-04-29,2023-04-24,747195,747195,30 j
300593,11838,2023-04-01,2023-05-01,,460930,0,30 j
300594,18970,2023-03-31,2023-05-30,,564260,0,60 j
300595,16047,2023-03-30,2023-04-14,2023-04-14,374200,374200,Comptant
300596,1720,2023-04-01,2023-05-01,,1024215,0,30 j
300597,9558,2023-04-01,2023-04-16,,1126285,0,Comptant
300598,19608,2023-03-30,2023-04-14,2023-04-11,465490,465490,Comptant
300599,13228,2023-04-02,2023-04-17,2023-04-16,145250,145250,Comptant
300600,187,2023-03-31,2023-04-15,,1529040,0,Comptant
300601,22329,2023-04-01,2023-04-16,2023-04-16,423060,423060,Comptant
300602,8348,2023-03-31,2023-04-30,2023-04-29,326040,326040,30 j
300603,5964,2023-04-02,2023-06-01,2023-05-27,1353570,1353570,60 j
300604,3903,2023-04-02,2023-05-02,2023-05-02,311025,311025,30 j
300605,2217,2023-04-02,2023-04-17,2023-04-19,104730,104730,Comptant
300606,17746,2023-04-03,2023-05-03,2023-04-30,159835,159835,30 j
300607,5898,2023-04-01,2023-05-01,2023-04-29,1699640,1699640,30 j
300608,22404,2023-04-01,2023-05-01,2023-04-26,918120,918120,30 j
300609,6794,2023-04-01,2023-05-01,2023-04-26,1530435,1530435,30 j
300610,10114,2023-04-02,2023-05-02,2023-05-01,1773125,1773125,30 j
300611,5155,2023-04-02,2023-04-17,2023-04-12,1684895,1684895,Comptant
300612,18184,2023-04-02,2023-04-17,2023-04-17,554730,554730,Comptant
300613,8730,2023-04-04,2023-04-19,,624815,0,Comptant
300614,3384,2023-04-04,2023-05-04,2023-04-29,1674505,1674505,30 j
300615,22917,2023-04-04,2023-05-04,2023-05-04,159915,159915,30 j
300616,21403,2023-04-04,2023-05-04,2023-05-04,1357755,1357755,30 j
300617,21880,2023-04-03,2023-04-18,2023-04-15,1281670,1281670,Comptant
300618,15792,2023-04-04,2023-06-03,2023-05-29,1043005,1043005,60 j
300619,21319,2023-04-03,2023-04-18,2023-05-08,1508390,1508390,Comptant
300620,16355,2023-04-05,2023-05-05,2023-04-30,97405,97405,30 j
300621,3827,2023-04-05,2023-04-20,,207235,0,Comptant
300622,19753,2023-04-03,2023-04-18,2023-04-18,428200,428200,Comptant
300623,19510,2023-04-04,2023-04-19,2023-04-16,480890,480890,Comptant
300624,5521,2023-04-04,2023-05-04,2023-05-01,1098685,1098685,30 j
300625,11751,2023-04-05,2023-04-20,2023-04-20,526500,526500,Comptant
300626,14212,2023-04-04,2023-04-19,2023-04-16,60135,60135,Comptant
300627,18554,2023-04-06,2023-06-05,2023-06-02,1103215,1103215,60 j
300628,12506,2023-04-04,2023-05-04,,419015,0,30 j
300629,23680,2023-04-06,2023-04-21,2023-04-20,124820,124820,Comptant
300630,16332,2023-04-06,2023-04-21,2023-04-20,919045,919045,Comptant
300631,7695,2023-04-05,2023-04-20,2023-04-20,219005,219005,Comptant
300632,14674,2023-04-06,2023-04-21,2023-04-21,425130,425130,Comptant
300633,1984,2023-04-06,2023-04-21,2023-04-18,1569950,1569950,Comptant
300634,2212,2023-04-06,2023-05-06,2023-05-06,1207210,1207210,30 j
300635,23444,2023-04-07,2023-04-22,2023-04-19,918135,918135,Comptant
300636,12666,2023-04-06,2023-05-06,2023-05-01,1241825,1241825,30 j
300637,1894,2023-04-05,2023-05-05,,347710,0,30 j
300638,5208,2023-04-06,2023-06-05,2023-05-31,863620,863620,60 j
300639,13020,2023-04-06,2023-05-06,2023-05-08,1474815,1474815,30 j
300640,822,2023-04-08,2023-04-23,2023-04-22,569250,569250,Comptant
300641,13056,2023-04-06,2023-04-21,2023-04-22,1644600,1644600,Comptant
300642,20123,2023-04-07,2023-04-22,2023-05-12,331450,331450,Comptant
300643,4535,2023-04-07,2023-04-22,2023-04-22,469970,469970,Comptant
300644,16718,2023-04-08,2023-04-23,2023-04-20,741605,741605,Comptant
300645,8156,2023-04-08,2023-05-08,2023-05-03,1206345,1206345,30 j
300646,2230,2023-04-08,2023-04-23,,1542125,0,Comptant
300647,978,2023-04-07,2023-04-22,2023-04-19,260710,260710,Comptant
300648,2594,2023-04-09,2023-04-24,2023-04-21,797635,797635,Comptant
300649,3852,2023-04-09,2023-05-09,2023-05-06,1524125,1524125,30 j
300650,23562,2023-04-08,2023-05-08,2023-05-05,727985,727985,30 j
300651,3339,2023-04-07,2023-04-22,2023-05-02,107535,107535,Comptant
300652,17060,2023-04-09,2023-05-09,,843050,0,30 j
300653,4020,2023-04-10,2023-04-25,2023-05-05,527060,527060,Comptant
300654,17334,2023-04-10,2023-05-10,2023-05-07,1004720,1004720,30 j
300655,14700,2023-04-09,2023-06-08,2023-06-28,772125,772125,60 j
300656,15818,2023-04-08,2023-05-08,2023-05-03,795720,795720,30 j
300657,21,2023-04-08,2023-04-23,2023-04-20,1701680,1701680,Comptant
300658,10348,2023-04-09,2023-04-24,2023-04-23,518375,518375,Comptant
300659,11629,2023-04-10,2023-04-25,2023-05-05,1269030,1269030,Comptant
300660,16925,2023-04-11,2023-04-26,,858695,0,Comptant
300661,17513,2023-04-10,2023-04-25,2023-05-15,1130880,1130880,Comptant
300662,9274,2023-04-11,2023-05-11,2023-05-11,1676200,1676200,30 j
300663,5684,2023-04-11,2023-06-10,2023-06-09,1570995,1570995,60 j
300664,18674,2023-04-09,2023-06-08,2023-06-05,1139490,1139490,60 j
300665,13242,2023-04-10,2023-04-25,2023-04-25,816555,816555,Comptant
300666,2301,2023-04-12,2023-05-12,2023-05-12,1514320,1514320,30 j
300667,8225,2023-04-12,2023-04-27,2023-05-07,101315,101315,Comptant
300668,14329,2023-04-10,2023-05-10,,1661275,0,30 j
300669,9117,2023-04-12,2023-04-27,2023-04-27,1712095,1712095,Comptant
300670,21546,2023-04-10,2023-04-25,2023-04-26,1737820,1737820,Comptant
300671,21358,2023-04-10,2023-05-10,2023-05-08,75230,75230,30 j
300672,11405,2023-04-11,2023-04-26,,74025,0,Comptant
300673,2210,2023-04-12,2023-06-11,2023-06-08,1028660,1028660,60 j
300674,22287,2023-04-13,2023-05-13,2023-05-08,1156770,1156770,30 j
300675,8926,2023-04-13,2023-04-28,2023-04-28,579865,579865,Comptant
300676,3558,2023-04-13,2023-05-13,2023-05-14,507325,507325,30 j
300677,7532,2023-04-13,2023-04-28,2023-04-28,680960,680960,Comptant
300678,21453,2023-04-11,2023-04-26,2023-04-28,1085195,1085195,Comptant
300679,13769,2023-04-13,2023-04-28,2023-04-25,222200,222200,Comptant
300680,6648,2023-04-13,2023-04-28,2023-04-28,1138000,1138000,Comptant
300681,7771,2023-04-13,2023-04-28,,1566305,0,Comptant
300682,12760,2023-04-14,2023-04-29,,163935,0,Comptant
300683,6047,2023-04-13,2023-04-28,2023-04-26,1409880,1409880,Comptant
300684,3799,2023-04-12,2023-04-27,2023-04-24,1211765,1211765,Comptant
300685,7418,2023-04-14,2023-05-14,2023-05-12,970740,970740,30 j
300686,8512,2023-04-13,2023-04-28,2023-04-28,382980,382980,Comptant
300687,12496,2023-04-13,2023-06-12,,1005925,0,60 j
300688,20876,2023-04-15,2023-04-30,2023-04-28,417105,417105,Comptant
300689,23894,2023-04-14,2023-04-29,2023-04-26,918860,918860,Comptant
300690,19086,2023-04-15,2023-06-14,2023-06-15,1444390,1444390,60 j
300691,19927,2023-04-13,2023-04-28,2023-04-23,1679040,1679040,Comptant
300692,1061,2023-04-13,2023-04-28,2023-04-23,359595,359595,Comptant
300693,18485,2023-04-16,2023-05-01,2023-06-15,283780,283780,Comptant
300694,14344,2023-04-16,2023-05-01,2023-04-28,740325,740325,Comptant
300695,14882,2023-04-16,2023-05-16,2023-05-14,1346100,1346100,30 j
300696,7739,2023-04-16,2023-05-01,2023-04-26,1575540,1575540,Comptant
300697,3456,2023-04-15,2023-05-15,2023-05-15,823875,823875,30 j
300698,5316,2023-04-15,2023-04-30,,735295,0,Comptant
300699,18301,2023-04-14,2023-04-29,2023-04-29,216420,216420,Comptant
300700,6188,2023-04-17,2023-05-02,2023-05-01,1574765,1574765,Comptant
300701,17358,2023-04-16,2023-05-01,2023-04-30,1322585,1322585,Comptant
300702,14406,2023-04-15,2023-04-30,2023-04-30,1195870,1195870,Comptant
300703,18914,2023-04-16,2023-05-01,,124060,0,Comptant
300704,7522,2023-04-17,2023-05-02,,1659525,0,Comptant
300705,22904,2023-04-16,2023-06-15,,1071860,0,60 j
300706,9774,2023-04-16,2023-05-16,,1063750,0,30 j
300707,14877,2023-04-16,2023-05-16,2023-05-16,1746735,1746735,30 j
300708,20566,2023-04-17,2023-05-02,2023-04-30,78325,78325,Comptant
300709,21949,2023-04-16,2023-05-16,2023-05-15,84690,84690,30 j
300710,9046,2023-04-18,2023-05-03,2023-05-01,1528635,1528635,Comptant
300711,3751,2023-04-16,2023-05-01,2023-05-21,1702515,1702515,Comptant
300712,15304,2023-04-17,2023-05-02,2023-04-27,1221455,1221455,Comptant
300713,20314,2023-04-17,2023-05-17,2023-05-15,812300,812300,30 j
300714,1635,2023-04-19,2023-06-18,2023-06-17,545635,545635,60 j
300715,22238,2023-04-19,2023-05-04,,178465,0,Comptant
300716,12250,2023-04-17,2023-05-02,2023-04-29,1737225,1737225,Comptant
300717,2912,2023-04-19,2023-05-04,2023-05-06,840085,840085,Comptant
300718,7131,2023-04-17,2023-05-02,2023-04-30,1177670,1177670,Comptant
300719,22431,2023-04-19,2023-06-18,2023-06-15,1579110,1579110,60 j
300720,20675,2023-04-18,2023-05-03,2023-05-03,1649775,1649775,Comptant
300721,14853,2023-04-20,2023-05-05,2023-04-30,1684845,1684845,Comptant
300722,11044,2023-04-18,2023-05-03,2023-05-01,1591225,1591225,Comptant
300723,12726,2023-04-20,2023-05-20,2023-05-17,1282365,1282365,30 j
300724,16360,2023-04-19,2023-05-04,2023-05-03,1294135,1294135,Comptant
300725,1631,2023-04-20,2023-05-05,2023-05-05,520930,520930,Comptant
300726,3887,2023-04-19,2023-05-04,2023-05-03,932925,932925,Comptant
300727,4920,2023-04-19,2023-05-19,2023-05-18,826975,826975,30 j
300728,15045,2023-04-21,2023-05-06,2023-05-01,713470,713470,Comptant
300729,19149,2023-04-20,2023-05-05,2023-04-30,227665,227665,Comptant
300730,18318,2023-04-19,2023-05-04,2023-05-04,1770555,1770555,Comptant
300731,7193,2023-04-21,2023-05-06,2023-05-06,968060,968060,Comptant
300732,4324,2023-04-19,2023-05-19,2023-05-16,1769690,1769690,30 j
300733,1230,2023-04-21,2023-05-06,,512005,0,Comptant
300734,8121,2023-04-20,2023-06-19,2023-06-17,692280,692280,60 j
300735,5062,2023-04-21,2023-06-20,,119360,0,60 j
300736,19328,2023-04-20,2023-05-05,2023-05-02,1433900,1433900,Comptant
300737,3408,2023-04-20,2023-05-05,2023-04-30,1019700,1019700,Comptant
300738,15100,2023-04-20,2023-05-05,2023-05-25,1680125,1680125,Comptant
300739,19985,2023-04-20,2023-05-20,,630495,0,30 j
300740,1575,2023-04-23,2023-06-22,2023-06-20,143840,143840,60 j
300741,9775,2023-04-22,2023-05-22,2023-05-20,821385,821385,30 j
300742,11241,2023-04-21,2023-05-06,2023-05-07,1779665,1779665,Comptant
300743,14724,2023-04-21,2023-05-06,2023-05-03,1491650,1491650,Comptant
300744,13417,2023-04-23,2023-05-08,2023-05-07,725830,725830,Comptant
300745,17221,2023-04-22,2023-05-22,2023-05-20,471635,471635,30 j
300746,21594,2023-04-21,2023-05-06,2023-05-01,1056855,1056855,Comptant
300747,1512,2023-04-22,2023-05-22,2023-05-17,142345,142345,30 j
300748,18570,2023-04-24,2023-05-09,2023-05-09,499995,499995,Comptant
300749,3715,2023-04-23,2023-05-23,2023-05-21,947460,947460,30 j
300750,18431,2023-04-22,2023-05-07,2023-05-04,173165,173165,Comptant
300751,19545,2023-04-24,2023-05-09,2023-05-08,405345,405345,Comptant
300752,14802,2023-04-23,2023-06-22,2023-07-02,627560,627560,60 j
300753,5486,2023-04-23,2023-05-08,2023-05-08,502695,502695,Comptant
300754,12595,2023-04-23,2023-05-23,2023-05-21,688890,688890,30 j
300755,21599,2023-04-24,2023-05-09,2023-05-07,288590,288590,Comptant
300756,7392,2023-04-23,2023-05-23,2023-05-21,1611870,1611870,30 j
300757,16395,2023-04-24,2023-05-09,2023-05-08,995095,995095,Comptant
300758,12681,2023-04-23,2023-06-22,2023-06-23,223650,223650,60 j
300759,10859,2023-04-24,2023-05-24,,197140,0,30 j
300760,2438,2023-04-24,2023-05-24,2023-05-25,1390185,1390185,30 j
300761,22326,2023-04-24,2023-05-09,2023-05-04,544565,544565,Comptant
300762,15675,2023-04-26,2023-05-26,2023-05-24,1107910,1107910,30 j
300763,19232,2023-04-24,2023-05-24,2023-05-24,1615995,1615995,30 j
300764,1089,2023-04-26,2023-05-26,,1391175,0,30 j
300765,3021,2023-04-25,2023-05-10,2023-05-30,792350,792350,Comptant
300766,5585,2023-04-24,2023-05-09,2023-05-04,1520065,1520065,Comptant
300767,829,2023-04-27,2023-05-27,2023-05-25,1296710,1296710,30 j
300768,22895,2023-04-27,2023-05-27,2023-05-22,419320,419320,30 j
300769,15485,2023-04-26,2023-06-25,2023-07-15,1504965,1504965,60 j
300770,16089,2023-04-26,2023-05-26,2023-05-25,640180,640180,30 j
300771,2751,2023-04-26,2023-05-11,2023-05-08,430740,430740,Comptant
300772,9736,2023-04-26,2023-05-26,2023-05-21,1714765,1714765,30 j
300773,23134,2023-04-27,2023-05-27,2023-05-22,1706950,1706950,30 j
300774,4989,2023-04-27,2023-05-12,2023-05-07,613260,613260,Comptant
300775,19454,2023-04-27,2023-05-27,2023-05-25,1777880,1777880,30 j
300776,12453,2023-04-27,2023-05-12,2023-05-13,84490,84490,Comptant
300777,14183,2023-04-27,2023-05-12,2023-05-07,1491405,1491405,Comptant
300778,4118,2023-04-26,2023-05-26,2023-07-10,1798915,1798915,30 j
300779,12358,2023-04-27,2023-06-26,2023-06-21,820120,820120,60 j
300780,10768,2023-04-28,2023-05-13,2023-05-11,836570,836570,Comptant
300781,7138,2023-04-28,2023-05-13,2023-05-10,1703470,1703470,Comptant
300782,8831,2023-04-29,2023-05-14,2023-05-12,312585,312585,Comptant
300783,798,2023-04-29,2023-05-29,2023-05-26,986575,986575,30 j
300784,21781,2023-04-28,2023-05-13,2023-05-12,1773630,1773630,Comptant
300785,12406,2023-04-29,2023-06-28,2023-06-26,1434055,1434055,60 j
300786,120,2023-04-28,2023-06-27,,1117960,0,60 j
300787,8800,2023-04-28,2023-05-13,2023-05-08,910430,910430,Comptant
300788,15824,2023-04-28,2023-06-27,2023-06-22,1659410,1659410,60 j
300789,20756,2023-04-28,2023-05-13,2023-06-27,330775,330775,Comptant
300790,23397,2023-04-30,2023-05-30,2023-05-28,958780,958780,30 j
300791,4758,2023-04-30,2023-05-15,2023-05-13,126635,126635,Comptant
300792,23885,2023-04-28,2023-06-27,2023-06-22,856375,856375,60 j
300793,3660,2023-04-28,2023-05-13,2023-05-12,84490,84490,Comptant
300794,19652,2023-04-30,2023-05-15,2023-05-13,1447840,1447840,Comptant
300795,8023,2023-05-01,2023-05-16,2023-05-11,898635,898635,Comptant
300796,4015,2023-05-01,2023-05-16,2023-05-18,780360,780360,Comptant
300797,9867,2023-05-01,2023-05-16,2023-05-11,1032780,1032780,Comptant
300798,4345,2023-04-29,2023-05-14,2023-05-12,1038315,1038315,Comptant
300799,6730,2023-04-29,2023-05-14,2023-05-14,1721745,1721745,Comptant
300800,15432,2023-05-01,2023-05-16,2023-05-13,515260,515260,Comptant
300801,8194,2023-04-30,2023-06-29,,1626535,0,60 j
300802,21899,2023-05-01,2023-05-16,2023-05-11,855015,855015,Comptant
300803,19179,2023-05-01,2023-05-16,2023-05-16,1256805,1256805,Comptant
300804,18328,2023-05-01,2023-05-16,2023-05-16,1086950,1086950,Comptant
300805,16929,2023-05-02,2023-05-17,2023-05-14,1006935,1006935,Comptant
300806,8616,2023-04-30,2023-05-15,2023-06-04,1592960,1592960,Comptant
300807,18460,2023-05-01,2023-05-31,2023-06-01,1635810,1635810,30 j
300808,3745,2023-05-01,2023-05-16,2023-05-15,740940,740940,Comptant
300809,14868,2023-05-02,2023-06-01,2023-05-27,268130,268130,30 j
300810,3352,2023-05-01,2023-05-31,2023-05-26,1591225,1591225,30 j
300811,12810,2023-05-02,2023-07-01,2023-06-26,1266350,1266350,60 j
300812,23855,2023-05-02,2023-07-01,2023-06-28,253770,253770,60 j
300813,6380,2023-05-01,2023-05-31,,188970,0,30 j
300814,6649,2023-05-04,2023-05-19,2023-05-19,1352250,1352250,Comptant
300815,2808,2023-05-03,2023-05-18,2023-05-18,1443765,1443765,Comptant
300816,12350,2023-05-03,2023-05-18,2023-05-16,346825,346825,Comptant
300817,21571,2023-05-04,2023-06-03,2023-06-03,986895,986895,30 j
300818,13631,2023-05-02,2023-06-01,2023-05-27,468215,468215,30 j
300819,6893,2023-05-03,2023-06-02,2023-05-30,316420,316420,30 j
300820,7561,2023-05-02,2023-06-01,2023-06-01,1707510,1707510,30 j
300821,6792,2023-05-05,2023-05-20,,360300,0,Comptant
300822,4014,2023-05-05,2023-05-20,2023-05-19,847245,847245,Comptant
300823,6315,2023-05-04,2023-06-03,2023-06-02,1340200,1340200,30 j
300824,3935,2023-05-04,2023-07-03,2023-07-03,1106455,1106455,60 j
300825,8184,2023-05-03,2023-06-02,2023-05-30,110485,110485,30 j
300826,20090,2023-05-03,2023-06-02,,1174345,0,30 j
300827,12681,2023-05-04,2023-07-03,,930790,0,60 j
300828,14719,2023-05-06,2023-05-21,2023-05-18,1004050,1004050,Comptant
300829,12518,2023-05-05,2023-05-20,2023-05-19,758130,758130,Comptant
300830,5541,2023-05-05,2023-06-04,2023-06-24,113975,113975,30 j
300831,18742,2023-05-06,2023-06-05,,578350,0,30 j
300832,13787,2023-05-06,2023-06-05,2023-06-04,1473670,1473670,30 j
300833,10727,2023-05-05,2023-07-04,2023-07-01,650140,650140,60 j
300834,17637,2023-05-07,2023-05-22,2023-05-21,803535,803535,Comptant
300835,13252,2023-05-07,2023-05-22,2023-05-17,1172605,1172605,Comptant
300836,399,2023-05-06,2023-06-05,,272205,0,30 j
300837,11877,2023-05-07,2023-05-22,2023-05-19,1107765,1107765,Comptant
300838,7329,2023-05-07,2023-05-22,2023-05-21,1148540,1148540,Comptant
300839,23423,2023-05-07,2023-05-22,,268360,0,Comptant
300840,20131,2023-05-05,2023-05-20,2023-05-17,1290235,1290235,Comptant
300841,11808,2023-05-06,2023-07-05,2023-06-30,1204565,1204565,60 j
300842,19727,2023-05-08,2023-05-23,2023-05-22,1581675,1581675,Comptant
300843,2038,2023-05-08,2023-05-23,2023-05-22,188525,188525,Comptant
300844,4876,2023-05-08,2023-06-07,,654045,0,30 j
300845,14434,2023-05-08,2023-05-23,2023-05-23,435825,435825,Comptant
300846,20118,2023-05-06,2023-05-21,2023-05-21,999470,999470,Comptant
300847,5004,2023-05-07,2023-05-22,2023-05-17,1613830,1613830,Comptant
300848,8669,2023-05-07,2023-06-06,2023-06-26,1145195,1145195,30 j
300849,2914,2023-05-08,2023-05-23,2023-05-22,634680,634680,Comptant
300850,212,2023-05-07,2023-05-22,,1749170,0,Comptant
300851,19598,2023-05-07,2023-05-22,2023-05-20,241395,241395,Comptant
300852,20775,2023-05-07,2023-07-06,2023-07-06,1085255,1085255,60 j
300853,16350,2023-05-07,2023-05-22,2023-06-11,1056160,1056160,Comptant
300854,16179,2023-05-10,2023-05-25,2023-05-22,488335,488335,Comptant
300855,2296,2023-05-10,2023-07-09,2023-07-06,1441860,1441860,60 j
300856,2582,2023-05-10,2023-06-09,2023-06-08,590915,590915,30 j
300857,22290,2023-05-08,2023-05-23,2023-07-07,1574960,1574960,Comptant
300858,20141,2023-05-08,2023-07-07,2023-07-06,1598835,1598835,60 j
300859,16974,2023-05-08,2023-06-07,2023-06-02,870265,870265,30 j
300860,15722,2023-05-10,2023-05-25,2023-05-25,205940,205940,Comptant
300861,14433,2023-05-09,2023-05-24,2023-05-24,938870,938870,Comptant
300862,6256,2023-05-11,2023-05-26,2023-05-26,1622325,1622325,Comptant
300863,15125,2023-05-11,2023-06-10,2023-06-07,132650,132650,30 j
300864,5829,2023-05-09,2023-07-08,2023-07-06,1143485,1143485,60 j
300865,18096,2023-05-09,2023-05-24,2023-05-19,1724990,1724990,Comptant
300866,12236,2023-05-09,2023-06-08,2023-06-07,287845,287845,30 j
300867,18326,2023-05-11,2023-06-10,2023-06-07,932155,932155,30 j
300868,8502,2023-05-10,2023-05-25,2023-05-26,447325,447325,Comptant
300869,542,2023-05-10,2023-05-25,2023-05-23,1296510,1296510,Comptant
300870,19494,2023-05-12,2023-05-27,2023-05-26,224705,224705,Comptant
300871,22012,2023-05-11,2023-06-10,2023-06-11,521645,521645,30 j
300872,18304,2023-05-10,2023-05-25,2023-06-04,695220,695220,Comptant
300873,8525,2023-05-10,2023-05-25,2023-05-23,1129540,1129540,Comptant
300874,10376,2023-05-11,2023-05-26,,1101970,0,Comptant
300875,863,2023-05-13,2023-06-12,2023-06-12,345935,345935,30 j
300876,18371,2023-05-12,2023-05-27,2023-05-29,815190,815190,Comptant
300877,7785,2023-05-11,2023-05-26,2023-05-25,761675,761675,Comptant
300878,11285,2023-05-13,2023-06-12,,1709265,0,30 j
300879,18758,2023-05-13,2023-06-12,2023-06-12,458880,458880,30 j
300880,21857,2023-05-12,2023-05-27,2023-05-25,615280,615280,Comptant
300881,12644,2023-05-13,2023-05-28,2023-05-28,876365,876365,Comptant
300882,15302,2023-05-14,2023-06-13,2023-06-13,1596900,1596900,30 j
300883,10612,2023-05-13,2023-05-28,,894345,0,Comptant
300884,13527,2023-05-14,2023-05-29,2023-05-26,1642400,1642400,Comptant
300885,8673,2023-05-12,2023-06-11,2023-06-12,1779595,1779595,30 j
300886,23597,2023-05-12,2023-05-27,2023-05-22,494935,494935,Comptant
300887,16400,2023-05-13,2023-05-28,2023-05-26,956180,956180,Comptant
300888,2799,2023-05-14,2023-05-29,2023-05-29,922305,922305,Comptant
300889,2877,2023-05-13,2023-07-12,,786325,0,60 j
300890,5946,2023-05-14,2023-05-29,2023-05-28,1723120,1723120,Comptant
300891,7958,2023-05-15,2023-05-30,2023-05-28,1184875,1184875,Comptant
300892,13923,2023-05-14,2023-05-29,2023-05-29,557665,557665,Comptant
300893,5486,2023-05-14,2023-05-29,2023-05-26,648305,648305,Comptant
300894,7124,2023-05-16,2023-05-31,2023-05-29,1760650,1760650,Comptant
300895,21350,2023-05-15,2023-05-30,2023-05-25,181855,181855,Comptant
300896,1599,2023-05-14,2023-05-29,2023-05-29,607465,607465,Comptant
300897,17174,2023-05-16,2023-06-15,2023-06-13,431980,431980,30 j
300898,1957,2023-05-15,2023-05-30,2023-05-29,92480,92480,Comptant
300899,15428,2023-05-16,2023-06-15,2023-06-12,227370,227370,30 j
300900,19266,2023-05-14,2023-05-29,2023-05-30,1008405,1008405,Comptant
300901,23806,2023-05-16,2023-06-15,2023-06-15,451965,451965,30 j
300902,16606,2023-05-16,2023-05-31,2023-05-30,255215,255215,Comptant
300903,15656,2023-05-17,2023-06-16,,1436720,0,30 j
300904,13121,2023-05-16,2023-06-15,2023-06-15,338940,338940,30 j
300905,16381,2023-05-16,2023-06-15,2023-06-15,1124330,1124330,30 j
300906,18761,2023-05-15,2023-07-14,2023-08-28,162225,162225,60 j
300907,23900,2023-05-15,2023-05-30,2023-05-29,84390,84390,Comptant
300908,8134,2023-05-17,2023-06-01,2023-05-27,1141490,1141490,Comptant
300909,17488,2023-05-16,2023-06-15,2023-06-14,395405,395405,30 j
300910,14143,2023-05-17,2023-06-01,2023-05-29,164860,164860,Comptant
300911,2519,2023-05-17,2023-06-01,2023-05-31,1162615,1162615,Comptant
300912,12053,2023-05-18,2023-06-17,2023-06-15,1292660,1292660,30 j
300913,8675,2023-05-17,2023-06-01,2023-05-29,1174050,1174050,Comptant
300914,4499,2023-05-16,2023-05-31,2023-05-31,337025,337025,Comptant
300915,16943,2023-05-17,2023-06-16,,1451845,0,30 j
300916,13454,2023-05-19,2023-06-03,2023-05-29,135575,135575,Comptant
300917,12204,2023-05-18,2023-06-17,2023-06-14,1416230,1416230,30 j
300918,6317,2023-05-19,2023-06-03,2023-06-01,143150,143150,Comptant
300919,18245,2023-05-19,2023-06-18,2023-06-15,1520625,1520625,30 j
300920,23680,2023-05-19,2023-06-03,2023-06-01,1095495,1095495,Comptant
300921,13278,2023-05-19,2023-06-18,2023-06-23,776065,776065,30 j
300922,11880,2023-05-20,2023-06-04,2023-06-03,268060,268060,Comptant
300923,22479,2023-05-18,2023-07-17,2023-07-15,1700200,1700200,60 j
300924,3331,2023-05-20,2023-06-04,2023-05-30,176970,176970,Comptant
300925,10517,2023-05-20,2023-06-04,2023-06-02,1194850,1194850,Comptant
300926,3536,2023-05-20,2023-06-04,2023-05-30,1690610,1690610,Comptant
300927,10847,2023-05-19,2023-06-03,2023-05-29,431175,431175,Comptant
300928,14282,2023-05-19,2023-07-18,,199890,0,60 j
300929,5993,2023-05-20,2023-07-19,,1276975,0,60 j
300930,12093,2023-05-20,2023-06-04,2023-05-30,157005,157005,Comptant
300931,8020,2023-05-21,2023-06-05,2023-06-15,277900,277900,Comptant
300932,19865,2023-05-20,2023-06-19,,779140,0,30 j
300933,6242,2023-05-19,2023-06-18,2023-06-15,1549500,1549500,30 j
300934,4578,2023-05-20,2023-06-19,,874170,0,30 j
300935,22410,2023-05-20,2023-06-19,2023-06-16,1610270,1610270,30 j
300936,22871,2023-05-20,2023-06-04,2023-06-24,584600,584600,Comptant
300937,20247,2023-05-20,2023-07-19,2023-07-18,851205,851205,60 j
300938,21199,2023-05-22,2023-06-06,2023-06-03,332380,332380,Comptant
300939,1441,2023-05-20,2023-06-19,2023-06-19,1245695,1245695,30 j
300940,13539,2023-05-20,2023-06-04,2023-06-01,1620400,1620400,Comptant
300941,23428,2023-05-22,2023-07-21,2023-07-16,452135,452135,60 j
300942,5071,2023-05-21,2023-06-05,2023-06-04,738770,738770,Comptant
300943,9973,2023-05-22,2023-06-21,2023-06-18,315435,315435,30 j
300944,4237,2023-05-22,2023-06-06,2023-06-06,430945,430945,Comptant
300945,1602,2023-05-21,2023-06-20,2023-08-04,566730,566730,30 j
300946,11077,2023-05-23,2023-06-07,2023-06-02,1063570,1063570,Comptant
300947,1046,2023-05-22,2023-06-06,2023-06-06,266925,266925,Comptant
300948,10285,2023-05-23,2023-06-07,2023-06-02,67925,67925,Comptant
300949,23431,2023-05-22,2023-06-06,2023-06-26,1229690,1229690,Comptant
300950,295,2023-05-23,2023-06-07,2023-06-07,1010315,1010315,Comptant
300951,8579,2023-05-23,2023-06-07,2023-06-04,1331750,1331750,Comptant
300952,1360,2023-05-24,2023-06-23,2023-06-20,1448965,1448965,30 j
300953,11285,2023-05-24,2023-06-23,2023-06-22,1097990,1097990,30 j
300954,19286,2023-05-24,2023-06-23,2023-06-23,182795,182795,30 j
300955,18688,2023-05-23,2023-06-22,,1069855,0,30 j
300956,2064,2023-05-23,2023-06-07,2023-06-09,227850,227850,Comptant
300957,18232,2023-05-25,2023-06-09,2023-06-08,1584805,1584805,Comptant
300958,22424,2023-05-25,2023-06-24,,907155,0,30 j
300959,7285,2023-05-23,2023-06-22,,436910,0,30 j
300960,5828,2023-05-25,2023-06-24,2023-06-19,741070,741070,30 j
300961,14652,2023-05-23,2023-06-07,2023-06-02,734980,734980,Comptant
300962,12851,2023-05-24,2023-07-23,2023-07-20,1485445,1485445,60 j
300963,13298,2023-05-26,2023-07-25,2023-07-20,282160,282160,60 j
300964,9644,2023-05-26,2023-06-10,2023-06-30,552820,552820,Comptant
300965,12917,2023-05-24,2023-06-08,2023-06-03,163225,163225,Comptant
300966,12949,2023-05-26,2023-06-25,2023-06-22,1767195,1767195,30 j
300967,23872,2023-05-24,2023-07-23,2023-07-18,202605,202605,60 j
300968,9098,2023-05-26,2023-06-25,2023-08-09,1152570,1152570,30 j
300969,12337,2023-05-25,2023-07-24,2023-07-23,1457365,1457365,60 j
300970,20830,2023-05-27,2023-06-11,,473540,0,Comptant
300971,18425,2023-05-26,2023-06-10,2023-06-05,1340870,1340870,Comptant
300972,18486,2023-05-27,2023-06-11,2023-07-26,616685,616685,Comptant
300973,20766,2023-05-27,2023-06-11,2023-06-10,128305,128305,Comptant
300974,19708,2023-05-27,2023-06-11,2023-06-11,228085,228085,Comptant
300975,13174,2023-05-28,2023-06-12,2023-06-09,567505,567505,Comptant
300976,20125,2023-05-27,2023-06-11,2023-06-09,75670,75670,Comptant
300977,10811,2023-05-27,2023-06-11,2023-06-11,1238520,1238520,Comptant
300978,9783,2023-05-28,2023-06-27,2023-06-25,1598735,1598735,30 j
300979,4339,2023-05-26,2023-06-10,2023-06-10,918270,918270,Comptant
300980,9508,2023-05-28,2023-07-27,2023-07-24,1224575,1224575,60 j
300981,17216,2023-05-27,2023-06-11,2023-07-01,912375,912375,Comptant
300982,15878,2023-05-29,2023-06-13,2023-06-15,1238990,1238990,Comptant
300983,23669,2023-05-27,2023-06-11,2023-06-10,839035,839035,Comptant
300984,9487,2023-05-28,2023-06-12,2023-06-07,1525460,1525460,Comptant
300985,8292,2023-05-29,2023-07-28,,1650365,0,60 j
300986,3325,2023-05-29,2023-06-13,2023-06-13,391760,391760,Comptant
300987,21111,2023-05-29,2023-06-13,,1273435,0,Comptant
300988,6203,2023-05-27,2023-06-11,2023-06-08,1732105,1732105,Comptant
300989,21797,2023-05-28,2023-06-12,2023-06-10,805535,805535,Comptant
300990,11867,2023-05-29,2023-06-28,2023-07-18,1513925,1513925,30 j
300991,15128,2023-05-30,2023-06-14,2023-06-09,1007485,1007485,Comptant
300992,5704,2023-05-30,2023-06-29,2023-06-26,1156510,1156510,30 j
300993,8849,2023-05-30,2023-06-29,,117445,0,30 j
300994,23824,2023-05-30,2023-06-14,2023-06-12,269965,269965,Comptant
300995,6471,2023-05-31,2023-06-30,2023-06-27,802345,802345,30 j
300996,2907,2023-05-30,2023-06-29,2023-06-29,1255500,1255500,30 j
300997,14543,2023-05-31,2023-06-30,2023-06-30,1384505,1384505,30 j
300998,5088,2023-05-31,2023-06-30,2023-06-25,871895,871895,30 j
300999,9020,2023-05-31,2023-07-30,2023-09-13,672825,672825,60 j
301000,13365,2023-05-31,2023-06-15,2023-06-14,515010,515010,Comptant
301001,4361,2023-05-30,2023-06-14,2023-06-15,1630050,1630050,Comptant
301002,21559,2023-05-30,2023-06-14,2023-06-16,292825,292825,Comptant
301003,21187,2023-05-31,2023-06-15,2023-06-15,965070,965070,Comptant
301004,11983,2023-06-01,2023-07-31,2023-07-30,582920,582920,60 j
301005,12349,2023-05-31,2023-06-30,2023-06-28,1127040,1127040,30 j
301006,23065,2023-05-31,2023-06-30,2023-06-25,1644065,1644065,30 j
301007,17290,2023-05-31,2023-06-30,2023-07-02,398740,398740,30 j
301008,8853,2023-06-01,2023-07-31,,528930,0,60 j
301009,8076,2023-06-02,2023-06-17,2023-07-07,1187700,1187700,Comptant
301010,19357,2023-05-31,2023-06-30,2023-06-25,420140,420140,30 j
301011,10551,2023-06-01,2023-07-01,2023-07-01,609745,609745,30 j
301012,12714,2023-05-31,2023-06-30,,1751570,0,30 j
301013,15778,2023-06-01,2023-06-16,2023-06-14,1221330,1221330,Comptant
301014,8444,2023-05-31,2023-06-30,2023-06-27,516340,516340,30 j
301015,19309,2023-06-02,2023-07-02,2023-06-29,805885,805885,30 j
301016,23004,2023-06-03,2023-06-18,2023-06-28,422540,422540,Comptant
301017,8026,2023-06-03,2023-06-18,,995175,0,Comptant
301018,21393,2023-06-02,2023-06-17,2023-06-12,1039390,1039390,Comptant
301019,3882,2023-06-01,2023-06-16,2023-06-16,224245,224245,Comptant
301020,14261,2023-06-03,2023-07-03,2023-06-30,1538345,1538345,30 j
301021,17232,2023-06-02,2023-06-17,2023-06-15,936795,936795,Comptant
301022,17037,2023-06-04,2023-06-19,2023-06-16,493380,493380,Comptant
301023,6296,2023-06-02,2023-06-17,,748905,0,Comptant
301024,4457,2023-06-03,2023-06-18,2023-06-19,1514035,1514035,Comptant
301025,23034,2023-06-02,2023-06-17,2023-06-12,568260,568260,Comptant
301026,16203,2023-06-03,2023-06-18,2023-06-15,1459795,1459795,Comptant
301027,8,2023-06-02,2023-06-17,2023-06-17,801875,801875,Comptant
301028,19658,2023-06-04,2023-08-03,2023-08-03,1541900,1541900,60 j
301029,17933,2023-06-04,2023-06-19,,203155,0,Comptant
301030,9926,2023-06-04,2023-06-19,2023-06-17,1084810,1084810,Comptant
301031,19322,2023-06-04,2023-07-04,2023-07-06,507650,507650,30 j
301032,8516,2023-06-03,2023-06-18,2023-06-17,1563410,1563410,Comptant
301033,11404,2023-06-03,2023-06-18,,685055,0,Comptant
301034,3930,2023-06-03,2023-06-18,2023-06-15,505010,505010,Comptant
301035,9155,2023-06-03,2023-07-03,2023-06-30,665205,665205,30 j
301036,6989,2023-06-05,2023-06-20,2023-06-22,853650,853650,Comptant
301037,20291,2023-06-04,2023-07-04,,982170,0,30 j
301038,19988,2023-06-06,2023-07-06,2023-07-01,1626235,1626235,30 j
301039,18918,2023-06-04,2023-06-19,2023-06-29,1741000,1741000,Comptant
301040,477,2023-06-05,2023-07-05,2023-07-05,548155,548155,30 j
301041,14712,2023-06-06,2023-06-21,,1035680,0,Comptant
301042,8404,2023-06-07,2023-06-22,2023-07-12,174885,174885,Comptant
301043,2614,2023-06-07,2023-06-22,2023-06-20,564740,564740,Comptant
301044,5002,2023-06-05,2023-06-20,2023-06-19,1418065,1418065,Comptant
301045,22453,2023-06-07,2023-07-07,,1125670,0,30 j
301046,1613,2023-06-05,2023-08-04,2023-08-01,567985,567985,60 j
301047,15581,2023-06-07,2023-08-06,2023-08-01,857295,857295,60 j
301048,4187,2023-06-07,2023-06-22,2023-06-20,215760,215760,Comptant
301049,21649,2023-06-06,2023-08-05,2023-08-05,1516325,1516325,60 j
301050,8251,2023-06-08,2023-07-08,2023-07-03,1734235,1734235,30 j
301051,7326,2023-06-07,2023-07-07,2023-07-04,1651785,1651785,30 j
301052,13215,2023-06-06,2023-06-21,2023-06-18,798260,798260,Comptant
301053,3242,2023-06-06,2023-06-21,2023-06-20,951135,951135,Comptant
301054,9008,2023-06-07,2023-07-07,2023-07-05,1391265,1391265,30 j
301055,10777,2023-06-06,2023-06-21,2023-06-20,1792780,1792780,Comptant
301056,8239,2023-06-07,2023-06-22,2023-06-24,708055,708055,Comptant
301057,8700,2023-06-08,2023-07-08,2023-07-06,169560,169560,30 j
301058,3700,2023-06-07,2023-07-07,2023-07-02,1324840,1324840,30 j
301059,23331,2023-06-07,2023-07-07,2023-07-04,1333135,1333135,30 j
301060,8268,2023-06-09,2023-06-24,2023-06-24,554900,554900,Comptant
301061,8345,2023-06-08,2023-06-23,2023-06-21,1645095,1645095,Comptant
301062,5905,2023-06-09,2023-07-09,,1013910,0,30 j
301063,8531,2023-06-09,2023-06-24,2023-06-21,69415,69415,Comptant
301064,19496,2023-06-09,2023-06-24,2023-06-24,254790,254790,Comptant
301065,11173,2023-06-08,2023-06-23,2023-06-23,1489765,1489765,Comptant
301066,1958,2023-06-10,2023-06-25,2023-07-15,1305440,1305440,Comptant
301067,10841,2023-06-09,2023-06-24,2023-06-22,1586855,1586855,Comptant
301068,21619,2023-06-09,2023-06-24,,1271375,0,Comptant
301069,12961,2023-06-09,2023-06-24,2023-06-24,1789660,1789660,Comptant
301070,5505,2023-06-10,2023-06-25,2023-06-25,748400,748400,Comptant
301071,21291,2023-06-09,2023-07-09,,1476100,0,30 j
301072,13051,2023-06-11,2023-07-11,,1393995,0,30 j
301073,2216,2023-06-09,2023-06-24,2023-06-26,676605,676605,Comptant
301074,2580,2023-06-11,2023-07-11,,91905,0,30 j
301075,23028,2023-06-09,2023-06-24,2023-06-24,821145,821145,Comptant
301076,20969,2023-06-11,2023-06-26,,175180,0,Comptant
301077,4739,2023-06-11,2023-06-26,,1417755,0,Comptant
301078,6917,2023-06-11,2023-07-11,2023-07-10,1247055,1247055,30 j
301079,16464,2023-06-12,2023-06-27,2023-06-25,835055,835055,Comptant
301080,10781,2023-06-10,2023-07-10,2023-07-30,263345,263345,30 j
301081,5931,2023-06-12,2023-06-27,2023-06-22,1385445,1385445,Comptant
301082,6568,2023-06-10,2023-06-25,2023-06-25,629210,629210,Comptant
301083,5543,2023-06-11,2023-08-10,2023-08-11,110745,110745,60 j
301084,23872,2023-06-12,2023-08-11,2023-08-11,1248790,1248790,60 j
301085,12677,2023-06-13,2023-06-28,2023-06-26,1070025,1070025,Comptant
301086,2936,2023-06-11,2023-06-26,2023-06-25,131990,131990,Comptant
301087,13940,2023-06-12,2023-06-27,2023-06-26,540050,540050,Comptant
301088,12485,2023-06-12,2023-06-27,2023-06-22,165680,165680,Comptant
301089,18069,2023-06-14,2023-06-29,2023-06-27,1413965,1413965,Comptant
301090,18898,2023-06-13,2023-08-12,2023-08-12,196370,196370,60 j
301091,11276,2023-06-13,2023-06-28,2023-06-23,348940,348940,Comptant
301092,21290,2023-06-14,2023-06-29,2023-06-24,854735,854735,Comptant
301093,16555,2023-06-14,2023-08-13,2023-08-11,820690,820690,60 j
301094,4362,2023-06-13,2023-06-28,,539125,0,Comptant
301095,18268,2023-06-14,2023-06-29,,650320,0,Comptant
301096,15995,2023-06-14,2023-06-29,2023-06-26,1426285,1426285,Comptant
301097,9674,2023-06-13,2023-06-28,,794430,0,Comptant
301098,23628,2023-06-15,2023-06-30,2023-06-30,673785,673785,Comptant
301099,10886,2023-06-15,2023-06-30,2023-06-27,263275,263275,Comptant
301100,163,2023-06-14,2023-06-29,2023-06-28,1419250,1419250,Comptant
301101,8457,2023-06-14,2023-07-14,2023-07-14,1235495,1235495,30 j
301102,19281,2023-06-13,2023-06-28,2023-06-27,1564095,1564095,Comptant
301103,21396,2023-06-15,2023-08-14,2023-08-12,1517280,1517280,60 j
301104,14344,2023-06-14,2023-06-29,,1731400,0,Comptant
301105,15504,2023-06-14,2023-06-29,2023-06-24,974105,974105,Comptant
301106,2583,2023-06-16,2023-07-16,2023-07-13,690745,690745,30 j
301107,16350,2023-06-16,2023-07-01,2023-07-01,96335,96335,Comptant
301108,15508,2023-06-14,2023-07-14,,323625,0,30 j
301109,23686,2023-06-16,2023-07-16,,1138085,0,30 j
301110,19336,2023-06-15,2023-07-15,2023-07-13,314720,314720,30 j
301111,15106,2023-06-16,2023-08-15,2023-08-10,1335685,1335685,60 j
301112,7664,2023-06-15,2023-06-30,2023-06-30,1635965,1635965,Comptant
301113,11510,2023-06-16,2023-07-01,2023-06-29,641120,641120,Comptant
301114,15433,2023-06-15,2023-07-15,2023-07-14,1092830,1092830,30 j
301115,15557,2023-06-15,2023-07-15,,1340540,0,30 j
301116,2974,2023-06-17,2023-07-17,2023-07-12,1023900,1023900,30 j
301117,16650,2023-06-17,2023-07-02,2023-06-27,1468390,1468390,Comptant
301118,19424,2023-06-17,2023-08-16,2023-08-13,1679255,1679255,60 j
301119,8462,2023-06-16,2023-07-01,,196695,0,Comptant
301120,19035,2023-06-17,2023-07-02,2023-07-01,601280,601280,Comptant
301121,5734,2023-06-18,2023-08-17,2023-08-15,1030350,1030350,60 j
301122,4645,2023-06-18,2023-07-03,,559100,0,Comptant
301123,6153,2023-06-18,2023-07-03,2023-07-03,183915,183915,Comptant
301124,18049,2023-06-18,2023-07-03,2023-06-28,1133155,1133155,Comptant
301125,4198,2023-06-17,2023-07-17,,1456080,0,30 j
301126,7488,2023-06-18,2023-07-03,2023-07-01,929745,929745,Comptant
301127,23399,2023-06-19,2023-07-19,2023-08-08,859065,859065,30 j
301128,10284,2023-06-18,2023-07-03,2023-07-01,196010,196010,Comptant
301129,14109,2023-06-19,2023-07-04,2023-07-01,1027985,1027985,Comptant
301130,4727,2023-06-20,2023-07-05,,1510980,0,Comptant
301131,7244,2023-06-20,2023-07-05,2023-07-03,407560,407560,Comptant
301132,1071,2023-06-20,2023-07-05,2023-07-04,646160,646160,Comptant
301133,22034,2023-06-19,2023-08-18,2023-08-28,769285,769285,60 j
301134,4270,2023-06-18,2023-07-03,,947515,0,Comptant
301135,13516,2023-06-18,2023-07-03,2023-06-28,1774030,1774030,Comptant
301136,8051,2023-06-20,2023-07-05,2023-07-04,1270595,1270595,Comptant
301137,631,2023-06-20,2023-08-19,2023-08-14,1101375,1101375,60 j
301138,1859,2023-06-20,2023-07-05,2023-07-02,1600360,1600360,Comptant
301139,562,2023-06-19,2023-07-04,2023-07-03,84225,84225,Comptant
301140,21024,2023-06-20,2023-08-19,2023-08-16,993575,993575,60 j
301141,12124,2023-06-19,2023-07-19,2023-07-16,1722975,1722975,30 j
301142,21987,2023-06-20,2023-07-05,2023-06-30,701735,701735,Comptant
301143,22000,2023-06-21,2023-08-20,2023-08-20,1679900,1679900,60 j
301144,16812,2023-06-21,2023-07-06,2023-07-06,1710665,1710665,Comptant
301145,21180,2023-06-21,2023-07-21,2023-07-21,1134680,1134680,30 j
301146,5957,2023-06-22,2023-07-07,2023-07-12,1594960,1594960,Comptant
301147,15986,2023-06-21,2023-07-21,2023-07-19,730120,730120,30 j
301148,14460,2023-06-21,2023-07-21,2023-07-18,1021665,1021665,30 j
301149,8755,2023-06-21,2023-07-06,2023-07-11,1026385,1026385,Comptant
301150,5506,2023-06-22,2023-07-07,2023-07-07,1258015,1258015,Comptant
301151,942,2023-06-22,2023-07-07,2023-07-05,1370115,1370115,Comptant
301152,991,2023-06-21,2023-07-06,2023-07-03,587170,587170,Comptant
301153,14508,2023-06-23,2023-07-23,2023-07-22,1037165,1037165,30 j
301154,2880,2023-06-23,2023-07-08,2023-07-05,312095,312095,Comptant
301155,3051,2023-06-21,2023-07-06,2023-07-06,716930,716930,Comptant
301156,21543,2023-06-23,2023-07-23,2023-07-22,494085,494085,30 j
301157,943,2023-06-22,2023-07-07,,1207115,0,Comptant
301158,18124,2023-06-23,2023-07-08,2023-07-07,1104455,1104455,Comptant
301159,6460,2023-06-22,2023-07-07,2023-07-04,486765,486765,Comptant
301160,22399,2023-06-22,2023-07-22,2023-07-21,1291670,1291670,30 j
301161,23098,2023-06-23,2023-08-22,,1078625,0,60 j
301162,13567,2023-06-24,2023-08-23,2023-08-20,1019615,1019615,60 j
301163,11203,2023-06-25,2023-07-10,2023-07-08,1068325,1068325,Comptant
301164,11475,2023-06-24,2023-07-24,2023-07-23,1793755,1793755,30 j
301165,19733,2023-06-25,2023-07-25,2023-07-24,945415,945415,30 j
301166,19416,2023-06-25,2023-07-25,2023-07-24,1535660,1535660,30 j
301167,12359,2023-06-24,2023-07-24,,1530615,0,30 j
301168,231,2023-06-23,2023-08-22,2023-08-20,1543630,1543630,60 j
301169,11642,2023-06-25,2023-07-25,2023-07-20,659885,659885,30 j
301170,16631,2023-06-25,2023-08-24,2023-08-24,267440,267440,60 j
301171,19256,2023-06-26,2023-07-11,2023-07-08,373665,373665,Comptant
301172,11541,2023-06-26,2023-07-26,2023-07-23,889385,889385,30 j
301173,12848,2023-06-26,2023-08-25,,1236485,0,60 j
301174,21276,2023-06-24,2023-07-09,,767965,0,Comptant
301175,20390,2023-06-26,2023-07-11,2023-07-11,801505,801505,Comptant
301176,20990,2023-06-24,2023-07-24,2023-07-21,1419830,1419830,30 j
301177,21169,2023-06-26,2023-08-25,2023-08-26,1772480,1772480,60 j
301178,21156,2023-06-27,2023-07-12,2023-07-10,1654995,1654995,Comptant
301179,22721,2023-06-25,2023-07-10,2023-07-08,505655,505655,Comptant
301180,819,2023-06-26,2023-07-11,2023-07-09,1678445,1678445,Comptant
301181,12807,2023-06-27,2023-08-26,2023-08-23,1464190,1464190,60 j
301182,11658,2023-06-26,2023-07-26,2023-07-21,529315,529315,30 j
301183,6727,2023-06-27,2023-07-27,2023-07-25,1160955,1160955,30 j
301184,153,2023-06-28,2023-07-13,,1494790,0,Comptant
301185,9772,2023-06-26,2023-07-26,2023-07-25,1333140,1333140,30 j
301186,23699,2023-06-26,2023-07-11,2023-07-11,203530,203530,Comptant
301187,8204,2023-06-27,2023-07-12,2023-07-11,1246430,1246430,Comptant
301188,4823,2023-06-26,2023-07-11,2023-07-21,1307480,1307480,Comptant
301189,9077,2023-06-27,2023-07-12,2023-07-12,1324470,1324470,Comptant
301190,11874,2023-06-29,2023-07-29,2023-07-27,609425,609425,30 j
301191,15033,2023-06-27,2023-07-12,,1279250,0,Comptant
301192,11347,2023-06-29,2023-07-14,2023-07-09,1633895,1633895,Comptant
301193,12941,2023-06-27,2023-07-27,,1244480,0,30 j
301194,5338,2023-06-27,2023-07-12,2023-07-12,1629880,1629880,Comptant
301195,18889,2023-06-29,2023-07-14,,969875,0,Comptant
301196,14430,2023-06-29,2023-07-14,2023-07-11,718240,718240,Comptant
301197,13499,2023-06-29,2023-08-28,2023-09-02,1190015,1190015,60 j
301198,9864,2023-06-29,2023-07-14,2023-07-09,989820,989820,Comptant
301199,19295,2023-06-29,2023-07-29,2023-07-27,1435280,1435280,30 j
301200,1501,2023-06-30,2023-07-15,2023-07-10,1737055,1737055,Comptant
301201,2665,2023-06-29,2023-07-14,2023-07-11,298815,298815,Comptant
301202,5856,2023-06-28,2023-07-28,2023-07-27,1605430,1605430,30 j
301203,16672,2023-06-29,2023-07-14,2023-07-14,119885,119885,Comptant
301204,1204,2023-06-29,2023-07-29,2023-07-29,1267800,1267800,30 j
301205,11466,2023-06-29,2023-07-14,2023-07-12,1549195,1549195,Comptant
301206,16287,2023-07-01,2023-08-30,2023-09-01,1501860,1501860,60 j
301207,11600,2023-06-30,2023-07-15,2023-07-10,351975,351975,Comptant
301208,15192,2023-07-01,2023-07-31,2023-07-29,160515,160515,30 j
301209,4514,2023-06-29,2023-07-29,,386075,0,30 j
301210,5580,2023-07-01,2023-07-16,2023-08-05,718420,718420,Comptant
301211,20925,2023-06-30,2023-07-15,2023-07-12,1171185,1171185,Comptant
301212,3247,2023-07-02,2023-08-31,2023-08-29,1452680,1452680,60 j
301213,931,2023-06-30,2023-07-15,2023-07-15,103605,103605,Comptant
301214,17669,2023-06-30,2023-07-15,,1638720,0,Comptant
301215,20668,2023-07-02,2023-08-01,2023-07-27,1019875,1019875,30 j
301216,10154,2023-06-30,2023-07-15,2023-07-12,173005,173005,Comptant
301217,21439,2023-07-02,2023-07-17,2023-07-14,1563675,1563675,Comptant
301218,20220,2023-07-02,2023-08-01,2023-08-02,1209350,1209350,30 j
301219,7051,2023-07-02,2023-08-01,2023-07-30,918610,918610,30 j
301220,12402,2023-07-01,2023-08-30,2023-08-29,406325,406325,60 j
301221,22434,2023-07-03,2023-08-02,2023-08-02,560440,560440,30 j
301222,19835,2023-07-03,2023-07-18,2023-09-01,1650385,1650385,Comptant
301223,9391,2023-07-03,2023-07-18,2023-07-16,731240,731240,Comptant
301224,4622,2023-07-04,2023-07-19,2023-07-24,456320,456320,Comptant
301225,1645,2023-07-03,2023-08-02,2023-07-28,848340,848340,30 j
301226,21990,2023-07-03,2023-07-18,2023-07-16,189650,189650,Comptant
301227,10379,2023-07-03,2023-07-18,2023-07-13,725210,725210,Comptant
301228,13649,2023-07-04,2023-08-03,2023-08-13,250500,250500,30 j
301229,16600,2023-07-04,2023-07-19,2023-07-14,1740835,1740835,Comptant
301230,5329,2023-07-02,2023-08-01,,1221835,0,30 j
301231,8656,2023-07-05,2023-07-20,2023-07-19,1122080,1122080,Comptant
301232,1884,2023-07-03,2023-08-02,2023-07-28,1384315,1384315,30 j
301233,12205,2023-07-05,2023-07-20,2023-07-19,430900,430900,Comptant
301234,19928,2023-07-03,2023-09-01,,613285,0,60 j
301235,21001,2023-07-05,2023-07-20,2023-07-20,843990,843990,Comptant
301236,20906,2023-07-05,2023-07-20,,908295,0,Comptant
301237,6926,2023-07-04,2023-07-19,,1151915,0,Comptant
301238,11279,2023-07-04,2023-07-19,2023-07-14,656005,656005,Comptant
301239,4406,2023-07-04,2023-08-03,2023-08-03,649370,649370,30 j
301240,19027,2023-07-06,2023-07-21,2023-07-19,357270,357270,Comptant
301241,4810,2023-07-06,2023-07-21,2023-07-18,232205,232205,Comptant
301242,20285,2023-07-05,2023-08-04,2023-08-03,127350,127350,30 j
301243,22839,2023-07-05,2023-07-20,2023-07-20,802335,802335,Comptant
301244,11305,2023-07-07,2023-07-22,2023-07-17,810470,810470,Comptant
301245,12101,2023-07-06,2023-09-04,2023-09-03,1590400,1590400,60 j
301246,6371,2023-07-06,2023-07-21,2023-08-10,150055,150055,Comptant
301247,8336,2023-07-05,2023-07-20,2023-07-18,745075,745075,Comptant
301248,20917,2023-07-07,2023-07-22,2023-07-19,363685,363685,Comptant
301249,17090,2023-07-07,2023-07-22,2023-09-05,1222210,1222210,Comptant
301250,7818,2023-07-05,2023-09-03,,1184080,0,60 j
301251,23487,2023-07-06,2023-07-21,2023-09-04,277840,277840,Comptant
301252,6533,2023-07-08,2023-07-23,2023-07-23,693840,693840,Comptant
301253,10752,2023-07-07,2023-07-22,2023-07-22,1259180,1259180,Comptant
301254,21358,2023-07-08,2023-08-07,2023-08-07,729775,729775,30 j
301255,17903,2023-07-06,2023-08-05,2023-08-03,105805,105805,30 j
301256,21399,2023-07-07,2023-08-06,,953670,0,30 j
301257,10661,2023-07-08,2023-09-06,2023-09-04,1230875,1230875,60 j
301258,18819,2023-07-08,2023-07-23,2023-07-25,1226465,1226465,Comptant
301259,8174,2023-07-08,2023-08-07,2023-08-02,881745,881745,30 j
301260,20467,2023-07-07,2023-07-22,2023-07-24,1443420,1443420,Comptant
301261,7631,2023-07-07,2023-07-22,2023-08-11,1555775,1555775,Comptant
301262,18703,2023-07-08,2023-09-06,2023-09-06,104005,104005,60 j
301263,3547,2023-07-09,2023-07-24,2023-07-21,921455,921455,Comptant
301264,17188,2023-07-09,2023-09-07,,691665,0,60 j
301265,15618,2023-07-10,2023-07-25,2023-07-23,1211735,1211735,Comptant
301266,9279,2023-07-09,2023-08-08,2023-08-05,1199700,1199700,30 j
301267,8552,2023-07-08,2023-07-23,2023-07-23,948685,948685,Comptant
301268,6340,2023-07-10,2023-08-09,2023-09-23,1449700,1449700,30 j
301269,5665,2023-07-09,2023-07-24,2023-07-21,960930,960930,Comptant
301270,7157,2023-07-10,2023-07-25,2023-07-25,1444410,1444410,Comptant
301271,5208,2023-07-11,2023-09-09,2023-09-07,1463360,1463360,60 j
301272,9147,2023-07-10,2023-07-25,2023-07-25,473925,473925,Comptant
301273,23060,2023-07-10,2023-07-25,,1544885,0,Comptant
301274,14938,2023-07-09,2023-08-08,2023-08-08,916530,916530,30 j
301275,8247,2023-07-11,2023-07-26,2023-07-24,1685965,1685965,Comptant
301276,13467,2023-07-09,2023-08-08,2023-08-07,548940,548940,30 j
301277,21535,2023-07-10,2023-08-09,2023-08-04,306650,306650,30 j
301278,8090,2023-07-11,2023-07-26,2023-07-25,1062865,1062865,Comptant
301279,9255,2023-07-11,2023-09-09,2023-09-06,1736630,1736630,60 j
301280,20290,2023-07-12,2023-07-27,2023-07-28,1040645,1040645,Comptant
301281,14048,2023-07-12,2023-07-27,2023-08-16,129080,129080,Comptant
301282,1259,2023-07-12,2023-07-27,,1098555,0,Comptant
301283,23530,2023-07-12,2023-08-11,2023-08-10,1107455,1107455,30 j
301284,17988,2023-07-11,2023-07-26,2023-07-23,438545,438545,Comptant
301285,2294,2023-07-11,2023-07-26,2023-07-26,348820,348820,Comptant
301286,23709,2023-07-13,2023-07-28,,947830,0,Comptant
301287,14579,2023-07-12,2023-07-27,2023-07-25,202405,202405,Comptant
301288,23853,2023-07-13,2023-07-28,2023-08-07,1564710,1564710,Comptant
301289,10797,2023-07-11,2023-09-09,2023-09-06,1699555,1699555,60 j
301290,9943,2023-07-13,2023-07-28,2023-07-27,104220,104220,Comptant
301291,1125,2023-07-13,2023-09-11,2023-09-10,1468115,1468115,60 j
301292,9008,2023-07-14,2023-08-13,2023-08-12,663450,663450,30 j
301293,5253,2023-07-13,2023-07-28,2023-07-23,1644690,1644690,Comptant
301294,20837,2023-07-12,2023-07-27,2023-09-10,661955,661955,Comptant
301295,23285,2023-07-13,2023-08-12,2023-08-11,111045,111045,30 j
301296,22301,2023-07-13,2023-07-28,2023-07-26,834840,834840,Comptant
301297,10608,2023-07-13,2023-07-28,2023-07-25,338010,338010,Comptant
301298,16197,2023-07-15,2023-07-30,2023-07-27,494405,494405,Comptant
301299,18884,2023-07-14,2023-07-29,2023-07-29,1533505,1533505,Comptant
301300,20012,2023-07-14,2023-08-13,2023-08-08,152915,152915,30 j
301301,15575,2023-07-13,2023-07-28,2023-07-27,1647825,1647825,Comptant
301302,22146,2023-07-14,2023-07-29,2023-07-27,1492085,1492085,Comptant
301303,7889,2023-07-13,2023-09-11,2023-09-06,565175,565175,60 j
301304,10685,2023-07-15,2023-08-14,2023-08-09,1791640,1791640,30 j
301305,23279,2023-07-14,2023-07-29,2023-07-29,423510,423510,Comptant
301306,15936,2023-07-15,2023-07-30,2023-07-30,327770,327770,Comptant
301307,11184,2023-07-15,2023-08-14,2023-08-12,1602960,1602960,30 j
301308,13539,2023-07-16,2023-07-31,2023-07-30,887685,887685,Comptant
301309,16892,2023-07-15,2023-09-13,2023-09-08,924670,924670,60 j
301310,1253,2023-07-15,2023-08-14,2023-08-14,1584080,1584080,30 j
301311,5647,2023-07-16,2023-07-31,2023-07-28,1527035,1527035,Comptant
301312,7048,2023-07-15,2023-08-14,,896490,0,30 j
301313,16495,2023-07-17,2023-08-01,2023-07-30,711240,711240,Comptant
301314,10529,2023-07-15,2023-07-30,2023-08-09,1240885,1240885,Comptant
301315,3355,2023-07-15,2023-07-30,2023-07-25,225980,225980,Comptant
301316,8354,2023-07-17,2023-08-01,2023-08-02,151750,151750,Comptant
301317,11655,2023-07-15,2023-08-14,2023-08-09,1768395,1768395,30 j
301318,21328,2023-07-17,2023-08-16,2023-08-16,1162745,1162745,30 j
301319,3366,2023-07-17,2023-08-16,2023-08-14,886985,886985,30 j
301320,21709,2023-07-17,2023-08-01,2023-08-03,1576380,1576380,Comptant
301321,2178,2023-07-18,2023-08-02,,1104355,0,Comptant
301322,18198,2023-07-18,2023-08-02,2023-08-07,1196520,1196520,Comptant
301323,3364,2023-07-16,2023-08-15,2023-08-14,1420615,1420615,30 j
301324,20818,2023-07-16,2023-07-31,2023-07-26,1355480,1355480,Comptant
301325,17405,2023-07-18,2023-08-17,2023-08-16,380095,380095,30 j
301326,9168,2023-07-19,2023-08-03,2023-08-03,540425,540425,Comptant
301327,6606,2023-07-17,2023-08-16,2023-08-11,320165,320165,30 j
301328,19345,2023-07-17,2023-08-01,2023-07-27,780055,780055,Comptant
301329,444,2023-07-17,2023-08-01,2023-07-29,1522190,1522190,Comptant
301330,18170,2023-07-18,2023-08-17,,1338590,0,30 j
301331,9297,2023-07-20,2023-09-18,2023-09-13,673795,673795,60 j
301332,5414,2023-07-18,2023-08-02,2023-07-30,1170760,1170760,Comptant
301333,15632,2023-07-20,2023-08-04,2023-08-03,832630,832630,Comptant
301334,5224,2023-07-19,2023-08-03,2023-07-29,1684040,1684040,Comptant
301335,22090,2023-07-18,2023-08-02,2023-08-01,1658810,1658810,Comptant
301336,20088,2023-07-19,2023-08-03,2023-08-03,1514415,1514415,Comptant
301337,17966,2023-07-18,2023-08-02,2023-08-07,1532670,1532670,Comptant
301338,14352,2023-07-19,2023-08-03,2023-07-29,1692815,1692815,Comptant
301339,11600,2023-07-21,2023-08-05,,1205055,0,Comptant
301340,4917,2023-07-20,2023-08-19,2023-08-18,403735,403735,30 j
301341,3951,2023-07-19,2023-09-17,2023-09-17,972905,972905,60 j
301342,49,2023-07-20,2023-08-19,2023-08-21,680660,680660,30 j
301343,8886,2023-07-21,2023-09-19,2023-09-18,1293945,1293945,60 j
301344,8783,2023-07-21,2023-08-05,2023-08-05,1757875,1757875,Comptant
301345,5208,2023-07-20,2023-09-18,2023-09-13,1495580,1495580,60 j
301346,10906,2023-07-21,2023-09-19,2023-09-19,95325,95325,60 j
301347,14602,2023-07-20,2023-08-04,2023-08-01,912230,912230,Comptant
301348,13355,2023-07-21,2023-08-05,2023-09-19,1219980,1219980,Comptant
301349,13208,2023-07-22,2023-08-21,2023-08-16,1685715,1685715,30 j
301350,23218,2023-07-21,2023-08-20,,1227515,0,30 j
301351,22008,2023-07-20,2023-08-04,2023-07-30,1424470,1424470,Comptant
301352,19349,2023-07-21,2023-08-05,2023-08-04,789170,789170,Comptant
301353,9518,2023-07-23,2023-08-07,2023-08-05,682430,682430,Comptant
301354,715,2023-07-21,2023-08-05,,493800,0,Comptant
301355,13852,2023-07-21,2023-08-20,2023-08-15,357235,357235,30 j
301356,14214,2023-07-23,2023-08-22,2023-08-21,1186680,1186680,30 j
301357,20264,2023-07-21,2023-08-20,2023-08-19,810740,810740,30 j
301358,12428,2023-07-22,2023-08-21,2023-10-05,73145,73145,30 j
301359,12515,2023-07-22,2023-08-21,2023-08-21,1724415,1724415,30 j
301360,4321,2023-07-24,2023-08-08,2023-08-06,1547760,1547760,Comptant
301361,20376,2023-07-22,2023-08-21,,1248895,0,30 j
301362,9355,2023-07-23,2023-08-22,2023-08-21,1503520,1503520,30 j
301363,1373,2023-07-24,2023-08-08,2023-08-05,689280,689280,Comptant
301364,11942,2023-07-24,2023-08-08,,422725,0,Comptant
301365,20072,2023-07-23,2023-08-07,2023-08-06,726390,726390,Comptant
301366,15990,2023-07-24,2023-08-08,2023-08-07,1243015,1243015,Comptant
301367,10734,2023-07-24,2023-09-22,2023-09-17,1347950,1347950,60 j
301368,733,2023-07-23,2023-08-07,2023-08-07,1559370,1559370,Comptant
301369,6189,2023-07-23,2023-08-07,2023-08-04,1791280,1791280,Comptant
301370,6781,2023-07-24,2023-08-08,2023-08-06,169515,169515,Comptant
301371,1803,2023-07-23,2023-08-22,2023-08-21,1377485,1377485,30 j
301372,6532,2023-07-25,2023-08-24,2023-08-24,184390,184390,30 j
301373,3829,2023-07-26,2023-09-24,2023-09-22,762120,762120,60 j
301374,5031,2023-07-25,2023-08-09,2023-08-09,1448635,1448635,Comptant
301375,3069,2023-07-25,2023-08-09,2023-08-08,694975,694975,Comptant
301376,7492,2023-07-26,2023-08-25,2023-08-30,566005,566005,30 j
301377,11146,2023-07-25,2023-08-09,2023-08-06,467330,467330,Comptant
301378,14110,2023-07-26,2023-08-10,2023-08-09,1011545,1011545,Comptant
301379,8420,2023-07-26,2023-08-10,2023-08-05,1587100,1587100,Comptant
301380,22732,2023-07-26,2023-08-10,2023-08-09,417470,417470,Comptant
301381,20238,2023-07-26,2023-08-10,2023-08-10,746435,746435,Comptant
301382,10655,2023-07-25,2023-08-24,,491770,0,30 j
301383,21346,2023-07-25,2023-08-09,2023-08-06,1273090,1273090,Comptant
301384,10632,2023-07-26,2023-08-10,2023-08-11,333420,333420,Comptant
301385,23800,2023-07-28,2023-09-26,,1351625,0,60 j
301386,11167,2023-07-28,2023-08-12,2023-08-10,115400,115400,Comptant
301387,2832,2023-07-26,2023-08-25,2023-08-25,1745080,1745080,30 j
301388,12823,2023-07-26,2023-08-25,2023-08-25,1297655,1297655,30 j
301389,7246,2023-07-27,2023-08-11,2023-08-08,1400765,1400765,Comptant
301390,5991,2023-07-26,2023-08-10,2023-08-10,688890,688890,Comptant
301391,22638,2023-07-26,2023-08-25,2023-08-25,1423230,1423230,30 j
301392,21199,2023-07-29,2023-08-13,2023-08-11,1781605,1781605,Comptant
301393,22641,2023-07-28,2023-09-26,,427395,0,60 j
301394,22561,2023-07-27,2023-08-11,2023-08-13,1283275,1283275,Comptant
301395,306,2023-07-28,2023-08-27,2023-08-25,1310275,1310275,30 j
301396,18167,2023-07-27,2023-08-11,2023-08-09,1313670,1313670,Comptant
301397,9441,2023-07-27,2023-08-26,2023-08-23,593085,593085,30 j
301398,22959,2023-07-29,2023-08-13,,1706655,0,Comptant
301399,1005,2023-07-29,2023-08-13,2023-08-13,1218460,1218460,Comptant
301400,22331,2023-07-28,2023-08-12,2023-08-11,661940,661940,Comptant
301401,18484,2023-07-29,2023-08-13,2023-08-13,202255,202255,Comptant
301402,4501,2023-07-29,2023-08-13,2023-08-08,544470,544470,Comptant
301403,21271,2023-07-29,2023-08-13,2023-08-10,1111290,1111290,Comptant
301404,2789,2023-07-30,2023-08-29,2023-09-08,222030,222030,30 j
301405,22274,2023-07-31,2023-08-30,2023-09-19,1636760,1636760,30 j
301406,8586,2023-07-31,2023-08-30,2023-08-31,1085560,1085560,30 j
301407,19457,2023-07-30,2023-08-29,2023-08-24,88980,88980,30 j
301408,19325,2023-07-29,2023-08-13,2023-08-12,399205,399205,Comptant
301409,12365,2023-07-29,2023-08-13,2023-08-11,684645,684645,Comptant
301410,12778,2023-07-30,2023-08-14,2023-08-11,801780,801780,Comptant
301411,1862,2023-07-31,2023-08-15,2023-08-12,1178005,1178005,Comptant
301412,22539,2023-07-30,2023-08-29,2023-08-26,1234020,1234020,30 j
301413,2665,2023-07-30,2023-08-14,2023-08-11,889260,889260,Comptant
301414,18513,2023-08-01,2023-08-16,2023-08-14,175030,175030,Comptant
301415,21264,2023-07-31,2023-08-15,2023-08-13,636535,636535,Comptant
301416,5175,2023-07-30,2023-08-14,,1719670,0,Comptant
301417,11392,2023-07-31,2023-08-15,2023-08-10,288200,288200,Comptant
301418,7296,2023-08-01,2023-08-16,2023-08-15,115940,115940,Comptant
301419,15781,2023-08-01,2023-08-31,2023-08-29,599595,599595,30 j
301420,18264,2023-08-01,2023-08-31,2023-08-26,131805,131805,30 j
301421,18068,2023-08-02,2023-08-17,2023-08-14,631505,631505,Comptant
301422,4507,2023-08-02,2023-08-17,2023-08-16,847355,847355,Comptant
301423,9051,2023-08-02,2023-08-17,2023-08-27,1247505,1247505,Comptant
301424,6755,2023-07-31,2023-08-15,2023-08-15,692950,692950,Comptant
301425,17965,2023-08-01,2023-08-16,,1209935,0,Comptant
301426,2600,2023-08-01,2023-08-31,2023-09-02,1077880,1077880,30 j
301427,232,2023-08-03,2023-09-02,2023-09-01,799990,799990,30 j
301428,16348,2023-08-03,2023-09-02,2023-09-01,1692250,1692250,30 j
301429,19766,2023-08-02,2023-09-01,2023-08-29,1740010,1740010,30 j
301430,12913,2023-08-01,2023-08-16,2023-08-17,208830,208830,Comptant
301431,1267,2023-08-01,2023-08-16,2023-08-11,802870,802870,Comptant
301432,6429,2023-08-03,2023-08-18,2023-08-17,1619825,1619825,Comptant
301433,3973,2023-08-03,2023-10-02,2023-10-01,1282945,1282945,60 j
301434,9445,2023-08-02,2023-08-17,2023-08-22,424735,424735,Comptant
301435,6143,2023-08-02,2023-08-17,2023-08-22,1795395,1795395,Comptant
301436,22479,2023-08-02,2023-10-01,,1014745,0,60 j
301437,21707,2023-08-02,2023-08-17,,370830,0,Comptant
301438,2761,2023-08-04,2023-10-03,2023-10-08,1445075,1445075,60 j
301439,6413,2023-08-03,2023-08-18,2023-08-13,1330360,1330360,Comptant
301440,974,2023-08-05,2023-08-20,2023-08-18,1054660,1054660,Comptant
301441,13312,2023-08-05,2023-08-20,2023-08-15,1489950,1489950,Comptant
301442,23307,2023-08-05,2023-08-20,2023-10-04,576765,576765,Comptant
301443,20279,2023-08-05,2023-08-20,2023-08-17,771570,771570,Comptant
301444,3332,2023-08-05,2023-08-20,2023-08-19,1147925,1147925,Comptant
301445,13946,2023-08-03,2023-09-02,2023-08-30,1794010,1794010,30 j
301446,17735,2023-08-05,2023-08-20,2023-08-15,285710,285710,Comptant
301447,5382,2023-08-06,2023-10-05,2023-10-02,257820,257820,60 j
301448,15745,2023-08-06,2023-09-05,2023-09-04,1446560,1446560,30 j
301449,17335,2023-08-06,2023-09-05,2023-08-31,90045,90045,30 j
301450,944,2023-08-06,2023-08-21,2023-08-21,1466075,1466075,Comptant
301451,7742,2023-08-05,2023-09-04,2023-09-05,900010,900010,30 j
301452,16945,2023-08-06,2023-08-21,2023-08-19,893725,893725,Comptant
301453,23107,2023-08-07,2023-08-22,2023-08-20,789540,789540,Comptant
301454,438,2023-08-05,2023-10-04,2023-10-02,587840,587840,60 j
301455,13853,2023-08-07,2023-09-06,2023-09-06,1687425,1687425,30 j
301456,17259,2023-08-06,2023-08-21,2023-08-18,818310,818310,Comptant
301457,5919,2023-08-06,2023-09-05,2023-09-02,1166675,1166675,30 j
301458,10214,2023-08-05,2023-09-04,2023-09-03,768435,768435,30 j
301459,21754,2023-08-06,2023-09-05,2023-08-31,147245,147245,30 j
301460,7122,2023-08-07,2023-08-22,,1718605,0,Comptant
301461,13175,2023-08-06,2023-08-21,2023-08-21,1126955,1126955,Comptant
301462,9933,2023-08-06,2023-08-21,2023-08-21,1575660,1575660,Comptant
301463,11996,2023-08-06,2023-10-05,2023-09-30,1415055,1415055,60 j
301464,9356,2023-08-07,2023-09-06,2023-09-05,171650,171650,30 j
301465,15039,2023-08-08,2023-10-07,2023-10-05,548230,548230,60 j
301466,17863,2023-08-08,2023-08-23,2023-08-22,1542460,1542460,Comptant
301467,9495,2023-08-08,2023-08-23,2023-08-18,141420,141420,Comptant
301468,3750,2023-08-09,2023-09-08,2023-09-13,362405,362405,30 j
301469,14723,2023-08-08,2023-08-23,2023-08-23,286910,286910,Comptant
301470,9116,2023-08-08,2023-09-07,2023-09-02,690165,690165,30 j
301471,22428,2023-08-08,2023-08-23,,1734375,0,Comptant
301472,10928,2023-08-08,2023-08-23,2023-08-20,1168835,1168835,Comptant
301473,22515,2023-08-10,2023-08-25,,596180,0,Comptant
301474,5191,2023-08-09,2023-08-24,2023-08-22,494870,494870,Comptant
301475,3588,2023-08-09,2023-09-08,2023-09-07,1017825,1017825,30 j
301476,20011,2023-08-09,2023-08-24,2023-08-23,181400,181400,Comptant
301477,11236,2023-08-08,2023-08-23,2023-08-21,557075,557075,Comptant
301478,5938,2023-08-09,2023-09-08,2023-09-06,1388935,1388935,30 j
301479,8523,2023-08-10,2023-08-25,,621400,0,Comptant
301480,7509,2023-08-09,2023-08-24,2023-08-24,88710,88710,Comptant
301481,22658,2023-08-11,2023-08-26,2023-08-24,1613075,1613075,Comptant
301482,5992,2023-08-10,2023-08-25,2023-08-24,1134670,1134670,Comptant
301483,18665,2023-08-11,2023-10-10,2023-10-09,1365140,1365140,60 j
301484,20709,2023-08-11,2023-08-26,2023-08-26,1194470,1194470,Comptant
301485,21758,2023-08-09,2023-09-08,2023-09-06,1331890,1331890,30 j
301486,3444,2023-08-12,2023-08-27,2023-08-26,1663055,1663055,Comptant
301487,17111,2023-08-10,2023-08-25,2023-08-27,864050,864050,Comptant
301488,5355,2023-08-10,2023-09-09,2023-09-06,1761355,1761355,30 j
301489,19560,2023-08-10,2023-09-09,2023-09-09,1114880,1114880,30 j
301490,8182,2023-08-10,2023-08-25,2023-09-14,1433245,1433245,Comptant
301491,3754,2023-08-10,2023-08-25,2023-08-24,602540,602540,Comptant
301492,12757,2023-08-12,2023-09-11,2023-09-08,338945,338945,30 j
301493,4578,2023-08-13,2023-09-12,2023-09-12,1142370,1142370,30 j
301494,8926,2023-08-13,2023-08-28,2023-08-27,293455,293455,Comptant
301495,11892,2023-08-12,2023-10-11,2023-10-06,1606120,1606120,60 j
301496,5299,2023-08-11,2023-09-10,2023-09-09,1587690,1587690,30 j
301497,1124,2023-08-13,2023-08-28,2023-09-17,957850,957850,Comptant
301498,17107,2023-08-12,2023-08-27,2023-08-22,713875,713875,Comptant
301499,21613,2023-08-12,2023-10-11,,653455,0,60 j
301500,17703,2023-08-12,2023-09-11,2023-09-08,714945,714945,30 j
301501,15060,2023-08-13,2023-08-28,2023-08-26,573305,573305,Comptant
301502,3255,2023-08-13,2023-08-28,2023-08-26,821190,821190,Comptant
301503,10901,2023-08-14,2023-09-13,2023-09-08,1142660,1142660,30 j
301504,12950,2023-08-14,2023-09-13,2023-09-10,206305,206305,30 j
301505,9864,2023-08-14,2023-08-29,2023-08-28,1504825,1504825,Comptant
301506,15472,2023-08-15,2023-08-30,2023-09-04,1600525,1600525,Comptant
301507,12602,2023-08-13,2023-09-12,2023-09-12,1559065,1559065,30 j
301508,10508,2023-08-13,2023-09-12,,1788780,0,30 j
301509,12220,2023-08-14,2023-08-29,2023-08-26,1231105,1231105,Comptant
301510,13396,2023-08-15,2023-09-14,,764615,0,30 j
301511,7108,2023-08-14,2023-08-29,2023-08-27,1191140,1191140,Comptant
301512,271,2023-08-13,2023-08-28,2023-09-17,1729525,1729525,Comptant
301513,9858,2023-08-16,2023-08-31,2023-08-30,314450,314450,Comptant
301514,15782,2023-08-14,2023-09-13,2023-09-13,1205225,1205225,30 j
301515,11752,2023-08-16,2023-08-31,2023-08-29,1511695,1511695,Comptant
301516,2601,2023-08-16,2023-08-31,2023-08-30,1700430,1700430,Comptant
301517,2254,2023-08-16,2023-08-31,2023-09-20,831495,831495,Comptant
301518,1016,2023-08-15,2023-08-30,2023-08-28,92730,92730,Comptant
301519,8184,2023-08-14,2023-09-13,2023-09-23,1665990,1665990,30 j
301520,7169,2023-08-15,2023-09-14,2023-09-12,674945,674945,30 j
301521,15008,2023-08-17,2023-09-01,2023-08-30,1454260,1454260,Comptant
301522,20983,2023-08-17,2023-09-16,2023-09-13,1038090,1038090,30 j
301523,21312,2023-08-16,2023-09-15,2023-09-14,829345,829345,30 j
301524,17594,2023-08-15,2023-08-30,2023-08-30,1546480,1546480,Comptant
301525,1124,2023-08-16,2023-08-31,2023-08-28,615045,615045,Comptant
301526,3094,2023-08-17,2023-09-16,,923530,0,30 j
301527,15126,2023-08-16,2023-08-31,2023-08-30,1581090,1581090,Comptant
301528,18686,2023-08-17,2023-09-16,2023-09-11,159215,159215,30 j
301529,20324,2023-08-18,2023-09-17,2023-09-17,61770,61770,30 j
301530,22916,2023-08-16,2023-09-15,2023-09-13,1496480,1496480,30 j
301531,22832,2023-08-18,2023-09-17,2023-09-17,903450,903450,30 j
301532,17544,2023-08-17,2023-10-16,2023-10-11,1285995,1285995,60 j
301533,16370,2023-08-18,2023-09-17,2023-09-16,1220010,1220010,30 j
301534,6498,2023-08-18,2023-09-17,2023-09-22,658560,658560,30 j
301535,22176,2023-08-17,2023-09-01,,917170,0,Comptant
301536,10416,2023-08-18,2023-09-02,2023-08-31,1289465,1289465,Comptant
301537,3680,2023-08-18,2023-09-02,2023-08-28,1285485,1285485,Comptant
301538,10018,2023-08-18,2023-09-17,2023-09-16,1331835,1331835,30 j
301539,7942,2023-08-19,2023-09-03,2023-09-01,422380,422380,Comptant
301540,22153,2023-08-18,2023-09-02,2023-09-02,734175,734175,Comptant
301541,23832,2023-08-18,2023-09-17,2023-09-14,1620330,1620330,30 j
301542,6931,2023-08-18,2023-10-17,2023-10-17,1494130,1494130,60 j
301543,879,2023-08-19,2023-09-18,2023-09-15,822680,822680,30 j
301544,21630,2023-08-18,2023-09-17,2023-09-16,1648685,1648685,30 j
301545,15904,2023-08-20,2023-10-19,2023-10-16,1520020,1520020,60 j
301546,23035,2023-08-21,2023-09-05,,907400,0,Comptant
301547,5600,2023-08-21,2023-09-05,2023-08-31,1706575,1706575,Comptant
301548,20138,2023-08-20,2023-09-04,2023-09-03,1604145,1604145,Comptant
301549,7278,2023-08-19,2023-09-03,2023-09-01,342400,342400,Comptant
301550,22580,2023-08-21,2023-10-20,2023-10-18,1784950,1784950,60 j
301551,1009,2023-08-19,2023-09-03,2023-09-02,323695,323695,Comptant
301552,7191,2023-08-20,2023-09-19,2023-09-18,437380,437380,30 j
301553,8525,2023-08-21,2023-09-05,2023-08-31,1232385,1232385,Comptant
301554,4430,2023-08-22,2023-09-21,2023-09-23,688270,688270,30 j
301555,15720,2023-08-21,2023-09-05,2023-09-02,1649210,1649210,Comptant
301556,100,2023-08-21,2023-09-05,,473145,0,Comptant
301557,3969,2023-08-21,2023-09-05,2023-09-04,382775,382775,Comptant
301558,15072,2023-08-22,2023-09-06,2023-09-01,174205,174205,Comptant
301559,818,2023-08-20,2023-09-04,2023-08-30,1684955,1684955,Comptant
301560,540,2023-08-23,2023-09-07,2023-09-06,1685210,1685210,Comptant
301561,20081,2023-08-21,2023-09-20,2023-09-15,1438695,1438695,30 j
301562,18957,2023-08-21,2023-09-05,2023-09-04,791465,791465,Comptant
301563,15447,2023-08-23,2023-09-22,2023-09-22,754095,754095,30 j
301564,11918,2023-08-23,2023-09-07,2023-09-05,252580,252580,Comptant
301565,20549,2023-08-21,2023-09-05,2023-08-31,1189190,1189190,Comptant
301566,219,2023-08-22,2023-10-21,2023-10-18,1696870,1696870,60 j
301567,15715,2023-08-22,2023-09-21,2023-09-21,1228405,1228405,30 j
301568,4906,2023-08-23,2023-09-07,2023-09-05,453170,453170,Comptant
301569,5657,2023-08-22,2023-09-21,,732735,0,30 j
301570,2963,2023-08-24,2023-09-23,2023-09-18,208400,208400,30 j
301571,4433,2023-08-24,2023-09-08,2023-09-08,913125,913125,Comptant
301572,8,2023-08-24,2023-09-08,2023-09-06,1751515,1751515,Comptant
301573,16396,2023-08-23,2023-09-22,2023-09-21,1596905,1596905,30 j
301574,8766,2023-08-25,2023-09-24,2023-09-21,298455,298455,30 j
301575,4303,2023-08-25,2023-09-24,2023-09-21,1558375,1558375,30 j
301576,3051,2023-08-24,2023-09-08,2023-09-03,599310,599310,Comptant
301577,13793,2023-08-25,2023-09-24,2023-09-29,215415,215415,30 j
301578,8602,2023-08-25,2023-09-09,2023-09-07,986745,986745,Comptant
301579,8500,2023-08-24,2023-09-08,2023-09-05,1440725,1440725,Comptant
301580,17717,2023-08-25,2023-10-24,2023-10-22,339795,339795,60 j
301581,21825,2023-08-24,2023-09-08,2023-09-10,137610,137610,Comptant
301582,2377,2023-08-26,2023-09-25,2023-09-22,481090,481090,30 j
301583,2689,2023-08-26,2023-09-10,2023-09-10,1244565,1244565,Comptant
301584,3922,2023-08-26,2023-09-10,2023-09-05,1183345,1183345,Comptant
301585,15785,2023-08-24,2023-09-08,2023-09-03,1534900,1534900,Comptant
301586,9726,2023-08-26,2023-09-10,2023-09-09,87875,87875,Comptant
301587,10855,2023-08-25,2023-09-09,2023-09-06,552225,552225,Comptant
301588,9928,2023-08-27,2023-09-26,2023-09-24,384505,384505,30 j
301589,2506,2023-08-26,2023-09-10,2023-09-10,1565875,1565875,Comptant
301590,18523,2023-08-27,2023-09-11,2023-09-11,1003520,1003520,Comptant
301591,18933,2023-08-27,2023-09-26,,1522625,0,30 j
301592,11903,2023-08-25,2023-09-24,2023-09-21,1036450,1036450,30 j
301593,2852,2023-08-27,2023-09-11,2023-09-06,270605,270605,Comptant
301594,12379,2023-08-27,2023-09-11,,1473410,0,Comptant
301595,12793,2023-08-28,2023-09-27,2023-09-22,977000,977000,30 j
301596,16281,2023-08-28,2023-09-27,2023-09-22,1003230,1003230,30 j
301597,5279,2023-08-26,2023-09-10,,543555,0,Comptant
301598,750,2023-08-28,2023-09-12,2023-09-07,1145545,1145545,Comptant
301599,16870,2023-08-28,2023-10-27,2023-10-24,793320,793320,60 j
301600,5276,2023-08-28,2023-09-27,2023-09-22,1077065,1077065,30 j
301601,14907,2023-08-29,2023-09-13,2023-09-11,226485,226485,Comptant
301602,22346,2023-08-29,2023-09-13,2023-09-08,400260,400260,Comptant
301603,12264,2023-08-27,2023-09-11,2023-09-08,1638970,1638970,Comptant
301604,22237,2023-08-28,2023-09-12,2023-09-10,1164560,1164560,Comptant
301605,14029,2023-08-28,2023-09-12,,1612825,0,Comptant
301606,7378,2023-08-28,2023-09-27,2023-09-26,60755,60755,30 j
301607,20639,2023-08-28,2023-09-12,2023-09-09,76780,76780,Comptant
301608,9563,2023-08-30,2023-09-14,2023-09-12,202515,202515,Comptant
301609,1790,2023-08-30,2023-09-14,,545380,0,Comptant
301610,23846,2023-08-30,2023-09-29,2023-09-27,1097230,1097230,30 j
301611,18893,2023-08-28,2023-09-12,,827785,0,Comptant
301612,13574,2023-08-29,2023-09-13,2023-10-28,887550,887550,Comptant
301613,22650,2023-08-28,2023-09-12,2023-09-09,552125,552125,Comptant
301614,19286,2023-08-29,2023-09-28,2023-09-23,111035,111035,30 j
301615,11347,2023-08-29,2023-09-13,2023-09-12,1633020,1633020,Comptant
301616,10609,2023-08-30,2023-10-29,2023-10-27,1308185,1308185,60 j
301617,3664,2023-08-31,2023-10-30,2023-10-27,785510,785510,60 j
301618,19467,2023-08-31,2023-09-15,2023-09-15,622790,622790,Comptant
301619,20625,2023-08-30,2023-09-14,2023-09-14,1722220,1722220,Comptant
301620,4966,2023-08-30,2023-09-14,2023-09-14,800950,800950,Comptant
301621,21820,2023-08-30,2023-09-14,2023-09-13,1698230,1698230,Comptant
301622,13236,2023-09-01,2023-10-01,2023-09-26,1424475,1424475,30 j
301623,739,2023-08-31,2023-09-15,2023-09-14,1759275,1759275,Comptant
301624,2815,2023-08-31,2023-09-15,2023-09-13,940035,940035,Comptant
301625,13209,2023-08-31,2023-09-15,2023-09-12,190540,190540,Comptant
301626,21212,2023-08-31,2023-09-30,2023-09-27,91915,91915,30 j
301627,7995,2023-09-02,2023-09-17,,493515,0,Comptant
301628,22838,2023-09-02,2023-09-17,,1587845,0,Comptant
301629,16132,2023-09-02,2023-09-17,,1225980,0,Comptant
301630,15832,2023-08-31,2023-10-30,2023-10-29,340165,340165,60 j
301631,5650,2023-09-01,2023-10-01,2023-11-15,1715520,1715520,30 j
301632,12852,2023-09-01,2023-09-16,2023-09-11,1312855,1312855,Comptant
301633,1731,2023-09-01,2023-10-01,2023-09-29,159900,159900,30 j
301634,16506,2023-09-02,2023-10-02,2023-09-29,414530,414530,30 j
301635,22049,2023-09-03,2023-09-18,2023-09-15,1149940,1149940,Comptant
301636,936,2023-09-01,2023-10-31,2023-10-30,1129975,1129975,60 j
301637,62,2023-09-01,2023-10-01,2023-10-02,315670,315670,30 j
301638,22425,2023-09-01,2023-09-16,,1003390,0,Comptant
301639,22995,2023-09-02,2023-09-17,2023-09-17,707235,707235,Comptant
301640,12817,2023-09-01,2023-09-16,2023-09-14,435290,435290,Comptant
301641,7270,2023-09-02,2023-09-17,2023-09-16,699595,699595,Comptant
301642,16886,2023-09-03,2023-10-03,2023-09-30,1711435,1711435,30 j
301643,17553,2023-09-03,2023-09-18,2023-09-13,157020,157020,Comptant
301644,3044,2023-09-04,2023-09-19,2023-09-19,1134205,1134205,Comptant
301645,23071,2023-09-04,2023-10-04,2023-10-04,428175,428175,30 j
301646,15216,2023-09-04,2023-09-19,2023-09-18,1086905,1086905,Comptant
301647,15638,2023-09-05,2023-10-05,2023-10-02,745005,745005,30 j
301648,7845,2023-09-04,2023-09-19,2023-10-09,1573485,1573485,Comptant
301649,17396,2023-09-03,2023-09-18,,835305,0,Comptant
301650,4351,2023-09-04,2023-10-04,2023-10-01,323980,323980,30 j
301651,1442,2023-09-05,2023-11-04,2023-11-02,1176300,1176300,60 j
301652,13253,2023-09-03,2023-11-02,2023-10-31,403730,403730,60 j
301653,21575,2023-09-03,2023-09-18,2023-09-17,161165,161165,Comptant
301654,789,2023-09-06,2023-09-21,2023-09-21,86280,86280,Comptant
301655,4073,2023-09-04,2023-09-19,2023-09-29,227075,227075,Comptant
301656,5379,2023-09-04,2023-11-03,2023-11-02,760915,760915,60 j
301657,16601,2023-09-04,2023-09-19,,419780,0,Comptant
301658,22497,2023-09-04,2023-09-19,,909575,0,Comptant
301659,15180,2023-09-05,2023-11-04,2023-11-05,739995,739995,60 j
301660,501,2023-09-06,2023-10-06,2023-10-03,748545,748545,30 j
301661,10103,2023-09-06,2023-09-21,,957525,0,Comptant
301662,19782,2023-09-06,2023-09-21,2023-09-20,911685,911685,Comptant
301663,17637,2023-09-05,2023-09-20,2023-09-15,1458150,1458150,Comptant
301664,14714,2023-09-06,2023-09-21,2023-09-16,93770,93770,Comptant
301665,2223,2023-09-07,2023-10-07,2023-10-07,618930,618930,30 j
301666,14390,2023-09-07,2023-09-22,2023-09-21,253510,253510,Comptant
301667,11043,2023-09-06,2023-10-06,2023-10-03,1581870,1581870,30 j
301668,8463,2023-09-06,2023-09-21,2023-09-19,824505,824505,Comptant
301669,2837,2023-09-07,2023-09-22,2023-09-22,766440,766440,Comptant
301670,21664,2023-09-08,2023-09-23,,1268990,0,Comptant
301671,2390,2023-09-06,2023-09-21,2023-09-16,675010,675010,Comptant
301672,325,2023-09-06,2023-10-06,2023-10-03,238020,238020,30 j
301673,6748,2023-09-06,2023-10-06,2023-10-06,435480,435480,30 j
301674,12422,2023-09-08,2023-09-23,2023-09-18,1128665,1128665,Comptant
301675,11535,2023-09-09,2023-09-24,2023-09-24,437800,437800,Comptant
301676,22029,2023-09-08,2023-09-23,2023-09-21,1325355,1325355,Comptant
301677,1112,2023-09-07,2023-09-22,2023-09-22,540355,540355,Comptant
301678,23349,2023-09-09,2023-10-09,,1629945,0,30 j
301679,18790,2023-09-07,2023-09-22,2023-09-20,1677960,1677960,Comptant
301680,8353,2023-09-09,2023-09-24,2023-09-23,1553410,1553410,Comptant
301681,6360,2023-09-09,2023-09-24,2023-09-22,676585,676585,Comptant
301682,21870,2023-09-08,2023-10-08,2023-10-07,503470,503470,30 j
301683,13533,2023-09-08,2023-09-23,,947635,0,Comptant
301684,4918,2023-09-09,2023-11-08,2023-11-08,1417190,1417190,60 j
301685,7055,2023-09-08,2023-10-08,2023-10-05,374040,374040,30 j
301686,3042,2023-09-09,2023-09-24,2023-09-22,508530,508530,Comptant
301687,2789,2023-09-08,2023-10-08,2023-10-07,1521060,1521060,30 j
301688,3898,2023-09-11,2023-10-11,,757820,0,30 j
301689,4521,2023-09-10,2023-09-25,2023-09-20,1692185,1692185,Comptant
301690,11631,2023-09-10,2023-11-09,2023-11-04,230295,230295,60 j
301691,23686,2023-09-11,2023-10-11,2023-10-10,1342840,1342840,30 j
301692,5126,2023-09-10,2023-10-10,2023-10-10,1749445,1749445,30 j
301693,2828,2023-09-10,2023-10-10,2023-10-08,1217710,1217710,30 j
301694,5928,2023-09-11,2023-10-11,2023-10-06,1633060,1633060,30 j
301695,8457,2023-09-10,2023-10-10,2023-10-07,1573420,1573420,30 j
301696,6319,2023-09-12,2023-11-11,2023-12-01,1537465,1537465,60 j
301697,22459,2023-09-10,2023-10-10,2023-10-09,920145,920145,30 j
301698,18523,2023-09-10,2023-09-25,2023-09-30,1496705,1496705,Comptant
301699,396,2023-09-10,2023-10-10,2023-10-10,533490,533490,30 j
301700,284,2023-09-10,2023-11-09,2023-11-07,420270,420270,60 j
301701,4538,2023-09-12,2023-10-12,2023-10-14,1661255,1661255,30 j
301702,22747,2023-09-13,2023-11-12,2023-11-11,1158645,1158645,60 j
301703,20705,2023-09-11,2023-11-10,2023-11-07,813160,813160,60 j
301704,22809,2023-09-11,2023-10-11,2023-10-10,1771015,1771015,30 j
301705,5989,2023-09-13,2023-09-28,2023-09-28,953585,953585,Comptant
301706,22041,2023-09-11,2023-09-26,2023-09-25,1102005,1102005,Comptant
301707,18486,2023-09-12,2023-09-27,2023-09-26,1162805,1162805,Comptant
301708,23722,2023-09-13,2023-09-28,2023-09-26,215925,215925,Comptant
301709,12496,2023-09-13,2023-11-12,2023-11-14,638335,638335,60 j
301710,23774,2023-09-12,2023-11-11,2023-12-01,480750,480750,60 j
301711,1096,2023-09-12,2023-09-27,2023-09-22,268375,268375,Comptant
301712,7865,2023-09-13,2023-11-12,2023-11-14,832355,832355,60 j
301713,9438,2023-09-12,2023-10-12,2023-10-09,1008615,1008615,30 j
301714,23032,2023-09-13,2023-09-28,2023-09-28,1649610,1649610,Comptant
301715,10996,2023-09-13,2023-11-12,2023-12-02,207205,207205,60 j
301716,16437,2023-09-14,2023-09-29,2023-09-24,1134900,1134900,Comptant
301717,17336,2023-09-13,2023-11-12,2023-11-07,443135,443135,60 j
301718,12063,2023-09-14,2023-09-29,2023-09-24,656870,656870,Comptant
301719,11004,2023-09-15,2023-09-30,2023-09-28,1666520,1666520,Comptant
301720,9324,2023-09-14,2023-09-29,2023-10-19,871340,871340,Comptant
301721,8456,2023-09-15,2023-09-30,2023-09-28,223175,223175,Comptant
301722,207,2023-09-14,2023-10-14,2023-10-09,198545,198545,30 j
301723,6015,2023-09-14,2023-09-29,2023-09-26,725195,725195,Comptant
301724,8473,2023-09-15,2023-09-30,2023-09-28,155085,155085,Comptant
301725,5027,2023-09-15,2023-10-15,2023-10-12,149400,149400,30 j
301726,6864,2023-09-14,2023-09-29,2023-09-29,1555105,1555105,Comptant
301727,4356,2023-09-15,2023-09-30,2023-09-27,664245,664245,Comptant
301728,21815,2023-09-15,2023-10-15,2023-10-14,1168330,1168330,30 j
301729,20561,2023-09-17,2023-10-17,2023-10-12,660090,660090,30 j
301730,23367,2023-09-15,2023-09-30,2023-09-28,1559275,1559275,Comptant
301731,9049,2023-09-17,2023-10-02,2023-09-29,294095,294095,Comptant
301732,2695,2023-09-15,2023-11-14,2023-11-09,1452630,1452630,60 j
301733,10103,2023-09-17,2023-10-02,,449785,0,Comptant
301734,19294,2023-09-16,2023-10-01,2023-09-28,343085,343085,Comptant
301735,18699,2023-09-16,2023-11-15,,936870,0,60 j
301736,20552,2023-09-16,2023-10-01,2023-10-01,1055495,1055495,Comptant
301737,1303,2023-09-17,2023-10-17,2023-10-16,736995,736995,30 j
301738,17694,2023-09-18,2023-10-03,2023-09-28,479825,479825,Comptant
301739,9211,2023-09-16,2023-10-16,2023-10-11,1604245,1604245,30 j
301740,21464,2023-09-16,2023-10-16,2023-10-16,928845,928845,30 j
301741,4892,2023-09-19,2023-10-19,2023-10-19,1791335,1791335,30 j
301742,17745,2023-09-17,2023-10-02,2023-10-01,395430,395430,Comptant
301743,10167,2023-09-17,2023-10-02,2023-10-02,1689710,1689710,Comptant
301744,21117,2023-09-19,2023-10-19,2023-10-14,1564375,1564375,30 j
301745,22812,2023-09-17,2023-10-17,,859285,0,30 j
301746,22069,2023-09-18,2023-10-03,2023-10-08,1400115,1400115,Comptant
301747,4894,2023-09-18,2023-10-03,2023-09-30,1613570,1613570,Comptant
301748,19769,2023-09-20,2023-10-05,2023-09-30,597345,597345,Comptant
301749,17145,2023-09-19,2023-10-04,2023-10-06,1105250,1105250,Comptant
301750,12949,2023-09-18,2023-10-18,2023-10-15,1311315,1311315,30 j
301751,6800,2023-09-18,2023-10-03,2023-10-01,1408935,1408935,Comptant
301752,6967,2023-09-19,2023-10-04,2023-10-04,211175,211175,Comptant
301753,19347,2023-09-19,2023-11-18,,1587935,0,60 j
301754,2618,2023-09-18,2023-10-03,2023-10-03,742455,742455,Comptant
301755,5460,2023-09-21,2023-10-06,,1734200,0,Comptant
301756,23670,2023-09-21,2023-10-06,,1127205,0,Comptant
301757,21984,2023-09-21,2023-11-20,2023-11-19,895580,895580,60 j
301758,3653,2023-09-21,2023-10-06,2023-11-20,645045,645045,Comptant
301759,10673,2023-09-20,2023-11-19,2023-11-19,1202725,1202725,60 j
301760,12716,2023-09-19,2023-10-19,2023-10-17,1612680,1612680,30 j
301761,4033,2023-09-21,2023-11-20,2023-11-15,1252520,1252520,60 j
301762,11252,2023-09-22,2023-10-22,2023-10-24,216375,216375,30 j
301763,16629,2023-09-21,2023-10-06,2023-10-05,1596975,1596975,Comptant
301764,11195,2023-09-22,2023-10-07,,1278735,0,Comptant
301765,4409,2023-09-20,2023-10-20,2023-10-17,1108280,1108280,30 j
301766,6982,2023-09-22,2023-10-07,2023-10-07,196080,196080,Comptant
301767,21427,2023-09-22,2023-10-07,2023-10-07,557830,557830,Comptant
301768,8811,2023-09-23,2023-10-08,2023-10-05,113495,113495,Comptant
301769,15890,2023-09-22,2023-10-07,2023-10-08,620360,620360,Comptant
301770,1362,2023-09-21,2023-10-06,2023-10-05,378015,378015,Comptant
301771,15372,2023-09-21,2023-10-06,2023-10-04,79675,79675,Comptant
301772,18263,2023-09-23,2023-10-23,2023-10-23,543525,543525,30 j
301773,22128,2023-09-22,2023-10-07,2023-10-05,570610,570610,Comptant
301774,22379,2023-09-21,2023-10-06,2023-10-01,92610,92610,Comptant
301775,11034,2023-09-23,2023-10-08,2023-10-07,1640215,1640215,Comptant
301776,22904,2023-09-24,2023-11-23,2023-11-18,852965,852965,60 j
301777,3109,2023-09-24,2023-10-24,,690310,0,30 j
301778,21334,2023-09-22,2023-10-07,,1541155,0,Comptant
301779,4573,2023-09-24,2023-10-09,2023-11-23,92120,92120,Comptant
301780,22954,2023-09-23,2023-10-08,,109870,0,Comptant
301781,22535,2023-09-24,2023-10-09,2023-10-04,1351315,1351315,Comptant
301782,13267,2023-09-23,2023-10-23,2023-10-24,828620,828620,30 j
301783,15890,2023-09-24,2023-10-09,2023-10-14,403730,403730,Comptant
301784,225,2023-09-24,2023-10-09,2023-10-04,758860,758860,Comptant
301785,7898,2023-09-24,2023-11-23,2023-11-22,578035,578035,60 j
301786,2213,2023-09-25,2023-10-10,2023-10-05,1544790,1544790,Comptant
301787,9547,2023-09-25,2023-10-25,,1687525,0,30 j
301788,6971,2023-09-26,2023-10-26,2023-10-23,401385,401385,30 j
301789,3933,2023-09-26,2023-10-11,2023-10-06,170250,170250,Comptant
301790,21130,2023-09-26,2023-11-25,2023-11-23,837230,837230,60 j
301791,23650,2023-09-24,2023-10-09,2023-10-07,1214555,1214555,Comptant
301792,3138,2023-09-24,2023-10-24,2023-10-19,1206470,1206470,30 j
301793,11256,2023-09-26,2023-10-11,2023-10-11,1147670,1147670,Comptant
301794,4604,2023-09-24,2023-11-23,2023-11-22,201695,201695,60 j
301795,381,2023-09-26,2023-11-25,2023-11-20,96295,96295,60 j
301796,9557,2023-09-25,2023-11-24,2023-11-21,911435,911435,60 j
301797,13557,2023-09-25,2023-10-10,2023-10-08,132485,132485,Comptant
301798,9022,2023-09-25,2023-10-10,2023-10-11,1768955,1768955,Comptant
301799,5377,2023-09-26,2023-10-11,2023-10-11,675265,675265,Comptant
301800,19538,2023-09-26,2023-10-26,2023-10-21,308870,308870,30 j
301801,15212,2023-09-27,2023-10-12,2023-10-07,412320,412320,Comptant
301802,4937,2023-09-26,2023-10-11,2023-10-09,589285,589285,Comptant
301803,15818,2023-09-26,2023-10-26,2023-10-26,89990,89990,30 j
301804,7544,2023-09-27,2023-10-12,2023-10-11,1407600,1407600,Comptant
301805,8958,2023-09-28,2023-10-13,2023-10-14,753440,753440,Comptant
301806,17852,2023-09-28,2023-10-13,,704915,0,Comptant
301807,6785,2023-09-28,2023-10-28,2023-10-27,128910,128910,30 j
301808,21092,2023-09-26,2023-10-11,2023-10-09,862780,862780,Comptant
301809,16345,2023-09-27,2023-10-27,2023-10-25,1562820,1562820,30 j
301810,19247,2023-09-27,2023-10-12,,1200995,0,Comptant
301811,6684,2023-09-27,2023-10-12,2023-10-12,1003655,1003655,Comptant
301812,15972,2023-09-28,2023-10-13,2023-10-10,743580,743580,Comptant
301813,21891,2023-09-27,2023-10-12,2023-10-12,1482475,1482475,Comptant
301814,16220,2023-09-27,2023-10-12,2023-10-09,1239035,1239035,Comptant
301815,6974,2023-09-30,2023-10-30,2023-10-25,519855,519855,30 j
301816,3088,2023-09-29,2023-10-29,2023-10-26,1655985,1655985,30 j
301817,18805,2023-09-28,2023-10-13,2023-10-13,1662075,1662075,Comptant
301818,17847,2023-09-28,2023-10-13,2023-10-18,1100165,1100165,Comptant
301819,16052,2023-09-30,2023-10-30,2023-10-29,1434065,1434065,30 j
301820,16077,2023-09-28,2023-10-13,2023-10-12,1393395,1393395,Comptant
301821,13527,2023-09-29,2023-10-14,2023-10-14,1638030,1638030,Comptant
301822,22962,2023-09-29,2023-11-28,2023-11-26,1082105,1082105,60 j
301823,11455,2023-09-30,2023-11-29,2023-11-28,818755,818755,60 j
301824,1059,2023-10-01,2023-10-16,2023-10-11,827065,827065,Comptant
301825,17293,2023-10-01,2023-10-16,2023-10-21,1193495,1193495,Comptant
301826,20550,2023-09-30,2023-10-15,,1786750,0,Comptant
301827,17099,2023-09-29,2023-10-14,2023-10-12,138115,138115,Comptant
301828,21388,2023-10-01,2023-10-31,,631325,0,30 j
301829,12448,2023-10-02,2023-11-01,2023-11-11,1360420,1360420,30 j
301830,13875,2023-10-01,2023-10-16,2023-10-26,341260,341260,Comptant
301831,1238,2023-10-02,2023-11-01,2023-11-01,350885,350885,30 j
301832,10460,2023-09-30,2023-10-15,2023-10-12,488125,488125,Comptant
301833,11677,2023-09-30,2023-10-15,2023-10-14,1488070,1488070,Comptant
301834,12472,2023-10-01,2023-10-16,2023-10-11,199690,199690,Comptant
301835,1781,2023-10-01,2023-10-16,2023-10-15,732270,732270,Comptant
301836,11336,2023-10-02,2023-10-17,2023-10-27,164430,164430,Comptant
301837,18716,2023-10-03,2023-10-18,2023-10-15,1288335,1288335,Comptant
301838,17398,2023-10-03,2023-10-18,,1526730,0,Comptant
301839,5282,2023-10-01,2023-10-31,2023-10-28,874905,874905,30 j
301840,14509,2023-10-03,2023-11-02,2023-11-02,151840,151840,30 j
301841,6688,2023-10-02,2023-10-17,2023-10-27,520065,520065,Comptant
301842,8122,2023-10-03,2023-10-18,2023-10-17,818735,818735,Comptant
301843,19295,2023-10-03,2023-11-02,2023-11-01,1599530,1599530,30 j
301844,1322,2023-10-04,2023-10-19,2023-10-16,570960,570960,Comptant
301845,16849,2023-10-04,2023-10-19,2023-10-18,63810,63810,Comptant
301846,666,2023-10-03,2023-11-02,,957475,0,30 j
301847,1356,2023-10-02,2023-10-17,2023-10-12,1161285,1161285,Comptant
301848,3862,2023-10-03,2023-12-02,2023-11-29,1052965,1052965,60 j
301849,22087,2023-10-05,2023-10-20,2023-10-19,1635115,1635115,Comptant
301850,11905,2023-10-03,2023-12-02,2023-11-29,132025,132025,60 j
301851,21093,2023-10-05,2023-10-20,2023-11-09,771510,771510,Comptant
301852,6910,2023-10-04,2023-10-19,2023-10-19,248440,248440,Comptant
301853,5564,2023-10-05,2023-10-20,2023-10-20,79950,79950,Comptant
301854,13051,2023-10-03,2023-11-02,2023-10-28,771425,771425,30 j
301855,8583,2023-10-04,2023-11-03,2023-11-03,559085,559085,30 j
301856,19757,2023-10-05,2023-12-04,2023-12-04,1101000,1101000,60 j
301857,8527,2023-10-06,2023-11-05,2023-11-05,1476160,1476160,30 j
301858,9755,2023-10-06,2023-11-05,2023-10-31,1237025,1237025,30 j
301859,4342,2023-10-04,2023-10-19,2023-10-18,618785,618785,Comptant
301860,2340,2023-10-05,2023-10-20,2023-10-17,1231315,1231315,Comptant
301861,8087,2023-10-06,2023-10-21,,1637500,0,Comptant
301862,14210,2023-10-07,2023-12-06,,1782910,0,60 j
301863,14608,2023-10-05,2023-11-04,2023-10-30,495740,495740,30 j
301864,14528,2023-10-05,2023-10-20,2023-10-18,818490,818490,Comptant
301865,16202,2023-10-06,2023-10-21,2023-10-31,1793255,1793255,Comptant
301866,15555,2023-10-06,2023-10-21,,814960,0,Comptant
301867,11583,2023-10-06,2023-11-05,2023-11-25,1234765,1234765,30 j
301868,9081,2023-10-05,2023-10-20,2023-10-17,797545,797545,Comptant
301869,19558,2023-10-08,2023-12-07,2024-01-21,185180,185180,60 j
301870,17779,2023-10-07,2023-10-22,2023-11-01,128040,128040,Comptant
301871,12380,2023-10-07,2023-12-06,2023-12-03,1345380,1345380,60 j
301872,6489,2023-10-06,2023-10-21,2023-10-20,895045,895045,Comptant
301873,2233,2023-10-07,2023-10-22,2023-10-17,829005,829005,Comptant
301874,21784,2023-10-08,2023-10-23,2023-10-18,1247385,1247385,Comptant
301875,42,2023-10-07,2023-12-06,,493505,0,60 j
301876,594,2023-10-07,2023-12-06,2023-12-01,1155955,1155955,60 j
301877,4924,2023-10-09,2023-10-24,2023-10-22,1511500,1511500,Comptant
301878,3934,2023-10-09,2023-10-24,2023-10-25,331180,331180,Comptant
301879,8045,2023-10-08,2023-10-23,,657760,0,Comptant
301880,16410,2023-10-08,2023-10-23,2023-10-20,265790,265790,Comptant
301881,16909,2023-10-07,2023-11-06,2023-11-04,566835,566835,30 j
301882,6858,2023-10-07,2023-10-22,2023-10-19,1696925,1696925,Comptant
301883,16765,2023-10-08,2023-11-07,2023-11-05,696735,696735,30 j
301884,11714,2023-10-09,2023-10-24,2023-10-23,1338855,1338855,Comptant
301885,10843,2023-10-10,2023-11-09,2023-11-06,1679505,1679505,30 j
301886,15137,2023-10-08,2023-11-07,2023-11-02,236280,236280,30 j
301887,10448,2023-10-09,2023-12-08,2023-12-05,193385,193385,60 j
301888,10585,2023-10-08,2023-10-23,2023-10-23,1073315,1073315,Comptant
301889,18198,2023-10-10,2023-10-25,2023-10-24,1233630,1233630,Comptant
301890,1740,2023-10-09,2023-10-24,,1655905,0,Comptant
301891,8920,2023-10-09,2023-11-08,2023-11-06,1383700,1383700,30 j
301892,22699,2023-10-10,2023-11-09,2023-11-29,1000075,1000075,30 j
301893,21433,2023-10-11,2023-10-26,2023-10-21,1575515,1575515,Comptant
301894,18915,2023-10-10,2023-10-25,2023-10-22,1399870,1399870,Comptant
301895,10851,2023-10-11,2023-10-26,2023-10-23,660775,660775,Comptant
301896,13106,2023-10-12,2023-11-11,2023-11-10,1620335,1620335,30 j
301897,11908,2023-10-12,2023-11-11,2023-12-26,473570,473570,30 j
301898,2033,2023-10-10,2023-10-25,2023-10-22,634540,634540,Comptant
301899,8601,2023-10-11,2023-10-26,2023-10-26,908180,908180,Comptant
301900,13704,2023-10-11,2023-10-26,2023-10-23,1659190,1659190,Comptant
301901,3990,2023-10-12,2023-10-27,2023-10-22,633575,633575,Comptant
301902,2284,2023-10-12,2023-10-27,2023-10-27,582935,582935,Comptant
301903,11181,2023-10-11,2023-10-26,2023-10-26,1745625,1745625,Comptant
301904,10128,2023-10-11,2023-10-26,2023-10-23,1346445,1346445,Comptant
301905,23655,2023-10-12,2023-10-27,2023-10-22,1255980,1255980,Comptant
301906,11047,2023-10-13,2023-10-28,,1311815,0,Comptant
301907,14285,2023-10-11,2023-10-26,2023-11-15,420830,420830,Comptant
301908,3848,2023-10-13,2023-10-28,2023-10-25,1310640,1310640,Comptant
301909,887,2023-10-14,2023-10-29,2023-10-24,1100030,1100030,Comptant
301910,2389,2023-10-13,2023-10-28,,805060,0,Comptant
301911,3212,2023-10-14,2023-10-29,,571710,0,Comptant
301912,9546,2023-10-12,2023-10-27,2023-10-24,246530,246530,Comptant
301913,746,2023-10-13,2023-10-28,2023-10-28,540665,540665,Comptant
301914,5372,2023-10-14,2023-10-29,2023-10-26,835085,835085,Comptant
301915,1578,2023-10-14,2023-11-13,2023-11-13,833980,833980,30 j
301916,7677,2023-10-13,2023-10-28,2023-10-26,1593520,1593520,Comptant
301917,8063,2023-10-14,2023-12-13,,271095,0,60 j
301918,16760,2023-10-15,2023-10-30,2023-10-31,1575455,1575455,Comptant
301919,15080,2023-10-13,2023-11-12,2023-11-07,802170,802170,30 j
301920,18026,2023-10-15,2023-12-14,2023-12-11,918275,918275,60 j
301921,14064,2023-10-15,2023-10-30,2023-10-29,1654950,1654950,Comptant
301922,11792,2023-10-13,2023-12-12,2023-12-11,1588170,1588170,60 j
301923,15811,2023-10-16,2023-11-15,,865620,0,30 j
301924,1676,2023-10-15,2023-10-30,2023-10-25,995605,995605,Comptant
301925,13069,2023-10-15,2023-12-14,,415380,0,60 j
301926,21182,2023-10-15,2023-10-30,,1543835,0,Comptant
301927,8475,2023-10-16,2023-10-31,2023-10-30,1571030,1571030,Comptant
301928,14117,2023-10-14,2023-10-29,2023-10-29,452035,452035,Comptant
301929,18321,2023-10-14,2023-10-29,2023-10-27,946490,946490,Comptant
301930,18215,2023-10-17,2023-11-16,,1702315,0,30 j
301931,3534,2023-10-16,2023-10-31,2023-10-28,196905,196905,Comptant
301932,1590,2023-10-15,2023-11-14,2023-11-14,1241270,1241270,30 j
301933,14583,2023-10-16,2023-10-31,2023-11-02,456085,456085,Comptant
301934,13637,2023-10-17,2023-11-16,2023-11-13,1755060,1755060,30 j
301935,1712,2023-10-16,2023-11-15,2023-12-30,173130,173130,30 j
301936,12995,2023-10-17,2023-11-01,,373715,0,Comptant
301937,7724,2023-10-16,2023-11-15,2023-11-15,524620,524620,30 j
301938,2128,2023-10-18,2023-11-02,2023-11-03,875375,875375,Comptant
301939,927,2023-10-17,2023-11-01,2023-10-27,211450,211450,Comptant
301940,13603,2023-10-18,2023-11-02,2023-10-28,1632695,1632695,Comptant
301941,1013,2023-10-16,2023-12-15,2023-12-12,98135,98135,60 j
301942,3121,2023-10-16,2023-12-15,2023-12-15,1044885,1044885,60 j
301943,16440,2023-10-19,2023-11-03,2023-10-31,206765,206765,Comptant
301944,14550,2023-10-17,2023-11-01,2023-10-27,1268275,1268275,Comptant
301945,5394,2023-10-17,2023-11-01,,393010,0,Comptant
301946,21140,2023-10-17,2023-11-01,2023-12-16,499900,499900,Comptant
301947,19249,2023-10-18,2023-11-17,2023-11-17,879230,879230,30 j
301948,8763,2023-10-18,2023-11-02,,1200635,0,Comptant
301949,21286,2023-10-17,2023-11-01,2023-10-29,1679405,1679405,Comptant
301950,18576,2023-10-20,2023-11-04,2023-10-30,659885,659885,Comptant
301951,20919,2023-10-20,2023-11-04,2023-11-01,399245,399245,Comptant
301952,11524,2023-10-19,2023-11-03,2023-11-01,537575,537575,Comptant
301953,19135,2023-10-20,2023-11-04,2023-11-03,675205,675205,Comptant
301954,22913,2023-10-18,2023-11-02,2023-11-01,1454005,1454005,Comptant
301955,18641,2023-10-20,2023-11-04,2023-11-03,301030,301030,Comptant
301956,9417,2023-10-21,2023-11-05,2023-11-03,261015,261015,Comptant
301957,12332,2023-10-21,2023-11-05,2023-10-31,595650,595650,Comptant
301958,1532,2023-10-20,2023-11-19,2023-11-24,296615,296615,30 j
301959,16212,2023-10-21,2023-11-05,2023-11-06,1678800,1678800,Comptant
301960,17151,2023-10-21,2023-11-05,2023-11-04,97105,97105,Comptant
301961,6371,2023-10-21,2023-11-05,2023-11-03,1648465,1648465,Comptant
301962,22871,2023-10-20,2023-11-04,2023-11-04,581710,581710,Comptant
301963,11337,2023-10-20,2023-11-04,2023-10-30,82400,82400,Comptant
301964,12316,2023-10-21,2023-12-20,2023-12-17,1558640,1558640,60 j
301965,7156,2023-10-20,2023-11-04,2023-11-01,1549550,1549550,Comptant
301966,3993,2023-10-22,2023-11-21,2023-11-18,811600,811600,30 j
301967,20033,2023-10-20,2023-11-19,2023-11-16,1124685,1124685,30 j
301968,8317,2023-10-22,2023-11-21,2023-11-20,438305,438305,30 j
301969,12311,2023-10-22,2023-11-06,2023-11-03,1082225,1082225,Comptant
301970,14144,2023-10-23,2023-11-07,2023-11-04,1641570,1641570,Comptant
301971,4610,2023-10-23,2023-11-07,2023-11-05,900410,900410,Comptant
301972,21204,2023-10-22,2023-11-06,,1795550,0,Comptant
301973,11997,2023-10-21,2023-11-20,2023-11-22,1601430,1601430,30 j
301974,13152,2023-10-23,2023-12-22,2023-12-21,292995,292995,60 j
301975,14379,2023-10-21,2023-11-20,2023-11-17,221130,221130,30 j
301976,12273,2023-10-23,2023-11-22,2023-12-12,474225,474225,30 j
301977,9684,2023-10-24,2023-11-08,2023-11-08,1483625,1483625,Comptant
301978,4489,2023-10-22,2023-12-21,2023-12-21,176345,176345,60 j
301979,12017,2023-10-22,2023-11-21,,1456025,0,30 j
301980,19901,2023-10-23,2023-11-07,,748585,0,Comptant
301981,12807,2023-10-24,2023-12-23,2023-12-20,1437515,1437515,60 j
301982,9937,2023-10-22,2023-11-21,,114495,0,30 j
301983,9133,2023-10-23,2023-11-22,2023-11-17,894555,894555,30 j
301984,1656,2023-10-25,2023-11-09,2023-12-24,609185,609185,Comptant
301985,22210,2023-10-25,2023-11-09,2023-11-09,938470,938470,Comptant
301986,20379,2023-10-23,2023-11-07,2023-11-07,1686075,1686075,Comptant
301987,13136,2023-10-24,2023-11-23,2023-11-22,152805,152805,30 j
301988,14585,2023-10-25,2023-11-24,,1755385,0,30 j
301989,16726,2023-10-25,2023-11-09,2023-11-04,1314840,1314840,Comptant
301990,9093,2023-10-24,2023-11-08,,1797305,0,Comptant
301991,13431,2023-10-26,2023-11-10,2023-11-10,1427980,1427980,Comptant
301992,8131,2023-10-26,2023-11-10,,677360,0,Comptant
301993,13439,2023-10-24,2023-11-08,2023-11-09,423295,423295,Comptant
301994,10025,2023-10-25,2023-11-09,2023-11-14,317795,317795,Comptant
301995,6857,2023-10-24,2023-11-08,,131825,0,Comptant
301996,4464,2023-10-24,2023-11-08,,1638465,0,Comptant
301997,13975,2023-10-25,2023-11-09,2023-11-04,1615155,1615155,Comptant
301998,20566,2023-10-27,2023-11-11,2023-11-08,1217230,1217230,Comptant
301999,1253,2023-10-27,2023-11-26,2023-11-23,506320,506320,30 j
302000,15746,2023-10-26,2023-11-10,2023-11-08,1744200,1744200,Comptant
302001,19802,2023-10-26,2023-11-10,2023-11-07,1748330,1748330,Comptant
302002,12686,2023-10-26,2023-11-25,2023-11-25,824185,824185,30 j
302003,17094,2023-10-26,2023-11-25,2023-11-25,665175,665175,30 j
302004,16098,2023-10-26,2023-11-10,2023-11-08,1752025,1752025,Comptant
302005,17928,2023-10-28,2023-11-12,2023-11-12,432630,432630,Comptant
302006,13280,2023-10-26,2023-11-25,2023-11-24,942150,942150,30 j
302007,5693,2023-10-28,2023-11-12,2023-11-07,1087990,1087990,Comptant
302008,15354,2023-10-27,2023-11-11,2023-11-09,1035440,1035440,Comptant
302009,19003,2023-10-27,2023-12-26,2023-12-28,70170,70170,60 j
302010,20305,2023-10-29,2023-11-28,2023-11-28,1510220,1510220,30 j
302011,17504,2023-10-29,2023-11-13,2023-11-13,673710,673710,Comptant
302012,2056,2023-10-27,2023-11-11,2023-11-12,1283070,1283070,Comptant
302013,14264,2023-10-28,2023-11-12,,1117195,0,Comptant
302014,18649,2023-10-27,2023-11-26,2023-11-24,108610,108610,30 j
302015,18886,2023-10-28,2023-11-27,2023-11-27,590920,590920,30 j
302016,3124,2023-10-29,2023-12-28,2023-12-28,449225,449225,60 j
302017,15285,2023-10-28,2023-11-12,2023-11-09,450320,450320,Comptant
302018,7959,2023-10-29,2023-11-13,2023-11-11,88205,88205,Comptant
302019,13292,2023-10-28,2023-11-12,2023-11-07,1348210,1348210,Comptant
302020,21159,2023-10-30,2023-11-29,2023-11-29,889830,889830,30 j
302021,7534,2023-10-28,2023-11-12,2023-11-11,70460,70460,Comptant
302022,18882,2023-10-28,2023-11-27,2023-11-27,374265,374265,30 j
302023,13611,2023-10-29,2023-11-13,2023-11-11,748010,748010,Comptant
302024,14560,2023-10-30,2023-11-29,2023-11-29,645175,645175,30 j
302025,4615,2023-10-29,2023-12-28,2023-12-25,1482205,1482205,60 j
302026,13813,2023-10-29,2023-11-13,2023-11-11,1365485,1365485,Comptant
302027,22213,2023-10-31,2023-11-15,2023-11-10,879145,879145,Comptant
302028,11962,2023-10-31,2023-11-15,,1198005,0,Comptant
302029,17585,2023-10-30,2023-11-29,2023-11-29,918725,918725,30 j
302030,12473,2023-11-01,2023-11-16,2023-11-15,1382835,1382835,Comptant
302031,5223,2023-11-01,2023-12-31,2023-12-31,1661775,1661775,60 j
302032,16472,2023-10-30,2023-11-14,2023-11-12,1234750,1234750,Comptant
302033,16359,2023-11-01,2023-11-16,2023-11-13,450915,450915,Comptant
302034,1473,2023-10-30,2023-11-14,2023-11-11,1566945,1566945,Comptant
302035,4693,2023-10-31,2023-11-15,2023-11-10,1512635,1512635,Comptant
302036,10777,2023-11-01,2023-11-16,2023-11-16,1584515,1584515,Comptant
302037,1410,2023-10-31,2023-11-15,,317805,0,Comptant
302038,10228,2023-11-02,2024-01-01,2023-12-30,1099340,1099340,60 j
302039,7137,2023-11-01,2023-11-16,2023-11-17,309995,309995,Comptant
302040,11107,2023-11-02,2023-12-02,2023-11-30,821510,821510,30 j
302041,17919,2023-11-01,2023-11-16,2023-12-06,1589040,1589040,Comptant
302042,2151,2023-11-01,2023-11-16,2023-11-13,305525,305525,Comptant
302043,14204,2023-11-02,2023-11-17,,557430,0,Comptant
302044,12598,2023-11-03,2023-12-03,2023-12-03,974880,974880,30 j
302045,1204,2023-11-01,2023-12-01,2023-12-01,415165,415165,30 j
302046,2733,2023-11-03,2023-12-03,2023-11-28,1788310,1788310,30 j
302047,20998,2023-11-03,2023-11-18,2023-11-13,1079010,1079010,Comptant
302048,14175,2023-11-02,2023-12-02,2023-12-22,1756535,1756535,30 j
302049,8992,2023-11-03,2023-11-18,2023-11-18,636450,636450,Comptant
302050,21039,2023-11-01,2023-11-16,2023-11-15,1271255,1271255,Comptant
302051,16310,2023-11-04,2023-12-04,2023-12-01,321395,321395,30 j
302052,19446,2023-11-04,2023-11-19,2023-11-17,140965,140965,Comptant
302053,16930,2023-11-02,2023-12-02,2023-11-29,646620,646620,30 j
302054,15999,2023-11-02,2023-11-17,,1313215,0,Comptant
302055,2833,2023-11-04,2024-01-03,2024-01-02,1188685,1188685,60 j
302056,2828,2023-11-03,2023-12-03,,774560,0,30 j
302057,21658,2023-11-04,2023-11-19,2023-11-20,311580,311580,Comptant
302058,2473,2023-11-04,2023-12-04,2023-12-04,765125,765125,30 j
302059,646,2023-11-03,2023-11-18,2023-11-15,132720,132720,Comptant
302060,1146,2023-11-05,2024-01-04,2024-01-04,84035,84035,60 j
302061,2048,2023-11-05,2023-11-20,2023-11-19,1461270,1461270,Comptant
302062,19431,2023-11-05,2023-11-20,,579855,0,Comptant
302063,23912,2023-11-04,2024-01-03,2024-01-03,350535,350535,60 j
302064,1846,2023-11-06,2023-11-21,,806385,0,Comptant
302065,22859,2023-11-06,2023-12-06,2023-12-04,838770,838770,30 j
302066,1802,2023-11-06,2023-11-21,2023-11-18,938495,938495,Comptant
302067,21314,2023-11-05,2023-11-20,2023-11-20,487125,487125,Comptant
302068,7818,2023-11-04,2024-01-03,,1325965,0,60 j
302069,9477,2023-11-04,2023-11-19,2023-12-09,1703940,1703940,Comptant
302070,19957,2023-11-06,2023-12-06,2023-12-05,429620,429620,30 j
302071,7952,2023-11-06,2024-01-05,2024-01-04,109420,109420,60 j
302072,19218,2023-11-07,2023-11-22,,1670650,0,Comptant
302073,592,2023-11-06,2023-11-21,2023-11-21,1189935,1189935,Comptant
302074,19881,2023-11-05,2023-11-20,2023-11-18,307665,307665,Comptant
302075,13719,2023-11-07,2023-12-07,2023-12-06,1464110,1464110,30 j
302076,256,2023-11-06,2023-11-21,2023-11-20,1446740,1446740,Comptant
302077,10569,2023-11-07,2023-12-07,,985240,0,30 j
302078,10098,2023-11-08,2023-11-23,,1045825,0,Comptant
302079,5952,2023-11-07,2023-11-22,2023-11-20,1169480,1169480,Comptant
302080,4581,2023-11-08,2023-11-23,,350095,0,Comptant
302081,18500,2023-11-08,2023-11-23,2023-11-18,746310,746310,Comptant
302082,5395,2023-11-08,2023-11-23,2023-11-21,812895,812895,Comptant
302083,6202,2023-11-07,2023-12-07,2023-12-02,1396495,1396495,30 j
302084,22069,2023-11-07,2023-11-22,2023-11-22,455500,455500,Comptant
302085,1021,2023-11-08,2023-11-23,2023-12-13,907585,907585,Comptant
302086,13372,2023-11-08,2023-11-23,2023-11-18,1266500,1266500,Comptant
302087,20745,2023-11-09,2023-11-24,2023-11-21,622670,622670,Comptant
302088,19932,2023-11-07,2023-12-07,2023-12-05,134830,134830,30 j
302089,17753,2023-11-07,2023-12-07,2023-12-27,157895,157895,30 j
302090,11698,2023-11-07,2023-11-22,2023-11-19,474840,474840,Comptant
302091,9766,2023-11-09,2023-11-24,,1368675,0,Comptant
302092,2503,2023-11-08,2023-12-08,2023-12-08,406350,406350,30 j
302093,23857,2023-11-10,2023-11-25,2023-11-22,481630,481630,Comptant
302094,10887,2023-11-10,2023-11-25,2023-11-22,1291690,1291690,Comptant
302095,13156,2023-11-10,2023-11-25,,1190270,0,Comptant
302096,10637,2023-11-08,2023-11-23,2023-11-20,1310925,1310925,Comptant
302097,19527,2023-11-09,2023-11-24,2023-11-22,1605005,1605005,Comptant
302098,17284,2023-11-10,2023-12-10,2023-12-30,1464810,1464810,30 j
302099,12497,2023-11-10,2023-11-25,2023-11-22,1322400,1322400,Comptant
302100,17742,2023-11-10,2024-01-09,2024-01-08,880370,880370,60 j
302101,16525,2023-11-10,2024-01-09,2024-01-09,697945,697945,60 j
302102,22867,2023-11-09,2023-11-24,2023-11-19,1413435,1413435,Comptant
302103,21624,2023-11-10,2023-11-25,2023-11-20,1071090,1071090,Comptant
302104,10912,2023-11-11,2023-12-11,,535970,0,30 j
302105,9677,2023-11-12,2023-11-27,2023-11-25,607650,607650,Comptant
302106,23652,2023-11-12,2024-01-11,2024-01-06,79830,79830,60 j
302107,8478,2023-11-11,2023-12-11,2023-12-08,1224585,1224585,30 j
302108,17564,2023-11-10,2023-11-25,2023-11-25,1092380,1092380,Comptant
302109,8844,2023-11-10,2023-11-25,2023-11-27,971575,971575,Comptant
302110,19474,2023-11-10,2024-01-09,2024-01-09,1421075,1421075,60 j
302111,2793,2023-11-13,2024-01-12,2024-01-12,292235,292235,60 j
302112,19916,2023-11-12,2023-11-27,2023-11-28,1052160,1052160,Comptant
302113,4770,2023-11-12,2023-11-27,2023-11-24,1710320,1710320,Comptant
302114,13574,2023-11-13,2023-11-28,2023-11-23,898385,898385,Comptant
302115,7403,2023-11-12,2023-11-27,2023-11-27,1428050,1428050,Comptant
302116,17827,2023-11-12,2023-11-27,2023-11-22,791095,791095,Comptant
302117,19805,2023-11-12,2023-11-27,2023-11-27,658215,658215,Comptant
302118,12587,2023-11-13,2023-12-13,2023-12-08,1069210,1069210,30 j
302119,7711,2023-11-14,2023-11-29,2024-01-13,896520,896520,Comptant
302120,21792,2023-11-14,2023-11-29,2023-11-27,942965,942965,Comptant
302121,12805,2023-11-14,2023-11-29,2023-11-27,813725,813725,Comptant
302122,10177,2023-11-13,2023-11-28,2023-11-23,1361570,1361570,Comptant
302123,2125,2023-11-14,2023-12-14,2023-12-09,1026010,1026010,30 j
302124,16141,2023-11-15,2023-11-30,2023-11-28,1231820,1231820,Comptant
302125,8265,2023-11-13,2023-12-13,2023-12-13,227960,227960,30 j
302126,7675,2023-11-13,2023-11-28,,653800,0,Comptant
302127,17138,2023-11-13,2024-01-12,2024-01-10,124810,124810,60 j
302128,22513,2023-11-15,2023-11-30,2023-11-27,1696710,1696710,Comptant
302129,2042,2023-11-13,2023-11-28,2023-11-27,832060,832060,Comptant
302130,9346,2023-11-14,2023-11-29,2023-11-27,629135,629135,Comptant
302131,22600,2023-11-16,2023-12-01,2023-11-30,428995,428995,Comptant
302132,12651,2023-11-16,2023-12-01,,257540,0,Comptant
302133,18092,2023-11-15,2023-11-30,2023-11-30,1034780,1034780,Comptant
302134,2208,2023-11-15,2023-11-30,2023-11-30,697080,697080,Comptant
302135,20124,2023-11-16,2024-01-15,2024-01-13,1135425,1135425,60 j
302136,20254,2023-11-14,2023-11-29,,88310,0,Comptant
302137,1171,2023-11-16,2023-12-01,2023-11-26,326455,326455,Comptant
302138,6500,2023-11-15,2023-11-30,2023-11-27,687225,687225,Comptant
302139,16129,2023-11-17,2023-12-02,2023-11-27,312665,312665,Comptant
302140,16760,2023-11-16,2023-12-01,2023-11-30,957550,957550,Comptant
302141,2092,2023-11-16,2024-01-15,2024-01-13,527715,527715,60 j
302142,5089,2023-11-15,2023-12-15,,587590,0,30 j
302143,4969,2023-11-17,2023-12-17,2023-12-12,606545,606545,30 j
302144,2253,2023-11-17,2024-01-16,2024-01-11,607760,607760,60 j
302145,20845,2023-11-17,2024-01-16,2024-01-11,1667095,1667095,60 j
302146,4059,2023-11-18,2023-12-18,2023-12-16,1776295,1776295,30 j
302147,10556,2023-11-17,2023-12-17,,171175,0,30 j
302148,5894,2023-11-18,2023-12-03,2023-11-30,1468735,1468735,Comptant
302149,20500,2023-11-18,2023-12-03,,773745,0,Comptant
302150,23012,2023-11-18,2023-12-03,2023-11-28,696495,696495,Comptant
302151,12323,2023-11-19,2023-12-04,2023-12-05,1798225,1798225,Comptant
302152,19749,2023-11-17,2023-12-17,2023-12-15,1379080,1379080,30 j
302153,6202,2023-11-18,2023-12-18,,288560,0,30 j
302154,15453,2023-11-17,2023-12-02,,1485815,0,Comptant
302155,2082,2023-11-18,2024-01-17,2024-01-12,1233745,1233745,60 j
302156,21868,2023-11-18,2023-12-03,2023-12-03,1508325,1508325,Comptant
302157,14326,2023-11-18,2023-12-18,2023-12-16,326085,326085,30 j
302158,14318,2023-11-20,2023-12-05,2023-12-04,792085,792085,Comptant
302159,7907,2023-11-20,2023-12-20,2023-12-19,1070420,1070420,30 j
302160,21876,2023-11-18,2023-12-03,2023-12-05,507635,507635,Comptant
302161,1126,2023-11-20,2024-01-19,2024-01-19,208185,208185,60 j
302162,11080,2023-11-20,2023-12-05,2023-11-30,716390,716390,Comptant
302163,19521,2023-11-19,2023-12-19,2023-12-16,1695000,1695000,30 j
302164,10357,2023-11-18,2023-12-03,,733960,0,Comptant
302165,16628,2023-11-21,2023-12-21,2023-12-21,363340,363340,30 j
302166,23579,2023-11-20,2023-12-20,2023-12-17,990390,990390,30 j
302167,16623,2023-11-20,2023-12-05,,1326835,0,Comptant
302168,7095,2023-11-20,2023-12-20,2023-12-18,340020,340020,30 j
302169,445,2023-11-20,2023-12-05,,975155,0,Comptant
302170,4920,2023-11-21,2023-12-21,2023-12-18,89415,89415,30 j
302171,11269,2023-11-20,2023-12-20,2023-12-18,1292630,1292630,30 j
302172,17232,2023-11-20,2023-12-05,,1532275,0,Comptant
302173,18462,2023-11-22,2023-12-07,2023-12-05,1149435,1149435,Comptant
302174,7077,2023-11-21,2023-12-21,2023-12-18,681025,681025,30 j
302175,23528,2023-11-22,2023-12-07,2023-12-05,93615,93615,Comptant
302176,14884,2023-11-22,2023-12-07,,519565,0,Comptant
302177,16672,2023-11-21,2023-12-06,2023-12-07,1463595,1463595,Comptant
302178,16485,2023-11-22,2023-12-07,2023-12-09,626500,626500,Comptant
302179,17836,2023-11-22,2023-12-22,2023-12-21,162600,162600,30 j
302180,3505,2023-11-23,2024-01-22,2024-01-17,217680,217680,60 j
302181,7246,2023-11-21,2023-12-06,2023-12-01,927465,927465,Comptant
302182,16545,2023-11-21,2023-12-06,2023-12-03,555445,555445,Comptant
302183,6606,2023-11-21,2023-12-21,2023-12-18,975380,975380,30 j
302184,14357,2023-11-22,2023-12-07,2023-12-12,279360,279360,Comptant
302185,12730,2023-11-22,2023-12-22,2023-12-24,318675,318675,30 j
302186,20262,2023-11-23,2023-12-23,2023-12-20,1696850,1696850,30 j
302187,8637,2023-11-22,2023-12-07,2023-12-04,1576280,1576280,Comptant
302188,4691,2023-11-23,2023-12-23,2023-12-18,1048905,1048905,30 j
302189,17991,2023-11-22,2023-12-07,,385685,0,Comptant
302190,8739,2023-11-23,2023-12-08,2023-12-03,955590,955590,Comptant
302191,20804,2023-11-23,2023-12-08,2023-12-05,776885,776885,Comptant
302192,18531,2023-11-24,2023-12-09,2023-12-10,1639140,1639140,Comptant
302193,9638,2023-11-25,2023-12-10,2023-12-09,1465305,1465305,Comptant
302194,18986,2023-11-23,2023-12-23,2023-12-18,1037405,1037405,30 j
302195,12416,2023-11-23,2023-12-08,2023-12-05,1340695,1340695,Comptant
302196,12980,2023-11-25,2023-12-10,,1338230,0,Comptant
302197,18683,2023-11-24,2024-01-23,2024-01-23,927590,927590,60 j
302198,6687,2023-11-25,2023-12-10,2023-12-08,726155,726155,Comptant
302199,19915,2023-11-26,2023-12-11,2023-12-16,1487740,1487740,Comptant
302200,17488,2023-11-26,2023-12-26,2023-12-23,1276720,1276720,30 j
302201,9691,2023-11-24,2024-01-23,2024-01-18,1701620,1701620,60 j
302202,22790,2023-11-24,2023-12-09,2023-12-06,109785,109785,Comptant
302203,8790,2023-11-24,2023-12-09,2023-12-14,1704585,1704585,Comptant
302204,5527,2023-11-24,2023-12-24,,1642160,0,30 j
302205,1295,2023-11-26,2024-01-25,2024-02-04,1181985,1181985,60 j
302206,11270,2023-11-27,2023-12-27,2023-12-24,415225,415225,30 j
302207,7965,2023-11-25,2023-12-10,,1258430,0,Comptant
302208,17240,2023-11-26,2023-12-11,2023-12-06,603170,603170,Comptant
302209,22069,2023-11-25,2023-12-10,2023-12-07,1185080,1185080,Comptant
302210,1587,2023-11-25,2023-12-25,2023-12-22,117690,117690,30 j
302211,8190,2023-11-27,2023-12-12,,577135,0,Comptant
302212,21788,2023-11-26,2023-12-11,2023-12-09,325835,325835,Comptant
302213,9899,2023-11-28,2023-12-13,2023-12-13,776195,776195,Comptant
302214,7833,2023-11-27,2023-12-12,2023-12-11,577990,577990,Comptant
302215,11615,2023-11-28,2023-12-13,2023-12-12,984060,984060,Comptant
302216,3551,2023-11-27,2024-01-26,2024-01-23,1733725,1733725,60 j
302217,3703,2023-11-26,2023-12-11,2023-12-09,659745,659745,Comptant
302218,11538,2023-11-27,2023-12-27,,354655,0,30 j
302219,14350,2023-11-29,2023-12-29,,1081335,0,30 j
302220,8355,2023-11-28,2023-12-28,2023-12-27,549280,549280,30 j
302221,21274,2023-11-28,2023-12-13,2023-12-12,233555,233555,Comptant
302222,1442,2023-11-28,2024-01-27,2024-01-22,104245,104245,60 j
302223,6889,2023-11-28,2023-12-13,2023-12-12,1179080,1179080,Comptant
302224,8660,2023-11-27,2023-12-12,2023-12-12,1475340,1475340,Comptant
302225,3937,2023-11-29,2023-12-14,2023-12-11,672200,672200,Comptant
302226,20409,2023-11-30,2023-12-15,2023-12-12,1107420,1107420,Comptant
302227,8391,2023-11-30,2023-12-15,2023-12-12,306075,306075,Comptant
302228,20942,2023-11-30,2023-12-30,2023-12-27,511595,511595,30 j
302229,1030,2023-11-30,2023-12-15,2023-12-15,665310,665310,Comptant
302230,3074,2023-11-28,2023-12-13,2023-12-12,244135,244135,Comptant
302231,31,2023-11-28,2023-12-28,2023-12-27,170795,170795,30 j
302232,13881,2023-11-30,2023-12-30,2023-12-25,125200,125200,30 j
302233,15542,2023-12-01,2023-12-31,,496725,0,30 j
302234,18252,2023-11-29,2023-12-14,2023-12-24,831280,831280,Comptant
302235,8804,2023-11-30,2023-12-30,2023-12-30,1517295,1517295,30 j
302236,7767,2023-12-01,2023-12-16,2023-12-11,1037690,1037690,Comptant
302237,893,2023-12-01,2023-12-16,2023-12-14,860975,860975,Comptant
302238,17432,2023-12-01,2023-12-16,2023-12-15,825165,825165,Comptant
302239,12942,2023-11-30,2023-12-15,2023-12-15,1517560,1517560,Comptant
302240,11090,2023-12-01,2023-12-16,2023-12-14,1543775,1543775,Comptant
302241,22993,2023-11-30,2024-01-29,2024-01-28,1444495,1444495,60 j
302242,21170,2023-11-30,2023-12-15,2023-12-10,840795,840795,Comptant
302243,13108,2023-12-02,2023-12-17,2023-12-12,334370,334370,Comptant
302244,13096,2023-11-30,2023-12-30,2023-12-29,813510,813510,30 j
302245,9783,2023-12-02,2024-01-01,2024-01-11,1758305,1758305,30 j
302246,20944,2023-12-03,2023-12-18,2023-12-13,1127610,1127610,Comptant
302247,22385,2023-12-01,2023-12-16,2023-12-18,803005,803005,Comptant
302248,12318,2023-12-01,2023-12-31,2023-12-26,140320,140320,30 j
302249,21874,2023-12-03,2023-12-18,2023-12-17,977945,977945,Comptant
302250,5452,2023-12-03,2023-12-18,2023-12-17,97965,97965,Comptant
302251,13489,2023-12-03,2024-01-02,,703765,0,30 j
302252,23801,2023-12-03,2024-01-02,2023-12-28,1772190,1772190,30 j
302253,21488,2023-12-04,2023-12-19,,87320,0,Comptant
302254,21210,2023-12-03,2023-12-18,2023-12-18,1055775,1055775,Comptant
302255,21117,2023-12-04,2024-01-03,2023-12-31,347345,347345,30 j
302256,16834,2023-12-03,2024-01-02,2023-12-30,1323130,1323130,30 j
302257,2497,2023-12-03,2024-01-02,2023-12-31,860355,860355,30 j
302258,23700,2023-12-04,2023-12-19,,1085460,0,Comptant
302259,16192,2023-12-05,2023-12-20,,144715,0,Comptant
302260,23180,2023-12-03,2023-12-18,,464300,0,Comptant
302261,5993,2023-12-04,2024-02-02,2024-02-07,352925,352925,60 j
302262,11862,2023-12-05,2023-12-20,,1114035,0,Comptant
302263,11048,2023-12-03,2023-12-18,2023-12-16,711435,711435,Comptant
302264,22523,2023-12-03,2023-12-18,2024-01-07,1677985,1677985,Comptant
302265,14675,2023-12-03,2023-12-18,2023-12-18,526075,526075,Comptant
302266,2246,2023-12-05,2023-12-20,2023-12-20,441215,441215,Comptant
302267,7195,2023-12-05,2023-12-20,,120140,0,Comptant
302268,1580,2023-12-05,2024-01-04,2024-01-02,403915,403915,30 j
302269,20344,2023-12-06,2023-12-21,2023-12-20,927900,927900,Comptant
302270,1757,2023-12-05,2024-01-04,2024-01-03,1442860,1442860,30 j
302271,4845,2023-12-04,2023-12-19,2023-12-19,1760775,1760775,Comptant
302272,4254,2023-12-06,2023-12-21,2023-12-16,470300,470300,Comptant
302273,20995,2023-12-05,2023-12-20,2023-12-19,945625,945625,Comptant
302274,9266,2023-12-07,2024-01-06,2024-01-01,1769180,1769180,30 j
302275,18954,2023-12-07,2024-02-05,2024-02-03,1159370,1159370,60 j
302276,20437,2023-12-06,2024-02-04,2024-01-30,1744600,1744600,60 j
302277,23614,2023-12-07,2024-01-06,2024-01-01,339435,339435,30 j
302278,3815,2023-12-07,2024-01-06,2024-01-04,552880,552880,30 j
302279,1699,2023-12-08,2024-01-07,2024-01-07,79665,79665,30 j
302280,18804,2023-12-08,2023-12-23,2023-12-23,1688255,1688255,Comptant
302281,8700,2023-12-07,2024-01-06,2024-01-01,1227730,1227730,30 j
302282,4999,2023-12-07,2023-12-22,,1695490,0,Comptant
302283,10766,2023-12-08,2023-12-23,2023-12-20,1363025,1363025,Comptant
302284,5522,2023-12-08,2024-02-06,2024-02-01,368760,368760,60 j
302285,9635,2023-12-07,2023-12-22,2023-12-22,887330,887330,Comptant
302286,12814,2023-12-08,2024-01-07,2024-01-04,1615360,1615360,30 j
302287,4132,2023-12-09,2023-12-24,2023-12-22,1394175,1394175,Comptant
302288,19848,2023-12-07,2024-01-06,,1360070,0,30 j
302289,9704,2023-12-07,2024-01-06,2024-01-01,1480220,1480220,30 j
302290,22004,2023-12-07,2023-12-22,2023-12-17,1708515,1708515,Comptant
302291,19899,2023-12-08,2024-01-07,2024-01-07,1534415,1534415,30 j
302292,20177,2023-12-09,2023-12-24,2023-12-25,1130425,1130425,Comptant
302293,3594,2023-12-10,2024-01-09,2024-01-07,307750,307750,30 j
302294,2522,2023-12-09,2024-02-07,2024-02-07,522895,522895,60 j
302295,5618,2023-12-10,2023-12-25,2023-12-20,1767395,1767395,Comptant
302296,10202,2023-12-09,2024-01-08,,1739420,0,30 j
302297,3455,2023-12-10,2023-12-25,,363270,0,Comptant
302298,23079,2023-12-10,2023-12-25,,304290,0,Comptant
302299,16754,2023-12-11,2024-02-09,2024-02-06,520815,520815,60 j
302300,10499,2023-12-11,2024-01-10,2024-01-10,1588455,1588455,30 j
302301,15945,2023-12-11,2023-12-26,2023-12-25,705920,705920,Comptant
302302,22481,2023-12-11,2023-12-26,2023-12-26,79450,79450,Comptant
302303,2159,2023-12-11,2023-12-26,2023-12-24,1115335,1115335,Comptant
302304,22006,2023-12-10,2023-12-25,2023-12-24,1222530,1222530,Comptant
302305,8590,2023-12-10,2024-01-09,2024-01-06,1195925,1195925,30 j
302306,13837,2023-12-11,2023-12-26,2023-12-24,1192970,1192970,Comptant
302307,21805,2023-12-10,2023-12-25,2023-12-24,849560,849560,Comptant
302308,21215,2023-12-11,2023-12-26,2024-01-15,375010,375010,Comptant
302309,17424,2023-12-10,2023-12-25,,1496640,0,Comptant
302310,22840,2023-12-10,2024-01-09,2024-01-07,1382175,1382175,30 j
302311,12144,2023-12-12,2023-12-27,2023-12-29,550155,550155,Comptant
302312,19886,2023-12-12,2023-12-27,2023-12-25,1077170,1077170,Comptant
302313,4320,2023-12-13,2024-02-11,2024-02-06,347075,347075,60 j
302314,3515,2023-12-11,2023-12-26,2023-12-26,993245,993245,Comptant
302315,15373,2023-12-12,2023-12-27,,691660,0,Comptant
302316,19556,2023-12-12,2023-12-27,2023-12-27,1580170,1580170,Comptant
302317,22415,2023-12-13,2023-12-28,2024-01-02,652940,652940,Comptant
302318,9903,2023-12-11,2024-01-10,2024-01-05,987420,987420,30 j
302319,22778,2023-12-12,2024-02-10,2024-02-10,1479840,1479840,60 j
302320,6330,2023-12-13,2024-01-12,2024-01-07,1578570,1578570,30 j
302321,17516,2023-12-14,2023-12-29,,1590400,0,Comptant
302322,20486,2023-12-14,2023-12-29,2023-12-27,1798390,1798390,Comptant
302323,11029,2023-12-13,2024-01-12,2024-01-10,597215,597215,30 j
302324,22623,2023-12-13,2024-01-12,,1553800,0,30 j
302325,8256,2023-12-14,2024-02-12,,741410,0,60 j
302326,16499,2023-12-13,2023-12-28,2023-12-23,102880,102880,Comptant
302327,11731,2023-12-13,2023-12-28,2023-12-27,974260,974260,Comptant
302328,13267,2023-12-13,2024-01-12,,1571965,0,30 j
302329,9066,2023-12-14,2023-12-29,2023-12-29,834215,834215,Comptant
302330,2582,2023-12-14,2024-01-13,2024-01-13,1234865,1234865,30 j
302331,10029,2023-12-14,2023-12-29,,795195,0,Comptant
302332,17322,2023-12-14,2023-12-29,2023-12-27,846215,846215,Comptant
302333,22694,2023-12-15,2023-12-30,2023-12-29,430855,430855,Comptant
302334,16644,2023-12-14,2024-01-13,2024-01-12,1707670,1707670,30 j
302335,21171,2023-12-15,2023-12-30,2023-12-29,151930,151930,Comptant
302336,17329,2023-12-15,2023-12-30,2024-01-19,862525,862525,Comptant
302337,18039,2023-12-15,2023-12-30,2024-02-13,1513085,1513085,Comptant
302338,1414,2023-12-15,2023-12-30,,617310,0,Comptant
302339,7268,2023-12-14,2023-12-29,2023-12-27,932845,932845,Comptant
302340,2658,2023-12-17,2024-01-01,2023-12-27,214455,214455,Comptant
302341,14301,2023-12-16,2024-01-15,2024-01-14,294785,294785,30 j
302342,4539,2023-12-15,2023-12-30,2023-12-30,1407510,1407510,Comptant
302343,9547,2023-12-17,2024-01-16,,1728980,0,30 j
302344,12163,2023-12-16,2023-12-31,2023-12-30,1153250,1153250,Comptant
302345,19166,2023-12-17,2024-01-16,2024-01-26,95090,95090,30 j
302346,13045,2023-12-18,2024-01-02,2024-01-01,859480,859480,Comptant
302347,22183,2023-12-16,2024-01-15,2024-01-10,509995,509995,30 j
302348,18242,2023-12-17,2024-01-01,2024-01-01,544465,544465,Comptant
302349,18810,2023-12-17,2024-01-01,2023-12-29,500050,500050,Comptant
302350,1756,2023-12-17,2024-01-16,,1326780,0,30 j
302351,5657,2023-12-17,2024-01-16,2024-02-05,363650,363650,30 j
302352,19125,2023-12-17,2024-01-01,2023-12-31,1142750,1142750,Comptant
302353,16393,2023-12-17,2024-01-16,2024-01-15,337460,337460,30 j
302354,765,2023-12-17,2024-01-01,2023-12-29,891445,891445,Comptant
302355,15219,2023-12-19,2024-01-18,2024-01-18,168345,168345,30 j
302356,440,2023-12-19,2024-01-03,2024-01-02,158100,158100,Comptant
302357,22995,2023-12-17,2024-01-01,2023-12-30,597655,597655,Comptant
302358,12465,2023-12-18,2024-01-02,2024-01-01,373635,373635,Comptant
302359,13400,2023-12-17,2024-01-01,2024-01-11,208170,208170,Comptant
302360,8426,2023-12-19,2024-01-03,2023-12-31,617505,617505,Comptant
302361,19060,2023-12-20,2024-01-04,2024-01-01,345385,345385,Comptant
302362,21871,2023-12-18,2024-01-02,2023-12-28,255240,255240,Comptant
302363,807,2023-12-18,2024-01-17,2024-01-12,851880,851880,30 j
302364,2172,2023-12-19,2024-01-03,2024-01-02,1453995,1453995,Comptant
302365,4425,2023-12-20,2024-01-19,2024-01-18,1253015,1253015,30 j
302366,17770,2023-12-20,2024-01-04,2024-01-03,938045,938045,Comptant
302367,3285,2023-12-21,2024-01-20,,538810,0,30 j
302368,6207,2023-12-20,2024-01-19,2024-01-14,1482495,1482495,30 j
302369,10577,2023-12-21,2024-01-05,2024-01-02,753145,753145,Comptant
302370,20357,2023-12-21,2024-01-05,2023-12-31,1494235,1494235,Comptant
302371,19737,2023-12-20,2024-02-18,2024-02-16,1010740,1010740,60 j
302372,23337,2023-12-21,2024-01-05,2024-01-03,1584930,1584930,Comptant
302373,23038,2023-12-20,2024-01-04,2024-01-03,796425,796425,Comptant
302374,5781,2023-12-22,2024-01-06,,1565670,0,Comptant
302375,1412,2023-12-20,2024-01-04,2024-01-01,152405,152405,Comptant
302376,12083,2023-12-22,2024-01-06,2024-01-04,1362640,1362640,Comptant
302377,9527,2023-12-21,2024-02-19,2024-02-16,301480,301480,60 j
302378,22740,2023-12-21,2024-01-20,2024-01-18,1729125,1729125,30 j
302379,8412,2023-12-20,2024-01-19,2024-01-17,504050,504050,30 j
302380,20680,2023-12-22,2024-01-06,2024-01-08,1026280,1026280,Comptant
302381,14715,2023-12-21,2024-01-05,2024-01-02,1009285,1009285,Comptant
302382,15425,2023-12-22,2024-01-21,2024-01-21,799560,799560,30 j
302383,3186,2023-12-23,2024-01-07,2024-01-02,233270,233270,Comptant
302384,18223,2023-12-21,2024-01-05,2023-12-31,1631125,1631125,Comptant
302385,2750,2023-12-22,2024-01-06,,1468780,0,Comptant
302386,6686,2023-12-23,2024-01-07,2024-01-06,1203125,1203125,Comptant
302387,11371,2023-12-24,2024-01-08,2024-01-08,1723215,1723215,Comptant
302388,10896,2023-12-23,2024-01-07,2024-01-05,123240,123240,Comptant
302389,7151,2023-12-22,2024-02-20,2024-02-19,485400,485400,60 j
302390,12262,2023-12-24,2024-01-23,2024-01-23,1791480,1791480,30 j
302391,652,2023-12-22,2024-01-21,2024-01-16,449710,449710,30 j
302392,14633,2023-12-24,2024-01-08,,499525,0,Comptant
302393,8849,2023-12-24,2024-01-23,,1561970,0,30 j
302394,8608,2023-12-25,2024-01-09,,1071965,0,Comptant
302395,22809,2023-12-23,2024-01-22,2024-01-17,990730,990730,30 j
302396,8175,2023-12-23,2024-01-22,2024-01-19,1701175,1701175,30 j
302397,9363,2023-12-25,2024-01-09,2024-01-08,1232280,1232280,Comptant
302398,6379,2023-12-23,2024-01-22,,490330,0,30 j
302399,18599,2023-12-23,2024-01-07,2024-01-09,1006840,1006840,Comptant
302400,21711,2023-12-25,2024-01-09,2024-01-04,543865,543865,Comptant
302401,10374,2023-12-24,2024-01-23,2024-01-18,139450,139450,30 j
302402,2667,2023-12-26,2024-01-25,2024-01-25,232085,232085,30 j
302403,238,2023-12-26,2024-02-24,2024-04-09,530830,530830,60 j
302404,12721,2023-12-26,2024-01-10,2024-01-05,1755145,1755145,Comptant
302405,19617,2023-12-24,2024-01-08,2024-01-06,1347435,1347435,Comptant
302406,16478,2023-12-26,2024-01-10,2024-01-10,837470,837470,Comptant
302407,21417,2023-12-27,2024-01-11,2024-01-11,102985,102985,Comptant
302408,20924,2023-12-27,2024-01-11,2024-01-31,233230,233230,Comptant
302409,18157,2023-12-27,2024-01-11,2024-01-11,1334245,1334245,Comptant
302410,2779,2023-12-27,2024-02-25,,214935,0,60 j
302411,4995,2023-12-26,2024-01-10,2024-01-05,1530395,1530395,Comptant
302412,4738,2023-12-26,2024-01-10,2024-01-08,223780,223780,Comptant
302413,20495,2023-12-26,2024-01-10,2024-01-09,1525300,1525300,Comptant
302414,17958,2023-12-28,2024-01-27,2024-01-24,986620,986620,30 j
302415,21437,2023-12-28,2024-01-27,2024-01-24,1119610,1119610,30 j
302416,14685,2023-12-27,2024-01-26,2024-01-23,978315,978315,30 j
302417,17036,2023-12-26,2024-01-10,2024-01-05,69160,69160,Comptant
302418,18389,2023-12-28,2024-01-12,2024-01-07,844905,844905,Comptant
302419,14705,2023-12-28,2024-01-12,2024-01-12,465075,465075,Comptant
302420,16292,2023-12-28,2024-01-12,2024-01-09,598500,598500,Comptant
302421,4454,2023-12-29,2024-01-13,,710720,0,Comptant
302422,17536,2023-12-29,2024-01-28,,130945,0,30 j
302423,17074,2023-12-27,2024-01-11,2024-01-09,1537220,1537220,Comptant
302424,1894,2023-12-28,2024-01-27,2024-01-24,287665,287665,30 j
302425,17329,2023-12-27,2024-01-11,2024-01-08,1053810,1053810,Comptant
302426,19968,2023-12-29,2024-02-27,2024-02-22,97085,97085,60 j
302427,8901,2023-12-28,2024-02-26,2024-02-23,878240,878240,60 j
302428,3300,2023-12-28,2024-01-12,2024-01-09,1397170,1397170,Comptant
302429,2835,2023-12-30,2024-01-14,2024-01-11,1386380,1386380,Comptant
302430,1220,2023-12-30,2024-01-14,2024-01-11,708750,708750,Comptant
302431,1135,2023-12-29,2024-01-13,2024-01-10,189160,189160,Comptant
302432,5261,2023-12-28,2024-01-12,2024-01-10,1325735,1325735,Comptant
302433,17693,2023-12-29,2024-01-13,2024-01-14,1566400,1566400,Comptant
302434,10990,2023-12-31,2024-01-30,2024-01-25,762580,762580,30 j
302435,11809,2023-12-30,2024-01-29,,884230,0,30 j
302436,8438,2023-12-31,2024-01-15,2024-01-12,1727355,1727355,Comptant
302437,3732,2023-12-31,2024-01-15,2024-01-15,1527820,1527820,Comptant
302438,16538,2023-12-30,2024-01-29,2024-01-28,1048960,1048960,30 j
302439,23370,2023-12-30,2024-01-14,2024-01-11,1327045,1327045,Comptant
302440,21596,2024-01-01,2024-01-31,2024-01-26,1619485,1619485,30 j
302441,74,2023-12-31,2024-01-15,2024-01-14,386720,386720,Comptant
302442,6366,2023-12-30,2024-01-14,,506995,0,Comptant
302443,23172,2024-01-01,2024-03-01,,386350,0,60 j
302444,6876,2023-12-31,2024-01-15,2024-02-04,589750,589750,Comptant
302445,12604,2023-12-31,2024-01-15,2024-01-12,1411690,1411690,Comptant
302446,264,2023-12-30,2024-01-14,2024-01-12,1669600,1669600,Comptant
302447,4323,2024-01-01,2024-03-01,2024-02-28,1254870,1254870,60 j
302448,1740,2024-01-02,2024-01-17,2024-01-19,225360,225360,Comptant
302449,17352,2024-01-01,2024-01-16,2024-01-16,431115,431115,Comptant
302450,15052,2023-12-31,2024-01-30,2024-01-28,1395455,1395455,30 j
302451,3066,2024-01-01,2024-01-31,2024-01-31,407040,407040,30 j
302452,4824,2024-01-01,2024-01-16,2024-01-13,723850,723850,Comptant
302453,3389,2024-01-01,2024-01-16,2024-01-11,545385,545385,Comptant
302454,4086,2024-01-01,2024-01-16,2024-01-11,99880,99880,Comptant
302455,6501,2024-01-01,2024-01-16,2024-01-11,1104710,1104710,Comptant
302456,22837,2024-01-02,2024-01-17,2024-01-16,600145,600145,Comptant
302457,11768,2024-01-01,2024-01-31,2024-01-28,204605,204605,30 j
302458,4092,2024-01-01,2024-01-31,2024-01-26,834005,834005,30 j
302459,22683,2024-01-03,2024-01-18,2024-01-17,1422230,1422230,Comptant
302460,14136,2024-01-02,2024-02-01,2024-02-06,1666555,1666555,30 j
302461,12152,2024-01-02,2024-01-17,,1657900,0,Comptant
302462,1497,2024-01-02,2024-03-02,2024-02-26,1315685,1315685,60 j
302463,1811,2024-01-04,2024-01-19,2024-01-18,476420,476420,Comptant
302464,863,2024-01-04,2024-02-03,,69455,0,30 j
302465,13935,2024-01-03,2024-01-18,2024-01-13,591645,591645,Comptant
302466,5631,2024-01-02,2024-01-17,2024-01-14,704190,704190,Comptant
302467,8764,2024-01-04,2024-01-19,,393495,0,Comptant
302468,17775,2024-01-05,2024-02-04,2024-01-30,164825,164825,30 j
302469,11041,2024-01-04,2024-03-04,2024-03-02,565025,565025,60 j
302470,1791,2024-01-05,2024-02-04,2024-02-05,440835,440835,30 j
302471,3236,2024-01-05,2024-02-04,,1127500,0,30 j
302472,16823,2024-01-04,2024-02-03,2024-02-01,1383045,1383045,30 j
302473,22764,2024-01-03,2024-01-18,2024-01-19,358680,358680,Comptant
302474,20336,2024-01-05,2024-01-20,2024-01-19,300855,300855,Comptant
302475,1779,2024-01-06,2024-02-05,2024-01-31,389235,389235,30 j
302476,13508,2024-01-04,2024-03-04,2024-03-04,510855,510855,60 j
302477,22626,2024-01-04,2024-01-19,2024-01-18,117825,117825,Comptant
302478,2653,2024-01-05,2024-02-04,2024-01-30,1177595,1177595,30 j
302479,10091,2024-01-05,2024-01-20,2024-01-19,1088805,1088805,Comptant
302480,4809,2024-01-04,2024-01-19,2024-01-14,333825,333825,Comptant
302481,7685,2024-01-05,2024-01-20,2024-01-18,1484075,1484075,Comptant
302482,1127,2024-01-06,2024-01-21,2024-01-18,1455990,1455990,Comptant
302483,4879,2024-01-07,2024-01-22,2024-01-20,937870,937870,Comptant
302484,22979,2024-01-06,2024-02-05,2024-02-03,157740,157740,30 j
302485,23494,2024-01-06,2024-02-05,2024-01-31,234430,234430,30 j
302486,23814,2024-01-05,2024-02-04,2024-02-03,1484300,1484300,30 j
302487,9370,2024-01-06,2024-01-21,2024-01-21,67415,67415,Comptant
302488,11022,2024-01-08,2024-02-07,,996090,0,30 j
302489,22714,2024-01-06,2024-01-21,2024-01-18,1431315,1431315,Comptant
302490,9918,2024-01-07,2024-02-06,2024-02-05,855130,855130,30 j
302491,12317,2024-01-08,2024-02-07,2024-02-12,784310,784310,30 j
302492,16835,2024-01-08,2024-01-23,2024-01-20,1322270,1322270,Comptant
302493,11251,2024-01-08,2024-01-23,2024-01-23,1190290,1190290,Comptant
302494,2341,2024-01-07,2024-01-22,2024-01-22,1302260,1302260,Comptant
302495,14412,2024-01-09,2024-01-24,2024-01-19,1387060,1387060,Comptant
302496,22867,2024-01-09,2024-01-24,2024-01-22,1721240,1721240,Comptant
302497,12550,2024-01-09,2024-01-24,,1323845,0,Comptant
302498,15418,2024-01-07,2024-01-22,2024-01-20,686380,686380,Comptant
302499,16180,2024-01-07,2024-01-22,2024-01-19,953620,953620,Comptant
302500,17909,2024-01-09,2024-01-24,2024-01-22,690425,690425,Comptant
302501,20195,2024-01-08,2024-01-23,2024-01-18,224680,224680,Comptant
302502,3603,2024-01-09,2024-02-08,2024-02-06,574875,574875,30 j
302503,15349,2024-01-10,2024-01-25,2024-02-04,178620,178620,Comptant
302504,776,2024-01-09,2024-03-09,2024-03-04,744710,744710,60 j
302505,15103,2024-01-09,2024-01-24,2024-01-24,676065,676065,Comptant
302506,2937,2024-01-08,2024-02-07,2024-02-05,1229985,1229985,30 j
302507,17840,2024-01-08,2024-02-07,2024-02-06,1116205,1116205,30 j
302508,6514,2024-01-10,2024-03-10,,533125,0,60 j
302509,5713,2024-01-11,2024-01-26,,1769195,0,Comptant
302510,19226,2024-01-11,2024-01-26,2024-01-23,711555,711555,Comptant
302511,23393,2024-01-09,2024-02-08,2024-02-09,1356075,1356075,30 j
302512,20186,2024-01-09,2024-02-08,2024-02-05,1660665,1660665,30 j
302513,8238,2024-01-10,2024-01-25,2024-01-25,363620,363620,Comptant
302514,5975,2024-01-10,2024-01-25,2024-01-24,1071045,1071045,Comptant
302515,3712,2024-01-12,2024-01-27,2024-01-24,211335,211335,Comptant
302516,7481,2024-01-10,2024-02-09,2024-02-07,722410,722410,30 j
302517,16249,2024-01-11,2024-01-26,2024-01-24,528570,528570,Comptant
302518,1601,2024-01-10,2024-02-09,2024-02-06,619395,619395,30 j
302519,4040,2024-01-10,2024-01-25,,522450,0,Comptant
302520,10577,2024-01-12,2024-01-27,2024-01-29,1678985,1678985,Comptant
302521,2025,2024-01-12,2024-01-27,2024-03-12,1710815,1710815,Comptant
302522,19457,2024-01-12,2024-02-11,2024-02-08,205035,205035,30 j
302523,9587,2024-01-12,2024-03-12,2024-03-09,677435,677435,60 j
302524,8344,2024-01-13,2024-02-12,2024-02-07,1501710,1501710,30 j
302525,20794,2024-01-13,2024-01-28,,770210,0,Comptant
302526,16547,2024-01-13,2024-01-28,2024-01-23,455840,455840,Comptant
302527,4703,2024-01-12,2024-01-27,2024-01-22,1030775,1030775,Comptant
302528,17882,2024-01-14,2024-02-13,2024-02-08,433970,433970,30 j
302529,21388,2024-01-12,2024-02-11,2024-02-10,641640,641640,30 j
302530,19089,2024-01-13,2024-02-12,2024-02-13,793760,793760,30 j
302531,21291,2024-01-14,2024-02-13,2024-02-23,561225,561225,30 j
302532,15537,2024-01-13,2024-02-12,2024-02-07,1632240,1632240,30 j
302533,15162,2024-01-12,2024-01-27,2024-01-24,1323715,1323715,Comptant
302534,7945,2024-01-13,2024-01-28,,145595,0,Comptant
302535,23003,2024-01-14,2024-02-13,2024-02-11,1330185,1330185,30 j
302536,18690,2024-01-15,2024-01-30,2024-01-29,1645225,1645225,Comptant
302537,4566,2024-01-13,2024-01-28,2024-01-26,1663705,1663705,Comptant
302538,1063,2024-01-14,2024-01-29,2024-01-26,1426560,1426560,Comptant
302539,23449,2024-01-15,2024-03-15,,1348160,0,60 j
302540,19126,2024-01-15,2024-01-30,,1216525,0,Comptant
302541,4935,2024-01-14,2024-02-13,2024-02-13,700435,700435,30 j
302542,21354,2024-01-14,2024-02-13,2024-02-13,1781145,1781145,30 j
302543,14441,2024-01-16,2024-02-15,2024-03-06,344045,344045,30 j
302544,3918,2024-01-15,2024-01-30,,1080125,0,Comptant
302545,7670,2024-01-15,2024-02-14,2024-02-11,1526460,1526460,30 j
302546,21728,2024-01-16,2024-01-31,2024-02-02,238360,238360,Comptant
302547,13218,2024-01-16,2024-01-31,2024-01-28,552590,552590,Comptant
302548,23375,2024-01-15,2024-01-30,2024-01-27,1366795,1366795,Comptant
302549,11166,2024-01-15,2024-02-14,,860065,0,30 j
302550,17894,2024-01-17,2024-02-16,2024-02-14,74555,74555,30 j
302551,509,2024-01-17,2024-02-16,2024-03-07,1230100,1230100,30 j
302552,14864,2024-01-15,2024-01-30,2024-01-28,1703505,1703505,Comptant
302553,7810,2024-01-17,2024-02-16,2024-02-16,999770,999770,30 j
302554,19534,2024-01-17,2024-02-01,2024-02-01,1154085,1154085,Comptant
302555,15688,2024-01-17,2024-02-01,2024-02-21,1202055,1202055,Comptant
302556,10229,2024-01-16,2024-01-31,2024-01-28,1118035,1118035,Comptant
302557,8726,2024-01-17,2024-02-01,2024-01-30,625740,625740,Comptant
302558,20508,2024-01-17,2024-02-16,2024-02-14,1612155,1612155,30 j
302559,17837,2024-01-16,2024-03-16,2024-03-16,297185,297185,60 j
302560,721,2024-01-18,2024-03-18,2024-03-18,1415190,1415190,60 j
302561,19802,2024-01-19,2024-02-03,2024-01-31,762220,762220,Comptant
302562,15812,2024-01-19,2024-02-03,2024-02-01,777800,777800,Comptant
302563,13049,2024-01-18,2024-02-17,2024-02-12,1135750,1135750,30 j
302564,1642,2024-01-17,2024-03-17,2024-03-18,1775605,1775605,60 j
302565,5688,2024-01-17,2024-02-01,2024-01-31,555135,555135,Comptant
302566,9123,2024-01-19,2024-02-03,2024-01-31,975545,975545,Comptant
302567,7064,2024-01-17,2024-03-17,2024-03-16,640025,640025,60 j
302568,10776,2024-01-20,2024-02-04,,1006925,0,Comptant
302569,3583,2024-01-19,2024-02-03,,1050765,0,Comptant
302570,15826,2024-01-18,2024-02-02,,919730,0,Comptant
302571,9340,2024-01-19,2024-03-19,2024-03-18,155585,155585,60 j
302572,6792,2024-01-19,2024-02-03,2024-02-04,210995,210995,Comptant
302573,10901,2024-01-20,2024-02-19,2024-02-14,1360200,1360200,30 j
302574,21695,2024-01-19,2024-02-03,2024-01-31,1435000,1435000,Comptant
302575,1867,2024-01-20,2024-03-20,2024-03-25,1233270,1233270,60 j
302576,738,2024-01-19,2024-02-18,2024-02-15,1352310,1352310,30 j
302577,3968,2024-01-20,2024-02-19,2024-02-21,1325465,1325465,30 j
302578,5449,2024-01-20,2024-02-19,,1259250,0,30 j
302579,16588,2024-01-21,2024-02-05,2024-02-15,508165,508165,Comptant
302580,10274,2024-01-21,2024-02-05,2024-02-05,95475,95475,Comptant
302581,17333,2024-01-19,2024-02-03,2024-01-31,1494015,1494015,Comptant
302582,10645,2024-01-22,2024-03-22,2024-03-23,1116245,1116245,60 j
302583,12791,2024-01-22,2024-02-06,2024-02-05,1396175,1396175,Comptant
302584,19398,2024-01-20,2024-02-04,2024-02-02,477640,477640,Comptant
302585,3800,2024-01-22,2024-02-06,2024-02-03,826210,826210,Comptant
302586,880,2024-01-20,2024-02-04,2024-02-01,850990,850990,Comptant
302587,18413,2024-01-21,2024-02-05,2024-02-25,1323930,1323930,Comptant
302588,13467,2024-01-22,2024-02-21,2024-02-16,1197070,1197070,30 j
302589,19773,2024-01-23,2024-02-07,,741245,0,Comptant
302590,23161,2024-01-22,2024-02-21,2024-02-20,872225,872225,30 j
302591,18135,2024-01-21,2024-02-05,2024-02-02,448910,448910,Comptant
302592,18210,2024-01-22,2024-02-21,2024-02-21,1029845,1029845,30 j
302593,13106,2024-01-22,2024-02-21,2024-02-19,1227760,1227760,30 j
302594,16235,2024-01-21,2024-02-05,,1720515,0,Comptant
302595,22354,2024-01-22,2024-02-06,2024-02-05,826930,826930,Comptant
302596,8276,2024-01-22,2024-02-06,,409700,0,Comptant
302597,6133,2024-01-23,2024-02-07,2024-02-02,132215,132215,Comptant
302598,21017,2024-01-24,2024-02-08,,499515,0,Comptant
302599,7813,2024-01-24,2024-02-23,2024-02-22,1498075,1498075,30 j
302600,1446,2024-01-24,2024-02-08,2024-02-13,940865,940865,Comptant
302601,16358,2024-01-22,2024-02-21,2024-02-16,561600,561600,30 j
302602,22801,2024-01-24,2024-02-08,2024-02-08,1258560,1258560,Comptant
302603,2359,2024-01-25,2024-02-09,2024-02-06,1096990,1096990,Comptant
302604,14551,2024-01-24,2024-03-24,,966515,0,60 j
302605,19066,2024-01-23,2024-02-07,2024-02-05,981490,981490,Comptant
302606,21036,2024-01-23,2024-02-22,2024-03-13,451040,451040,30 j
302607,12639,2024-01-25,2024-02-09,2024-02-08,1002045,1002045,Comptant
302608,19711,2024-01-24,2024-02-23,2024-04-08,444315,444315,30 j
302609,8742,2024-01-26,2024-02-25,2024-02-25,1050290,1050290,30 j
302610,14577,2024-01-25,2024-02-24,2024-02-22,217485,217485,30 j
302611,2256,2024-01-24,2024-02-08,,1135840,0,Comptant
302612,3448,2024-01-25,2024-02-09,,1431955,0,Comptant
302613,16131,2024-01-26,2024-02-10,2024-02-07,941645,941645,Comptant
302614,16583,2024-01-24,2024-02-23,2024-02-20,1308070,1308070,30 j
302615,17847,2024-01-26,2024-02-10,2024-02-10,1566525,1566525,Comptant
302616,19804,2024-01-26,2024-03-26,2024-03-23,1702490,1702490,60 j
302617,10085,2024-01-26,2024-02-25,2024-02-27,633430,633430,30 j
302618,9745,2024-01-25,2024-02-09,,1027640,0,Comptant
302619,6552,2024-01-27,2024-02-11,2024-02-06,1426770,1426770,Comptant
302620,595,2024-01-25,2024-02-09,2024-02-09,986830,986830,Comptant
302621,23824,2024-01-25,2024-02-09,2024-02-06,296010,296010,Comptant
302622,12278,2024-01-28,2024-02-12,2024-02-07,389760,389760,Comptant
302623,23426,2024-01-26,2024-02-10,2024-02-09,288455,288455,Comptant
302624,13695,2024-01-28,2024-02-12,2024-02-12,260395,260395,Comptant
302625,6299,2024-01-27,2024-02-11,2024-02-11,941345,941345,Comptant
302626,10773,2024-01-26,2024-02-25,2024-02-22,361375,361375,30 j
302627,22948,2024-01-27,2024-02-26,2024-02-26,566440,566440,30 j
302628,19397,2024-01-26,2024-02-10,2024-02-15,576105,576105,Comptant
302629,2534,2024-01-28,2024-02-12,2024-02-11,1747125,1747125,Comptant
302630,23218,2024-01-29,2024-02-28,2024-02-27,1062165,1062165,30 j
302631,23775,2024-01-27,2024-02-11,2024-02-08,1599795,1599795,Comptant
302632,14103,2024-01-29,2024-03-29,2024-03-27,711460,711460,60 j
302633,15180,2024-01-28,2024-03-28,2024-03-26,973490,973490,60 j
302634,23436,2024-01-27,2024-02-11,,682765,0,Comptant
302635,21848,2024-01-29,2024-02-13,2024-02-08,1767830,1767830,Comptant
302636,9993,2024-01-28,2024-02-12,2024-02-11,1730820,1730820,Comptant
302637,1641,2024-01-28,2024-02-12,2024-02-09,1119930,1119930,Comptant
302638,18751,2024-01-30,2024-02-29,2024-02-26,358495,358495,30 j
302639,4014,2024-01-28,2024-02-12,2024-02-07,624340,624340,Comptant
302640,729,2024-01-28,2024-02-12,2024-02-12,1327435,1327435,Comptant
302641,23162,2024-01-30,2024-02-14,2024-02-13,1401945,1401945,Comptant
302642,10907,2024-01-30,2024-02-14,2024-02-11,1266075,1266075,Comptant
302643,15338,2024-01-29,2024-02-28,2024-02-27,761200,761200,30 j
302644,8282,2024-01-30,2024-02-29,2024-02-29,840290,840290,30 j
302645,9722,2024-01-31,2024-02-15,2024-02-12,465715,465715,Comptant
302646,20197,2024-01-29,2024-03-29,2024-03-27,279565,279565,60 j
302647,18687,2024-01-29,2024-02-28,2024-02-26,1141685,1141685,30 j
302648,5029,2024-01-31,2024-02-15,2024-02-14,411310,411310,Comptant
302649,17008,2024-02-01,2024-03-02,,1658145,0,30 j
302650,21718,2024-02-01,2024-03-02,2024-02-29,201020,201020,30 j
302651,21767,2024-01-30,2024-02-14,2024-02-09,1701010,1701010,Comptant
302652,7089,2024-01-30,2024-02-29,2024-03-20,569055,569055,30 j
302653,14838,2024-01-30,2024-02-14,2024-02-09,1422860,1422860,Comptant
302654,1672,2024-02-01,2024-02-16,2024-02-11,775505,775505,Comptant
302655,17594,2024-01-31,2024-02-15,2024-02-15,1056320,1056320,Comptant
302656,13573,2024-02-01,2024-04-01,2024-03-27,1049410,1049410,60 j
302657,5566,2024-01-31,2024-02-15,2024-02-13,1137380,1137380,Comptant
302658,21344,2024-02-01,2024-02-16,2024-02-15,911620,911620,Comptant
302659,365,2024-02-02,2024-02-17,2024-02-14,289300,289300,Comptant
302660,1789,2024-01-31,2024-03-31,2024-03-31,738510,738510,60 j
302661,16196,2024-01-31,2024-02-15,2024-02-10,267395,267395,Comptant
302662,8332,2024-02-03,2024-02-18,2024-02-17,111695,111695,Comptant
302663,23142,2024-02-02,2024-02-17,2024-02-15,188480,188480,Comptant
302664,17171,2024-02-01,2024-02-16,2024-02-21,621320,621320,Comptant
302665,20209,2024-02-02,2024-02-17,2024-02-12,722650,722650,Comptant
302666,2057,2024-02-03,2024-03-04,,1300930,0,30 j
302667,190,2024-02-02,2024-04-02,2024-03-30,855140,855140,60 j
302668,13833,2024-02-03,2024-02-18,,819385,0,Comptant
302669,6766,2024-02-04,2024-03-05,2024-03-25,1768390,1768390,30 j
302670,6289,2024-02-02,2024-03-03,2024-03-01,1715570,1715570,30 j
302671,1942,2024-02-02,2024-03-03,2024-03-01,152335,152335,30 j
302672,19696,2024-02-02,2024-03-03,2024-03-02,1728880,1728880,30 j
302673,12609,2024-02-02,2024-02-17,,1212970,0,Comptant
302674,10371,2024-02-03,2024-02-18,2024-02-16,298245,298245,Comptant
302675,17540,2024-02-04,2024-02-19,2024-02-18,1471425,1471425,Comptant
302676,19720,2024-02-03,2024-02-18,2024-02-15,445865,445865,Comptant
302677,18160,2024-02-05,2024-03-06,2024-03-01,158540,158540,30 j
302678,15804,2024-02-05,2024-02-20,2024-02-17,125750,125750,Comptant
302679,8707,2024-02-03,2024-03-04,2024-03-01,1728690,1728690,30 j
302680,15225,2024-02-03,2024-02-18,2024-02-16,1363675,1363675,Comptant
302681,2710,2024-02-03,2024-02-18,2024-02-13,236900,236900,Comptant
302682,19921,2024-02-05,2024-02-20,2024-02-20,229610,229610,Comptant
302683,1985,2024-02-05,2024-03-06,2024-03-05,1417070,1417070,30 j
302684,2113,2024-02-04,2024-03-05,2024-03-05,79090,79090,30 j
302685,16569,2024-02-05,2024-02-20,2024-02-17,1269690,1269690,Comptant
302686,22455,2024-02-04,2024-03-05,2024-03-04,263635,263635,30 j
302687,13743,2024-02-06,2024-03-07,2024-03-02,853230,853230,30 j
302688,3882,2024-02-04,2024-02-19,2024-02-18,573215,573215,Comptant
302689,12612,2024-02-07,2024-02-22,2024-02-20,1700310,1700310,Comptant
302690,23526,2024-02-06,2024-03-07,2024-04-21,625545,625545,30 j
302691,8312,2024-02-05,2024-03-06,2024-03-05,1049670,1049670,30 j
302692,11902,2024-02-07,2024-02-22,2024-02-19,645375,645375,Comptant
302693,2607,2024-02-07,2024-03-08,2024-03-05,828800,828800,30 j
302694,2302,2024-02-06,2024-04-06,2024-04-05,114025,114025,60 j
302695,19956,2024-02-05,2024-02-20,,1202410,0,Comptant
302696,15193,2024-02-07,2024-02-22,2024-02-21,1303225,1303225,Comptant
302697,14683,2024-02-06,2024-03-07,2024-03-02,1749750,1749750,30 j
302698,17698,2024-02-08,2024-04-08,2024-04-08,502820,502820,60 j
302699,19609,2024-02-07,2024-02-22,,331425,0,Comptant
302700,12567,2024-02-06,2024-03-07,2024-03-04,1086215,1086215,30 j
302701,13591,2024-02-08,2024-02-23,2024-02-24,539580,539580,Comptant
302702,17360,2024-02-06,2024-03-07,2024-03-07,1406030,1406030,30 j
302703,3031,2024-02-09,2024-03-10,2024-03-10,157320,157320,30 j
302704,2917,2024-02-08,2024-03-09,2024-03-04,337250,337250,30 j
302705,22326,2024-02-09,2024-02-24,,1217935,0,Comptant
302706,18246,2024-02-09,2024-02-24,2024-02-19,154660,154660,Comptant
302707,5008,2024-02-08,2024-03-09,2024-03-04,1422950,1422950,30 j
302708,20684,2024-02-09,2024-03-10,2024-03-10,1779290,1779290,30 j
302709,19591,2024-02-09,2024-04-09,2024-04-04,1134410,1134410,60 j
302710,19210,2024-02-08,2024-02-23,2024-04-08,1716790,1716790,Comptant
302711,15674,2024-02-10,2024-02-25,2024-02-24,611810,611810,Comptant
302712,19594,2024-02-08,2024-02-23,2024-02-20,1529550,1529550,Comptant
302713,3513,2024-02-08,2024-02-23,2024-02-22,1014140,1014140,Comptant
302714,5693,2024-02-08,2024-02-23,2024-02-20,340030,340030,Comptant
302715,23809,2024-02-09,2024-03-10,,1292710,0,30 j
302716,5111,2024-02-09,2024-02-24,2024-02-23,631250,631250,Comptant
302717,6234,2024-02-09,2024-02-24,2024-03-05,319945,319945,Comptant
302718,23591,2024-02-09,2024-03-10,,1437240,0,30 j
302719,20264,2024-02-10,2024-03-11,2024-03-09,541995,541995,30 j
302720,7644,2024-02-09,2024-03-10,2024-03-08,1572450,1572450,30 j
302721,10675,2024-02-09,2024-02-24,2024-02-24,1747090,1747090,Comptant
302722,4782,2024-02-11,2024-03-12,2024-03-09,1020255,1020255,30 j
302723,14420,2024-02-10,2024-03-11,2024-03-08,999080,999080,30 j
302724,21847,2024-02-10,2024-02-25,2024-02-25,1323740,1323740,Comptant
302725,2621,2024-02-10,2024-02-25,2024-02-27,1346395,1346395,Comptant
302726,12933,2024-02-11,2024-02-26,2024-02-24,1024850,1024850,Comptant
302727,16036,2024-02-11,2024-04-11,2024-04-08,1233120,1233120,60 j
302728,22213,2024-02-12,2024-02-27,2024-02-26,1789750,1789750,Comptant
302729,3903,2024-02-13,2024-03-14,2024-03-14,1794710,1794710,30 j
302730,967,2024-02-11,2024-03-12,2024-03-10,1654900,1654900,30 j
302731,17223,2024-02-12,2024-02-27,2024-02-27,776805,776805,Comptant
302732,16530,2024-02-12,2024-04-12,,366210,0,60 j
302733,6117,2024-02-13,2024-03-14,2024-03-11,951540,951540,30 j
302734,19143,2024-02-12,2024-03-13,2024-03-18,1572680,1572680,30 j
302735,9939,2024-02-12,2024-02-27,2024-03-08,444285,444285,Comptant
302736,21063,2024-02-13,2024-02-28,2024-02-28,361140,361140,Comptant
302737,2992,2024-02-12,2024-02-27,,1682595,0,Comptant
302738,19096,2024-02-14,2024-03-15,2024-03-10,1287220,1287220,30 j
302739,19941,2024-02-12,2024-02-27,2024-02-22,1031340,1031340,Comptant
302740,3985,2024-02-14,2024-03-15,2024-03-15,1194920,1194920,30 j
302741,8503,2024-02-14,2024-02-29,2024-02-29,1470840,1470840,Comptant
302742,15316,2024-02-12,2024-02-27,2024-02-24,1417380,1417380,Comptant
302743,17738,2024-02-13,2024-03-14,2024-03-11,169935,169935,30 j
302744,6046,2024-02-14,2024-04-14,2024-04-12,1259165,1259165,60 j
302745,4061,2024-02-13,2024-02-28,2024-02-25,971440,971440,Comptant
302746,12274,2024-02-13,2024-02-28,,704195,0,Comptant
302747,15604,2024-02-15,2024-03-16,2024-03-16,103920,103920,30 j
302748,15738,2024-02-14,2024-04-14,2024-04-09,142125,142125,60 j
302749,4583,2024-02-13,2024-03-14,2024-03-09,973160,973160,30 j
302750,21164,2024-02-14,2024-02-29,,278590,0,Comptant
302751,11149,2024-02-15,2024-03-16,2024-03-18,512360,512360,30 j
302752,20729,2024-02-14,2024-03-15,2024-03-12,1282845,1282845,30 j
302753,6498,2024-02-14,2024-03-15,2024-03-12,867740,867740,30 j
302754,17170,2024-02-14,2024-03-15,2024-03-12,516915,516915,30 j
302755,5533,2024-02-15,2024-03-01,2024-03-11,976360,976360,Comptant
302756,13771,2024-02-16,2024-03-02,2024-02-26,221345,221345,Comptant
302757,1962,2024-02-16,2024-03-17,2024-03-16,1501950,1501950,30 j
302758,22396,2024-02-17,2024-03-18,2024-03-17,1340030,1340030,30 j
302759,19400,2024-02-16,2024-03-02,2024-03-02,1506295,1506295,Comptant
302760,10969,2024-02-16,2024-03-02,2024-02-26,800995,800995,Comptant
302761,13189,2024-02-15,2024-03-01,2024-03-01,598505,598505,Comptant
302762,12746,2024-02-17,2024-03-03,2024-03-03,107870,107870,Comptant
302763,9756,2024-02-18,2024-03-04,2024-03-01,1100590,1100590,Comptant
302764,7178,2024-02-18,2024-03-04,2024-03-04,361675,361675,Comptant
302765,4711,2024-02-16,2024-04-16,,1085770,0,60 j
302766,7596,2024-02-16,2024-03-02,2024-02-28,260385,260385,Comptant
302767,6207,2024-02-18,2024-03-19,2024-03-19,201600,201600,30 j
302768,8884,2024-02-18,2024-03-19,2024-03-17,920695,920695,30 j
302769,8471,2024-02-17,2024-03-03,2024-02-27,1728815,1728815,Comptant
302770,17582,2024-02-18,2024-03-04,2024-03-01,946715,946715,Comptant
302771,1423,2024-02-19,2024-03-05,2024-02-29,1509745,1509745,Comptant
302772,1773,2024-02-19,2024-03-20,2024-03-17,83855,83855,30 j
302773,8243,2024-02-17,2024-03-18,,1454340,0,30 j
302774,10731,2024-02-17,2024-03-18,2024-03-13,1153920,1153920,30 j
302775,2014,2024-02-17,2024-03-03,2024-02-27,1756305,1756305,Comptant
302776,11786,2024-02-20,2024-03-06,2024-03-01,800030,800030,Comptant
302777,5064,2024-02-18,2024-03-19,2024-03-18,996250,996250,30 j
302778,13615,2024-02-18,2024-03-04,2024-02-28,924515,924515,Comptant
302779,9611,2024-02-18,2024-03-19,2024-03-20,982690,982690,30 j
302780,1719,2024-02-18,2024-03-04,2024-03-05,780315,780315,Comptant
302781,8103,2024-02-19,2024-03-05,2024-03-03,1480680,1480680,Comptant
302782,15667,2024-02-20,2024-03-21,,1388960,0,30 j
302783,4141,2024-02-19,2024-03-05,2024-03-02,711750,711750,Comptant
302784,5428,2024-02-19,2024-03-05,2024-03-02,1162920,1162920,Comptant
302785,8303,2024-02-20,2024-03-06,2024-03-04,962165,962165,Comptant
302786,1469,2024-02-21,2024-03-22,2024-03-17,1223730,1223730,30 j
302787,5383,2024-02-20,2024-03-21,,1552670,0,30 j
302788,20964,2024-02-20,2024-03-06,2024-03-04,412060,412060,Comptant
302789,20473,2024-02-20,2024-03-06,2024-03-06,551150,551150,Comptant
302790,21402,2024-02-21,2024-03-22,2024-03-17,1764445,1764445,30 j
302791,17388,2024-02-21,2024-03-07,2024-03-02,1088190,1088190,Comptant
302792,23635,2024-02-22,2024-03-08,2024-03-10,1217020,1217020,Comptant
302793,260,2024-02-20,2024-04-20,2024-04-17,502625,502625,60 j
302794,20182,2024-02-22,2024-03-23,,1662430,0,30 j
302795,18808,2024-02-20,2024-04-20,2024-04-18,1003665,1003665,60 j
302796,23899,2024-02-22,2024-03-23,2024-03-23,1678185,1678185,30 j
302797,7024,2024-02-21,2024-03-07,2024-03-07,801345,801345,Comptant
302798,20015,2024-02-23,2024-03-24,2024-03-23,310980,310980,30 j
302799,15545,2024-02-21,2024-03-07,2024-03-02,1525300,1525300,Comptant
302800,10870,2024-02-23,2024-03-09,2024-03-19,1431945,1431945,Comptant
302801,1216,2024-02-21,2024-04-21,2024-04-19,583435,583435,60 j
302802,3871,2024-02-21,2024-03-07,,224900,0,Comptant
302803,13062,2024-02-22,2024-03-08,2024-03-06,574205,574205,Comptant
302804,6751,2024-02-22,2024-03-08,2024-03-07,842895,842895,Comptant
302805,15939,2024-02-23,2024-03-24,2024-03-29,162755,162755,30 j
302806,13154,2024-02-22,2024-03-23,2024-03-23,477085,477085,30 j
302807,14558,2024-02-23,2024-03-24,2024-03-24,832910,832910,30 j
302808,19,2024-02-24,2024-03-10,2024-03-05,383595,383595,Comptant
302809,23759,2024-02-23,2024-03-09,,500995,0,Comptant
302810,16192,2024-02-24,2024-03-10,2024-03-07,1786880,1786880,Comptant
302811,4590,2024-02-24,2024-03-10,2024-03-20,810505,810505,Comptant
302812,19274,2024-02-23,2024-03-09,2024-03-09,1364720,1364720,Comptant
302813,13466,2024-02-25,2024-03-11,2024-03-10,570055,570055,Comptant
302814,9441,2024-02-24,2024-03-25,2024-03-26,1746725,1746725,30 j
302815,14209,2024-02-24,2024-03-25,2024-03-23,1377875,1377875,30 j
302816,23868,2024-02-23,2024-03-09,2024-03-07,964705,964705,Comptant
302817,778,2024-02-26,2024-03-12,,1301280,0,Comptant
302818,20257,2024-02-25,2024-03-11,,253575,0,Comptant
302819,1750,2024-02-25,2024-03-26,2024-03-26,1555135,1555135,30 j
302820,23316,2024-02-24,2024-03-10,2024-03-08,983440,983440,Comptant
302821,19162,2024-02-24,2024-03-25,2024-03-20,489790,489790,30 j
302822,20130,2024-02-26,2024-03-27,2024-04-06,462330,462330,30 j
302823,6439,2024-02-25,2024-03-11,2024-03-11,1187390,1187390,Comptant
302824,3618,2024-02-25,2024-03-11,2024-03-10,1059570,1059570,Comptant
302825,12846,2024-02-27,2024-03-13,2024-03-12,521545,521545,Comptant
302826,12617,2024-02-27,2024-04-27,2024-04-26,660195,660195,60 j
302827,5271,2024-02-26,2024-04-26,2024-04-26,566400,566400,60 j
302828,18309,2024-02-27,2024-03-13,2024-03-13,464280,464280,Comptant
302829,22609,2024-02-25,2024-04-25,,1056200,0,60 j
302830,9940,2024-02-27,2024-03-28,2024-03-26,681675,681675,30 j
302831,14844,2024-02-28,2024-03-29,2024-03-30,125345,125345,30 j
302832,11008,2024-02-28,2024-03-29,2024-03-24,546350,546350,30 j
302833,15781,2024-02-27,2024-03-28,2024-03-28,1329555,1329555,30 j
302834,18018,2024-02-27,2024-03-13,2024-03-11,105040,105040,Comptant
302835,4624,2024-02-27,2024-03-28,2024-03-28,1772505,1772505,30 j
302836,7960,2024-02-26,2024-03-27,2024-03-24,430505,430505,30 j
302837,7354,2024-02-28,2024-03-29,,1764840,0,30 j
302838,14272,2024-02-27,2024-03-13,2024-03-12,633565,633565,Comptant
302839,16974,2024-02-29,2024-03-30,2024-03-30,1619275,1619275,30 j
302840,20588,2024-02-27,2024-03-13,,1048890,0,Comptant
302841,21146,2024-02-29,2024-03-30,2024-04-19,538380,538380,30 j
302842,4153,2024-02-28,2024-03-14,2024-03-09,1745775,1745775,Comptant
302843,15195,2024-02-27,2024-03-13,2024-03-11,201400,201400,Comptant
302844,16968,2024-02-29,2024-03-15,2024-03-25,311335,311335,Comptant
302845,10085,2024-03-01,2024-03-31,2024-03-29,1436765,1436765,30 j
302846,7473,2024-02-28,2024-03-14,2024-03-11,1779005,1779005,Comptant
302847,2700,2024-03-01,2024-03-31,2024-03-26,1497805,1497805,30 j
302848,15195,2024-03-01,2024-03-16,2024-03-16,657465,657465,Comptant
302849,3663,2024-03-01,2024-03-31,2024-03-30,1415075,1415075,30 j
302850,4481,2024-02-29,2024-03-15,2024-03-12,521760,521760,Comptant
302851,11659,2024-02-29,2024-03-30,2024-03-25,1281235,1281235,30 j
302852,990,2024-03-02,2024-03-17,2024-04-06,952060,952060,Comptant
302853,6488,2024-03-01,2024-03-31,2024-03-31,1453660,1453660,30 j
302854,19694,2024-03-01,2024-04-30,2024-06-14,240440,240440,60 j
302855,13330,2024-03-02,2024-03-17,2024-03-12,398930,398930,Comptant
302856,20351,2024-02-29,2024-03-15,2024-03-12,585900,585900,Comptant
302857,17877,2024-03-02,2024-03-17,2024-03-15,419110,419110,Comptant
302858,11389,2024-03-03,2024-03-18,2024-03-20,203010,203010,Comptant
302859,22925,2024-03-01,2024-03-16,2024-03-13,1246380,1246380,Comptant
302860,2998,2024-03-01,2024-03-16,2024-03-18,1266235,1266235,Comptant
302861,8769,2024-03-03,2024-04-02,2024-03-28,62690,62690,30 j
302862,10176,2024-03-03,2024-05-02,2024-05-01,1476975,1476975,60 j
302863,21950,2024-03-03,2024-03-18,2024-03-16,190115,190115,Comptant
302864,22832,2024-03-04,2024-04-03,2024-04-03,308190,308190,30 j
302865,9427,2024-03-03,2024-04-02,2024-05-17,591870,591870,30 j
302866,12256,2024-03-04,2024-03-19,2024-03-16,348500,348500,Comptant
302867,3629,2024-03-02,2024-04-01,2024-04-01,893505,893505,30 j
302868,7480,2024-03-04,2024-03-19,2024-03-17,1423230,1423230,Comptant
302869,5890,2024-03-02,2024-03-17,2024-03-14,556110,556110,Comptant
302870,5490,2024-03-02,2024-03-17,2024-03-19,1529920,1529920,Comptant
302871,21516,2024-03-05,2024-05-04,2024-05-02,1538935,1538935,60 j
302872,10801,2024-03-03,2024-04-02,2024-04-02,1370355,1370355,30 j
302873,20649,2024-03-05,2024-05-04,2024-05-01,570555,570555,60 j
302874,19445,2024-03-03,2024-03-18,2024-03-18,1329460,1329460,Comptant
302875,842,2024-03-03,2024-04-02,2024-03-30,209420,209420,30 j
302876,1476,2024-03-05,2024-04-04,2024-04-02,279860,279860,30 j
302877,2843,2024-03-04,2024-03-19,2024-03-17,252950,252950,Comptant
302878,9110,2024-03-06,2024-03-21,2024-03-16,1365075,1365075,Comptant
302879,4138,2024-03-06,2024-03-21,2024-03-20,1520880,1520880,Comptant
302880,12806,2024-03-04,2024-03-19,2024-03-19,846405,846405,Comptant
302881,10366,2024-03-06,2024-03-21,2024-03-18,1046595,1046595,Comptant
302882,2709,2024-03-05,2024-03-20,,838165,0,Comptant
302883,2819,2024-03-04,2024-04-03,2024-03-31,882780,882780,30 j
302884,16838,2024-03-05,2024-03-20,2024-03-19,562880,562880,Comptant
302885,7142,2024-03-06,2024-05-05,,1611015,0,60 j
302886,12581,2024-03-07,2024-03-22,2024-03-22,1009600,1009600,Comptant
302887,11391,2024-03-06,2024-04-05,2024-03-31,539855,539855,30 j
302888,21613,2024-03-05,2024-05-04,2024-05-03,992115,992115,60 j
302889,3332,2024-03-06,2024-03-21,2024-03-22,899745,899745,Comptant
302890,12478,2024-03-07,2024-03-22,2024-04-01,530270,530270,Comptant
302891,8879,2024-03-07,2024-04-06,2024-04-01,942310,942310,30 j
302892,6633,2024-03-06,2024-03-21,2024-03-20,205785,205785,Comptant
302893,13488,2024-03-08,2024-03-23,2024-03-20,1554155,1554155,Comptant
302894,3866,2024-03-06,2024-04-05,2024-04-04,1479920,1479920,30 j
302895,21520,2024-03-07,2024-04-06,2024-04-04,1502840,1502840,30 j
302896,9480,2024-03-06,2024-03-21,2024-03-16,78420,78420,Comptant
302897,7904,2024-03-09,2024-04-08,2024-04-05,1149145,1149145,30 j
302898,3733,2024-03-08,2024-03-23,,337945,0,Comptant
302899,3651,2024-03-08,2024-03-23,,1752075,0,Comptant
302900,15730,2024-03-09,2024-03-24,2024-04-13,1215825,1215825,Comptant
302901,4799,2024-03-08,2024-03-23,,574940,0,Comptant
302902,12721,2024-03-08,2024-03-23,2024-03-23,86990,86990,Comptant
302903,1074,2024-03-08,2024-04-07,2024-04-06,1136580,1136580,30 j
302904,18369,2024-03-09,2024-05-08,2024-05-08,512785,512785,60 j
302905,14343,2024-03-10,2024-04-09,2024-04-04,1757695,1757695,30 j
302906,16670,2024-03-10,2024-05-09,2024-05-10,219055,219055,60 j
302907,22306,2024-03-10,2024-03-25,2024-03-24,1059070,1059070,Comptant
302908,11023,2024-03-08,2024-04-07,2024-04-05,465095,465095,30 j
302909,6872,2024-03-08,2024-03-23,2024-03-18,81670,81670,Comptant
302910,12489,2024-03-10,2024-04-09,2024-04-04,611965,611965,30 j
302911,9892,2024-03-11,2024-03-26,2024-03-26,811605,811605,Comptant
302912,11226,2024-03-10,2024-04-09,,1682395,0,30 j
302913,11482,2024-03-10,2024-03-25,2024-03-20,758720,758720,Comptant
302914,19218,2024-03-09,2024-03-24,,397865,0,Comptant
302915,4291,2024-03-10,2024-03-25,2024-03-22,339150,339150,Comptant
302916,1809,2024-03-09,2024-03-24,2024-03-22,399565,399565,Comptant
302917,3531,2024-03-09,2024-03-24,2024-03-22,710035,710035,Comptant
302918,11737,2024-03-12,2024-03-27,2024-03-25,483295,483295,Comptant
302919,12143,2024-03-10,2024-03-25,2024-03-22,135365,135365,Comptant
302920,21232,2024-03-10,2024-04-09,2024-04-07,1333060,1333060,30 j
302921,14979,2024-03-10,2024-03-25,2024-03-22,990235,990235,Comptant
302922,3959,2024-03-12,2024-04-11,2024-04-09,612995,612995,30 j
302923,6797,2024-03-12,2024-03-27,2024-03-22,947630,947630,Comptant
302924,14915,2024-03-13,2024-03-28,2024-03-26,943460,943460,Comptant
302925,13485,2024-03-11,2024-04-10,2024-04-12,1422925,1422925,30 j
302926,11676,2024-03-12,2024-03-27,2024-03-26,1741590,1741590,Comptant
302927,14620,2024-03-12,2024-03-27,2024-03-22,558750,558750,Comptant
302928,2952,2024-03-11,2024-04-10,2024-04-09,1178620,1178620,30 j
302929,11297,2024-03-12,2024-03-27,2024-03-27,1311150,1311150,Comptant
302930,17357,2024-03-11,2024-03-26,2024-03-26,690345,690345,Comptant
302931,3682,2024-03-12,2024-03-27,2024-03-25,1373550,1373550,Comptant
302932,1947,2024-03-13,2024-03-28,2024-04-07,499220,499220,Comptant
302933,23531,2024-03-12,2024-04-11,2024-04-10,709940,709940,30 j
302934,16112,2024-03-12,2024-05-11,2024-05-09,1481340,1481340,60 j
302935,6385,2024-03-13,2024-04-12,2024-04-07,925215,925215,30 j
302936,3641,2024-03-14,2024-03-29,,944375,0,Comptant
302937,13771,2024-03-12,2024-03-27,2024-03-27,1429180,1429180,Comptant
302938,5591,2024-03-15,2024-03-30,2024-03-29,1507985,1507985,Comptant
302939,13545,2024-03-14,2024-03-29,,934330,0,Comptant
302940,3192,2024-03-15,2024-03-30,2024-03-25,1677755,1677755,Comptant
302941,3433,2024-03-13,2024-04-12,2024-04-09,350115,350115,30 j
302942,3563,2024-03-13,2024-03-28,2024-03-27,1142785,1142785,Comptant
302943,1880,2024-03-14,2024-04-13,2024-04-08,174230,174230,30 j
302944,5349,2024-03-15,2024-03-30,2024-03-28,599535,599535,Comptant
302945,17020,2024-03-14,2024-03-29,2024-04-18,197450,197450,Comptant
302946,5260,2024-03-14,2024-03-29,,1470530,0,Comptant
302947,8595,2024-03-16,2024-04-15,2024-04-14,499065,499065,30 j
302948,23148,2024-03-14,2024-03-29,2024-03-27,893870,893870,Comptant
302949,17724,2024-03-15,2024-03-30,2024-03-25,1558575,1558575,Comptant
302950,7970,2024-03-16,2024-04-15,2024-04-15,568545,568545,30 j
302951,7583,2024-03-17,2024-04-16,2024-04-11,1101300,1101300,30 j
302952,14894,2024-03-15,2024-03-30,2024-03-30,1454720,1454720,Comptant
302953,17091,2024-03-16,2024-05-15,2024-05-12,1395450,1395450,60 j
302954,11610,2024-03-16,2024-03-31,2024-03-28,1297715,1297715,Comptant
302955,12635,2024-03-17,2024-04-16,2024-04-15,1345575,1345575,30 j
302956,16311,2024-03-17,2024-04-01,2024-03-30,1390010,1390010,Comptant
302957,11952,2024-03-15,2024-04-14,,474620,0,30 j
302958,23326,2024-03-16,2024-03-31,2024-03-28,1254400,1254400,Comptant
302959,3351,2024-03-16,2024-03-31,2024-03-31,1403840,1403840,Comptant
302960,9141,2024-03-16,2024-03-31,2024-03-28,358905,358905,Comptant
302961,19262,2024-03-17,2024-04-01,2024-03-27,422310,422310,Comptant
302962,7559,2024-03-17,2024-04-16,,1516605,0,30 j
302963,9932,2024-03-18,2024-04-02,2024-03-30,1054545,1054545,Comptant
302964,10202,2024-03-16,2024-04-15,2024-04-12,1069750,1069750,30 j
302965,7057,2024-03-18,2024-04-17,,806390,0,30 j
302966,21927,2024-03-17,2024-04-01,2024-03-29,81105,81105,Comptant
302967,7209,2024-03-17,2024-04-01,2024-03-31,222330,222330,Comptant
302968,6725,2024-03-18,2024-04-02,,1236110,0,Comptant
302969,16496,2024-03-19,2024-04-03,2024-03-29,125515,125515,Comptant
302970,11258,2024-03-18,2024-04-17,2024-04-17,1136905,1136905,30 j
302971,1385,2024-03-18,2024-04-02,2024-03-30,850340,850340,Comptant
302972,10520,2024-03-20,2024-04-04,2024-04-03,605175,605175,Comptant
302973,16127,2024-03-19,2024-04-03,2024-04-03,424180,424180,Comptant
302974,11460,2024-03-20,2024-04-04,2024-04-01,1180835,1180835,Comptant
302975,5972,2024-03-20,2024-04-04,2024-03-30,830265,830265,Comptant
302976,11619,2024-03-20,2024-04-19,2024-04-19,528595,528595,30 j
302977,9269,2024-03-18,2024-04-17,2024-04-15,1631410,1631410,30 j
302978,16819,2024-03-21,2024-04-05,2024-04-04,387895,387895,Comptant
302979,8741,2024-03-21,2024-04-05,2024-04-02,1207835,1207835,Comptant
302980,20928,2024-03-21,2024-04-20,,132075,0,30 j
302981,22625,2024-03-21,2024-04-05,2024-04-03,1235970,1235970,Comptant
302982,21470,2024-03-21,2024-04-05,2024-04-15,303305,303305,Comptant
302983,8087,2024-03-19,2024-04-03,2024-03-31,731855,731855,Comptant
302984,18509,2024-03-20,2024-04-19,2024-04-19,154470,154470,30 j
302985,5104,2024-03-22,2024-04-06,2024-04-01,519660,519660,Comptant
302986,21451,2024-03-20,2024-04-04,2024-04-03,1504930,1504930,Comptant
302987,4615,2024-03-22,2024-05-21,2024-05-20,1331580,1331580,60 j
302988,19587,2024-03-21,2024-04-20,2024-04-30,479635,479635,30 j
302989,21865,2024-03-22,2024-04-21,2024-04-20,1353800,1353800,30 j
302990,19748,2024-03-21,2024-04-05,2024-04-05,537740,537740,Comptant
302991,19549,2024-03-20,2024-04-04,2024-04-04,735675,735675,Comptant
302992,11767,2024-03-21,2024-04-05,2024-04-04,214210,214210,Comptant
302993,11910,2024-03-21,2024-04-05,2024-04-05,94610,94610,Comptant
302994,9915,2024-03-21,2024-04-05,2024-04-04,652225,652225,Comptant
302995,18647,2024-03-22,2024-04-06,2024-04-05,846085,846085,Comptant
302996,18489,2024-03-23,2024-04-22,2024-04-21,793240,793240,30 j
302997,1995,2024-03-22,2024-04-06,2024-04-04,985890,985890,Comptant
302998,3600,2024-03-23,2024-04-07,2024-04-04,804245,804245,Comptant
302999,10771,2024-03-24,2024-04-08,2024-04-03,844470,844470,Comptant
303000,22054,2024-03-24,2024-04-08,2024-04-03,1674240,1674240,Comptant
303001,17337,2024-03-22,2024-04-06,2024-04-11,1269570,1269570,Comptant
303002,12461,2024-03-23,2024-04-22,2024-04-17,1379285,1379285,30 j
303003,7646,2024-03-24,2024-04-08,,567030,0,Comptant
303004,13850,2024-03-23,2024-04-07,,284065,0,Comptant
303005,12108,2024-03-25,2024-04-09,2024-05-24,895290,895290,Comptant
303006,19269,2024-03-25,2024-04-09,2024-04-06,1301185,1301185,Comptant
303007,21739,2024-03-25,2024-04-09,2024-04-07,1267385,1267385,Comptant
303008,10536,2024-03-24,2024-04-08,2024-04-03,1463150,1463150,Comptant
303009,23724,2024-03-25,2024-04-09,2024-04-04,1486325,1486325,Comptant
303010,11246,2024-03-24,2024-04-08,2024-04-06,821285,821285,Comptant
303011,1647,2024-03-25,2024-04-09,2024-04-14,1423000,1423000,Comptant
303012,20543,2024-03-26,2024-04-25,2024-04-24,1235390,1235390,30 j
303013,8897,2024-03-24,2024-04-08,2024-04-05,1552425,1552425,Comptant
303014,18751,2024-03-26,2024-04-25,2024-04-24,130955,130955,30 j
303015,13920,2024-03-25,2024-04-24,2024-04-19,1457420,1457420,30 j
303016,8941,2024-03-26,2024-04-10,,1607710,0,Comptant
303017,3983,2024-03-25,2024-04-09,2024-04-07,1707845,1707845,Comptant
303018,18631,2024-03-25,2024-04-09,2024-04-11,1013775,1013775,Comptant
303019,16982,2024-03-25,2024-04-09,2024-04-08,659970,659970,Comptant
303020,22057,2024-03-25,2024-04-09,2024-04-07,1286155,1286155,Comptant
303021,2417,2024-03-25,2024-04-24,2024-04-24,1160920,1160920,30 j
303022,15615,2024-03-25,2024-04-09,2024-04-09,690795,690795,Comptant
303023,12222,2024-03-26,2024-04-10,2024-04-05,1092795,1092795,Comptant
303024,5703,2024-03-27,2024-04-11,2024-04-06,79810,79810,Comptant
303025,1080,2024-03-28,2024-04-12,2024-04-12,735300,735300,Comptant
303026,23431,2024-03-27,2024-04-11,2024-04-10,120495,120495,Comptant
303027,11567,2024-03-26,2024-04-10,,976395,0,Comptant
303028,4202,2024-03-28,2024-04-27,,714445,0,30 j
303029,3055,2024-03-28,2024-04-12,2024-04-07,130055,130055,Comptant
303030,10162,2024-03-27,2024-04-26,2024-04-21,1178240,1178240,30 j
303031,22716,2024-03-26,2024-04-10,,1521980,0,Comptant
303032,9933,2024-03-28,2024-04-12,2024-04-12,643225,643225,Comptant
303033,22625,2024-03-28,2024-04-12,2024-04-11,1773390,1773390,Comptant
303034,6981,2024-03-29,2024-04-13,2024-04-12,1362680,1362680,Comptant
303035,18212,2024-03-29,2024-04-28,2024-04-26,189115,189115,30 j
303036,14084,2024-03-27,2024-04-11,2024-04-09,1480595,1480595,Comptant
303037,23189,2024-03-28,2024-04-12,2024-04-12,164465,164465,Comptant
303038,13684,2024-03-27,2024-04-11,2024-04-10,1709305,1709305,Comptant
303039,5445,2024-03-30,2024-04-29,2024-04-28,1275845,1275845,30 j
303040,18673,2024-03-30,2024-05-29,2024-05-27,1356150,1356150,60 j
303041,13139,2024-03-28,2024-04-12,2024-04-10,1010010,1010010,Comptant
303042,18310,2024-03-28,2024-04-27,2024-04-22,605110,605110,30 j
303043,15553,2024-03-29,2024-05-28,2024-05-27,1789265,1789265,60 j
303044,11730,2024-03-30,2024-04-14,2024-04-14,1294930,1294930,Comptant
303045,7421,2024-03-31,2024-04-15,2024-04-15,626055,626055,Comptant
303046,17629,2024-03-31,2024-04-15,2024-04-13,543720,543720,Comptant
303047,7681,2024-03-29,2024-04-13,2024-04-11,1436060,1436060,Comptant
303048,22471,2024-03-30,2024-04-29,2024-04-24,675875,675875,30 j
303049,23105,2024-03-29,2024-04-28,2024-04-26,1376545,1376545,30 j
303050,5273,2024-03-29,2024-04-28,2024-04-23,879700,879700,30 j
303051,19703,2024-03-31,2024-04-15,2024-04-10,864750,864750,Comptant
303052,12063,2024-04-01,2024-04-16,,949755,0,Comptant
303053,23867,2024-03-30,2024-04-14,2024-04-14,400235,400235,Comptant
303054,20787,2024-03-31,2024-04-15,2024-05-05,1390795,1390795,Comptant
303055,12822,2024-04-01,2024-05-31,2024-05-30,257805,257805,60 j
303056,5529,2024-03-30,2024-04-14,2024-04-13,823710,823710,Comptant
303057,2791,2024-03-30,2024-04-29,2024-04-24,1742720,1742720,30 j
303058,7842,2024-03-31,2024-04-15,2024-04-14,1696955,1696955,Comptant
303059,3519,2024-04-01,2024-04-16,2024-04-14,1124700,1124700,Comptant
303060,11898,2024-04-02,2024-05-02,2024-04-27,339055,339055,30 j
303061,14832,2024-04-01,2024-05-01,,1465375,0,30 j
303062,13754,2024-03-31,2024-04-30,,413575,0,30 j
303063,13380,2024-04-01,2024-04-16,2024-04-13,324985,324985,Comptant
303064,1279,2024-04-01,2024-04-16,2024-04-15,298805,298805,Comptant
303065,20111,2024-04-01,2024-04-16,2024-04-15,346300,346300,Comptant
303066,262,2024-04-01,2024-05-01,,715295,0,30 j
303067,10290,2024-04-01,2024-05-01,2024-05-01,251185,251185,30 j
303068,23564,2024-04-03,2024-04-18,2024-04-13,1648525,1648525,Comptant
303069,4723,2024-04-03,2024-05-03,2024-05-03,1531995,1531995,30 j
303070,19434,2024-04-01,2024-04-16,2024-04-11,66660,66660,Comptant
303071,4572,2024-04-03,2024-04-18,2024-04-13,452880,452880,Comptant
303072,20014,2024-04-03,2024-05-03,2024-05-01,1378575,1378575,30 j
303073,370,2024-04-03,2024-04-18,2024-04-18,1747155,1747155,Comptant
303074,15012,2024-04-03,2024-05-03,2024-05-04,76705,76705,30 j
303075,13443,2024-04-04,2024-04-19,2024-04-14,649835,649835,Comptant
303076,7480,2024-04-04,2024-04-19,2024-04-21,141130,141130,Comptant
303077,11484,2024-04-04,2024-04-19,2024-04-19,822910,822910,Comptant
303078,19442,2024-04-03,2024-04-18,2024-04-16,356445,356445,Comptant
303079,7515,2024-04-04,2024-05-04,2024-05-24,550105,550105,30 j
303080,10462,2024-04-05,2024-04-20,2024-04-17,260845,260845,Comptant
303081,9902,2024-04-04,2024-04-19,2024-04-14,1175310,1175310,Comptant
303082,8792,2024-04-03,2024-04-18,2024-04-18,1578195,1578195,Comptant
303083,7408,2024-04-03,2024-04-18,2024-04-13,106305,106305,Comptant
303084,18828,2024-04-04,2024-05-04,2024-05-04,402480,402480,30 j
303085,11589,2024-04-05,2024-05-05,2024-05-04,1062495,1062495,30 j
303086,2865,2024-04-04,2024-05-04,,467890,0,30 j
303087,13836,2024-04-04,2024-04-19,2024-04-18,981455,981455,Comptant
303088,11759,2024-04-05,2024-05-05,2024-05-04,1276155,1276155,30 j
303089,3212,2024-04-05,2024-04-20,,1311295,0,Comptant
303090,4424,2024-04-06,2024-04-21,2024-04-19,1088430,1088430,Comptant
303091,3773,2024-04-06,2024-05-06,2024-05-06,1312515,1312515,30 j
303092,1140,2024-04-05,2024-04-20,2024-04-18,302060,302060,Comptant
303093,9001,2024-04-06,2024-04-21,2024-04-16,304470,304470,Comptant
303094,10996,2024-04-07,2024-06-06,2024-06-03,1554370,1554370,60 j
303095,15198,2024-04-06,2024-04-21,,1455955,0,Comptant
303096,14882,2024-04-06,2024-05-06,2024-05-05,713400,713400,30 j
303097,5957,2024-04-07,2024-04-22,2024-04-17,889985,889985,Comptant
303098,17689,2024-04-07,2024-04-22,2024-04-19,1409380,1409380,Comptant
303099,21935,2024-04-08,2024-04-23,,1608050,0,Comptant
303100,369,2024-04-06,2024-05-06,,1411205,0,30 j
303101,13315,2024-04-07,2024-04-22,2024-04-17,1693265,1693265,Comptant
303102,20608,2024-04-08,2024-05-08,2024-05-06,1380385,1380385,30 j
303103,7527,2024-04-07,2024-05-07,2024-05-07,1235835,1235835,30 j
303104,12077,2024-04-06,2024-04-21,2024-04-21,728880,728880,Comptant
303105,3560,2024-04-08,2024-04-23,2024-04-18,1383030,1383030,Comptant
303106,7692,2024-04-09,2024-04-24,,1295110,0,Comptant
303107,21920,2024-04-09,2024-04-24,2024-04-21,1257650,1257650,Comptant
303108,22829,2024-04-07,2024-04-22,2024-04-22,222010,222010,Comptant
303109,22473,2024-04-08,2024-05-08,2024-05-05,1694090,1694090,30 j
303110,20292,2024-04-07,2024-04-22,2024-04-22,365415,365415,Comptant
303111,15690,2024-04-08,2024-05-08,,161845,0,30 j
303112,12899,2024-04-08,2024-04-23,2024-04-18,1666705,1666705,Comptant
303113,12337,2024-04-10,2024-06-09,2024-06-06,1768385,1768385,60 j
303114,14792,2024-04-10,2024-04-25,2024-04-24,1409915,1409915,Comptant
303115,5191,2024-04-10,2024-04-25,2024-04-25,1762295,1762295,Comptant
303116,17091,2024-04-09,2024-06-08,2024-06-05,915885,915885,60 j
303117,9058,2024-04-08,2024-05-08,2024-05-08,504705,504705,30 j
303118,21220,2024-04-10,2024-04-25,2024-04-22,1545470,1545470,Comptant
303119,12022,2024-04-11,2024-05-11,2024-05-09,262545,262545,30 j
303120,20314,2024-04-09,2024-05-09,2024-05-08,365385,365385,30 j
303121,660,2024-04-11,2024-04-26,2024-04-24,644605,644605,Comptant
303122,20196,2024-04-09,2024-05-09,2024-05-06,1512345,1512345,30 j
303123,7834,2024-04-09,2024-04-24,2024-04-23,657170,657170,Comptant
303124,17334,2024-04-09,2024-05-09,2024-05-08,102335,102335,30 j
303125,9357,2024-04-10,2024-04-25,2024-04-23,1300875,1300875,Comptant
303126,14141,2024-04-12,2024-05-12,2024-05-11,977810,977810,30 j
303127,4699,2024-04-11,2024-04-26,2024-04-23,1179255,1179255,Comptant
303128,6750,2024-04-10,2024-04-25,2024-04-22,473450,473450,Comptant
303129,23720,2024-04-10,2024-04-25,2024-04-23,404180,404180,Comptant
303130,846,2024-04-10,2024-04-25,2024-04-20,1653820,1653820,Comptant
303131,13053,2024-04-11,2024-04-26,2024-04-25,981255,981255,Comptant
303132,9488,2024-04-12,2024-04-27,,1114160,0,Comptant
303133,21557,2024-04-12,2024-05-12,2024-05-11,612865,612865,30 j
303134,2608,2024-04-11,2024-06-10,2024-06-05,1069805,1069805,60 j
303135,21643,2024-04-12,2024-05-12,,1219015,0,30 j
303136,15844,2024-04-12,2024-04-27,2024-04-26,918205,918205,Comptant
303137,16183,2024-04-12,2024-04-27,2024-04-26,1440360,1440360,Comptant
303138,19483,2024-04-12,2024-04-27,2024-04-22,865645,865645,Comptant
303139,10841,2024-04-14,2024-04-29,2024-05-01,1704010,1704010,Comptant
303140,14626,2024-04-14,2024-04-29,,398865,0,Comptant
303141,2141,2024-04-13,2024-04-28,2024-05-08,1247235,1247235,Comptant
303142,18763,2024-04-13,2024-04-28,2024-04-28,1706465,1706465,Comptant
303143,2949,2024-04-12,2024-04-27,,872720,0,Comptant
303144,23325,2024-04-13,2024-06-12,2024-06-11,1105200,1105200,60 j
303145,3587,2024-04-14,2024-05-14,2024-05-13,1229355,1229355,30 j
303146,7554,2024-04-13,2024-06-12,,886105,0,60 j
303147,2934,2024-04-15,2024-04-30,,452205,0,Comptant
303148,23490,2024-04-14,2024-04-29,2024-04-29,512030,512030,Comptant
303149,9203,2024-04-13,2024-04-28,2024-04-23,959945,959945,Comptant
303150,17869,2024-04-14,2024-05-14,2024-05-16,864625,864625,30 j
303151,21574,2024-04-14,2024-05-14,2024-05-11,66675,66675,30 j
303152,17185,2024-04-14,2024-06-13,2024-06-13,727615,727615,60 j
303153,11844,2024-04-15,2024-04-30,2024-04-30,1107275,1107275,Comptant
303154,7970,2024-04-14,2024-05-14,2024-05-16,1177675,1177675,30 j
303155,22638,2024-04-15,2024-05-15,2024-05-13,244080,244080,30 j
303156,5722,2024-04-16,2024-05-01,2024-04-26,772800,772800,Comptant
303157,12859,2024-04-14,2024-06-13,2024-06-12,1663375,1663375,60 j
303158,11001,2024-04-15,2024-04-30,2024-04-29,1752615,1752615,Comptant
303159,528,2024-04-14,2024-04-29,2024-04-27,378985,378985,Comptant
303160,3852,2024-04-16,2024-05-16,2024-05-13,1134790,1134790,30 j
303161,22687,2024-04-16,2024-05-16,2024-05-15,1311055,1311055,30 j
303162,11998,2024-04-16,2024-05-01,2024-04-28,86045,86045,Comptant
303163,17913,2024-04-17,2024-05-02,2024-05-12,165840,165840,Comptant
303164,432,2024-04-16,2024-05-01,2024-05-01,155400,155400,Comptant
303165,9421,2024-04-16,2024-05-16,2024-05-13,1391495,1391495,30 j
303166,11885,2024-04-16,2024-05-16,2024-05-14,252955,252955,30 j
303167,3521,2024-04-18,2024-06-17,2024-06-12,946810,946810,60 j
303168,14384,2024-04-17,2024-05-02,2024-04-30,266960,266960,Comptant
303169,8142,2024-04-17,2024-05-02,2024-04-30,1209840,1209840,Comptant
303170,7928,2024-04-16,2024-05-01,2024-04-30,953655,953655,Comptant
303171,8294,2024-04-18,2024-05-03,2024-04-28,215260,215260,Comptant
303172,16023,2024-04-16,2024-05-01,2024-05-01,967570,967570,Comptant
303173,1080,2024-04-18,2024-05-03,2024-05-04,556070,556070,Comptant
303174,21453,2024-04-18,2024-05-03,2024-04-30,1489980,1489980,Comptant
303175,21037,2024-04-18,2024-05-18,,315240,0,30 j
303176,21681,2024-04-19,2024-05-19,2024-05-19,896490,896490,30 j
303177,5199,2024-04-18,2024-05-03,2024-05-02,1481580,1481580,Comptant
303178,19032,2024-04-18,2024-05-03,2024-05-13,978245,978245,Comptant
303179,18197,2024-04-19,2024-05-04,2024-04-29,1360885,1360885,Comptant
303180,18555,2024-04-18,2024-05-03,2024-05-02,1017480,1017480,Comptant
303181,21769,2024-04-20,2024-06-19,2024-06-18,123755,123755,60 j
303182,335,2024-04-18,2024-05-18,2024-05-13,618255,618255,30 j
303183,10888,2024-04-18,2024-05-03,2024-04-28,312915,312915,Comptant
303184,13974,2024-04-18,2024-05-18,2024-05-13,367835,367835,30 j
303185,10800,2024-04-18,2024-05-18,2024-05-17,1326580,1326580,30 j
303186,1289,2024-04-20,2024-05-05,,855070,0,Comptant
303187,21601,2024-04-20,2024-05-05,2024-05-02,893470,893470,Comptant
303188,11112,2024-04-20,2024-05-05,2024-05-05,70500,70500,Comptant
303189,16272,2024-04-20,2024-05-05,,223410,0,Comptant
303190,9681,2024-04-19,2024-05-04,,577645,0,Comptant
303191,21840,2024-04-20,2024-05-20,2024-05-17,1685200,1685200,30 j
303192,15120,2024-04-20,2024-05-05,2024-05-04,257170,257170,Comptant
303193,1840,2024-04-22,2024-05-22,2024-05-20,523735,523735,30 j
303194,11520,2024-04-22,2024-05-22,2024-05-21,705545,705545,30 j
303195,23740,2024-04-21,2024-05-06,2024-05-03,1094825,1094825,Comptant
303196,1976,2024-04-22,2024-05-07,2024-05-04,1378230,1378230,Comptant
303197,13496,2024-04-20,2024-05-20,,791220,0,30 j
303198,10693,2024-04-21,2024-05-06,,169980,0,Comptant
303199,2664,2024-04-21,2024-05-21,2024-05-16,98900,98900,30 j
303200,20266,2024-04-23,2024-05-23,2024-05-23,964035,964035,30 j
303201,21263,2024-04-21,2024-05-06,2024-05-03,933355,933355,Comptant
303202,1454,2024-04-22,2024-05-07,2024-05-02,992035,992035,Comptant
303203,14644,2024-04-22,2024-05-22,2024-05-27,957690,957690,30 j
303204,17379,2024-04-22,2024-05-22,,256315,0,30 j
303205,13943,2024-04-23,2024-05-23,2024-05-28,1638395,1638395,30 j
303206,12295,2024-04-23,2024-05-23,2024-05-21,524455,524455,30 j
303207,8713,2024-04-23,2024-05-23,2024-05-21,1177570,1177570,30 j
303208,20335,2024-04-23,2024-05-08,2024-05-06,532675,532675,Comptant
303209,109,2024-04-24,2024-05-09,2024-05-04,1674640,1674640,Comptant
303210,6921,2024-04-22,2024-06-21,2024-06-20,1199970,1199970,60 j
303211,912,2024-04-24,2024-05-09,2024-05-04,795815,795815,Comptant
303212,7219,2024-04-24,2024-05-09,,879510,0,Comptant
303213,16344,2024-04-25,2024-05-10,2024-05-09,1141860,1141860,Comptant
303214,3287,2024-04-23,2024-05-08,,485600,0,Comptant
303215,20155,2024-04-24,2024-05-09,2024-05-08,523290,523290,Comptant
303216,16078,2024-04-25,2024-05-10,,1216320,0,Comptant
303217,5516,2024-04-25,2024-05-10,2024-05-10,1691550,1691550,Comptant
303218,5361,2024-04-23,2024-05-23,2024-05-23,1137020,1137020,30 j
303219,18370,2024-04-23,2024-05-08,2024-05-09,1764140,1764140,Comptant
303220,18793,2024-04-26,2024-05-26,2024-05-25,1341500,1341500,30 j
303221,3698,2024-04-25,2024-05-25,,1071310,0,30 j
303222,7590,2024-04-26,2024-05-26,2024-05-21,845585,845585,30 j
303223,11093,2024-04-26,2024-05-11,2024-05-09,1232840,1232840,Comptant
303224,14001,2024-04-26,2024-05-11,2024-05-11,869680,869680,Comptant
303225,2231,2024-04-24,2024-05-09,2024-05-09,186580,186580,Comptant
303226,12881,2024-04-25,2024-05-10,2024-05-10,569740,569740,Comptant
303227,10541,2024-04-26,2024-05-26,2024-05-24,1132335,1132335,30 j
303228,23746,2024-04-26,2024-05-11,,732500,0,Comptant
303229,4153,2024-04-26,2024-05-11,2024-05-09,217130,217130,Comptant
303230,16706,2024-04-26,2024-05-11,2024-05-31,299650,299650,Comptant
303231,15270,2024-04-26,2024-05-11,2024-05-06,1330245,1330245,Comptant
303232,18783,2024-04-26,2024-05-11,2024-05-08,1750540,1750540,Comptant
303233,9440,2024-04-26,2024-05-11,2024-05-10,323025,323025,Comptant
303234,20354,2024-04-27,2024-05-12,2024-05-12,407885,407885,Comptant
303235,21873,2024-04-26,2024-05-26,2024-05-23,1673735,1673735,30 j
303236,2363,2024-04-27,2024-05-12,2024-05-12,1484650,1484650,Comptant
303237,22865,2024-04-27,2024-05-12,2024-05-11,1017105,1017105,Comptant
303238,9610,2024-04-27,2024-05-12,2024-05-12,1424845,1424845,Comptant
303239,15477,2024-04-27,2024-05-12,2024-05-22,1020285,1020285,Comptant
303240,13856,2024-04-28,2024-05-13,2024-05-11,1257345,1257345,Comptant
303241,3836,2024-04-29,2024-05-14,2024-05-13,992530,992530,Comptant
303242,5705,2024-04-29,2024-05-14,,986125,0,Comptant
303243,4564,2024-04-27,2024-05-27,2024-05-27,754840,754840,30 j
303244,220,2024-04-28,2024-05-13,2024-05-11,739605,739605,Comptant
303245,10655,2024-04-28,2024-05-28,2024-05-23,1004085,1004085,30 j
303246,18333,2024-04-28,2024-05-13,2024-05-15,1195020,1195020,Comptant
303247,18476,2024-04-30,2024-05-15,2024-05-14,1731370,1731370,Comptant
303248,5749,2024-04-30,2024-05-30,,1737010,0,30 j
303249,13594,2024-04-29,2024-05-29,2024-05-27,589925,589925,30 j
303250,11319,2024-04-29,2024-05-14,2024-05-11,1607085,1607085,Comptant
303251,3995,2024-04-29,2024-05-29,2024-05-28,448200,448200,30 j
303252,7974,2024-04-28,2024-05-28,2024-05-28,1616480,1616480,30 j
303253,1,2024-04-29,2024-05-29,2024-05-29,924325,924325,30 j
303254,15451,2024-05-01,2024-05-16,,1289010,0,Comptant
303255,11398,2024-05-01,2024-05-16,2024-05-14,394900,394900,Comptant
303256,13282,2024-04-30,2024-05-30,2024-05-29,510015,510015,30 j
303257,19532,2024-04-30,2024-06-29,2024-06-24,1256780,1256780,60 j
303258,12530,2024-04-30,2024-05-15,2024-06-29,1619700,1619700,Comptant
303259,19698,2024-04-29,2024-05-14,2024-05-14,1280565,1280565,Comptant
303260,14435,2024-04-30,2024-05-15,2024-05-10,1483825,1483825,Comptant
303261,14498,2024-05-02,2024-06-01,2024-05-27,517235,517235,30 j
303262,22464,2024-05-01,2024-06-30,2024-06-28,851210,851210,60 j
303263,632,2024-05-02,2024-07-01,2024-06-29,125650,125650,60 j
303264,1284,2024-05-02,2024-05-17,,697040,0,Comptant
303265,6043,2024-05-01,2024-05-16,2024-05-15,171695,171695,Comptant
303266,5685,2024-04-30,2024-05-15,2024-05-10,1416355,1416355,Comptant
303267,10387,2024-05-02,2024-06-01,2024-05-27,1750740,1750740,30 j
303268,4656,2024-05-02,2024-07-01,,1184260,0,60 j
303269,6492,2024-05-03,2024-06-02,2024-06-01,773780,773780,30 j
303270,7799,2024-05-02,2024-05-17,2024-07-01,335690,335690,Comptant
303271,20887,2024-05-01,2024-05-16,2024-05-16,627360,627360,Comptant
303272,15925,2024-05-01,2024-05-16,2024-05-11,173795,173795,Comptant
303273,15603,2024-05-01,2024-05-16,2024-05-14,1781250,1781250,Comptant
303274,6233,2024-05-03,2024-06-02,2024-06-02,288465,288465,30 j
303275,8622,2024-05-03,2024-06-02,2024-06-02,1393560,1393560,30 j
303276,1345,2024-05-03,2024-05-18,2024-05-19,1009595,1009595,Comptant
303277,1279,2024-05-04,2024-05-19,2024-05-19,846660,846660,Comptant
303278,14753,2024-05-02,2024-07-01,2024-06-30,316665,316665,60 j
303279,11874,2024-05-02,2024-06-01,,614350,0,30 j
303280,15407,2024-05-04,2024-06-03,2024-06-02,1068645,1068645,30 j
303281,1391,2024-05-03,2024-06-02,2024-05-28,1012635,1012635,30 j
303282,9615,2024-05-05,2024-06-04,2024-06-03,284300,284300,30 j
303283,16499,2024-05-03,2024-05-18,,1479710,0,Comptant
303284,16578,2024-05-03,2024-05-18,2024-05-18,65755,65755,Comptant
303285,16751,2024-05-05,2024-05-20,2024-05-19,483875,483875,Comptant
303286,1051,2024-05-03,2024-05-18,,1445990,0,Comptant
303287,10959,2024-05-06,2024-05-21,2024-05-19,1679755,1679755,Comptant
303288,5196,2024-05-04,2024-05-19,,1400450,0,Comptant
303289,22442,2024-05-04,2024-05-19,2024-05-19,1449865,1449865,Comptant
303290,10930,2024-05-05,2024-06-04,2024-06-03,1300115,1300115,30 j
303291,23841,2024-05-06,2024-05-21,,301145,0,Comptant
303292,18913,2024-05-04,2024-05-19,,334770,0,Comptant
303293,9926,2024-05-05,2024-05-20,2024-05-19,1005160,1005160,Comptant
303294,9497,2024-05-05,2024-06-04,2024-06-02,1798210,1798210,30 j
303295,2597,2024-05-06,2024-05-21,2024-05-22,728980,728980,Comptant
303296,11760,2024-05-05,2024-06-04,2024-05-30,146405,146405,30 j
303297,420,2024-05-07,2024-06-06,,614830,0,30 j
303298,20482,2024-05-07,2024-05-22,,223435,0,Comptant
303299,9456,2024-05-05,2024-05-20,2024-05-15,957320,957320,Comptant
303300,5127,2024-05-06,2024-05-21,2024-05-19,1157560,1157560,Comptant
303301,16966,2024-05-08,2024-05-23,2024-05-20,1649920,1649920,Comptant
303302,3297,2024-05-06,2024-05-21,2024-05-19,984975,984975,Comptant
303303,3569,2024-05-07,2024-06-06,2024-06-04,140840,140840,30 j
303304,14804,2024-05-06,2024-05-21,2024-07-05,185945,185945,Comptant
303305,4961,2024-05-08,2024-07-07,2024-07-05,1170085,1170085,60 j
303306,6460,2024-05-08,2024-05-23,2024-05-22,887660,887660,Comptant
303307,23382,2024-05-09,2024-05-24,2024-05-23,890855,890855,Comptant
303308,2033,2024-05-07,2024-05-22,2024-05-22,633410,633410,Comptant
303309,2303,2024-05-07,2024-06-06,2024-06-05,679820,679820,30 j
303310,3908,2024-05-07,2024-06-06,2024-06-06,412235,412235,30 j
303311,15169,2024-05-09,2024-05-24,2024-05-24,1413695,1413695,Comptant
303312,15099,2024-05-07,2024-05-22,2024-05-17,1405095,1405095,Comptant
303313,23667,2024-05-09,2024-06-08,2024-06-08,1167830,1167830,30 j
303314,6234,2024-05-10,2024-05-25,2024-05-23,1543075,1543075,Comptant
303315,16826,2024-05-08,2024-05-23,2024-05-21,1386800,1386800,Comptant
303316,16054,2024-05-10,2024-05-25,2024-05-24,229775,229775,Comptant
303317,881,2024-05-08,2024-05-23,2024-05-22,1635720,1635720,Comptant
303318,6527,2024-05-08,2024-05-23,2024-05-21,778715,778715,Comptant
303319,17512,2024-05-08,2024-05-23,2024-05-28,1091790,1091790,Comptant
303320,13630,2024-05-09,2024-06-08,2024-06-07,1245530,1245530,30 j
303321,3423,2024-05-11,2024-06-10,2024-06-09,1680730,1680730,30 j
303322,14024,2024-05-10,2024-06-09,2024-06-04,811675,811675,30 j
303323,20169,2024-05-09,2024-05-24,2024-05-26,1535355,1535355,Comptant
303324,19239,2024-05-10,2024-06-09,2024-06-29,813545,813545,30 j
303325,16217,2024-05-11,2024-07-10,2024-07-07,992040,992040,60 j
303326,11851,2024-05-10,2024-05-25,2024-05-20,821620,821620,Comptant
303327,18133,2024-05-10,2024-05-25,2024-05-24,1014185,1014185,Comptant
303328,20320,2024-05-11,2024-07-10,2024-07-07,1030565,1030565,60 j
303329,1692,2024-05-11,2024-05-26,2024-05-21,119935,119935,Comptant
303330,15357,2024-05-12,2024-06-11,2024-06-11,1408695,1408695,30 j
303331,8715,2024-05-11,2024-05-26,2024-05-25,213200,213200,Comptant
303332,13016,2024-05-12,2024-07-11,2024-07-06,177820,177820,60 j
303333,9025,2024-05-11,2024-05-26,2024-05-23,750200,750200,Comptant
303334,10880,2024-05-13,2024-05-28,2024-05-27,694985,694985,Comptant
303335,5907,2024-05-13,2024-06-12,2024-06-13,561675,561675,30 j
303336,6902,2024-05-13,2024-05-28,2024-05-25,684795,684795,Comptant
303337,5480,2024-05-12,2024-05-27,2024-05-25,1118125,1118125,Comptant
303338,2048,2024-05-13,2024-05-28,2024-05-25,1725270,1725270,Comptant
303339,6608,2024-05-11,2024-06-10,2024-06-07,914930,914930,30 j
303340,5373,2024-05-13,2024-05-28,2024-05-26,1053155,1053155,Comptant
303341,12158,2024-05-14,2024-05-29,2024-06-03,801520,801520,Comptant
303342,12927,2024-05-14,2024-05-29,,1258830,0,Comptant
303343,1932,2024-05-14,2024-06-13,2024-06-12,390320,390320,30 j
303344,20405,2024-05-13,2024-07-12,2024-07-10,565715,565715,60 j
303345,4691,2024-05-12,2024-06-11,2024-06-16,1676935,1676935,30 j
303346,7180,2024-05-14,2024-05-29,2024-05-26,1294820,1294820,Comptant
303347,17281,2024-05-13,2024-05-28,2024-05-30,715930,715930,Comptant
303348,22709,2024-05-13,2024-05-28,2024-05-28,1776830,1776830,Comptant
303349,17538,2024-05-15,2024-05-30,,1319415,0,Comptant
303350,3139,2024-05-13,2024-05-28,2024-05-29,1325780,1325780,Comptant
303351,12189,2024-05-14,2024-05-29,2024-05-28,728750,728750,Comptant
303352,4742,2024-05-13,2024-06-12,2024-06-11,1609460,1609460,30 j
303353,1194,2024-05-15,2024-06-14,2024-06-14,1309950,1309950,30 j
303354,6978,2024-05-15,2024-06-14,2024-06-13,1324075,1324075,30 j
303355,11813,2024-05-15,2024-06-14,2024-06-13,718040,718040,30 j
303356,3496,2024-05-15,2024-06-14,2024-06-11,862090,862090,30 j
303357,20864,2024-05-14,2024-05-29,2024-05-27,1165945,1165945,Comptant
303358,4414,2024-05-14,2024-05-29,2024-05-27,1768215,1768215,Comptant
303359,4536,2024-05-15,2024-06-14,,432510,0,30 j
303360,718,2024-05-16,2024-05-31,2024-05-29,892465,892465,Comptant
303361,7476,2024-05-17,2024-06-16,2024-06-13,1597010,1597010,30 j
303362,4080,2024-05-15,2024-05-30,2024-05-30,627760,627760,Comptant
303363,20121,2024-05-15,2024-06-14,2024-06-14,439090,439090,30 j
303364,6405,2024-05-15,2024-06-14,2024-06-09,1709940,1709940,30 j
303365,22893,2024-05-17,2024-06-01,,505405,0,Comptant
303366,4810,2024-05-17,2024-06-01,2024-06-01,797455,797455,Comptant
303367,3756,2024-05-17,2024-06-01,2024-05-27,836215,836215,Comptant
303368,4551,2024-05-16,2024-06-15,2024-07-30,559335,559335,30 j
303369,2689,2024-05-18,2024-06-02,2024-06-12,730170,730170,Comptant
303370,22309,2024-05-18,2024-06-17,2024-06-12,1627130,1627130,30 j
303371,9414,2024-05-17,2024-07-16,,1410860,0,60 j
303372,19948,2024-05-18,2024-07-17,2024-08-31,67240,67240,60 j
303373,21105,2024-05-16,2024-07-15,2024-07-10,563170,563170,60 j
303374,4900,2024-05-17,2024-06-01,,434800,0,Comptant
303375,16344,2024-05-19,2024-06-03,2024-06-01,1279990,1279990,Comptant
303376,5638,2024-05-17,2024-06-16,,542335,0,30 j
303377,7654,2024-05-18,2024-06-02,2024-06-01,891305,891305,Comptant
303378,2053,2024-05-18,2024-06-17,2024-06-16,582770,582770,30 j
303379,300,2024-05-17,2024-07-16,2024-08-05,1738465,1738465,60 j
303380,609,2024-05-19,2024-06-18,2024-08-02,353290,353290,30 j
303381,16122,2024-05-20,2024-06-04,2024-06-01,943150,943150,Comptant
303382,21235,2024-05-18,2024-06-17,2024-06-14,516710,516710,30 j
303383,449,2024-05-20,2024-06-04,2024-06-09,713025,713025,Comptant
303384,17339,2024-05-20,2024-06-04,2024-06-01,60515,60515,Comptant
303385,19102,2024-05-19,2024-07-18,2024-07-13,318610,318610,60 j
303386,22958,2024-05-20,2024-06-19,2024-06-17,1157750,1157750,30 j
303387,2917,2024-05-18,2024-06-17,2024-06-12,993105,993105,30 j
303388,19279,2024-05-19,2024-06-03,2024-05-31,650495,650495,Comptant
303389,16747,2024-05-20,2024-06-19,,1162020,0,30 j
303390,5153,2024-05-20,2024-06-04,2024-05-30,834235,834235,Comptant
303391,8071,2024-05-19,2024-06-03,2024-06-01,724195,724195,Comptant
303392,12144,2024-05-20,2024-06-04,2024-06-04,685475,685475,Comptant
303393,11565,2024-05-20,2024-06-04,2024-06-02,765080,765080,Comptant
303394,14469,2024-05-20,2024-06-04,2024-06-02,604825,604825,Comptant
303395,4455,2024-05-20,2024-06-19,2024-06-18,330245,330245,30 j
303396,16390,2024-05-21,2024-06-05,2024-06-03,1128685,1128685,Comptant
303397,20963,2024-05-21,2024-06-05,2024-06-15,1258120,1258120,Comptant
303398,20548,2024-05-20,2024-06-04,,788390,0,Comptant
303399,6298,2024-05-21,2024-06-20,2024-06-17,1514930,1514930,30 j
303400,16224,2024-05-22,2024-06-06,2024-06-05,1469410,1469410,Comptant
303401,3586,2024-05-22,2024-06-21,2024-06-21,1403425,1403425,30 j
303402,3017,2024-05-23,2024-06-07,2024-06-07,737945,737945,Comptant
303403,11097,2024-05-23,2024-07-22,,892700,0,60 j
303404,1366,2024-05-23,2024-06-07,2024-06-04,326745,326745,Comptant
303405,18113,2024-05-21,2024-06-05,2024-06-06,206315,206315,Comptant
303406,4676,2024-05-21,2024-06-05,2024-05-31,1587215,1587215,Comptant
303407,3295,2024-05-21,2024-06-05,2024-06-03,1754540,1754540,Comptant
303408,21987,2024-05-22,2024-06-06,2024-06-04,1030295,1030295,Comptant
303409,7685,2024-05-22,2024-06-06,2024-06-01,1739830,1739830,Comptant
303410,8663,2024-05-22,2024-06-21,2024-06-18,701195,701195,30 j
303411,14116,2024-05-23,2024-06-07,2024-06-05,1736690,1736690,Comptant
303412,12692,2024-05-24,2024-06-23,2024-06-22,1596295,1596295,30 j
303413,16721,2024-05-24,2024-06-08,2024-06-06,66590,66590,Comptant
303414,23351,2024-05-22,2024-06-06,2024-06-05,1065350,1065350,Comptant
303415,7819,2024-05-24,2024-07-23,,1425255,0,60 j
303416,17926,2024-05-24,2024-06-08,2024-06-05,1536650,1536650,Comptant
303417,1382,2024-05-23,2024-06-22,2024-06-17,484755,484755,30 j
303418,4165,2024-05-24,2024-06-08,2024-06-08,104115,104115,Comptant
303419,21874,2024-05-25,2024-06-09,2024-06-08,372820,372820,Comptant
303420,19227,2024-05-25,2024-06-09,2024-06-09,1693315,1693315,Comptant
303421,13489,2024-05-24,2024-06-23,2024-06-24,1698675,1698675,30 j
303422,9830,2024-05-26,2024-06-25,,1673495,0,30 j
303423,8907,2024-05-26,2024-06-10,2024-06-11,1524160,1524160,Comptant
303424,18875,2024-05-25,2024-06-09,2024-06-04,948555,948555,Comptant
303425,15084,2024-05-25,2024-06-09,2024-06-06,1143120,1143120,Comptant
303426,23852,2024-05-26,2024-06-10,2024-06-30,832300,832300,Comptant
303427,22069,2024-05-26,2024-06-10,2024-06-08,580195,580195,Comptant
303428,2228,2024-05-25,2024-06-24,2024-06-22,104295,104295,30 j
303429,21634,2024-05-25,2024-06-09,2024-06-07,1264345,1264345,Comptant
303430,16873,2024-05-25,2024-06-09,2024-06-19,257690,257690,Comptant
303431,3485,2024-05-25,2024-06-24,2024-06-21,1222570,1222570,30 j
303432,22737,2024-05-27,2024-06-26,2024-06-25,1024100,1024100,30 j
303433,8479,2024-05-25,2024-06-09,2024-06-08,101595,101595,Comptant
303434,19253,2024-05-26,2024-06-10,2024-07-25,169355,169355,Comptant
303435,14803,2024-05-26,2024-06-10,2024-06-08,1730110,1730110,Comptant
303436,2348,2024-05-26,2024-06-25,2024-06-22,1413595,1413595,30 j
303437,19483,2024-05-28,2024-06-12,,494145,0,Comptant
303438,18410,2024-05-26,2024-06-10,2024-06-10,923480,923480,Comptant
303439,1926,2024-05-26,2024-06-10,2024-06-05,1342340,1342340,Comptant
303440,44,2024-05-28,2024-06-12,2024-06-07,1572345,1572345,Comptant
303441,7003,2024-05-26,2024-06-25,2024-06-22,813695,813695,30 j
303442,15010,2024-05-28,2024-06-27,2024-06-24,400210,400210,30 j
303443,2644,2024-05-29,2024-06-13,2024-06-11,1184200,1184200,Comptant
303444,16249,2024-05-29,2024-06-13,2024-06-14,1765615,1765615,Comptant
303445,23400,2024-05-27,2024-06-26,2024-06-24,373130,373130,30 j
303446,8358,2024-05-28,2024-06-12,2024-06-11,1460450,1460450,Comptant
303447,16864,2024-05-28,2024-06-27,2024-06-25,1488140,1488140,30 j
303448,3433,2024-05-27,2024-06-26,2024-06-24,1185235,1185235,30 j
303449,1054,2024-05-28,2024-06-27,2024-06-24,511790,511790,30 j
303450,8315,2024-05-28,2024-06-12,2024-06-09,876880,876880,Comptant
303451,1741,2024-05-30,2024-06-29,2024-06-28,1398995,1398995,30 j
303452,10727,2024-05-28,2024-07-27,2024-07-26,1172245,1172245,60 j
303453,4799,2024-05-30,2024-06-14,,381100,0,Comptant
303454,19085,2024-05-29,2024-06-28,,592875,0,30 j
303455,5706,2024-05-31,2024-06-15,2024-06-10,790160,790160,Comptant
303456,6799,2024-05-29,2024-06-13,2024-06-12,250705,250705,Comptant
303457,23120,2024-05-30,2024-07-29,,1294970,0,60 j
303458,16566,2024-05-29,2024-06-28,,911100,0,30 j
303459,18247,2024-05-31,2024-07-30,2024-07-29,1180545,1180545,60 j
303460,21918,2024-05-30,2024-06-14,2024-06-19,365180,365180,Comptant
303461,15486,2024-05-31,2024-06-15,2024-06-13,432125,432125,Comptant
303462,5353,2024-05-31,2024-06-15,2024-06-10,1374725,1374725,Comptant
303463,19116,2024-05-31,2024-06-30,2024-06-29,781425,781425,30 j
303464,1003,2024-05-31,2024-07-30,2024-07-28,240340,240340,60 j
303465,23058,2024-06-01,2024-06-16,2024-06-16,1268005,1268005,Comptant
303466,3826,2024-06-01,2024-06-16,2024-06-16,618390,618390,Comptant
303467,3390,2024-05-31,2024-06-15,2024-06-25,888615,888615,Comptant
303468,11801,2024-06-01,2024-06-16,2024-06-14,230680,230680,Comptant
303469,2018,2024-06-01,2024-06-16,,621750,0,Comptant
303470,11236,2024-06-02,2024-06-17,2024-06-22,1597445,1597445,Comptant
303471,1593,2024-06-02,2024-06-17,2024-06-12,899960,899960,Comptant
303472,15665,2024-05-31,2024-06-30,2024-06-28,729940,729940,30 j
303473,17137,2024-05-31,2024-06-30,2024-07-02,875960,875960,30 j
303474,9392,2024-06-01,2024-06-16,2024-06-13,641225,641225,Comptant
303475,11639,2024-06-02,2024-06-17,2024-06-14,783485,783485,Comptant
303476,6393,2024-06-03,2024-06-18,2024-06-18,516065,516065,Comptant
303477,13978,2024-06-03,2024-07-03,2024-07-02,1231295,1231295,30 j
303478,7108,2024-06-03,2024-06-18,2024-06-18,737875,737875,Comptant
303479,10599,2024-06-02,2024-06-17,2024-06-18,471740,471740,Comptant
303480,20185,2024-06-01,2024-07-01,2024-06-26,79135,79135,30 j
303481,3390,2024-06-02,2024-06-17,2024-06-14,124715,124715,Comptant
303482,23742,2024-06-02,2024-06-17,2024-06-15,501065,501065,Comptant
303483,20481,2024-06-02,2024-06-17,2024-06-27,348265,348265,Comptant
303484,1307,2024-06-02,2024-06-17,2024-06-27,590570,590570,Comptant
303485,18506,2024-06-04,2024-07-04,2024-07-02,289185,289185,30 j
303486,10370,2024-06-04,2024-06-19,,317755,0,Comptant
303487,9227,2024-06-02,2024-06-17,2024-06-15,819840,819840,Comptant
303488,3437,2024-06-02,2024-06-17,2024-06-12,1107820,1107820,Comptant
303489,3100,2024-06-03,2024-07-03,2024-07-01,455170,455170,30 j
303490,5677,2024-06-04,2024-07-04,2024-07-04,318480,318480,30 j
303491,11452,2024-06-03,2024-06-18,2024-06-18,296975,296975,Comptant
303492,15331,2024-06-04,2024-06-19,2024-06-18,1305220,1305220,Comptant
303493,23270,2024-06-04,2024-07-04,2024-07-14,270070,270070,30 j
303494,1201,2024-06-03,2024-06-18,2024-06-17,168435,168435,Comptant
303495,2498,2024-06-05,2024-06-20,2024-06-15,646845,646845,Comptant
303496,4460,2024-06-05,2024-06-20,2024-06-18,652905,652905,Comptant
303497,447,2024-06-05,2024-06-20,2024-06-15,847610,847610,Comptant
303498,22430,2024-06-04,2024-07-04,2024-07-02,717895,717895,30 j
303499,7156,2024-06-04,2024-06-19,2024-06-19,1133265,1133265,Comptant
303500,23071,2024-06-05,2024-07-05,2024-07-05,718585,718585,30 j
303501,16468,2024-06-04,2024-06-19,,94575,0,Comptant
303502,6597,2024-06-05,2024-06-20,,1482025,0,Comptant
303503,19394,2024-06-05,2024-07-05,2024-07-15,213740,213740,30 j
303504,7564,2024-06-05,2024-06-20,,1345115,0,Comptant
303505,1822,2024-06-05,2024-07-05,2024-07-05,176015,176015,30 j
303506,10315,2024-06-05,2024-06-20,2024-06-20,621780,621780,Comptant
303507,6216,2024-06-06,2024-06-21,2024-06-21,888090,888090,Comptant
303508,18669,2024-06-07,2024-07-07,2024-07-04,928630,928630,30 j
303509,5719,2024-06-08,2024-06-23,2024-06-21,1226780,1226780,Comptant
303510,11375,2024-06-08,2024-07-08,2024-07-06,151320,151320,30 j
303511,21104,2024-06-08,2024-06-23,2024-06-22,199110,199110,Comptant
303512,215,2024-06-06,2024-07-06,2024-07-06,224190,224190,30 j
303513,6270,2024-06-07,2024-06-22,2024-06-17,1765205,1765205,Comptant
303514,12251,2024-06-08,2024-06-23,2024-06-25,1675795,1675795,Comptant
303515,22025,2024-06-06,2024-06-21,2024-06-21,1753420,1753420,Comptant
303516,3005,2024-06-07,2024-07-07,2024-07-07,128315,128315,30 j
303517,20693,2024-06-07,2024-06-22,,202135,0,Comptant
303518,13085,2024-06-09,2024-06-24,2024-06-22,235670,235670,Comptant
303519,4985,2024-06-07,2024-08-06,2024-08-06,1291140,1291140,60 j
303520,20182,2024-06-07,2024-07-07,2024-07-02,243305,243305,30 j
303521,3271,2024-06-07,2024-06-22,2024-06-19,805705,805705,Comptant
303522,8188,2024-06-09,2024-06-24,2024-06-22,367935,367935,Comptant
303523,21936,2024-06-08,2024-07-08,2024-07-05,664650,664650,30 j
303524,14277,2024-06-08,2024-06-23,,1267810,0,Comptant
303525,11355,2024-06-09,2024-06-24,2024-06-21,1740330,1740330,Comptant
303526,23607,2024-06-10,2024-07-10,,1449115,0,30 j
303527,2543,2024-06-08,2024-06-23,,737030,0,Comptant
303528,14002,2024-06-09,2024-06-24,2024-06-23,1024255,1024255,Comptant
303529,801,2024-06-09,2024-08-08,2024-08-08,335820,335820,60 j
303530,6462,2024-06-11,2024-07-11,2024-07-16,433765,433765,30 j
303531,19086,2024-06-11,2024-08-10,2024-08-11,1192720,1192720,60 j
303532,10941,2024-06-11,2024-07-11,2024-07-09,988510,988510,30 j
303533,17141,2024-06-09,2024-06-24,2024-06-26,150920,150920,Comptant
303534,3698,2024-06-11,2024-07-11,2024-07-11,289105,289105,30 j
303535,7965,2024-06-11,2024-06-26,2024-06-24,448915,448915,Comptant
303536,21382,2024-06-12,2024-06-27,2024-08-11,526540,526540,Comptant
303537,16481,2024-06-12,2024-08-11,2024-08-06,592525,592525,60 j
303538,17633,2024-06-12,2024-06-27,2024-06-24,575765,575765,Comptant
303539,21933,2024-06-10,2024-07-10,2024-07-05,963600,963600,30 j
303540,6133,2024-06-10,2024-06-25,2024-06-22,1426915,1426915,Comptant
303541,4283,2024-06-12,2024-07-12,2024-07-09,330855,330855,30 j
303542,8262,2024-06-12,2024-06-27,2024-06-24,66070,66070,Comptant
303543,6328,2024-06-12,2024-07-12,2024-07-09,605970,605970,30 j
303544,14924,2024-06-12,2024-07-12,2024-07-14,1142430,1142430,30 j
303545,19013,2024-06-13,2024-06-28,2024-06-25,895795,895795,Comptant
303546,19471,2024-06-11,2024-07-11,,477470,0,30 j
303547,7673,2024-06-12,2024-06-27,,79085,0,Comptant
303548,14295,2024-06-11,2024-06-26,2024-06-25,742260,742260,Comptant
303549,2391,2024-06-14,2024-06-29,2024-06-27,837915,837915,Comptant
303550,9851,2024-06-14,2024-06-29,2024-07-01,73635,73635,Comptant
303551,19315,2024-06-13,2024-06-28,2024-06-28,1443635,1443635,Comptant
303552,8505,2024-06-13,2024-06-28,2024-06-27,456825,456825,Comptant
303553,19497,2024-06-13,2024-07-13,2024-07-11,1147580,1147580,30 j
303554,4069,2024-06-14,2024-06-29,2024-06-24,1142145,1142145,Comptant
303555,9841,2024-06-14,2024-07-14,2024-07-14,343195,343195,30 j
303556,1426,2024-06-13,2024-06-28,2024-06-27,755145,755145,Comptant
303557,15344,2024-06-14,2024-08-13,2024-08-13,1346225,1346225,60 j
303558,22301,2024-06-15,2024-06-30,2024-06-28,1283685,1283685,Comptant
303559,5130,2024-06-13,2024-07-13,,684780,0,30 j
303560,871,2024-06-15,2024-07-15,2024-07-20,1498035,1498035,30 j
303561,10402,2024-06-15,2024-06-30,2024-06-25,809125,809125,Comptant
303562,7367,2024-06-13,2024-06-28,,899690,0,Comptant
303563,10854,2024-06-15,2024-06-30,,1430565,0,Comptant
303564,2351,2024-06-16,2024-07-01,,1566240,0,Comptant
303565,12862,2024-06-14,2024-06-29,2024-06-27,1216830,1216830,Comptant
303566,8937,2024-06-15,2024-06-30,2024-06-29,1018065,1018065,Comptant
303567,21325,2024-06-15,2024-06-30,2024-06-29,1002925,1002925,Comptant
303568,13894,2024-06-16,2024-07-16,2024-07-14,352885,352885,30 j
303569,19416,2024-06-14,2024-07-14,2024-07-14,1377635,1377635,30 j
303570,3049,2024-06-16,2024-07-16,2024-07-14,998725,998725,30 j
303571,16076,2024-06-15,2024-06-30,2024-06-27,1624390,1624390,Comptant
303572,22487,2024-06-15,2024-07-15,,556455,0,30 j
303573,16441,2024-06-17,2024-07-02,2024-07-02,417035,417035,Comptant
303574,4857,2024-06-16,2024-07-01,2024-06-30,171825,171825,Comptant
303575,16889,2024-06-17,2024-07-02,2024-07-01,869530,869530,Comptant
303576,7262,2024-06-18,2024-07-03,,826055,0,Comptant
303577,12399,2024-06-17,2024-07-17,2024-07-17,440865,440865,30 j
303578,5803,2024-06-16,2024-07-01,2024-07-11,765130,765130,Comptant
303579,1329,2024-06-16,2024-07-01,2024-07-01,1213335,1213335,Comptant
303580,20746,2024-06-16,2024-07-01,2024-06-28,736130,736130,Comptant
303581,3128,2024-06-18,2024-08-17,2024-08-15,1234415,1234415,60 j
303582,15382,2024-06-18,2024-07-18,,1648650,0,30 j
303583,12653,2024-06-18,2024-08-17,2024-08-17,1131605,1131605,60 j
303584,23799,2024-06-17,2024-07-02,2024-06-27,1591965,1591965,Comptant
303585,8703,2024-06-19,2024-07-19,2024-08-08,861800,861800,30 j
303586,15056,2024-06-18,2024-07-03,2024-06-28,1245045,1245045,Comptant
303587,21475,2024-06-17,2024-07-02,2024-07-02,896735,896735,Comptant
303588,22804,2024-06-18,2024-07-18,2024-07-16,1192960,1192960,30 j
303589,12242,2024-06-17,2024-07-02,2024-06-29,1671810,1671810,Comptant
303590,2998,2024-06-19,2024-07-04,2024-06-29,534045,534045,Comptant
303591,8082,2024-06-20,2024-07-20,2024-07-19,1673390,1673390,30 j
303592,11946,2024-06-19,2024-08-18,2024-08-13,308095,308095,60 j
303593,13963,2024-06-18,2024-07-03,2024-06-28,346430,346430,Comptant
303594,3937,2024-06-20,2024-07-05,2024-07-05,1227850,1227850,Comptant
303595,16672,2024-06-20,2024-07-05,2024-07-06,1630315,1630315,Comptant
303596,14847,2024-06-20,2024-07-05,2024-07-05,522870,522870,Comptant
303597,17526,2024-06-20,2024-07-20,2024-07-17,308845,308845,30 j
303598,18091,2024-06-21,2024-08-20,2024-08-19,1791300,1791300,60 j
303599,18256,2024-06-21,2024-07-06,2024-07-03,1455390,1455390,Comptant
303600,14382,2024-06-19,2024-07-04,2024-07-09,1041270,1041270,Comptant
303601,9635,2024-06-21,2024-07-06,2024-07-05,202955,202955,Comptant
303602,7170,2024-06-21,2024-07-21,2024-07-19,348310,348310,30 j
303603,9778,2024-06-20,2024-07-20,2024-07-17,220970,220970,30 j
303604,14509,2024-06-21,2024-07-21,2024-07-19,448800,448800,30 j
303605,15606,2024-06-22,2024-07-07,2024-07-07,1733000,1733000,Comptant
303606,5905,2024-06-21,2024-07-21,2024-07-26,1436620,1436620,30 j
303607,1710,2024-06-22,2024-07-22,2024-07-17,1239625,1239625,30 j
303608,18518,2024-06-21,2024-07-21,,1461790,0,30 j
303609,1591,2024-06-22,2024-08-21,2024-08-18,1009515,1009515,60 j
303610,23162,2024-06-23,2024-07-08,2024-07-08,995475,995475,Comptant
303611,22266,2024-06-22,2024-07-22,2024-07-17,261005,261005,30 j
303612,7896,2024-06-23,2024-07-08,2024-07-05,560805,560805,Comptant
303613,7825,2024-06-21,2024-07-06,2024-07-05,1390745,1390745,Comptant
303614,23885,2024-06-23,2024-08-22,2024-08-21,1762525,1762525,60 j
303615,495,2024-06-21,2024-07-06,,1113570,0,Comptant
303616,23879,2024-06-23,2024-07-08,2024-07-13,1068440,1068440,Comptant
303617,11228,2024-06-24,2024-08-23,2024-08-20,1082990,1082990,60 j
303618,5935,2024-06-22,2024-07-07,2024-07-05,1052770,1052770,Comptant
303619,17185,2024-06-23,2024-08-22,2024-08-19,1743025,1743025,60 j
303620,2551,2024-06-22,2024-07-07,,604775,0,Comptant
303621,1312,2024-06-24,2024-07-09,2024-07-07,174810,174810,Comptant
303622,21728,2024-06-22,2024-07-07,2024-07-07,184360,184360,Comptant
303623,11262,2024-06-23,2024-07-23,2024-07-23,953030,953030,30 j
303624,2737,2024-06-23,2024-07-08,2024-07-08,1096520,1096520,Comptant
303625,23283,2024-06-23,2024-07-23,2024-07-22,1211825,1211825,30 j
303626,9139,2024-06-23,2024-07-08,2024-07-07,386175,386175,Comptant
303627,10090,2024-06-24,2024-07-09,2024-07-09,407120,407120,Comptant
303628,4321,2024-06-24,2024-07-09,2024-07-04,262260,262260,Comptant
303629,6147,2024-06-25,2024-07-25,2024-07-20,529600,529600,30 j
303630,18414,2024-06-25,2024-07-25,2024-07-20,413835,413835,30 j
303631,12414,2024-06-24,2024-07-24,,608550,0,30 j
303632,13893,2024-06-24,2024-07-09,2024-07-08,1603445,1603445,Comptant
303633,17053,2024-06-25,2024-07-25,2024-07-27,1767335,1767335,30 j
303634,4632,2024-06-24,2024-07-09,2024-07-08,400175,400175,Comptant
303635,4430,2024-06-25,2024-07-25,2024-07-25,754415,754415,30 j
303636,23897,2024-06-25,2024-07-25,2024-07-20,432940,432940,30 j
303637,4830,2024-06-25,2024-07-10,,1223605,0,Comptant
303638,18328,2024-06-27,2024-07-12,2024-07-10,778765,778765,Comptant
303639,3404,2024-06-25,2024-07-25,2024-07-25,729225,729225,30 j
303640,381,2024-06-27,2024-08-26,,1752085,0,60 j
303641,6047,2024-06-25,2024-07-10,2024-07-10,780720,780720,Comptant
303642,4134,2024-06-27,2024-07-12,2024-07-17,889845,889845,Comptant
303643,2671,2024-06-26,2024-07-11,2024-07-09,542210,542210,Comptant
303644,22725,2024-06-28,2024-07-28,2024-07-26,256765,256765,30 j
303645,21445,2024-06-28,2024-07-28,2024-07-26,409150,409150,30 j
303646,12163,2024-06-27,2024-07-12,2024-07-07,1556420,1556420,Comptant
303647,18279,2024-06-28,2024-07-13,2024-07-12,81725,81725,Comptant
303648,22850,2024-06-26,2024-08-25,2024-08-25,199220,199220,60 j
303649,10245,2024-06-27,2024-07-12,2024-07-09,1442025,1442025,Comptant
303650,21843,2024-06-27,2024-07-12,2024-07-14,137625,137625,Comptant
303651,13272,2024-06-27,2024-07-12,,1599630,0,Comptant
303652,7387,2024-06-27,2024-07-12,2024-07-11,1265875,1265875,Comptant
303653,15541,2024-06-29,2024-07-14,2024-08-28,1252825,1252825,Comptant
303654,12314,2024-06-28,2024-08-27,2024-08-25,219215,219215,60 j
303655,129,2024-06-29,2024-07-14,2024-07-12,242845,242845,Comptant
303656,59,2024-06-28,2024-07-13,2024-07-10,637260,637260,Comptant
303657,18335,2024-06-28,2024-08-27,2024-08-26,1143195,1143195,60 j
303658,17944,2024-06-28,2024-07-28,2024-07-25,182980,182980,30 j
303659,22116,2024-06-28,2024-07-13,,1329240,0,Comptant
303660,15229,2024-06-30,2024-07-15,2024-07-13,1741120,1741120,Comptant
303661,3347,2024-06-29,2024-08-28,2024-08-27,1711685,1711685,60 j
303662,12548,2024-06-29,2024-07-14,2024-07-14,179305,179305,Comptant
303663,19073,2024-06-28,2024-07-28,2024-07-26,460910,460910,30 j
303664,4841,2024-06-29,2024-07-14,,759250,0,Comptant
303665,9156,2024-06-30,2024-07-15,2024-07-14,814875,814875,Comptant
303666,16030,2024-07-01,2024-07-31,2024-07-28,1479825,1479825,30 j
303667,12692,2024-07-01,2024-07-31,,1751970,0,30 j
303668,6805,2024-06-30,2024-07-30,2024-07-27,1013255,1013255,30 j
303669,2624,2024-06-30,2024-07-15,2024-07-13,880005,880005,Comptant
303670,14085,2024-07-01,2024-07-31,2024-07-26,691680,691680,30 j
303671,5594,2024-07-02,2024-07-17,2024-07-17,234880,234880,Comptant
303672,2494,2024-07-01,2024-08-30,2024-08-29,1533085,1533085,60 j
303673,20463,2024-07-01,2024-07-16,,648505,0,Comptant
303674,3056,2024-07-02,2024-07-17,2024-07-15,1655965,1655965,Comptant
303675,13625,2024-07-02,2024-08-01,,310350,0,30 j
303676,19707,2024-06-30,2024-07-15,2024-07-13,1559855,1559855,Comptant
303677,14218,2024-07-02,2024-07-17,2024-07-15,353295,353295,Comptant
303678,22166,2024-07-01,2024-07-16,2024-07-13,1309800,1309800,Comptant
303679,6743,2024-07-01,2024-07-31,2024-09-14,340800,340800,30 j
303680,12888,2024-07-01,2024-07-16,2024-07-11,260350,260350,Comptant
303681,19451,2024-07-02,2024-07-17,2024-07-15,1789075,1789075,Comptant
303682,23546,2024-07-03,2024-07-18,2024-07-20,1635660,1635660,Comptant
303683,959,2024-07-02,2024-07-17,2024-07-12,369570,369570,Comptant
303684,19531,2024-07-02,2024-07-17,2024-07-17,408700,408700,Comptant
303685,22820,2024-07-04,2024-08-03,2024-09-17,827215,827215,30 j
303686,21073,2024-07-04,2024-08-03,,1775865,0,30 j
303687,22033,2024-07-03,2024-07-18,,562110,0,Comptant
303688,21380,2024-07-02,2024-07-17,2024-07-19,811045,811045,Comptant
303689,18025,2024-07-03,2024-07-18,2024-08-07,562220,562220,Comptant
303690,11718,2024-07-02,2024-08-31,2024-08-30,97500,97500,60 j
303691,1440,2024-07-05,2024-07-20,,1597590,0,Comptant
303692,10587,2024-07-05,2024-07-20,2024-07-15,1713195,1713195,Comptant
303693,20043,2024-07-04,2024-07-19,2024-07-14,77815,77815,Comptant
303694,22607,2024-07-05,2024-07-20,2024-07-19,91650,91650,Comptant
303695,2227,2024-07-04,2024-07-19,2024-07-14,923020,923020,Comptant
303696,17059,2024-07-03,2024-07-18,2024-07-28,598160,598160,Comptant
303697,7524,2024-07-06,2024-07-21,2024-07-18,815220,815220,Comptant
303698,9252,2024-07-04,2024-07-19,2024-07-17,158995,158995,Comptant
303699,19970,2024-07-05,2024-08-04,2024-07-30,767770,767770,30 j
303700,1742,2024-07-05,2024-07-20,2024-07-22,72760,72760,Comptant
303701,16872,2024-07-06,2024-07-21,2024-09-04,760125,760125,Comptant
303702,14938,2024-07-05,2024-08-04,2024-08-01,1012120,1012120,30 j
303703,343,2024-07-06,2024-07-21,2024-07-19,1611760,1611760,Comptant
303704,7054,2024-07-06,2024-08-05,2024-08-05,111210,111210,30 j
303705,22144,2024-07-07,2024-08-06,2024-08-06,1390610,1390610,30 j
303706,8129,2024-07-05,2024-09-03,2024-09-02,1294700,1294700,60 j
303707,9021,2024-07-07,2024-08-06,2024-08-06,1105285,1105285,30 j
303708,17685,2024-07-06,2024-07-21,2024-07-21,812470,812470,Comptant
303709,2633,2024-07-06,2024-07-21,2024-07-16,1049220,1049220,Comptant
303710,8892,2024-07-05,2024-07-20,2024-07-20,783230,783230,Comptant
303711,14851,2024-07-08,2024-07-23,2024-07-23,936175,936175,Comptant
303712,17500,2024-07-08,2024-07-23,2024-08-12,527840,527840,Comptant
303713,6301,2024-07-07,2024-07-22,2024-08-11,434555,434555,Comptant
303714,7261,2024-07-08,2024-07-23,2024-07-18,404790,404790,Comptant
303715,13343,2024-07-06,2024-09-04,2024-09-14,120185,120185,60 j
303716,5882,2024-07-08,2024-08-07,2024-08-04,1363290,1363290,30 j
303717,22952,2024-07-07,2024-09-05,2024-09-03,1790075,1790075,60 j
303718,2388,2024-07-09,2024-08-08,2024-08-06,1258695,1258695,30 j
303719,14119,2024-07-08,2024-07-23,2024-07-20,1140765,1140765,Comptant
303720,10798,2024-07-09,2024-07-24,,1300025,0,Comptant
303721,13276,2024-07-08,2024-07-23,2024-08-02,470415,470415,Comptant
303722,9117,2024-07-08,2024-07-23,2024-07-18,616470,616470,Comptant
303723,23576,2024-07-07,2024-08-06,2024-08-06,460680,460680,30 j
303724,11111,2024-07-08,2024-08-07,2024-08-04,675715,675715,30 j
303725,15618,2024-07-10,2024-07-25,2024-07-20,184365,184365,Comptant
303726,5098,2024-07-09,2024-07-24,2024-07-21,239665,239665,Comptant
303727,7273,2024-07-08,2024-07-23,,1572335,0,Comptant
303728,4153,2024-07-10,2024-07-25,2024-07-22,663025,663025,Comptant
303729,17888,2024-07-08,2024-09-06,,1335470,0,60 j
303730,16508,2024-07-10,2024-08-09,,1181675,0,30 j
303731,17003,2024-07-09,2024-08-08,2024-08-28,63430,63430,30 j
303732,17645,2024-07-09,2024-09-07,,916465,0,60 j
303733,16486,2024-07-10,2024-07-25,2024-07-24,1046065,1046065,Comptant
303734,14846,2024-07-09,2024-08-08,2024-08-05,1100110,1100110,30 j
303735,2850,2024-07-10,2024-07-25,2024-07-20,662865,662865,Comptant
303736,7200,2024-07-10,2024-07-25,2024-07-22,432775,432775,Comptant
303737,11450,2024-07-11,2024-07-26,,1285145,0,Comptant
303738,6201,2024-07-11,2024-07-26,,965445,0,Comptant
303739,13766,2024-07-11,2024-07-26,2024-07-25,1765570,1765570,Comptant
303740,8633,2024-07-11,2024-07-26,2024-07-23,1135620,1135620,Comptant
303741,11896,2024-07-11,2024-08-10,,826145,0,30 j
303742,6791,2024-07-11,2024-07-26,2024-07-26,1480050,1480050,Comptant
303743,6087,2024-07-12,2024-07-27,2024-07-27,185030,185030,Comptant
303744,19185,2024-07-11,2024-07-26,2024-07-21,77690,77690,Comptant
303745,16894,2024-07-11,2024-07-26,2024-07-26,357905,357905,Comptant
303746,6053,2024-07-11,2024-08-10,2024-08-09,1109830,1109830,30 j
303747,3439,2024-07-12,2024-08-11,2024-08-09,689290,689290,30 j
303748,14555,2024-07-13,2024-08-12,2024-08-07,1183845,1183845,30 j
303749,18008,2024-07-11,2024-08-10,2024-08-05,68815,68815,30 j
303750,8108,2024-07-11,2024-07-26,2024-07-23,873040,873040,Comptant
303751,12333,2024-07-13,2024-07-28,2024-07-28,1063735,1063735,Comptant
303752,2394,2024-07-13,2024-08-12,2024-08-09,1324065,1324065,30 j
303753,19664,2024-07-12,2024-08-11,2024-08-09,1306595,1306595,30 j
303754,2880,2024-07-13,2024-07-28,2024-07-28,1578740,1578740,Comptant
303755,15437,2024-07-14,2024-07-29,2024-07-28,740070,740070,Comptant
303756,7112,2024-07-12,2024-07-27,2024-07-27,173920,173920,Comptant
303757,18190,2024-07-12,2024-08-11,2024-08-08,1382585,1382585,30 j
303758,18833,2024-07-15,2024-07-30,2024-08-09,1416970,1416970,Comptant
303759,6023,2024-07-15,2024-09-13,2024-09-13,1155025,1155025,60 j
303760,19989,2024-07-13,2024-08-12,,340160,0,30 j
303761,8569,2024-07-13,2024-09-11,2024-09-06,1533200,1533200,60 j
303762,23714,2024-07-14,2024-08-13,2024-08-10,862900,862900,30 j
303763,6281,2024-07-15,2024-08-14,2024-08-09,814170,814170,30 j
303764,14999,2024-07-13,2024-07-28,,685675,0,Comptant
303765,3711,2024-07-16,2024-08-15,2024-08-15,1252120,1252120,30 j
303766,7034,2024-07-15,2024-07-30,2024-07-30,1791130,1791130,Comptant
303767,7805,2024-07-16,2024-07-31,,1798750,0,Comptant
303768,20618,2024-07-15,2024-07-30,2024-08-01,1345395,1345395,Comptant
303769,22637,2024-07-14,2024-07-29,,1291860,0,Comptant
303770,8580,2024-07-15,2024-08-14,2024-08-13,570100,570100,30 j
303771,19155,2024-07-15,2024-07-30,2024-07-29,860310,860310,Comptant
303772,611,2024-07-17,2024-08-01,2024-07-29,1569190,1569190,Comptant
303773,5455,2024-07-17,2024-08-01,2024-08-03,87195,87195,Comptant
303774,16311,2024-07-16,2024-07-31,2024-07-30,756335,756335,Comptant
303775,23166,2024-07-15,2024-07-30,2024-07-30,248625,248625,Comptant
303776,3985,2024-07-15,2024-08-14,2024-08-12,188910,188910,30 j
303777,9530,2024-07-16,2024-09-14,2024-09-13,1225560,1225560,60 j
303778,1029,2024-07-16,2024-08-15,2024-08-10,1619025,1619025,30 j
303779,6912,2024-07-16,2024-08-15,2024-09-29,1116895,1116895,30 j
303780,1697,2024-07-17,2024-08-16,2024-08-11,1344480,1344480,30 j
303781,13431,2024-07-18,2024-08-02,2024-08-01,340200,340200,Comptant
303782,11217,2024-07-16,2024-09-14,2024-09-12,326720,326720,60 j
303783,4588,2024-07-17,2024-08-01,,1374615,0,Comptant
303784,14707,2024-07-16,2024-07-31,2024-07-26,261440,261440,Comptant
303785,23639,2024-07-19,2024-08-03,2024-08-08,1496805,1496805,Comptant
303786,22108,2024-07-18,2024-08-17,2024-08-17,1172785,1172785,30 j
303787,23387,2024-07-19,2024-08-03,2024-07-29,108515,108515,Comptant
303788,20298,2024-07-17,2024-08-16,2024-08-16,260840,260840,30 j
303789,15089,2024-07-18,2024-08-02,2024-08-07,279000,279000,Comptant
303790,4338,2024-07-18,2024-08-02,2024-08-01,993835,993835,Comptant
303791,1598,2024-07-18,2024-08-17,2024-08-16,832595,832595,30 j
303792,1419,2024-07-18,2024-08-17,2024-08-15,842850,842850,30 j
303793,5790,2024-07-20,2024-08-19,2024-08-19,488175,488175,30 j
303794,19298,2024-07-18,2024-08-17,2024-08-15,64140,64140,30 j
303795,6743,2024-07-18,2024-08-17,2024-08-19,1279985,1279985,30 j
303796,3544,2024-07-18,2024-09-16,2024-09-11,728250,728250,60 j
303797,22472,2024-07-18,2024-08-17,2024-08-17,274020,274020,30 j
303798,21939,2024-07-19,2024-08-03,2024-08-03,746530,746530,Comptant
303799,15920,2024-07-20,2024-08-04,2024-08-14,987520,987520,Comptant
303800,14880,2024-07-20,2024-08-04,2024-08-01,1705125,1705125,Comptant
303801,13843,2024-07-19,2024-08-03,2024-08-08,634395,634395,Comptant
303802,12912,2024-07-21,2024-08-05,2024-08-04,312440,312440,Comptant
303803,197,2024-07-19,2024-08-18,2024-08-16,296870,296870,30 j
303804,19294,2024-07-19,2024-08-03,2024-08-02,427715,427715,Comptant
303805,11224,2024-07-21,2024-08-20,,1440120,0,30 j
303806,16184,2024-07-22,2024-08-21,2024-09-10,501760,501760,30 j
303807,22511,2024-07-21,2024-08-05,2024-07-31,103355,103355,Comptant
303808,17805,2024-07-20,2024-08-04,2024-08-02,689350,689350,Comptant
303809,20971,2024-07-22,2024-08-06,2024-08-03,841570,841570,Comptant
303810,22042,2024-07-21,2024-08-05,2024-08-05,470610,470610,Comptant
303811,1239,2024-07-21,2024-08-05,2024-08-05,1361335,1361335,Comptant
303812,7180,2024-07-21,2024-08-05,,1198710,0,Comptant
303813,16879,2024-07-22,2024-08-21,2024-08-18,787050,787050,30 j
303814,14444,2024-07-22,2024-08-21,2024-08-19,1164360,1164360,30 j
303815,3618,2024-07-23,2024-08-07,2024-09-21,1211535,1211535,Comptant
303816,13145,2024-07-21,2024-08-05,2024-08-03,851530,851530,Comptant
303817,3440,2024-07-21,2024-09-19,2024-09-16,1110040,1110040,60 j
303818,7387,2024-07-23,2024-08-07,2024-08-04,239700,239700,Comptant
303819,23486,2024-07-24,2024-08-08,2024-08-07,1373470,1373470,Comptant
303820,2110,2024-07-22,2024-08-21,2024-09-10,963130,963130,30 j
303821,5675,2024-07-22,2024-08-06,2024-08-03,1465280,1465280,Comptant
303822,7443,2024-07-22,2024-08-06,2024-08-01,1067980,1067980,Comptant
303823,23122,2024-07-23,2024-08-22,2024-08-22,875505,875505,30 j
303824,4884,2024-07-24,2024-08-23,2024-08-25,1648875,1648875,30 j
303825,14360,2024-07-25,2024-08-09,2024-08-04,1607310,1607310,Comptant
303826,10110,2024-07-23,2024-09-21,2024-09-19,1041895,1041895,60 j
303827,15943,2024-07-25,2024-08-09,2024-08-08,700810,700810,Comptant
303828,17480,2024-07-23,2024-09-21,2024-09-20,243415,243415,60 j
303829,10058,2024-07-23,2024-08-07,2024-08-02,1328155,1328155,Comptant
303830,7689,2024-07-24,2024-08-08,2024-08-28,1600125,1600125,Comptant
303831,21934,2024-07-23,2024-08-07,2024-08-04,656630,656630,Comptant
303832,4653,2024-07-24,2024-08-23,,839950,0,30 j
303833,21700,2024-07-26,2024-08-10,2024-08-05,1595385,1595385,Comptant
303834,17888,2024-07-24,2024-09-22,,1129920,0,60 j
303835,21229,2024-07-25,2024-08-09,2024-08-09,99630,99630,Comptant
303836,20207,2024-07-26,2024-08-10,2024-08-08,1672040,1672040,Comptant
303837,4171,2024-07-24,2024-09-22,2024-09-22,499280,499280,60 j
303838,21805,2024-07-26,2024-08-10,2024-08-10,1115245,1115245,Comptant
303839,2364,2024-07-27,2024-08-11,,308670,0,Comptant
303840,14756,2024-07-25,2024-08-09,2024-08-04,1798095,1798095,Comptant
303841,13118,2024-07-25,2024-08-09,2024-08-06,534415,534415,Comptant
303842,2938,2024-07-25,2024-08-09,,1776250,0,Comptant
303843,17765,2024-07-26,2024-08-10,2024-08-09,838065,838065,Comptant
303844,12808,2024-07-26,2024-08-10,2024-08-08,789795,789795,Comptant
303845,17567,2024-07-28,2024-08-12,2024-08-07,553335,553335,Comptant
303846,10977,2024-07-27,2024-08-11,2024-08-06,992155,992155,Comptant
303847,13395,2024-07-26,2024-08-10,2024-08-07,1661605,1661605,Comptant
303848,276,2024-07-28,2024-08-27,2024-08-22,303795,303795,30 j
303849,781,2024-07-26,2024-08-25,2024-08-20,403655,403655,30 j
303850,8813,2024-07-28,2024-08-27,,1098130,0,30 j
303851,23875,2024-07-28,2024-09-26,2024-09-23,837660,837660,60 j
303852,15833,2024-07-28,2024-08-12,2024-08-10,803080,803080,Comptant
303853,2161,2024-07-28,2024-08-12,2024-08-10,290805,290805,Comptant
303854,23583,2024-07-29,2024-09-27,2024-09-25,1207620,1207620,60 j
303855,554,2024-07-27,2024-08-11,2024-08-06,327260,327260,Comptant
303856,15316,2024-07-27,2024-08-11,2024-08-08,414275,414275,Comptant
303857,18959,2024-07-29,2024-09-27,,993415,0,60 j
303858,16686,2024-07-27,2024-09-25,2024-09-23,1227935,1227935,60 j
303859,18847,2024-07-30,2024-08-14,2024-08-14,940495,940495,Comptant
303860,8164,2024-07-28,2024-08-12,2024-08-12,1748525,1748525,Comptant
303861,9197,2024-07-28,2024-09-26,2024-09-21,538420,538420,60 j
303862,3592,2024-07-29,2024-08-13,2024-08-08,493370,493370,Comptant
303863,5936,2024-07-30,2024-08-14,2024-08-11,1440285,1440285,Comptant
303864,7810,2024-07-30,2024-08-29,2024-08-28,1653335,1653335,30 j
303865,22038,2024-07-31,2024-08-15,2024-08-14,909270,909270,Comptant
303866,4464,2024-07-31,2024-08-15,,597800,0,Comptant
303867,22871,2024-07-31,2024-08-15,2024-08-17,1176845,1176845,Comptant
303868,20534,2024-07-31,2024-08-30,,1111180,0,30 j
303869,11256,2024-07-31,2024-08-15,2024-09-29,69875,69875,Comptant
303870,23770,2024-07-29,2024-08-28,2024-08-27,874950,874950,30 j
303871,896,2024-07-30,2024-08-14,2024-08-11,1046280,1046280,Comptant
303872,9714,2024-07-30,2024-08-14,2024-08-13,669915,669915,Comptant
303873,9022,2024-07-31,2024-08-15,2024-08-12,550095,550095,Comptant
303874,3688,2024-07-31,2024-08-30,2024-08-25,830120,830120,30 j
303875,821,2024-07-31,2024-09-29,2024-09-29,1516455,1516455,60 j
303876,2029,2024-07-31,2024-08-15,2024-08-14,1178335,1178335,Comptant
303877,7933,2024-07-30,2024-08-14,2024-08-13,138725,138725,Comptant
303878,10269,2024-07-31,2024-08-30,2024-08-29,1553185,1553185,30 j
303879,15240,2024-07-31,2024-09-29,2024-09-24,849515,849515,60 j
303880,7494,2024-07-31,2024-09-29,2024-09-28,1236575,1236575,60 j
303881,7463,2024-07-31,2024-08-15,2024-08-10,860135,860135,Comptant
303882,7125,2024-08-02,2024-08-17,2024-08-12,992240,992240,Comptant
303883,10435,2024-08-02,2024-10-01,2024-09-28,836805,836805,60 j
303884,11913,2024-08-01,2024-08-16,,995615,0,Comptant
303885,1312,2024-08-01,2024-08-16,2024-09-30,259380,259380,Comptant
303886,15158,2024-08-01,2024-08-16,2024-08-15,327495,327495,Comptant
303887,21699,2024-08-01,2024-08-31,2024-08-29,149645,149645,30 j
303888,23405,2024-08-02,2024-08-17,2024-08-15,1293890,1293890,Comptant
303889,5609,2024-08-02,2024-08-17,2024-08-12,877390,877390,Comptant
303890,11718,2024-08-03,2024-10-02,,529395,0,60 j
303891,2373,2024-08-03,2024-08-18,2024-08-20,596950,596950,Comptant
303892,2906,2024-08-04,2024-10-03,2024-10-01,296475,296475,60 j
303893,10869,2024-08-02,2024-08-17,2024-08-14,1386005,1386005,Comptant
303894,14256,2024-08-02,2024-08-17,,1459435,0,Comptant
303895,21006,2024-08-03,2024-08-18,2024-08-18,647100,647100,Comptant
303896,18675,2024-08-04,2024-08-19,2024-08-18,1286950,1286950,Comptant
303897,2641,2024-08-04,2024-08-19,2024-08-16,1569960,1569960,Comptant
303898,14725,2024-08-03,2024-08-18,2024-08-16,1252625,1252625,Comptant
303899,15861,2024-08-03,2024-08-18,2024-08-16,1540905,1540905,Comptant
303900,23503,2024-08-03,2024-09-02,2024-08-30,1793750,1793750,30 j
303901,18385,2024-08-03,2024-08-18,,1354380,0,Comptant
303902,23158,2024-08-03,2024-08-18,2024-08-17,265750,265750,Comptant
303903,9972,2024-08-04,2024-08-19,2024-08-14,642470,642470,Comptant
303904,6873,2024-08-04,2024-08-19,2024-08-17,1756150,1756150,Comptant
303905,18705,2024-08-04,2024-09-03,2024-08-31,463775,463775,30 j
303906,18668,2024-08-05,2024-08-20,2024-08-18,1792480,1792480,Comptant
303907,16883,2024-08-04,2024-08-19,2024-08-21,616755,616755,Comptant
303908,174,2024-08-04,2024-09-03,2024-08-29,1743630,1743630,30 j
303909,4110,2024-08-06,2024-09-05,2024-09-05,1343630,1343630,30 j
303910,6260,2024-08-04,2024-08-19,2024-08-18,685860,685860,Comptant
303911,18603,2024-08-04,2024-08-19,2024-08-29,574130,574130,Comptant
303912,4891,2024-08-05,2024-08-20,2024-08-19,1066470,1066470,Comptant
303913,13117,2024-08-07,2024-08-22,2024-08-21,275855,275855,Comptant
303914,16667,2024-08-07,2024-09-06,2024-09-01,1040185,1040185,30 j
303915,3086,2024-08-07,2024-08-22,2024-08-17,819280,819280,Comptant
303916,15707,2024-08-05,2024-08-20,2024-08-19,495595,495595,Comptant
303917,23144,2024-08-05,2024-09-04,2024-09-02,1168110,1168110,30 j
303918,7657,2024-08-06,2024-09-05,2024-08-31,955935,955935,30 j
303919,2345,2024-08-07,2024-09-06,2024-09-05,1777925,1777925,30 j
303920,20619,2024-08-06,2024-08-21,2024-08-21,536245,536245,Comptant
303921,17242,2024-08-08,2024-08-23,,1471985,0,Comptant
303922,17,2024-08-08,2024-08-23,2024-08-20,152490,152490,Comptant
303923,1238,2024-08-07,2024-09-06,2024-09-06,707660,707660,30 j
303924,23129,2024-08-08,2024-10-07,2024-10-07,760640,760640,60 j
303925,3052,2024-08-06,2024-08-21,,585535,0,Comptant
303926,1461,2024-08-07,2024-08-22,2024-08-20,1565225,1565225,Comptant
303927,2178,2024-08-09,2024-08-24,2024-08-23,1035675,1035675,Comptant
303928,14325,2024-08-07,2024-10-06,2024-10-01,220885,220885,60 j
303929,14790,2024-08-08,2024-08-23,,1341105,0,Comptant
303930,21557,2024-08-08,2024-09-07,2024-09-07,1514665,1514665,30 j
303931,4674,2024-08-07,2024-09-06,2024-09-08,391430,391430,30 j
303932,23122,2024-08-08,2024-09-07,2024-09-06,1790705,1790705,30 j
303933,12376,2024-08-10,2024-08-25,,824425,0,Comptant
303934,5754,2024-08-08,2024-09-07,2024-09-05,580845,580845,30 j
303935,14864,2024-08-08,2024-08-23,2024-10-07,212425,212425,Comptant
303936,22952,2024-08-09,2024-10-08,2024-10-03,415910,415910,60 j
303937,17340,2024-08-10,2024-10-09,2024-10-04,1224810,1224810,60 j
303938,2311,2024-08-09,2024-09-08,2024-09-06,452615,452615,30 j
303939,22847,2024-08-11,2024-09-10,2024-09-30,1737940,1737940,30 j
303940,11447,2024-08-11,2024-08-26,2024-08-21,964665,964665,Comptant
303941,23857,2024-08-11,2024-08-26,2024-08-26,168075,168075,Comptant
303942,19052,2024-08-09,2024-09-08,2024-09-07,1625440,1625440,30 j
303943,18965,2024-08-09,2024-08-24,2024-08-22,922160,922160,Comptant
303944,10759,2024-08-11,2024-08-26,2024-08-27,1373105,1373105,Comptant
303945,11381,2024-08-09,2024-09-08,2024-09-06,1726810,1726810,30 j
303946,8024,2024-08-11,2024-08-26,2024-08-23,696800,696800,Comptant
303947,8031,2024-08-11,2024-08-26,2024-08-21,434420,434420,Comptant
303948,2462,2024-08-12,2024-09-11,,1048490,0,30 j
303949,1311,2024-08-12,2024-09-11,2024-09-08,1375905,1375905,30 j
303950,17982,2024-08-10,2024-08-25,,210360,0,Comptant
303951,23678,2024-08-11,2024-08-26,2024-08-26,1072005,1072005,Comptant
303952,23003,2024-08-12,2024-09-11,2024-09-09,1515905,1515905,30 j
303953,11430,2024-08-12,2024-08-27,2024-08-24,726025,726025,Comptant
303954,22573,2024-08-11,2024-09-10,2024-09-07,575935,575935,30 j
303955,1370,2024-08-13,2024-10-12,2024-10-12,1278675,1278675,60 j
303956,1700,2024-08-11,2024-09-10,2024-09-07,640440,640440,30 j
303957,13312,2024-08-12,2024-08-27,2024-09-01,959220,959220,Comptant
303958,11859,2024-08-12,2024-08-27,2024-08-22,1713885,1713885,Comptant
303959,1199,2024-08-13,2024-09-12,2024-09-10,1388925,1388925,30 j
303960,10912,2024-08-13,2024-09-12,,490375,0,30 j
303961,10308,2024-08-14,2024-08-29,2024-08-28,288005,288005,Comptant
303962,11059,2024-08-14,2024-08-29,2024-09-03,1314545,1314545,Comptant
303963,2409,2024-08-13,2024-08-28,2024-09-17,494980,494980,Comptant
303964,8729,2024-08-12,2024-09-11,,1412715,0,30 j
303965,3431,2024-08-12,2024-09-11,2024-09-08,538575,538575,30 j
303966,20132,2024-08-14,2024-10-13,2024-10-10,632745,632745,60 j
303967,10850,2024-08-13,2024-08-28,2024-08-29,1200570,1200570,Comptant
303968,14306,2024-08-15,2024-08-30,2024-08-27,143970,143970,Comptant
303969,23416,2024-08-14,2024-10-13,2024-10-08,197110,197110,60 j
303970,20548,2024-08-14,2024-08-29,2024-08-29,129255,129255,Comptant
303971,13867,2024-08-14,2024-08-29,2024-08-24,523240,523240,Comptant
303972,21169,2024-08-15,2024-10-14,2024-10-09,1156385,1156385,60 j
303973,6313,2024-08-16,2024-09-15,,445985,0,30 j
303974,16437,2024-08-14,2024-08-29,2024-08-26,1043830,1043830,Comptant
303975,14610,2024-08-14,2024-08-29,2024-08-26,372925,372925,Comptant
303976,10323,2024-08-16,2024-09-15,2024-09-12,638680,638680,30 j
303977,23189,2024-08-16,2024-08-31,2024-08-26,1311545,1311545,Comptant
303978,21827,2024-08-15,2024-08-30,2024-08-30,167935,167935,Comptant
303979,9846,2024-08-14,2024-09-13,,531220,0,30 j
303980,4719,2024-08-17,2024-09-01,,1689610,0,Comptant
303981,22656,2024-08-17,2024-09-01,2024-08-31,628745,628745,Comptant
303982,21997,2024-08-15,2024-08-30,2024-08-29,325410,325410,Comptant
303983,19244,2024-08-15,2024-09-14,2024-09-14,1275550,1275550,30 j
303984,13769,2024-08-15,2024-08-30,2024-08-28,267795,267795,Comptant
303985,6025,2024-08-16,2024-10-15,2024-10-15,1726375,1726375,60 j
303986,17320,2024-08-17,2024-09-01,2024-09-01,400860,400860,Comptant
303987,19143,2024-08-16,2024-09-15,,1484620,0,30 j
303988,11374,2024-08-18,2024-09-02,2024-09-04,1791990,1791990,Comptant
303989,676,2024-08-17,2024-09-01,2024-09-01,1365910,1365910,Comptant
303990,16373,2024-08-16,2024-09-15,2024-09-12,534510,534510,30 j
303991,5846,2024-08-16,2024-10-15,2024-10-20,1229445,1229445,60 j
303992,20018,2024-08-17,2024-09-01,2024-09-01,1371175,1371175,Comptant
303993,9623,2024-08-19,2024-09-03,2024-08-31,1318115,1318115,Comptant
303994,22910,2024-08-17,2024-09-16,2024-09-16,736305,736305,30 j
303995,4544,2024-08-17,2024-09-01,2024-09-11,1305345,1305345,Comptant
303996,18791,2024-08-17,2024-09-16,2024-09-11,1791045,1791045,30 j
303997,6464,2024-08-19,2024-09-03,2024-09-08,440865,440865,Comptant
303998,5257,2024-08-19,2024-09-03,,1092070,0,Comptant
303999,9968,2024-08-17,2024-09-16,2024-09-14,758530,758530,30 j
304000,6672,2024-08-20,2024-09-04,2024-08-30,127075,127075,Comptant
304001,5822,2024-08-19,2024-09-03,2024-09-23,1526755,1526755,Comptant
304002,5435,2024-08-19,2024-09-18,2024-09-18,1592990,1592990,30 j
304003,5580,2024-08-18,2024-09-02,,1674255,0,Comptant
304004,11243,2024-08-18,2024-09-17,2024-09-16,1395460,1395460,30 j
304005,6557,2024-08-19,2024-09-18,2024-09-13,1367760,1367760,30 j
304006,2937,2024-08-19,2024-09-18,,753090,0,30 j
304007,5967,2024-08-19,2024-09-18,2024-09-15,334300,334300,30 j
304008,4233,2024-08-21,2024-10-20,,872095,0,60 j
304009,5521,2024-08-20,2024-09-19,2024-09-19,851010,851010,30 j
304010,2607,2024-08-19,2024-09-18,2024-09-16,1401380,1401380,30 j
304011,4776,2024-08-19,2024-09-18,2024-09-15,1040755,1040755,30 j
304012,21667,2024-08-21,2024-09-20,2024-09-15,1596720,1596720,30 j
304013,6618,2024-08-20,2024-09-19,2024-09-14,579165,579165,30 j
304014,16124,2024-08-22,2024-09-06,,514655,0,Comptant
304015,22618,2024-08-22,2024-09-06,2024-09-06,312535,312535,Comptant
304016,2320,2024-08-22,2024-09-06,2024-09-01,1658630,1658630,Comptant
304017,484,2024-08-20,2024-09-04,2024-09-02,274765,274765,Comptant
304018,22108,2024-08-20,2024-09-19,2024-09-18,743950,743950,30 j
304019,22021,2024-08-21,2024-10-20,2024-10-18,772850,772850,60 j
304020,1985,2024-08-22,2024-09-21,2024-09-22,1785530,1785530,30 j
304021,16326,2024-08-22,2024-09-06,2024-09-03,1179480,1179480,Comptant
304022,1450,2024-08-21,2024-09-05,2024-09-05,1155170,1155170,Comptant
304023,13115,2024-08-23,2024-09-07,2024-09-04,1749750,1749750,Comptant
304024,1945,2024-08-23,2024-09-07,2024-09-04,1612160,1612160,Comptant
304025,7103,2024-08-22,2024-09-21,2024-09-21,395265,395265,30 j
304026,5670,2024-08-21,2024-10-20,,524205,0,60 j
304027,4550,2024-08-24,2024-09-08,2024-09-06,1541745,1541745,Comptant
304028,3315,2024-08-24,2024-10-23,2024-10-23,1528700,1528700,60 j
304029,4315,2024-08-22,2024-09-06,2024-10-21,165780,165780,Comptant
304030,3647,2024-08-24,2024-09-08,2024-09-05,997965,997965,Comptant
304031,17736,2024-08-22,2024-09-21,,245230,0,30 j
304032,21638,2024-08-23,2024-09-07,2024-09-05,72940,72940,Comptant
304033,12529,2024-08-24,2024-09-08,2024-09-07,423300,423300,Comptant
304034,19678,2024-08-25,2024-09-09,2024-09-08,1303920,1303920,Comptant
304035,20099,2024-08-25,2024-10-24,2024-10-21,1066705,1066705,60 j
304036,21455,2024-08-24,2024-09-08,2024-09-05,1423145,1423145,Comptant
304037,10790,2024-08-24,2024-09-08,2024-09-08,669960,669960,Comptant
304038,7851,2024-08-24,2024-09-23,,268020,0,30 j
304039,23619,2024-08-25,2024-09-09,2024-09-09,1720330,1720330,Comptant
304040,7258,2024-08-25,2024-09-24,2024-09-24,285360,285360,30 j
304041,7290,2024-08-26,2024-09-10,2024-10-25,1511260,1511260,Comptant
304042,20797,2024-08-25,2024-09-24,2024-09-21,1337570,1337570,30 j
304043,2430,2024-08-24,2024-09-08,2024-09-08,652700,652700,Comptant
304044,6166,2024-08-26,2024-09-25,2024-10-15,1134870,1134870,30 j
304045,21583,2024-08-25,2024-10-24,2024-10-21,283095,283095,60 j
304046,14005,2024-08-26,2024-10-25,2024-10-25,1734470,1734470,60 j
304047,22450,2024-08-25,2024-09-24,,916360,0,30 j
304048,15827,2024-08-27,2024-09-11,2024-09-11,441425,441425,Comptant
304049,18924,2024-08-26,2024-09-10,2024-09-30,1217465,1217465,Comptant
304050,19876,2024-08-25,2024-09-09,2024-09-19,1785040,1785040,Comptant
304051,8811,2024-08-25,2024-09-09,2024-09-06,749645,749645,Comptant
304052,6430,2024-08-25,2024-10-24,2024-12-08,1146420,1146420,60 j
304053,21491,2024-08-26,2024-09-25,2024-09-20,958855,958855,30 j
304054,20639,2024-08-27,2024-09-11,2024-09-10,1692050,1692050,Comptant
304055,18774,2024-08-26,2024-09-10,2024-09-09,481840,481840,Comptant
304056,17056,2024-08-28,2024-09-27,2024-09-25,142530,142530,30 j
304057,5234,2024-08-26,2024-09-25,2024-09-20,808490,808490,30 j
304058,4299,2024-08-27,2024-09-11,2024-09-09,1497225,1497225,Comptant
304059,21338,2024-08-27,2024-09-11,2024-09-08,926120,926120,Comptant
304060,14319,2024-08-27,2024-10-26,2024-10-24,899960,899960,60 j
304061,1064,2024-08-29,2024-09-13,2024-09-23,1225735,1225735,Comptant
304062,7062,2024-08-28,2024-09-12,2024-09-12,880595,880595,Comptant
304063,10601,2024-08-28,2024-09-12,,442890,0,Comptant
304064,4564,2024-08-28,2024-09-27,2024-09-24,1696835,1696835,30 j
304065,14450,2024-08-28,2024-09-12,2024-09-12,558240,558240,Comptant
304066,20358,2024-08-29,2024-09-13,,1711580,0,Comptant
304067,17589,2024-08-30,2024-09-14,2024-09-12,103030,103030,Comptant
304068,11974,2024-08-30,2024-09-29,2024-09-27,1631890,1631890,30 j
304069,16862,2024-08-29,2024-09-28,2024-09-25,453045,453045,30 j
304070,13263,2024-08-29,2024-09-13,2024-09-12,1175135,1175135,Comptant
304071,18980,2024-08-29,2024-09-28,2024-09-27,752565,752565,30 j
304072,11350,2024-08-30,2024-09-14,,590425,0,Comptant
304073,9728,2024-08-28,2024-10-27,2024-10-27,1598170,1598170,60 j
304074,10280,2024-08-30,2024-09-29,2024-09-27,1033210,1033210,30 j
304075,20725,2024-08-31,2024-09-15,2024-09-14,1164265,1164265,Comptant
304076,19025,2024-08-30,2024-09-14,2024-09-11,645900,645900,Comptant
304077,15772,2024-08-29,2024-09-28,2024-09-25,1580505,1580505,30 j
304078,5882,2024-08-29,2024-09-28,2024-09-23,337140,337140,30 j
304079,1546,2024-08-30,2024-09-14,2024-09-11,97530,97530,Comptant
304080,11356,2024-08-31,2024-09-30,2024-09-28,1036130,1036130,30 j
304081,3265,2024-09-01,2024-10-31,2024-10-26,1272105,1272105,60 j
304082,21261,2024-09-01,2024-09-16,2024-09-11,854610,854610,Comptant
304083,8076,2024-09-01,2024-09-16,2024-09-15,1432955,1432955,Comptant
304084,10448,2024-08-31,2024-10-30,2024-10-30,574765,574765,60 j
304085,802,2024-09-01,2024-09-16,2024-09-11,129520,129520,Comptant
304086,12358,2024-08-31,2024-10-30,2024-10-30,236190,236190,60 j
304087,6879,2024-09-01,2024-09-16,2024-09-14,1197660,1197660,Comptant
304088,13644,2024-09-01,2024-10-01,2024-09-29,1247480,1247480,30 j
304089,4401,2024-09-02,2024-09-17,2024-09-12,1055770,1055770,Comptant
304090,6098,2024-08-31,2024-09-15,2024-09-13,715720,715720,Comptant
304091,8868,2024-09-01,2024-09-16,2024-09-11,948435,948435,Comptant
304092,19347,2024-08-31,2024-10-30,,1342180,0,60 j
304093,13011,2024-08-31,2024-09-15,2024-10-30,1213375,1213375,Comptant
304094,15797,2024-09-03,2024-09-18,,1067500,0,Comptant
304095,16190,2024-09-01,2024-10-01,2024-09-29,645920,645920,30 j
304096,19497,2024-09-01,2024-10-01,2024-09-26,1309700,1309700,30 j
304097,4040,2024-09-02,2024-09-17,2024-09-17,1713000,1713000,Comptant
304098,22312,2024-09-03,2024-10-03,2024-10-01,986025,986025,30 j
304099,7634,2024-09-02,2024-09-17,2024-09-12,900240,900240,Comptant
304100,20859,2024-09-02,2024-09-17,,814595,0,Comptant
304101,20799,2024-09-04,2024-09-19,2024-09-19,1125225,1125225,Comptant
304102,20092,2024-09-02,2024-09-17,2024-09-12,608800,608800,Comptant
304103,6654,2024-09-03,2024-09-18,2024-10-08,1764155,1764155,Comptant
304104,16063,2024-09-02,2024-09-17,2024-09-12,1726205,1726205,Comptant
304105,9782,2024-09-04,2024-09-19,2024-09-18,1695380,1695380,Comptant
304106,9816,2024-09-03,2024-11-02,2024-11-22,1687815,1687815,60 j
304107,4297,2024-09-03,2024-11-02,2024-10-30,1560840,1560840,60 j
304108,8827,2024-09-05,2024-10-05,2024-10-04,923985,923985,30 j
304109,23707,2024-09-05,2024-10-05,2024-10-15,321040,321040,30 j
304110,6949,2024-09-03,2024-10-03,2024-10-02,439860,439860,30 j
304111,1493,2024-09-05,2024-11-04,2024-11-02,341295,341295,60 j
304112,19622,2024-09-05,2024-10-05,,1772895,0,30 j
304113,11861,2024-09-04,2024-10-04,,964455,0,30 j
304114,3216,2024-09-06,2024-10-06,2024-10-06,80565,80565,30 j
304115,23137,2024-09-05,2024-09-20,2024-09-30,1477195,1477195,Comptant
304116,22279,2024-09-05,2024-10-05,,917915,0,30 j
304117,14040,2024-09-04,2024-10-04,2024-09-29,552480,552480,30 j
304118,7249,2024-09-05,2024-10-05,,1300210,0,30 j
304119,16319,2024-09-04,2024-09-19,2024-09-21,710840,710840,Comptant
304120,21634,2024-09-04,2024-09-19,2024-09-18,609965,609965,Comptant
304121,14287,2024-09-07,2024-09-22,2024-09-21,1645995,1645995,Comptant
304122,22618,2024-09-06,2024-09-21,2024-10-11,359835,359835,Comptant
304123,18536,2024-09-06,2024-09-21,2024-09-26,1636165,1636165,Comptant
304124,20076,2024-09-05,2024-11-04,2024-10-30,878975,878975,60 j
304125,3517,2024-09-05,2024-09-20,2024-10-10,311050,311050,Comptant
304126,7454,2024-09-05,2024-09-20,2024-09-15,1569865,1569865,Comptant
304127,1203,2024-09-08,2024-09-23,2024-09-23,688745,688745,Comptant
304128,4354,2024-09-08,2024-10-08,2024-10-05,581710,581710,30 j
304129,23661,2024-09-07,2024-10-07,2024-10-04,349600,349600,30 j
304130,8045,2024-09-07,2024-09-22,2024-09-22,656210,656210,Comptant
304131,14683,2024-09-07,2024-10-07,2024-10-05,488605,488605,30 j
304132,5019,2024-09-06,2024-09-21,2024-09-16,1677985,1677985,Comptant
304133,12860,2024-09-06,2024-10-06,2024-10-03,1189910,1189910,30 j
304134,1223,2024-09-09,2024-09-24,2024-09-19,1559115,1559115,Comptant
304135,10224,2024-09-07,2024-10-07,2024-10-12,1172385,1172385,30 j
304136,21742,2024-09-08,2024-09-23,2024-09-21,60105,60105,Comptant
304137,22673,2024-09-07,2024-09-22,2024-09-24,94435,94435,Comptant
304138,21627,2024-09-09,2024-09-24,2024-10-14,1387435,1387435,Comptant
304139,15590,2024-09-08,2024-11-07,,1085930,0,60 j
304140,12270,2024-09-08,2024-09-23,2024-09-22,657520,657520,Comptant
304141,11168,2024-09-08,2024-10-08,2024-10-18,827260,827260,30 j
304142,10771,2024-09-10,2024-09-25,2024-09-24,981005,981005,Comptant
304143,17706,2024-09-10,2024-11-09,2024-11-07,1723480,1723480,60 j
304144,229,2024-09-09,2024-09-24,2024-09-23,632665,632665,Comptant
304145,3145,2024-09-10,2024-11-09,2024-11-04,705575,705575,60 j
304146,805,2024-09-10,2024-09-25,2024-09-24,918115,918115,Comptant
304147,10190,2024-09-08,2024-09-23,,816745,0,Comptant
304148,14294,2024-09-10,2024-09-25,2024-09-20,122195,122195,Comptant
304149,17611,2024-09-09,2024-09-24,2024-09-26,879860,879860,Comptant
304150,15951,2024-09-10,2024-10-10,2024-10-08,1295585,1295585,30 j
304151,2769,2024-09-09,2024-10-09,2024-10-09,860690,860690,30 j
304152,1611,2024-09-10,2024-09-25,2024-09-22,609795,609795,Comptant
304153,20052,2024-09-10,2024-11-09,,733740,0,60 j
304154,16800,2024-09-12,2024-09-27,2024-09-22,1094375,1094375,Comptant
304155,208,2024-09-10,2024-11-09,2024-11-06,460890,460890,60 j
304156,23098,2024-09-11,2024-11-10,2024-11-07,934665,934665,60 j
304157,3154,2024-09-11,2024-10-11,2024-10-10,743710,743710,30 j
304158,268,2024-09-12,2024-09-27,2024-09-26,290840,290840,Comptant
304159,14641,2024-09-11,2024-09-26,2024-09-28,1187895,1187895,Comptant
304160,4578,2024-09-11,2024-10-11,2024-10-10,1028385,1028385,30 j
304161,5212,2024-09-11,2024-09-26,2024-09-27,690160,690160,Comptant
304162,22011,2024-09-13,2024-10-13,2024-10-13,711070,711070,30 j
304163,21905,2024-09-12,2024-10-12,2024-10-09,886560,886560,30 j
304164,2933,2024-09-12,2024-10-12,,954985,0,30 j
304165,3426,2024-09-12,2024-10-12,,963725,0,30 j
304166,17112,2024-09-13,2024-11-12,2024-11-14,396115,396115,60 j
304167,8495,2024-09-12,2024-10-12,2024-10-10,583855,583855,30 j
304168,7102,2024-09-12,2024-10-12,2024-10-09,1575755,1575755,30 j
304169,8740,2024-09-12,2024-10-12,2024-10-11,1091705,1091705,30 j
304170,2451,2024-09-14,2024-10-14,2024-10-09,465635,465635,30 j
304171,19644,2024-09-12,2024-09-27,,619025,0,Comptant
304172,1197,2024-09-14,2024-11-13,2024-12-03,741825,741825,60 j
304173,11471,2024-09-12,2024-10-12,2024-10-09,1798560,1798560,30 j
304174,5831,2024-09-13,2024-10-13,2024-10-11,1283210,1283210,30 j
304175,23066,2024-09-14,2024-10-14,2024-10-11,500280,500280,30 j
304176,22471,2024-09-13,2024-10-13,,1778895,0,30 j
304177,18312,2024-09-14,2024-09-29,2024-09-29,702640,702640,Comptant
304178,6509,2024-09-15,2024-09-30,2024-10-10,1202770,1202770,Comptant
304179,20499,2024-09-14,2024-11-13,2024-11-13,364680,364680,60 j
304180,9914,2024-09-14,2024-11-13,2024-11-10,1791905,1791905,60 j
304181,13432,2024-09-14,2024-11-13,2024-11-11,1573160,1573160,60 j
304182,17329,2024-09-16,2024-10-01,2024-09-28,1216465,1216465,Comptant
304183,11068,2024-09-15,2024-09-30,2024-09-25,651425,651425,Comptant
304184,21978,2024-09-14,2024-10-14,,1124485,0,30 j
304185,16221,2024-09-15,2024-11-14,,1383255,0,60 j
304186,3599,2024-09-15,2024-09-30,,780290,0,Comptant
304187,141,2024-09-14,2024-09-29,2024-09-29,1605170,1605170,Comptant
304188,12301,2024-09-16,2024-10-01,2024-09-28,1664360,1664360,Comptant
304189,18919,2024-09-17,2024-10-02,2024-09-27,1762350,1762350,Comptant
304190,7708,2024-09-16,2024-11-15,,470615,0,60 j
304191,3362,2024-09-17,2024-11-16,2024-11-14,1533285,1533285,60 j
304192,18641,2024-09-15,2024-09-30,2024-09-25,693150,693150,Comptant
304193,9037,2024-09-17,2024-10-02,2024-10-02,1145195,1145195,Comptant
304194,10585,2024-09-15,2024-09-30,2024-09-27,573480,573480,Comptant
304195,18179,2024-09-18,2024-11-17,2024-11-12,221690,221690,60 j
304196,7874,2024-09-17,2024-10-02,2024-09-27,1766540,1766540,Comptant
304197,19336,2024-09-16,2024-10-16,2024-10-15,153485,153485,30 j
304198,10192,2024-09-16,2024-10-01,2024-09-29,1466600,1466600,Comptant
304199,14633,2024-09-17,2024-10-02,2024-10-01,782425,782425,Comptant
304200,6358,2024-09-18,2024-10-18,2024-10-15,1271195,1271195,30 j
304201,22769,2024-09-17,2024-10-02,2024-09-27,954080,954080,Comptant
304202,9405,2024-09-17,2024-10-17,2024-10-17,1252330,1252330,30 j
304203,16813,2024-09-19,2024-10-04,2024-10-02,1307710,1307710,Comptant
304204,22806,2024-09-19,2024-10-19,,816360,0,30 j
304205,1599,2024-09-17,2024-10-02,2024-10-01,1253650,1253650,Comptant
304206,1405,2024-09-17,2024-10-17,2024-10-12,1609835,1609835,30 j
304207,8492,2024-09-18,2024-10-03,2024-10-02,1274885,1274885,Comptant
304208,13769,2024-09-20,2024-10-05,2024-10-03,502915,502915,Comptant
304209,18599,2024-09-18,2024-10-03,2024-09-28,708190,708190,Comptant
304210,22293,2024-09-18,2024-10-18,2024-10-16,1248535,1248535,30 j
304211,15697,2024-09-18,2024-10-03,2024-10-01,297895,297895,Comptant
304212,22882,2024-09-20,2024-10-05,2024-09-30,1600135,1600135,Comptant
304213,5392,2024-09-19,2024-10-04,2024-10-04,1266615,1266615,Comptant
304214,16643,2024-09-19,2024-10-04,2024-10-04,1467250,1467250,Comptant
304215,6142,2024-09-20,2024-10-20,,621265,0,30 j
304216,13676,2024-09-20,2024-10-05,2024-10-04,347125,347125,Comptant
304217,16179,2024-09-19,2024-10-04,2024-10-04,1507495,1507495,Comptant
304218,20060,2024-09-19,2024-11-18,,1136735,0,60 j
304219,17247,2024-09-20,2024-10-05,2024-10-04,528020,528020,Comptant
304220,3945,2024-09-19,2024-10-04,2024-10-01,765750,765750,Comptant
304221,11514,2024-09-19,2024-10-04,2024-10-24,1004625,1004625,Comptant
304222,10447,2024-09-22,2024-10-07,2024-10-05,527375,527375,Comptant
304223,23745,2024-09-21,2024-10-06,2024-10-11,871635,871635,Comptant
304224,20095,2024-09-20,2024-10-05,2024-10-15,438930,438930,Comptant
304225,20400,2024-09-20,2024-10-20,2024-10-20,1706480,1706480,30 j
304226,8933,2024-09-22,2024-10-22,2024-10-22,1345070,1345070,30 j
304227,10766,2024-09-20,2024-10-05,2024-10-05,1578270,1578270,Comptant
304228,1247,2024-09-23,2024-10-23,2024-10-21,413300,413300,30 j
304229,811,2024-09-22,2024-10-07,2024-10-04,876700,876700,Comptant
304230,19533,2024-09-22,2024-10-07,2024-10-02,549555,549555,Comptant
304231,18230,2024-09-23,2024-10-08,2024-10-05,378100,378100,Comptant
304232,13772,2024-09-22,2024-10-07,2024-10-08,1409530,1409530,Comptant
304233,21545,2024-09-22,2024-10-07,2024-10-02,199580,199580,Comptant
304234,17948,2024-09-21,2024-10-06,2024-11-20,677305,677305,Comptant
304235,10489,2024-09-24,2024-10-09,2024-10-07,767295,767295,Comptant
304236,20035,2024-09-24,2024-11-23,2024-11-23,1328210,1328210,60 j
304237,8544,2024-09-23,2024-10-08,2024-10-09,1404895,1404895,Comptant
304238,14691,2024-09-22,2024-10-07,2024-10-05,1635185,1635185,Comptant
304239,7525,2024-09-23,2024-10-08,2024-10-09,971340,971340,Comptant
304240,16876,2024-09-24,2024-10-09,2024-10-06,952595,952595,Comptant
304241,8922,2024-09-24,2024-10-09,,1181480,0,Comptant
304242,11945,2024-09-23,2024-10-08,2024-10-08,135535,135535,Comptant
304243,15376,2024-09-24,2024-10-09,2024-10-09,194675,194675,Comptant
304244,4695,2024-09-23,2024-10-08,2024-10-03,579710,579710,Comptant
304245,17398,2024-09-25,2024-10-10,2024-10-08,1424875,1424875,Comptant
304246,4375,2024-09-23,2024-10-08,2024-10-07,976160,976160,Comptant
304247,15478,2024-09-25,2024-10-10,2024-10-10,1344330,1344330,Comptant
304248,23492,2024-09-24,2024-11-23,2024-11-23,1538455,1538455,60 j
304249,16557,2024-09-24,2024-10-09,2024-10-08,1351960,1351960,Comptant
304250,10308,2024-09-26,2024-10-11,,1378120,0,Comptant
304251,13131,2024-09-26,2024-10-26,2024-10-26,1346830,1346830,30 j
304252,18947,2024-09-25,2024-10-10,2024-10-05,1678810,1678810,Comptant
304253,3024,2024-09-25,2024-11-24,2024-11-23,525810,525810,60 j
304254,16849,2024-09-26,2024-10-11,2024-10-10,1776150,1776150,Comptant
304255,21249,2024-09-27,2024-10-12,2024-10-11,583145,583145,Comptant
304256,108,2024-09-27,2024-10-12,2024-10-07,160155,160155,Comptant
304257,17247,2024-09-27,2024-10-12,2024-10-10,795185,795185,Comptant
304258,11478,2024-09-27,2024-10-12,2024-10-10,1237225,1237225,Comptant
304259,12661,2024-09-27,2024-10-27,2024-10-24,962530,962530,30 j
304260,22120,2024-09-25,2024-10-25,2024-10-24,142045,142045,30 j
304261,1594,2024-09-27,2024-10-12,2024-10-10,787710,787710,Comptant
304262,3741,2024-09-27,2024-10-27,2024-10-27,1462135,1462135,30 j
304263,15568,2024-09-28,2024-10-13,,1322030,0,Comptant
304264,2458,2024-09-27,2024-10-12,2024-10-11,807565,807565,Comptant
304265,18466,2024-09-28,2024-10-13,2024-10-10,921710,921710,Comptant
304266,20510,2024-09-28,2024-10-28,2024-10-27,1793495,1793495,30 j
304267,22955,2024-09-27,2024-10-12,2024-10-11,1073195,1073195,Comptant
304268,7871,2024-09-27,2024-10-27,2024-10-27,1386460,1386460,30 j
304269,13843,2024-09-29,2024-10-14,2024-11-03,424835,424835,Comptant
304270,17771,2024-09-27,2024-10-27,2024-10-22,173975,173975,30 j
304271,205,2024-09-28,2024-10-13,,595460,0,Comptant
304272,16896,2024-09-28,2024-10-13,2024-10-13,1035515,1035515,Comptant
304273,4557,2024-09-29,2024-10-14,,1000330,0,Comptant
304274,17814,2024-09-28,2024-10-13,2024-10-12,140605,140605,Comptant
304275,9988,2024-09-29,2024-10-29,2024-10-30,483345,483345,30 j
304276,172,2024-09-28,2024-10-13,2024-10-12,1171725,1171725,Comptant
304277,22469,2024-09-30,2024-10-30,2024-10-30,1266440,1266440,30 j
304278,1114,2024-09-29,2024-11-28,2024-11-26,1765725,1765725,60 j
304279,656,2024-09-30,2024-10-15,2024-10-15,94810,94810,Comptant
304280,15314,2024-09-30,2024-10-15,2024-10-10,960580,960580,Comptant
304281,390,2024-09-30,2024-10-15,2024-10-10,715445,715445,Comptant
304282,4398,2024-10-01,2024-10-16,2024-10-16,1575790,1575790,Comptant
304283,19708,2024-09-29,2024-10-14,2024-10-12,419635,419635,Comptant
304284,4447,2024-10-01,2024-10-16,2024-10-11,1789370,1789370,Comptant
304285,6063,2024-09-29,2024-10-14,2024-10-12,1594820,1594820,Comptant
304286,13204,2024-09-30,2024-10-15,2024-10-14,243860,243860,Comptant
304287,4796,2024-09-29,2024-10-14,2024-11-28,1489880,1489880,Comptant
304288,486,2024-09-30,2024-10-15,2024-10-17,1684470,1684470,Comptant
304289,10278,2024-10-02,2024-11-01,,1270055,0,30 j
304290,17172,2024-09-30,2024-10-30,2024-10-28,1004180,1004180,30 j
304291,20971,2024-10-01,2024-10-16,2024-10-16,1762970,1762970,Comptant
304292,2363,2024-09-30,2024-10-15,,382460,0,Comptant
304293,12383,2024-09-30,2024-10-30,2024-10-30,1756755,1756755,30 j
304294,9176,2024-09-30,2024-11-29,2024-11-26,1147735,1147735,60 j
304295,3617,2024-10-02,2024-10-17,2024-10-14,686035,686035,Comptant
304296,13462,2024-10-02,2024-12-01,2024-11-28,1277730,1277730,60 j
304297,7382,2024-10-01,2024-10-16,2024-10-14,919115,919115,Comptant
304298,5427,2024-10-02,2024-10-17,2024-10-27,131300,131300,Comptant
304299,15105,2024-10-02,2024-12-01,2024-11-29,1348570,1348570,60 j
304300,10830,2024-10-02,2024-11-01,2024-11-21,1183560,1183560,30 j
304301,7234,2024-10-03,2024-10-18,2024-10-17,1079955,1079955,Comptant
304302,8514,2024-10-03,2024-11-02,2024-10-28,1276155,1276155,30 j
304303,12883,2024-10-02,2024-11-01,2024-11-01,617085,617085,30 j
304304,18408,2024-10-04,2024-10-19,2024-10-16,755710,755710,Comptant
304305,10310,2024-10-03,2024-12-02,2024-11-30,578950,578950,60 j
304306,2413,2024-10-04,2024-10-19,2024-10-17,579565,579565,Comptant
304307,13377,2024-10-02,2024-10-17,2024-10-27,1721710,1721710,Comptant
304308,21071,2024-10-04,2024-10-19,2024-10-17,594095,594095,Comptant
304309,17467,2024-10-05,2024-12-04,2024-11-29,1523980,1523980,60 j
304310,499,2024-10-05,2024-10-20,2024-10-19,1416595,1416595,Comptant
304311,17801,2024-10-03,2024-10-18,2024-10-16,979745,979745,Comptant
304312,23194,2024-10-03,2024-11-02,2024-10-28,782245,782245,30 j
304313,4809,2024-10-05,2024-10-20,2024-10-21,902680,902680,Comptant
304314,595,2024-10-04,2024-10-19,2024-10-24,354980,354980,Comptant
304315,11638,2024-10-04,2024-11-03,2024-11-01,330220,330220,30 j
304316,16071,2024-10-05,2024-11-04,2024-11-03,811505,811505,30 j
304317,1749,2024-10-06,2024-10-21,2024-10-18,729235,729235,Comptant
304318,4958,2024-10-05,2024-10-20,2024-10-15,1040690,1040690,Comptant
304319,19681,2024-10-05,2024-10-20,,119060,0,Comptant
304320,20429,2024-10-04,2024-10-19,2024-10-18,202780,202780,Comptant
304321,12906,2024-10-05,2024-12-04,2024-11-29,1673690,1673690,60 j
304322,7825,2024-10-06,2024-10-21,2024-10-16,924475,924475,Comptant
304323,13527,2024-10-05,2024-10-20,2024-10-20,554140,554140,Comptant
304324,5466,2024-10-06,2024-11-05,2024-10-31,163545,163545,30 j
304325,4584,2024-10-07,2024-10-22,2024-10-21,783190,783190,Comptant
304326,18680,2024-10-07,2024-10-22,,1194170,0,Comptant
304327,18358,2024-10-06,2024-10-21,,1685610,0,Comptant
304328,12063,2024-10-06,2024-10-21,,978090,0,Comptant
304329,22533,2024-10-08,2024-12-07,,728060,0,60 j
304330,21880,2024-10-06,2024-10-21,2024-10-16,1516635,1516635,Comptant
304331,7183,2024-10-08,2024-10-23,2024-10-21,1722335,1722335,Comptant
304332,157,2024-10-07,2024-10-22,2024-10-24,557320,557320,Comptant
304333,5685,2024-10-07,2024-10-22,2024-10-22,1299545,1299545,Comptant
304334,231,2024-10-08,2024-12-07,2024-12-07,1575775,1575775,60 j
304335,14119,2024-10-08,2024-10-23,2024-10-23,927120,927120,Comptant
304336,17424,2024-10-09,2024-10-24,2024-10-23,669940,669940,Comptant
304337,14166,2024-10-09,2024-10-24,2024-10-26,1394375,1394375,Comptant
304338,8272,2024-10-09,2024-10-24,2024-10-21,1642135,1642135,Comptant
304339,20482,2024-10-08,2024-10-23,,521290,0,Comptant
304340,4524,2024-10-09,2024-12-08,2024-12-06,1261110,1261110,60 j
304341,17079,2024-10-09,2024-11-08,2024-11-06,852030,852030,30 j
304342,17741,2024-10-08,2024-10-23,2024-10-22,1627970,1627970,Comptant
304343,15554,2024-10-10,2024-12-09,2024-12-11,171915,171915,60 j
304344,21732,2024-10-10,2024-10-25,2024-10-26,431520,431520,Comptant
304345,6925,2024-10-08,2024-10-23,2024-10-23,1153650,1153650,Comptant
304346,19799,2024-10-08,2024-10-23,,108890,0,Comptant
304347,4532,2024-10-08,2024-11-07,,1585595,0,30 j
304348,13121,2024-10-10,2024-11-09,,446390,0,30 j
304349,12304,2024-10-11,2024-10-26,,231185,0,Comptant
304350,1154,2024-10-11,2024-10-26,2024-10-26,1128090,1128090,Comptant
304351,1564,2024-10-10,2024-10-25,2024-10-25,223235,223235,Comptant
304352,7171,2024-10-09,2024-12-08,2024-12-03,999985,999985,60 j
304353,6373,2024-10-09,2024-10-24,2024-10-25,317845,317845,Comptant
304354,6777,2024-10-10,2024-10-25,2024-10-23,195090,195090,Comptant
304355,6709,2024-10-11,2024-10-26,2024-10-26,1542980,1542980,Comptant
304356,5353,2024-10-11,2024-10-26,2024-10-26,1606720,1606720,Comptant
304357,8425,2024-10-10,2024-10-25,2024-10-22,1518965,1518965,Comptant
304358,11795,2024-10-10,2024-12-09,2024-12-04,1426685,1426685,60 j
304359,22958,2024-10-11,2024-11-10,2024-11-12,1581400,1581400,30 j
304360,5247,2024-10-12,2024-10-27,2024-10-27,945435,945435,Comptant
304361,21794,2024-10-11,2024-10-26,2024-10-25,1147420,1147420,Comptant
304362,6444,2024-10-10,2024-10-25,2024-10-23,301420,301420,Comptant
304363,3312,2024-10-12,2024-10-27,2024-10-22,612960,612960,Comptant
304364,11154,2024-10-11,2024-11-10,2024-11-09,192400,192400,30 j
304365,7277,2024-10-12,2024-12-11,2024-12-11,1061420,1061420,60 j
304366,23173,2024-10-12,2024-10-27,2024-10-27,1209960,1209960,Comptant
304367,8661,2024-10-12,2024-10-27,2024-10-22,1024870,1024870,Comptant
304368,3539,2024-10-12,2024-10-27,2024-10-24,299725,299725,Comptant
304369,118,2024-10-13,2024-12-12,2024-12-09,245895,245895,60 j
304370,4409,2024-10-14,2024-11-13,2024-11-12,1146760,1146760,30 j
304371,21304,2024-10-12,2024-10-27,2024-10-24,931075,931075,Comptant
304372,8127,2024-10-12,2024-11-11,2024-11-09,1317235,1317235,30 j
304373,23679,2024-10-13,2024-10-28,2024-10-25,698845,698845,Comptant
304374,17838,2024-10-12,2024-10-27,2024-10-29,136405,136405,Comptant
304375,18266,2024-10-14,2024-10-29,2024-10-29,475755,475755,Comptant
304376,23881,2024-10-13,2024-12-12,2024-12-12,562170,562170,60 j
304377,16678,2024-10-14,2024-12-13,2024-12-10,1569325,1569325,60 j
304378,16706,2024-10-13,2024-10-28,2024-10-27,1624670,1624670,Comptant
304379,14975,2024-10-15,2024-10-30,2024-10-30,1542395,1542395,Comptant
304380,6342,2024-10-13,2024-10-28,2024-10-26,1178345,1178345,Comptant
304381,11576,2024-10-15,2024-11-14,,1681500,0,30 j
304382,19362,2024-10-14,2024-11-13,2024-11-08,786060,786060,30 j
304383,15687,2024-10-14,2024-12-13,2024-12-12,780775,780775,60 j
304384,18286,2024-10-14,2024-10-29,,191130,0,Comptant
304385,5739,2024-10-14,2024-11-13,2024-11-11,1351665,1351665,30 j
304386,6101,2024-10-14,2024-11-13,2024-11-08,1777745,1777745,30 j
304387,23577,2024-10-15,2024-10-30,2024-10-28,816520,816520,Comptant
304388,13963,2024-10-16,2024-10-31,2024-10-30,1719395,1719395,Comptant
304389,5559,2024-10-14,2024-12-13,2024-12-10,886535,886535,60 j
304390,21995,2024-10-16,2024-10-31,2024-10-29,768980,768980,Comptant
304391,9104,2024-10-16,2024-10-31,2024-10-26,399775,399775,Comptant
304392,1101,2024-10-16,2024-11-15,2024-11-15,248985,248985,30 j
304393,18162,2024-10-15,2024-10-30,2024-10-28,1138915,1138915,Comptant
304394,8840,2024-10-15,2024-10-30,2024-10-30,324990,324990,Comptant
304395,19083,2024-10-16,2024-11-15,2024-11-12,455505,455505,30 j
304396,4817,2024-10-17,2024-11-01,2024-10-31,1310560,1310560,Comptant
304397,18822,2024-10-17,2024-11-01,2024-10-30,816200,816200,Comptant
304398,1630,2024-10-18,2024-11-02,2024-11-22,1723870,1723870,Comptant
304399,1847,2024-10-17,2024-11-01,,1159440,0,Comptant
304400,10291,2024-10-16,2024-12-15,2024-12-15,1271120,1271120,60 j
304401,22329,2024-10-18,2024-11-02,2024-11-01,288005,288005,Comptant
304402,19803,2024-10-18,2024-11-17,2024-11-12,1191430,1191430,30 j
304403,8254,2024-10-19,2024-11-03,2024-11-05,111250,111250,Comptant
304404,16338,2024-10-19,2024-11-03,2024-11-01,201555,201555,Comptant
304405,14873,2024-10-17,2024-11-01,2024-11-01,266525,266525,Comptant
304406,2283,2024-10-19,2024-12-18,,383070,0,60 j
304407,13488,2024-10-17,2024-11-01,2024-10-29,1117985,1117985,Comptant
304408,13982,2024-10-19,2024-11-03,2024-12-18,1022270,1022270,Comptant
304409,18950,2024-10-18,2024-11-02,2024-11-02,121315,121315,Comptant
304410,13481,2024-10-19,2024-11-03,2024-11-03,1227840,1227840,Comptant
304411,614,2024-10-19,2024-11-18,2024-11-17,331405,331405,30 j
304412,13369,2024-10-19,2024-11-03,2024-10-29,392535,392535,Comptant
304413,3380,2024-10-18,2024-11-02,,989120,0,Comptant
304414,18926,2024-10-18,2024-11-17,,1547550,0,30 j
304415,10620,2024-10-20,2024-11-04,2024-11-02,522270,522270,Comptant
304416,13557,2024-10-21,2024-11-05,2024-11-04,1790110,1790110,Comptant
304417,23836,2024-10-19,2024-11-03,2024-10-31,775580,775580,Comptant
304418,11306,2024-10-19,2024-11-18,2024-11-15,1122600,1122600,30 j
304419,10212,2024-10-21,2024-11-20,2024-11-15,662385,662385,30 j
304420,15778,2024-10-19,2024-11-03,2024-10-29,251185,251185,Comptant
304421,1394,2024-10-21,2024-11-05,2024-10-31,828730,828730,Comptant
304422,11198,2024-10-19,2024-12-18,2024-12-28,1727115,1727115,60 j
304423,1387,2024-10-21,2024-12-20,2024-12-17,411170,411170,60 j
304424,16725,2024-10-22,2024-11-06,2024-11-03,1387940,1387940,Comptant
304425,19650,2024-10-22,2024-11-06,2024-11-05,1404920,1404920,Comptant
304426,13393,2024-10-21,2024-11-20,2024-11-18,515200,515200,30 j
304427,14515,2024-10-20,2024-11-19,2024-11-18,1785010,1785010,30 j
304428,9555,2024-10-21,2024-11-05,2024-11-02,1665520,1665520,Comptant
304429,16329,2024-10-22,2024-11-06,2024-11-01,288500,288500,Comptant
304430,8104,2024-10-21,2024-11-20,2024-11-18,1677190,1677190,30 j
304431,9952,2024-10-23,2024-11-07,,1251900,0,Comptant
304432,4968,2024-10-23,2024-11-22,2024-11-20,601025,601025,30 j
304433,14829,2024-10-21,2024-11-05,2024-11-06,1304930,1304930,Comptant
304434,22959,2024-10-22,2024-11-06,2024-11-16,1687680,1687680,Comptant
304435,17630,2024-10-21,2024-11-20,2024-11-20,1625020,1625020,30 j
304436,3169,2024-10-21,2024-11-05,2024-11-04,170340,170340,Comptant
304437,4547,2024-10-24,2024-11-23,,141380,0,30 j
304438,19214,2024-10-22,2024-11-06,,1757505,0,Comptant
304439,13224,2024-10-24,2024-11-23,2024-11-20,792975,792975,30 j
304440,23213,2024-10-22,2024-11-06,2024-11-03,343725,343725,Comptant
304441,14730,2024-10-22,2024-11-21,,1412115,0,30 j
304442,7481,2024-10-23,2024-11-22,,617430,0,30 j
304443,23869,2024-10-24,2024-11-23,2024-11-24,764810,764810,30 j
304444,18257,2024-10-25,2024-11-09,2024-11-06,1197720,1197720,Comptant
304445,18748,2024-10-23,2024-11-22,2024-11-19,1064010,1064010,30 j
304446,20181,2024-10-24,2024-11-08,2024-11-08,117610,117610,Comptant
304447,3455,2024-10-23,2024-11-07,,1468790,0,Comptant
304448,112,2024-10-25,2024-11-09,2024-11-19,837740,837740,Comptant
304449,14231,2024-10-24,2024-11-08,2024-11-03,1427780,1427780,Comptant
304450,13685,2024-10-26,2024-11-10,2024-11-07,568275,568275,Comptant
304451,10227,2024-10-24,2024-11-08,2024-11-09,1536250,1536250,Comptant
304452,9203,2024-10-26,2024-11-10,,672220,0,Comptant
304453,2334,2024-10-25,2024-12-24,2024-12-23,1661490,1661490,60 j
304454,12,2024-10-26,2024-12-25,,1585295,0,60 j
304455,14463,2024-10-26,2024-11-25,2024-11-20,1138810,1138810,30 j
304456,7249,2024-10-26,2024-11-25,,1283780,0,30 j
304457,14401,2024-10-25,2024-11-09,2024-11-04,464365,464365,Comptant
304458,6797,2024-10-25,2024-11-09,2024-11-07,360520,360520,Comptant
304459,6117,2024-10-25,2024-11-24,2024-11-22,298120,298120,30 j
304460,9498,2024-10-26,2024-11-10,2024-11-07,1224580,1224580,Comptant
304461,6700,2024-10-27,2024-11-26,2024-11-23,1283675,1283675,30 j
304462,20233,2024-10-26,2024-11-25,2024-11-23,290935,290935,30 j
304463,2194,2024-10-27,2024-11-11,2024-11-08,1409515,1409515,Comptant
304464,15793,2024-10-28,2024-11-27,2024-11-22,200750,200750,30 j
304465,4370,2024-10-28,2024-11-12,2024-11-12,68730,68730,Comptant
304466,10418,2024-10-27,2024-11-26,2024-11-21,1640405,1640405,30 j
304467,10793,2024-10-26,2024-11-25,2024-11-20,1466115,1466115,30 j
304468,23288,2024-10-27,2024-11-11,2024-11-11,1766165,1766165,Comptant
304469,3985,2024-10-26,2024-11-25,2024-11-24,144975,144975,30 j
304470,18604,2024-10-28,2024-11-12,2024-11-17,1081255,1081255,Comptant
304471,6117,2024-10-28,2024-11-27,,1545370,0,30 j
304472,17229,2024-10-29,2024-11-13,2024-11-08,340380,340380,Comptant
304473,23335,2024-10-27,2024-11-26,,93390,0,30 j
304474,21658,2024-10-28,2024-11-12,2024-11-10,1760335,1760335,Comptant
304475,9026,2024-10-27,2024-11-11,2024-11-08,766480,766480,Comptant
304476,16165,2024-10-28,2024-11-12,2024-11-12,1688070,1688070,Comptant
304477,10420,2024-10-29,2024-11-28,2024-11-23,1573640,1573640,30 j
304478,15896,2024-10-28,2024-12-27,2024-12-25,1103165,1103165,60 j
304479,14591,2024-10-28,2024-11-12,2024-11-07,925470,925470,Comptant
304480,23007,2024-10-30,2024-11-14,2024-11-13,1308930,1308930,Comptant
304481,3525,2024-10-28,2024-11-12,2024-11-09,1675435,1675435,Comptant
304482,3587,2024-10-29,2024-11-28,2024-11-25,1506915,1506915,30 j
304483,3732,2024-10-30,2024-11-14,2024-11-13,1112075,1112075,Comptant
304484,20618,2024-10-30,2024-11-14,2024-11-12,585335,585335,Comptant
304485,299,2024-10-30,2024-11-14,2024-11-16,788055,788055,Comptant
304486,5494,2024-10-29,2024-11-28,2024-11-23,347150,347150,30 j
304487,12552,2024-10-31,2024-11-30,2024-11-27,1614285,1614285,30 j
304488,19181,2024-10-31,2024-11-15,2024-11-10,308820,308820,Comptant
304489,17824,2024-10-30,2024-11-14,2024-11-14,748585,748585,Comptant
304490,10423,2024-10-31,2024-11-30,2024-11-25,343270,343270,30 j
304491,17452,2024-10-31,2024-12-30,2025-01-04,1684675,1684675,60 j
304492,8546,2024-10-31,2024-11-15,2024-11-15,994255,994255,Comptant
304493,16531,2024-11-01,2024-11-16,2024-11-11,526635,526635,Comptant
304494,20383,2024-10-30,2024-12-29,2024-12-31,201295,201295,60 j
304495,15081,2024-11-01,2024-11-16,2024-11-16,571480,571480,Comptant
304496,23437,2024-10-30,2024-11-29,2024-11-26,1537930,1537930,30 j
304497,7515,2024-11-02,2024-12-02,,718690,0,30 j
304498,18259,2024-11-02,2024-11-17,,1459070,0,Comptant
304499,9663,2024-10-31,2024-11-15,,306830,0,Comptant
304500,20899,2024-10-31,2024-11-15,2024-11-10,1617785,1617785,Comptant
304501,5170,2024-10-31,2024-11-15,,1204825,0,Comptant
304502,8511,2024-10-31,2024-11-15,2024-11-12,1231755,1231755,Comptant
304503,20189,2024-11-01,2024-12-01,2024-12-11,1067330,1067330,30 j
304504,5117,2024-11-01,2024-12-31,2024-12-31,1226160,1226160,60 j
304505,1265,2024-11-01,2024-11-16,2024-11-11,1183835,1183835,Comptant
304506,22374,2024-11-03,2024-11-18,2024-11-17,1223575,1223575,Comptant
304507,6815,2024-11-01,2024-11-16,2024-11-16,1497370,1497370,Comptant
304508,11242,2024-11-02,2024-12-02,2024-12-02,1516245,1516245,30 j
304509,10517,2024-11-02,2024-11-17,2024-11-17,87030,87030,Comptant
304510,4696,2024-11-02,2024-12-02,2024-12-02,813805,813805,30 j
304511,6408,2024-11-04,2024-11-19,2024-11-16,1763000,1763000,Comptant
304512,7068,2024-11-02,2024-11-17,2024-11-15,1660780,1660780,Comptant
304513,12705,2024-11-03,2024-11-18,2024-11-20,586535,586535,Comptant
304514,12970,2024-11-02,2024-12-02,2024-11-27,1790545,1790545,30 j
304515,2701,2024-11-04,2024-11-19,2024-11-14,1152820,1152820,Comptant
304516,1336,2024-11-02,2024-11-17,2024-11-14,1684900,1684900,Comptant
304517,17654,2024-11-04,2024-11-19,2024-11-14,375120,375120,Comptant
304518,14371,2024-11-05,2024-12-05,2024-12-03,1172950,1172950,30 j
304519,11185,2024-11-04,2024-12-04,2024-12-05,396385,396385,30 j
304520,426,2024-11-03,2024-11-18,2024-11-18,1166050,1166050,Comptant
304521,266,2024-11-05,2024-11-20,2024-11-20,535095,535095,Comptant
304522,2740,2024-11-03,2024-11-18,2024-11-17,209035,209035,Comptant
304523,2995,2024-11-04,2024-11-19,2024-11-17,329685,329685,Comptant
304524,3000,2024-11-06,2024-12-06,2024-12-26,196020,196020,30 j
304525,8370,2024-11-04,2024-11-19,2025-01-03,1462225,1462225,Comptant
304526,15472,2024-11-06,2024-11-21,2024-11-19,388245,388245,Comptant
304527,5242,2024-11-04,2024-12-04,2024-12-04,1261800,1261800,30 j
304528,17524,2024-11-06,2024-11-21,2024-11-20,624005,624005,Comptant
304529,21024,2024-11-04,2025-01-03,2025-01-01,1319035,1319035,60 j
304530,11650,2024-11-06,2024-12-06,2024-12-01,1668050,1668050,30 j
304531,10651,2024-11-06,2024-11-21,2024-11-18,593350,593350,Comptant
304532,7827,2024-11-06,2024-11-21,,935920,0,Comptant
304533,7547,2024-11-07,2024-11-22,2024-11-19,73365,73365,Comptant
304534,14997,2024-11-06,2024-12-06,2024-12-05,1292775,1292775,30 j
304535,2877,2024-11-07,2025-01-06,2025-01-04,1624425,1624425,60 j
304536,8289,2024-11-07,2024-11-22,,844935,0,Comptant
304537,5070,2024-11-06,2024-11-21,2024-11-20,983780,983780,Comptant
304538,21043,2024-11-08,2024-12-08,2024-12-03,1069970,1069970,30 j
304539,1283,2024-11-06,2024-12-06,2024-12-05,1329345,1329345,30 j
304540,13723,2024-11-08,2024-11-23,2024-11-23,1066070,1066070,Comptant
304541,10623,2024-11-07,2024-11-22,2024-11-20,1708440,1708440,Comptant
304542,22884,2024-11-06,2024-11-21,2024-11-20,163150,163150,Comptant
304543,23493,2024-11-08,2025-01-07,,191205,0,60 j
304544,19925,2024-11-07,2024-11-22,2024-11-22,1281305,1281305,Comptant
304545,23651,2024-11-08,2024-11-23,2024-11-23,1078510,1078510,Comptant
304546,20690,2024-11-08,2024-12-08,2024-12-03,521620,521620,30 j
304547,18774,2024-11-07,2024-11-22,2024-11-22,307365,307365,Comptant
304548,7924,2024-11-08,2024-12-08,2024-12-08,269815,269815,30 j
304549,8272,2024-11-07,2024-11-22,2024-11-17,724260,724260,Comptant
304550,20340,2024-11-08,2024-11-23,2024-11-24,417590,417590,Comptant
304551,21432,2024-11-08,2024-11-23,2024-11-22,689495,689495,Comptant
304552,22612,2024-11-09,2024-12-09,2024-12-09,306860,306860,30 j
304553,7784,2024-11-10,2024-11-25,2024-11-22,409990,409990,Comptant
304554,1278,2024-11-10,2024-12-10,2024-12-09,1098725,1098725,30 j
304555,21819,2024-11-08,2025-01-07,2025-01-05,760205,760205,60 j
304556,13792,2024-11-09,2024-11-24,2024-11-24,434685,434685,Comptant
304557,18427,2024-11-09,2025-01-08,2025-01-28,1454145,1454145,60 j
304558,2004,2024-11-10,2024-11-25,2024-11-20,852165,852165,Comptant
304559,19904,2024-11-11,2024-12-11,2024-12-10,994400,994400,30 j
304560,8336,2024-11-09,2024-11-24,2024-11-19,854065,854065,Comptant
304561,10054,2024-11-09,2024-11-24,2024-11-24,651120,651120,Comptant
304562,5789,2024-11-09,2024-11-24,2024-11-24,239815,239815,Comptant
304563,9208,2024-11-11,2024-11-26,2024-12-16,1263440,1263440,Comptant
304564,356,2024-11-10,2024-12-10,2024-12-09,733585,733585,30 j
304565,15822,2024-11-11,2024-12-11,,607065,0,30 j
304566,9098,2024-11-10,2024-12-10,2024-12-07,559495,559495,30 j
304567,8935,2024-11-12,2024-11-27,2024-11-25,1664715,1664715,Comptant
304568,16424,2024-11-10,2024-11-25,2024-11-25,1638610,1638610,Comptant
304569,15844,2024-11-12,2024-11-27,,737035,0,Comptant
304570,5113,2024-11-12,2025-01-11,,431365,0,60 j
304571,9470,2024-11-12,2024-11-27,2024-11-28,727405,727405,Comptant
304572,7638,2024-11-12,2024-12-12,2024-12-07,524815,524815,30 j
304573,20344,2024-11-11,2024-11-26,2024-11-23,1303180,1303180,Comptant
304574,22075,2024-11-11,2024-12-11,,741250,0,30 j
304575,833,2024-11-13,2024-12-13,2024-12-10,88750,88750,30 j
304576,1621,2024-11-11,2024-12-11,,365355,0,30 j
304577,5747,2024-11-12,2024-11-27,2024-11-22,1635265,1635265,Comptant
304578,10169,2024-11-14,2024-12-14,2024-12-12,156460,156460,30 j
304579,379,2024-11-12,2024-11-27,2024-11-26,1096595,1096595,Comptant
304580,11417,2024-11-12,2024-11-27,2024-11-25,1074045,1074045,Comptant
304581,3599,2024-11-13,2024-11-28,2024-11-25,231300,231300,Comptant
304582,20381,2024-11-13,2024-11-28,,1377470,0,Comptant
304583,10090,2024-11-14,2024-11-29,2024-11-29,1156140,1156140,Comptant
304584,17501,2024-11-14,2024-11-29,2024-11-28,1221760,1221760,Comptant
304585,10748,2024-11-14,2024-12-14,2024-12-09,196950,196950,30 j
304586,6890,2024-11-14,2025-01-13,2025-01-11,328475,328475,60 j
304587,12214,2024-11-15,2024-11-30,2024-11-30,1453960,1453960,Comptant
304588,19395,2024-11-15,2024-11-30,2024-11-27,689595,689595,Comptant
304589,12489,2024-11-14,2024-12-14,2025-01-28,1514250,1514250,30 j
304590,8373,2024-11-13,2024-11-28,2024-11-26,473035,473035,Comptant
304591,1809,2024-11-16,2024-12-01,2024-11-29,788845,788845,Comptant
304592,857,2024-11-15,2025-01-14,,1153115,0,60 j
304593,5748,2024-11-15,2024-11-30,2024-11-28,1606410,1606410,Comptant
304594,11698,2024-11-16,2024-12-01,2024-12-01,1010590,1010590,Comptant
304595,17967,2024-11-14,2025-01-13,,66915,0,60 j
304596,9249,2024-11-15,2024-11-30,,808465,0,Comptant
304597,18170,2024-11-14,2024-12-14,2024-12-14,615350,615350,30 j
304598,20141,2024-11-16,2025-01-15,2025-01-12,1379140,1379140,60 j
304599,12754,2024-11-17,2024-12-17,2024-12-16,120600,120600,30 j
304600,2874,2024-11-16,2024-12-01,,1029415,0,Comptant
304601,512,2024-11-15,2024-11-30,2024-11-29,494975,494975,Comptant
304602,14857,2024-11-16,2024-12-01,2024-12-01,1359540,1359540,Comptant
304603,9446,2024-11-17,2024-12-17,2024-12-12,1414440,1414440,30 j
304604,13175,2024-11-16,2024-12-01,2024-11-29,1191860,1191860,Comptant
304605,12837,2024-11-16,2024-12-01,2024-11-28,1628100,1628100,Comptant
304606,1020,2024-11-18,2024-12-03,2024-11-30,1542165,1542165,Comptant
304607,22231,2024-11-17,2024-12-02,2024-11-30,563035,563035,Comptant
304608,22559,2024-11-18,2024-12-18,2025-01-07,1786455,1786455,30 j
304609,15470,2024-11-17,2024-12-02,2024-11-29,1734740,1734740,Comptant
304610,6389,2024-11-18,2025-01-17,2025-01-16,1225435,1225435,60 j
304611,22260,2024-11-17,2024-12-02,2024-11-30,951315,951315,Comptant
304612,14899,2024-11-18,2024-12-03,2024-11-30,944835,944835,Comptant
304613,21455,2024-11-19,2024-12-04,2024-12-09,1377325,1377325,Comptant
304614,21695,2024-11-18,2024-12-03,2024-12-01,512485,512485,Comptant
304615,2769,2024-11-19,2024-12-19,2024-12-17,300565,300565,30 j
304616,18193,2024-11-17,2024-12-02,2024-12-02,549970,549970,Comptant
304617,14816,2024-11-19,2024-12-04,2024-12-03,1355215,1355215,Comptant
304618,5941,2024-11-19,2024-12-04,2024-11-29,1214975,1214975,Comptant
304619,3667,2024-11-19,2024-12-04,2024-12-04,1291260,1291260,Comptant
304620,16776,2024-11-20,2024-12-20,2024-12-17,1120100,1120100,30 j
304621,22204,2024-11-19,2024-12-04,2024-12-01,393200,393200,Comptant
304622,17167,2024-11-20,2024-12-05,,1520340,0,Comptant
304623,14100,2024-11-18,2024-12-18,2024-12-16,1455145,1455145,30 j
304624,3835,2024-11-19,2024-12-19,2024-12-17,1209365,1209365,30 j
304625,5616,2024-11-21,2024-12-06,2024-12-05,889220,889220,Comptant
304626,14104,2024-11-21,2024-12-06,2024-12-04,206600,206600,Comptant
304627,17884,2024-11-21,2024-12-21,2024-12-26,139890,139890,30 j
304628,17328,2024-11-20,2024-12-20,2024-12-19,475815,475815,30 j
304629,7008,2024-11-19,2024-12-04,,60245,0,Comptant
304630,22399,2024-11-21,2024-12-21,2024-12-19,1521330,1521330,30 j
304631,7922,2024-11-19,2024-12-19,2024-12-16,1019215,1019215,30 j
304632,12022,2024-11-20,2024-12-20,2024-12-17,294870,294870,30 j
304633,17325,2024-11-20,2024-12-05,2024-12-03,719320,719320,Comptant
304634,18850,2024-11-20,2024-12-05,2024-12-05,501060,501060,Comptant
304635,13246,2024-11-22,2024-12-07,2024-12-12,1362910,1362910,Comptant
304636,1200,2024-11-20,2024-12-05,2024-12-02,1773885,1773885,Comptant
304637,6821,2024-11-20,2024-12-05,,799005,0,Comptant
304638,17135,2024-11-22,2024-12-07,2024-12-09,1639510,1639510,Comptant
304639,22323,2024-11-23,2024-12-08,2024-12-08,1529945,1529945,Comptant
304640,7703,2024-11-23,2024-12-08,2024-12-06,809865,809865,Comptant
304641,15923,2024-11-23,2025-01-22,2025-01-19,1407735,1407735,60 j
304642,3274,2024-11-22,2024-12-07,2024-12-07,1611645,1611645,Comptant
304643,16398,2024-11-22,2024-12-22,,1144255,0,30 j
304644,18611,2024-11-23,2024-12-08,2024-12-07,786070,786070,Comptant
304645,4176,2024-11-23,2025-01-22,,1185345,0,60 j
304646,8499,2024-11-23,2024-12-23,2024-12-20,1542095,1542095,30 j
304647,12008,2024-11-22,2024-12-07,2024-12-05,608720,608720,Comptant
304648,15494,2024-11-23,2024-12-23,2024-12-20,478090,478090,30 j
304649,6384,2024-11-22,2025-01-21,2025-01-16,293260,293260,60 j
304650,17243,2024-11-24,2024-12-09,2024-12-06,1664255,1664255,Comptant
304651,5374,2024-11-22,2024-12-07,2024-12-02,815180,815180,Comptant
304652,11525,2024-11-24,2024-12-09,2024-12-09,1061405,1061405,Comptant
304653,186,2024-11-25,2024-12-25,2024-12-24,1692495,1692495,30 j
304654,12230,2024-11-23,2024-12-08,2024-12-07,820780,820780,Comptant
304655,963,2024-11-25,2024-12-10,2024-12-09,805005,805005,Comptant
304656,12948,2024-11-25,2024-12-25,2024-12-25,1056600,1056600,30 j
304657,5211,2024-11-24,2024-12-09,2024-12-04,214815,214815,Comptant
304658,13145,2024-11-25,2024-12-10,2024-12-09,347905,347905,Comptant
304659,3754,2024-11-25,2024-12-10,2024-12-08,205210,205210,Comptant
304660,11177,2024-11-24,2024-12-24,2024-12-22,223955,223955,30 j
304661,14647,2024-11-25,2025-01-24,2025-01-23,115415,115415,60 j
304662,1922,2024-11-24,2024-12-09,2024-12-29,1142985,1142985,Comptant
304663,16668,2024-11-26,2024-12-11,2024-12-13,345390,345390,Comptant
304664,9726,2024-11-24,2024-12-09,2024-12-09,466550,466550,Comptant
304665,1422,2024-11-26,2024-12-11,2024-12-09,1533500,1533500,Comptant
304666,17399,2024-11-27,2025-01-26,2025-01-26,325295,325295,60 j
304667,131,2024-11-25,2024-12-10,,1726965,0,Comptant
304668,21982,2024-11-25,2024-12-10,2025-01-24,1681910,1681910,Comptant
304669,1084,2024-11-26,2024-12-11,2024-12-09,746985,746985,Comptant
304670,20774,2024-11-25,2024-12-10,2024-12-09,1360865,1360865,Comptant
304671,4846,2024-11-26,2024-12-11,2024-12-12,1758340,1758340,Comptant
304672,6267,2024-11-28,2024-12-13,2024-12-13,1289705,1289705,Comptant
304673,4720,2024-11-26,2024-12-11,2024-12-10,1487760,1487760,Comptant
304674,6130,2024-11-27,2024-12-12,,1585085,0,Comptant
304675,14660,2024-11-27,2025-01-26,2025-01-24,1310270,1310270,60 j
304676,11324,2024-11-26,2025-01-25,2025-03-11,702595,702595,60 j
304677,18964,2024-11-27,2024-12-12,2024-12-11,1185395,1185395,Comptant
304678,14704,2024-11-26,2024-12-11,2024-12-11,214810,214810,Comptant
304679,23684,2024-11-27,2024-12-27,2024-12-22,447385,447385,30 j
304680,4131,2024-11-28,2024-12-28,2025-01-17,1653035,1653035,30 j
304681,17542,2024-11-27,2025-01-26,2025-01-21,556150,556150,60 j
304682,2704,2024-11-29,2024-12-14,2024-12-13,823545,823545,Comptant
304683,13361,2024-11-29,2024-12-29,2024-12-27,1791610,1791610,30 j
304684,15447,2024-11-28,2024-12-28,2024-12-23,1280535,1280535,30 j
304685,20570,2024-11-29,2024-12-14,2024-12-12,1488810,1488810,Comptant
304686,5321,2024-11-30,2024-12-15,2024-12-20,1138280,1138280,Comptant
304687,875,2024-11-30,2024-12-15,2024-12-14,216140,216140,Comptant
304688,21664,2024-11-28,2024-12-13,,456900,0,Comptant
304689,5527,2024-11-28,2024-12-28,2025-02-11,964690,964690,30 j
304690,19423,2024-11-28,2024-12-13,2024-12-13,912795,912795,Comptant
304691,5516,2024-11-29,2024-12-14,,639125,0,Comptant
304692,22872,2024-11-29,2024-12-29,2024-12-24,418140,418140,30 j
304693,22986,2024-11-29,2024-12-14,2024-12-12,944450,944450,Comptant
304694,16452,2024-11-30,2024-12-15,2024-12-10,1691490,1691490,Comptant
304695,23416,2024-11-29,2025-01-28,,1300850,0,60 j
304696,12059,2024-12-01,2024-12-31,2025-01-02,1186490,1186490,30 j
304697,11654,2024-11-29,2024-12-14,2024-12-12,770260,770260,Comptant
304698,4108,2024-12-01,2024-12-31,2024-12-26,1218995,1218995,30 j
304699,466,2024-12-02,2024-12-17,2024-12-14,1445565,1445565,Comptant
304700,7070,2024-11-30,2024-12-15,2024-12-10,436885,436885,Comptant
304701,12164,2024-11-30,2024-12-15,2024-12-15,692690,692690,Comptant
304702,15320,2024-11-30,2024-12-30,2024-12-30,406880,406880,30 j
304703,88,2024-11-30,2024-12-15,2024-12-13,1510800,1510800,Comptant
304704,7294,2024-11-30,2024-12-15,2024-12-14,1788265,1788265,Comptant
304705,16941,2024-11-30,2024-12-15,2024-12-13,1116780,1116780,Comptant
304706,778,2024-12-03,2024-12-18,2024-12-17,1163915,1163915,Comptant
304707,13596,2024-12-01,2024-12-16,2024-12-13,1146125,1146125,Comptant
304708,5520,2024-12-01,2024-12-16,2024-12-16,1620815,1620815,Comptant
304709,21145,2024-12-02,2024-12-17,2025-01-31,879675,879675,Comptant
304710,15369,2024-12-03,2024-12-18,2024-12-15,1649350,1649350,Comptant
304711,11347,2024-12-01,2024-12-16,2024-12-14,536395,536395,Comptant
304712,15223,2024-12-04,2024-12-19,2024-12-18,1562240,1562240,Comptant
304713,926,2024-12-02,2025-01-31,2025-01-30,135995,135995,60 j
304714,19977,2024-12-04,2025-01-03,2025-01-23,424585,424585,30 j
304715,14053,2024-12-03,2025-01-02,2025-01-01,1069070,1069070,30 j
304716,2878,2024-12-04,2025-01-03,,1707770,0,30 j
304717,15633,2024-12-03,2024-12-18,2024-12-16,754920,754920,Comptant
304718,18337,2024-12-04,2024-12-19,2024-12-19,1386295,1386295,Comptant
304719,3901,2024-12-03,2024-12-18,2024-12-13,1438005,1438005,Comptant
304720,15805,2024-12-03,2024-12-18,2024-12-13,566470,566470,Comptant
304721,3585,2024-12-04,2024-12-19,2024-12-17,1364550,1364550,Comptant
304722,20174,2024-12-05,2025-02-03,2025-01-29,1346725,1346725,60 j
304723,4112,2024-12-05,2024-12-20,2024-12-17,1790695,1790695,Comptant
304724,10960,2024-12-03,2024-12-18,2024-12-17,1718155,1718155,Comptant
304725,16294,2024-12-03,2025-01-02,,925770,0,30 j
304726,23035,2024-12-04,2024-12-19,2024-12-14,653830,653830,Comptant
304727,15177,2024-12-05,2025-02-03,2025-01-29,1454140,1454140,60 j
304728,15843,2024-12-05,2024-12-20,,404490,0,Comptant
304729,23196,2024-12-05,2025-01-04,,971325,0,30 j
304730,310,2024-12-06,2024-12-21,2024-12-19,1000795,1000795,Comptant
304731,4797,2024-12-04,2024-12-19,,398690,0,Comptant
304732,9070,2024-12-06,2024-12-21,2024-12-21,213785,213785,Comptant
304733,23402,2024-12-05,2024-12-20,2024-12-15,893215,893215,Comptant
304734,17229,2024-12-06,2024-12-21,2024-12-21,927025,927025,Comptant
304735,8173,2024-12-05,2024-12-20,2024-12-19,640485,640485,Comptant
304736,7665,2024-12-05,2024-12-20,,482015,0,Comptant
304737,68,2024-12-05,2024-12-20,2024-12-19,109585,109585,Comptant
304738,4090,2024-12-05,2024-12-20,2024-12-18,69100,69100,Comptant
304739,23403,2024-12-07,2024-12-22,2024-12-22,1352395,1352395,Comptant
304740,18841,2024-12-08,2025-01-07,2025-01-06,1386940,1386940,30 j
304741,13382,2024-12-08,2024-12-23,,557020,0,Comptant
304742,6528,2024-12-06,2025-01-05,2025-01-05,262750,262750,30 j
304743,18013,2024-12-07,2025-01-06,2025-01-06,1356040,1356040,30 j
304744,44,2024-12-07,2024-12-22,2024-12-20,175215,175215,Comptant
304745,2806,2024-12-08,2024-12-23,2024-12-20,644485,644485,Comptant
304746,14311,2024-12-07,2024-12-22,2024-12-21,874605,874605,Comptant
304747,13845,2024-12-07,2024-12-22,2024-12-17,473485,473485,Comptant
304748,19131,2024-12-07,2025-02-05,2025-02-03,308870,308870,60 j
304749,16892,2024-12-08,2025-02-06,2025-02-06,1631175,1631175,60 j
304750,5254,2024-12-07,2024-12-22,2024-12-21,1577050,1577050,Comptant
304751,3933,2024-12-08,2024-12-23,,1310095,0,Comptant
304752,22461,2024-12-09,2024-12-24,2024-12-19,934635,934635,Comptant
304753,9663,2024-12-09,2024-12-24,2024-12-26,1670440,1670440,Comptant
304754,22054,2024-12-08,2024-12-23,2024-12-18,1377575,1377575,Comptant
304755,17110,2024-12-10,2024-12-25,2024-12-22,1750985,1750985,Comptant
304756,6477,2024-12-08,2024-12-23,,604330,0,Comptant
304757,9731,2024-12-08,2024-12-23,2024-12-21,1063225,1063225,Comptant
304758,5015,2024-12-09,2025-02-07,2025-02-05,582750,582750,60 j
304759,9986,2024-12-10,2025-01-09,,1000745,0,30 j
304760,8172,2024-12-10,2025-01-09,2025-01-09,967180,967180,30 j
304761,17287,2024-12-11,2024-12-26,2024-12-26,678020,678020,Comptant
304762,14546,2024-12-09,2024-12-24,2024-12-23,150750,150750,Comptant
304763,2438,2024-12-11,2025-01-10,2025-01-09,1359045,1359045,30 j
304764,5718,2024-12-11,2024-12-26,2024-12-23,1777030,1777030,Comptant
304765,3254,2024-12-11,2025-01-10,,1778615,0,30 j
304766,4982,2024-12-12,2025-01-11,2025-01-06,333650,333650,30 j
304767,14988,2024-12-10,2025-02-08,2025-02-03,1645705,1645705,60 j
304768,2798,2024-12-12,2025-01-11,2025-01-09,301500,301500,30 j
304769,19233,2024-12-10,2025-01-09,,1285285,0,30 j
304770,10585,2024-12-12,2024-12-27,2024-12-29,1795575,1795575,Comptant
304771,11132,2024-12-12,2024-12-27,2024-12-26,1207790,1207790,Comptant
304772,18942,2024-12-10,2025-02-08,2025-02-07,1317110,1317110,60 j
304773,20094,2024-12-11,2024-12-26,2024-12-21,1146515,1146515,Comptant
304774,22397,2024-12-13,2024-12-28,2024-12-25,1118685,1118685,Comptant
304775,18115,2024-12-11,2024-12-26,2024-12-25,1648605,1648605,Comptant
304776,11904,2024-12-11,2024-12-26,2024-12-25,859490,859490,Comptant
304777,10034,2024-12-13,2025-01-12,2025-01-12,1640690,1640690,30 j
304778,4611,2024-12-12,2025-01-11,2025-01-09,1743895,1743895,30 j
304779,22514,2024-12-14,2024-12-29,2024-12-24,1001900,1001900,Comptant
304780,20994,2024-12-13,2025-01-12,2025-01-07,1003185,1003185,30 j
304781,19487,2024-12-13,2024-12-28,2024-12-28,129390,129390,Comptant
304782,23284,2024-12-12,2025-01-11,2025-01-08,673480,673480,30 j
304783,19303,2024-12-13,2025-02-11,2025-02-08,1355775,1355775,60 j
304784,23300,2024-12-14,2025-01-13,,1483435,0,30 j
304785,4126,2024-12-12,2024-12-27,,1383575,0,Comptant
304786,17016,2024-12-15,2024-12-30,2024-12-30,1728950,1728950,Comptant
304787,1840,2024-12-14,2025-01-13,2025-01-14,1167510,1167510,30 j
304788,13261,2024-12-15,2025-02-13,2025-02-12,398100,398100,60 j
304789,16552,2024-12-13,2025-01-12,2025-01-13,425630,425630,30 j
304790,18885,2024-12-15,2024-12-30,2024-12-30,1047965,1047965,Comptant
304791,9920,2024-12-15,2025-02-13,2025-02-08,1423165,1423165,60 j
304792,11548,2024-12-13,2025-01-12,2025-01-07,745790,745790,30 j
304793,6570,2024-12-15,2025-02-13,2025-02-12,400515,400515,60 j
304794,19470,2024-12-14,2024-12-29,2024-12-24,1297830,1297830,Comptant
304795,4272,2024-12-16,2025-01-15,2025-01-12,712070,712070,30 j
304796,3722,2024-12-16,2024-12-31,2024-12-26,1119995,1119995,Comptant
304797,22424,2024-12-14,2025-01-13,2025-01-11,137410,137410,30 j
304798,18831,2024-12-16,2024-12-31,2024-12-30,1339830,1339830,Comptant
304799,6784,2024-12-14,2024-12-29,2024-12-29,1581605,1581605,Comptant
304800,13110,2024-12-17,2025-01-16,2025-01-15,108660,108660,30 j
304801,13427,2024-12-16,2025-01-15,,390630,0,30 j
304802,8494,2024-12-17,2025-02-15,2025-02-10,1152560,1152560,60 j
304803,1616,2024-12-17,2025-01-01,2025-01-01,1743515,1743515,Comptant
304804,10266,2024-12-17,2025-01-01,,1347100,0,Comptant
304805,22740,2024-12-17,2025-01-16,2025-01-11,111795,111795,30 j
304806,1458,2024-12-16,2025-01-15,2025-02-04,1004155,1004155,30 j
304807,7661,2024-12-16,2024-12-31,2024-12-28,1145945,1145945,Comptant
304808,16441,2024-12-17,2025-01-01,2024-12-30,998015,998015,Comptant
304809,10906,2024-12-16,2025-02-14,2025-02-11,1791055,1791055,60 j
304810,882,2024-12-17,2025-01-01,2024-12-31,1451370,1451370,Comptant
304811,8400,2024-12-17,2025-01-16,2025-01-15,297180,297180,30 j
304812,21454,2024-12-16,2025-01-15,2025-01-12,1467740,1467740,30 j
304813,5225,2024-12-17,2025-01-01,2025-01-03,1679875,1679875,Comptant
304814,2432,2024-12-19,2025-01-03,2025-01-03,1328700,1328700,Comptant
304815,12828,2024-12-19,2025-01-03,2024-12-29,1422805,1422805,Comptant
304816,10096,2024-12-19,2025-01-03,2024-12-29,338920,338920,Comptant
304817,7451,2024-12-17,2025-01-16,2025-01-14,138370,138370,30 j
304818,18626,2024-12-19,2025-01-03,2025-01-13,1001090,1001090,Comptant
304819,22736,2024-12-18,2025-02-16,,1483965,0,60 j
304820,6641,2024-12-19,2025-01-03,2024-12-31,1410405,1410405,Comptant
304821,15036,2024-12-19,2025-01-18,2025-02-07,1543740,1543740,30 j
304822,7374,2024-12-20,2025-01-19,2025-01-16,212765,212765,30 j
304823,22805,2024-12-19,2025-01-18,2025-01-15,1003865,1003865,30 j
304824,14476,2024-12-19,2025-01-03,2025-01-05,936865,936865,Comptant
304825,22593,2024-12-20,2025-01-04,2025-01-01,1616540,1616540,Comptant
304826,11179,2024-12-20,2025-01-19,,526010,0,30 j
304827,12396,2024-12-21,2025-01-05,2025-01-02,1618260,1618260,Comptant
304828,10883,2024-12-21,2025-01-05,2025-01-05,1382285,1382285,Comptant
304829,15380,2024-12-20,2025-01-19,2025-01-19,217320,217320,30 j
304830,4031,2024-12-21,2025-01-05,2024-12-31,1797840,1797840,Comptant
304831,9992,2024-12-20,2025-01-19,2025-03-05,884790,884790,30 j
304832,6523,2024-12-19,2025-01-18,2025-01-23,1595780,1595780,30 j
304833,18714,2024-12-22,2025-01-06,2025-01-05,546880,546880,Comptant
304834,22792,2024-12-22,2025-02-20,,902810,0,60 j
304835,12798,2024-12-22,2025-01-06,2025-01-04,480150,480150,Comptant
304836,5452,2024-12-21,2025-01-05,2025-01-04,399355,399355,Comptant
304837,12854,2024-12-22,2025-01-06,2025-01-03,1098680,1098680,Comptant
304838,21079,2024-12-20,2025-01-04,2025-02-18,1015530,1015530,Comptant
304839,18438,2024-12-21,2025-01-05,,638835,0,Comptant
304840,1489,2024-12-22,2025-01-06,2025-01-05,244405,244405,Comptant
304841,5082,2024-12-23,2025-01-07,2025-01-07,1361810,1361810,Comptant
304842,12580,2024-12-22,2025-01-21,2025-01-21,1114125,1114125,30 j
304843,3642,2024-12-23,2025-02-21,2025-02-18,826900,826900,60 j
304844,15337,2024-12-23,2025-01-07,2025-01-06,1557770,1557770,Comptant
304845,22326,2024-12-23,2025-01-07,,1383860,0,Comptant
304846,7171,2024-12-22,2025-02-20,2025-02-20,728620,728620,60 j
304847,1231,2024-12-23,2025-01-07,2025-02-21,1668575,1668575,Comptant
304848,7138,2024-12-22,2025-01-06,,549015,0,Comptant
304849,23479,2024-12-22,2025-02-20,2025-02-18,1333010,1333010,60 j
304850,7854,2024-12-23,2025-01-22,2025-01-20,1490580,1490580,30 j
304851,19015,2024-12-22,2025-01-21,2025-01-26,1690045,1690045,30 j
304852,18024,2024-12-22,2025-01-06,,1415255,0,Comptant
304853,13972,2024-12-23,2025-01-22,2025-01-20,1332380,1332380,30 j
304854,12044,2024-12-23,2025-01-07,2025-01-05,1563865,1563865,Comptant
304855,4393,2024-12-25,2025-01-09,2025-01-04,1031360,1031360,Comptant
304856,19320,2024-12-25,2025-01-24,2025-01-19,1208930,1208930,30 j
304857,18471,2024-12-23,2025-01-07,,1386385,0,Comptant
304858,312,2024-12-25,2025-01-09,2025-01-08,340555,340555,Comptant
304859,9011,2024-12-25,2025-01-09,2025-01-29,330555,330555,Comptant
304860,12738,2024-12-25,2025-01-24,,1756550,0,30 j
304861,15001,2024-12-24,2025-01-08,2025-01-06,1234770,1234770,Comptant
304862,21985,2024-12-24,2025-01-08,2025-01-08,801910,801910,Comptant
304863,5365,2024-12-25,2025-01-09,2025-01-08,974585,974585,Comptant
304864,12370,2024-12-25,2025-01-09,2025-01-06,178845,178845,Comptant
304865,7270,2024-12-24,2025-01-08,2025-01-07,1154345,1154345,Comptant
304866,23097,2024-12-24,2025-01-23,2025-01-23,733195,733195,30 j
304867,7613,2024-12-27,2025-01-11,2025-01-10,970060,970060,Comptant
304868,4797,2024-12-26,2025-01-10,2025-01-07,1533580,1533580,Comptant
304869,7146,2024-12-26,2025-02-24,2025-02-19,1540325,1540325,60 j
304870,21534,2024-12-27,2025-01-11,2025-01-09,1125710,1125710,Comptant
304871,17052,2024-12-27,2025-01-11,2025-01-09,1682665,1682665,Comptant
304872,8319,2024-12-26,2025-01-25,2025-01-22,1437260,1437260,30 j
304873,8486,2024-12-27,2025-01-11,2025-01-06,466265,466265,Comptant
304874,3367,2024-12-26,2025-02-24,2025-02-19,1728660,1728660,60 j
304875,21542,2024-12-26,2025-02-24,2025-02-21,886190,886190,60 j
304876,8832,2024-12-26,2025-01-10,2025-01-09,1226525,1226525,Comptant
304877,96,2024-12-26,2025-01-10,2025-01-10,1490530,1490530,Comptant
304878,11811,2024-12-27,2025-01-11,,1095550,0,Comptant
304879,13868,2024-12-26,2025-01-10,,706650,0,Comptant
304880,2978,2024-12-27,2025-01-11,2025-01-11,978720,978720,Comptant
304881,20849,2024-12-27,2025-01-11,2025-01-09,670495,670495,Comptant
304882,9735,2024-12-27,2025-01-26,2025-01-31,593120,593120,30 j
304883,18832,2024-12-29,2025-01-13,2025-01-11,730415,730415,Comptant
304884,2883,2024-12-28,2025-01-12,2025-01-10,1001020,1001020,Comptant
304885,23540,2024-12-28,2025-01-12,2025-01-13,1599315,1599315,Comptant
304886,12422,2024-12-27,2025-01-11,2025-01-13,1135705,1135705,Comptant
304887,9551,2024-12-29,2025-01-13,2025-01-12,1759670,1759670,Comptant
304888,13048,2024-12-30,2025-01-29,2025-01-26,1529990,1529990,30 j
304889,11176,2024-12-29,2025-01-28,2025-01-28,1536180,1536180,30 j
304890,21807,2024-12-30,2025-01-14,2025-01-15,1294560,1294560,Comptant
304891,13717,2024-12-29,2025-01-13,2025-01-08,744005,744005,Comptant
304892,18575,2024-12-28,2025-01-12,2025-01-10,1613215,1613215,Comptant
304893,6120,2024-12-30,2025-01-29,2025-01-28,1049280,1049280,30 j
304894,4429,2024-12-30,2025-01-14,2025-01-11,1519170,1519170,Comptant
304895,21935,2024-12-31,2025-01-15,2025-01-15,446975,446975,Comptant
304896,2957,2024-12-29,2025-01-13,,555675,0,Comptant
304897,13860,2024-12-30,2025-01-14,2025-01-11,963550,963550,Comptant
304898,19489,2024-12-30,2025-01-14,2025-01-09,1449050,1449050,Comptant
304899,14254,2024-12-30,2025-01-14,,1528375,0,Comptant
304900,13240,2025-01-01,2025-01-16,2025-01-16,1448115,1448115,Comptant
304901,340,2024-12-31,2025-01-15,2025-01-12,1704485,1704485,Comptant
304902,19304,2024-12-31,2025-01-15,2025-01-10,1290180,1290180,Comptant
304903,6239,2025-01-01,2025-01-16,2025-01-16,1110730,1110730,Comptant
304904,826,2025-01-01,2025-01-16,,1408985,0,Comptant
304905,12308,2025-01-01,2025-01-16,2025-01-14,128595,128595,Comptant
304906,8539,2024-12-31,2025-01-15,2025-01-13,1010930,1010930,Comptant
304907,7800,2025-01-02,2025-02-01,2025-01-29,947400,947400,30 j
304908,15821,2024-12-31,2025-01-15,2025-01-13,1236375,1236375,Comptant
304909,18944,2025-01-01,2025-01-16,2025-01-13,1556375,1556375,Comptant
304910,521,2024-12-31,2025-01-15,2025-01-25,1311175,1311175,Comptant
304911,16472,2024-12-31,2025-01-15,2025-01-12,522510,522510,Comptant
304912,20564,2025-01-01,2025-01-16,2025-02-05,1506215,1506215,Comptant
304913,19557,2024-12-31,2025-01-15,2025-01-12,1593360,1593360,Comptant
304914,5665,2025-01-02,2025-01-17,2025-01-17,767525,767525,Comptant
304915,11829,2025-01-03,2025-02-02,2025-02-01,1151730,1151730,30 j
304916,15132,2025-01-01,2025-01-16,2025-01-14,1664690,1664690,Comptant
304917,7485,2025-01-03,2025-01-18,2025-01-18,357540,357540,Comptant
304918,7695,2025-01-01,2025-01-16,2025-03-02,777175,777175,Comptant
304919,119,2025-01-02,2025-01-17,2025-01-16,1799690,1799690,Comptant
304920,8384,2025-01-02,2025-02-01,,1647235,0,30 j
304921,7488,2025-01-04,2025-01-19,2025-01-14,288045,288045,Comptant
304922,8804,2025-01-04,2025-02-03,2025-01-29,131115,131115,30 j
304923,3817,2025-01-03,2025-01-18,2025-01-15,971165,971165,Comptant
304924,8902,2025-01-02,2025-01-17,2025-01-14,1151250,1151250,Comptant
304925,18693,2025-01-02,2025-01-17,2025-01-14,1785865,1785865,Comptant
304926,13388,2025-01-04,2025-01-19,2025-01-14,295090,295090,Comptant
304927,16735,2025-01-03,2025-02-02,2025-02-07,1607380,1607380,30 j
304928,12276,2025-01-05,2025-01-20,2025-01-18,416575,416575,Comptant
304929,15693,2025-01-04,2025-01-19,2025-01-17,1369680,1369680,Comptant
304930,18862,2025-01-05,2025-02-04,,1294485,0,30 j
304931,9875,2025-01-04,2025-01-19,2025-01-18,718720,718720,Comptant
304932,7880,2025-01-05,2025-02-04,2025-02-03,935235,935235,30 j
304933,9692,2025-01-04,2025-02-03,2025-02-02,721105,721105,30 j
304934,17242,2025-01-06,2025-01-21,2025-01-21,1558770,1558770,Comptant
304935,22605,2025-01-05,2025-01-20,,924760,0,Comptant
304936,2433,2025-01-04,2025-02-03,2025-02-02,1107295,1107295,30 j
304937,10916,2025-01-04,2025-01-19,2025-01-14,1547555,1547555,Comptant
304938,5679,2025-01-04,2025-02-03,2025-02-03,397795,397795,30 j
304939,16383,2025-01-06,2025-02-05,2025-02-15,911330,911330,30 j
304940,7574,2025-01-06,2025-02-05,2025-02-25,850255,850255,30 j
304941,5127,2025-01-05,2025-01-20,2025-01-15,1758310,1758310,Comptant
304942,22646,2025-01-06,2025-02-05,2025-01-31,342675,342675,30 j
304943,5036,2025-01-07,2025-01-22,2025-01-19,350130,350130,Comptant
304944,6553,2025-01-05,2025-01-20,2025-01-17,1659060,1659060,Comptant
304945,6657,2025-01-05,2025-02-04,2025-02-03,1409695,1409695,30 j
304946,3008,2025-01-05,2025-01-20,,1742270,0,Comptant
304947,20657,2025-01-06,2025-03-07,2025-03-06,1310600,1310600,60 j
304948,1350,2025-01-06,2025-01-21,2025-01-16,60725,60725,Comptant
304949,9800,2025-01-06,2025-01-21,,852235,0,Comptant
304950,7448,2025-01-07,2025-01-22,2025-01-22,64940,64940,Comptant
304951,5675,2025-01-06,2025-01-21,2025-01-22,1444375,1444375,Comptant
304952,22401,2025-01-06,2025-01-21,2025-01-20,504205,504205,Comptant
304953,9742,2025-01-06,2025-01-21,2025-01-16,801370,801370,Comptant
304954,5100,2025-01-09,2025-01-24,2025-01-23,468255,468255,Comptant
304955,4073,2025-01-09,2025-01-24,2025-01-26,268970,268970,Comptant
304956,7929,2025-01-09,2025-01-24,2025-01-23,1485195,1485195,Comptant
304957,6036,2025-01-08,2025-01-23,2025-02-12,951565,951565,Comptant
304958,589,2025-01-09,2025-03-10,2025-03-10,402945,402945,60 j
304959,14858,2025-01-08,2025-01-23,2025-01-20,1236940,1236940,Comptant
304960,20266,2025-01-09,2025-02-08,2025-02-06,1668560,1668560,30 j
304961,20711,2025-01-09,2025-01-24,2025-01-21,704780,704780,Comptant
304962,17228,2025-01-08,2025-01-23,2025-01-18,1296175,1296175,Comptant
304963,3025,2025-01-09,2025-02-08,2025-02-28,1599795,1599795,30 j
304964,20711,2025-01-09,2025-01-24,2025-01-29,1172365,1172365,Comptant
304965,20634,2025-01-09,2025-01-24,2025-01-21,1435700,1435700,Comptant
304966,18207,2025-01-10,2025-03-11,2025-03-08,219815,219815,60 j
304967,22327,2025-01-10,2025-01-25,2025-01-23,671680,671680,Comptant
304968,20128,2025-01-11,2025-01-26,2025-01-24,235810,235810,Comptant
304969,6732,2025-01-11,2025-01-26,2025-01-21,357930,357930,Comptant
304970,17557,2025-01-09,2025-01-24,2025-01-24,1508235,1508235,Comptant
304971,20838,2025-01-09,2025-03-10,2025-03-08,250635,250635,60 j
304972,13886,2025-01-11,2025-01-26,2025-01-26,1791125,1791125,Comptant
304973,10891,2025-01-09,2025-01-24,,1381780,0,Comptant
304974,13613,2025-01-11,2025-03-12,2025-03-07,1574890,1574890,60 j
304975,2249,2025-01-10,2025-01-25,2025-01-22,1318035,1318035,Comptant
304976,2370,2025-01-10,2025-01-25,2025-01-23,978385,978385,Comptant
304977,17829,2025-01-10,2025-01-25,,1148645,0,Comptant
304978,23376,2025-01-10,2025-01-25,2025-01-23,883935,883935,Comptant
304979,19203,2025-01-11,2025-01-26,2025-01-25,1675285,1675285,Comptant
304980,6579,2025-01-10,2025-01-25,2025-01-25,1240590,1240590,Comptant
304981,144,2025-01-12,2025-01-27,2025-01-27,630240,630240,Comptant
304982,19100,2025-01-13,2025-01-28,2025-01-23,1301050,1301050,Comptant
304983,14460,2025-01-13,2025-02-12,,1099055,0,30 j
304984,21737,2025-01-13,2025-01-28,2025-01-25,972820,972820,Comptant
304985,14340,2025-01-11,2025-02-10,,583320,0,30 j
304986,15712,2025-01-11,2025-01-26,2025-01-25,1632245,1632245,Comptant
304987,12068,2025-01-11,2025-02-10,2025-03-27,339910,339910,30 j
304988,3978,2025-01-14,2025-01-29,2025-01-27,545060,545060,Comptant
304989,6707,2025-01-14,2025-03-15,2025-03-12,400225,400225,60 j
304990,21614,2025-01-14,2025-02-13,2025-02-12,990085,990085,30 j
304991,19546,2025-01-14,2025-02-13,2025-02-23,1772205,1772205,30 j
304992,4832,2025-01-12,2025-02-11,,1513895,0,30 j
304993,15805,2025-01-12,2025-01-27,2025-01-26,1484135,1484135,Comptant
304994,13305,2025-01-12,2025-01-27,2025-01-26,1786830,1786830,Comptant
304995,13576,2025-01-13,2025-03-14,,160035,0,60 j
304996,3494,2025-01-15,2025-01-30,2025-01-27,1006400,1006400,Comptant
304997,6261,2025-01-13,2025-01-28,2025-01-26,886585,886585,Comptant
304998,18638,2025-01-15,2025-01-30,2025-03-16,99215,99215,Comptant
304999,6236,2025-01-14,2025-01-29,2025-01-29,560415,560415,Comptant
305000,23101,2025-01-14,2025-02-13,,1081655,0,30 j
305001,9063,2025-01-16,2025-02-15,2025-02-10,209150,209150,30 j
305002,18137,2025-01-16,2025-01-31,2025-01-30,1182310,1182310,Comptant
305003,23063,2025-01-15,2025-01-30,2025-01-25,1705305,1705305,Comptant
305004,14320,2025-01-14,2025-01-29,2025-01-28,855005,855005,Comptant
305005,4089,2025-01-15,2025-01-30,2025-01-25,663755,663755,Comptant
305006,746,2025-01-15,2025-01-30,2025-01-27,1483505,1483505,Comptant
305007,11472,2025-01-16,2025-02-15,2025-02-10,102230,102230,30 j
305008,6298,2025-01-16,2025-02-15,2025-02-14,1713125,1713125,30 j
305009,4439,2025-01-17,2025-02-16,,358225,0,30 j
305010,10980,2025-01-15,2025-01-30,2025-01-25,158595,158595,Comptant
305011,20595,2025-01-15,2025-01-30,2025-02-19,1716790,1716790,Comptant
305012,22657,2025-01-17,2025-03-18,2025-03-13,557170,557170,60 j
305013,10332,2025-01-15,2025-01-30,,1610430,0,Comptant
305014,5271,2025-01-17,2025-03-18,2025-03-18,338470,338470,60 j
305015,4567,2025-01-16,2025-03-17,2025-03-17,335010,335010,60 j
305016,12969,2025-01-17,2025-02-16,,78150,0,30 j
305017,20970,2025-01-18,2025-02-17,2025-04-03,248850,248850,30 j
305018,1773,2025-01-16,2025-02-15,2025-02-14,1086875,1086875,30 j
305019,3346,2025-01-17,2025-02-16,2025-02-15,150770,150770,30 j
305020,21355,2025-01-18,2025-02-17,2025-02-12,328440,328440,30 j
305021,20140,2025-01-18,2025-02-02,,463920,0,Comptant
305022,1671,2025-01-18,2025-02-02,,137720,0,Comptant
305023,3508,2025-01-19,2025-02-03,2025-01-31,887465,887465,Comptant
305024,12543,2025-01-18,2025-02-02,,1381830,0,Comptant
305025,12550,2025-01-17,2025-02-01,2025-01-29,1656630,1656630,Comptant
305026,8032,2025-01-18,2025-02-17,,1055995,0,30 j
305027,13006,2025-01-19,2025-02-18,,1657280,0,30 j
305028,18639,2025-01-20,2025-02-19,2025-02-17,481675,481675,30 j
305029,4477,2025-01-20,2025-02-04,2025-01-30,159810,159810,Comptant
305030,22378,2025-01-19,2025-02-03,,524340,0,Comptant
305031,20124,2025-01-18,2025-03-19,2025-03-29,1288295,1288295,60 j
305032,12028,2025-01-20,2025-02-04,2025-02-01,572070,572070,Comptant
305033,16214,2025-01-20,2025-03-21,2025-03-18,161430,161430,60 j
305034,18430,2025-01-19,2025-02-18,2025-02-17,487010,487010,30 j
305035,4981,2025-01-20,2025-02-04,2025-02-09,1359335,1359335,Comptant
305036,21056,2025-01-21,2025-02-05,2025-02-02,1086800,1086800,Comptant
305037,391,2025-01-19,2025-02-03,2025-03-20,836790,836790,Comptant
305038,2144,2025-01-19,2025-02-18,2025-02-13,338320,338320,30 j
305039,3857,2025-01-20,2025-02-04,2025-02-03,1309760,1309760,Comptant
305040,18484,2025-01-20,2025-02-04,2025-02-01,1501230,1501230,Comptant
305041,14225,2025-01-21,2025-02-20,2025-02-19,156885,156885,30 j
305042,6810,2025-01-21,2025-03-22,2025-03-22,957555,957555,60 j
305043,9636,2025-01-21,2025-02-05,2025-02-02,796135,796135,Comptant
305044,22678,2025-01-22,2025-02-21,2025-02-20,787565,787565,30 j
305045,1139,2025-01-20,2025-03-21,,68620,0,60 j
305046,161,2025-01-21,2025-02-20,2025-02-17,504055,504055,30 j
305047,6637,2025-01-21,2025-02-20,2025-02-20,1547570,1547570,30 j
305048,7370,2025-01-22,2025-03-23,2025-03-22,1078265,1078265,60 j
305049,7567,2025-01-22,2025-02-06,2025-02-01,581265,581265,Comptant
305050,6210,2025-01-21,2025-02-20,2025-02-17,1241725,1241725,30 j
305051,20650,2025-01-23,2025-02-07,,1236480,0,Comptant
305052,21914,2025-01-22,2025-02-21,2025-02-16,1435430,1435430,30 j
305053,2787,2025-01-21,2025-03-22,,914035,0,60 j
305054,19880,2025-01-22,2025-02-06,2025-02-01,117100,117100,Comptant
305055,10413,2025-01-22,2025-02-06,2025-02-06,213865,213865,Comptant
305056,9166,2025-01-24,2025-02-08,2025-02-06,593110,593110,Comptant
305057,1232,2025-01-24,2025-02-08,,727595,0,Comptant
305058,22932,2025-01-24,2025-02-08,2025-02-07,1643230,1643230,Comptant
305059,19515,2025-01-23,2025-02-22,2025-02-19,840125,840125,30 j
305060,18826,2025-01-22,2025-02-21,2025-02-18,482610,482610,30 j
305061,13478,2025-01-22,2025-02-21,2025-02-16,860475,860475,30 j
305062,582,2025-01-25,2025-02-24,2025-02-22,1554840,1554840,30 j
305063,9114,2025-01-24,2025-02-23,2025-02-22,1575955,1575955,30 j
305064,8414,2025-01-24,2025-02-08,2025-02-06,1466965,1466965,Comptant
305065,13215,2025-01-24,2025-02-08,2025-02-03,111070,111070,Comptant
305066,11479,2025-01-25,2025-02-24,2025-02-21,994245,994245,30 j
305067,14231,2025-01-24,2025-02-08,2025-02-10,1735000,1735000,Comptant
305068,23366,2025-01-24,2025-02-23,2025-02-24,266935,266935,30 j
305069,1777,2025-01-26,2025-02-10,,1468940,0,Comptant
305070,20629,2025-01-26,2025-02-25,,1231740,0,30 j
305071,16739,2025-01-24,2025-02-23,2025-04-09,1339230,1339230,30 j
305072,12680,2025-01-26,2025-02-10,,1420550,0,Comptant
305073,10997,2025-01-25,2025-02-24,2025-02-22,484140,484140,30 j
305074,8557,2025-01-26,2025-02-10,2025-02-10,1147690,1147690,Comptant
305075,13744,2025-01-25,2025-02-09,2025-02-08,1780320,1780320,Comptant
305076,2190,2025-01-26,2025-02-10,2025-02-20,1477495,1477495,Comptant
305077,4116,2025-01-26,2025-02-10,2025-02-05,241965,241965,Comptant
305078,17710,2025-01-25,2025-02-09,2025-02-04,1135635,1135635,Comptant
305079,21259,2025-01-27,2025-02-26,2025-02-21,402645,402645,30 j
305080,13774,2025-01-26,2025-02-25,2025-02-22,704180,704180,30 j
305081,17466,2025-01-26,2025-02-25,2025-02-22,199310,199310,30 j
305082,18659,2025-01-27,2025-02-11,2025-02-10,1610005,1610005,Comptant
305083,13485,2025-01-27,2025-02-26,2025-04-12,1659535,1659535,30 j
305084,2639,2025-01-27,2025-02-26,2025-02-24,616900,616900,30 j
305085,55,2025-01-26,2025-02-25,2025-02-20,1345305,1345305,30 j
305086,9288,2025-01-27,2025-02-26,2025-02-24,71255,71255,30 j
305087,4280,2025-01-26,2025-02-10,2025-02-09,662765,662765,Comptant
305088,10071,2025-01-28,2025-02-12,2025-02-11,464535,464535,Comptant
305089,18186,2025-01-29,2025-02-13,2025-02-08,816420,816420,Comptant
305090,10141,2025-01-29,2025-02-13,2025-03-30,731520,731520,Comptant
305091,4376,2025-01-27,2025-02-11,2025-02-06,96640,96640,Comptant
305092,1254,2025-01-29,2025-02-13,,1744510,0,Comptant
305093,18103,2025-01-27,2025-02-11,2025-02-10,1726200,1726200,Comptant
305094,6818,2025-01-28,2025-02-27,2025-02-25,1630345,1630345,30 j
305095,18292,2025-01-28,2025-02-12,2025-02-11,680645,680645,Comptant
305096,22439,2025-01-28,2025-02-12,2025-02-11,203245,203245,Comptant
305097,23475,2025-01-28,2025-02-12,,703930,0,Comptant
305098,15203,2025-01-29,2025-02-28,2025-03-05,94635,94635,30 j
305099,4593,2025-01-29,2025-03-30,2025-03-30,1669625,1669625,60 j
305100,5831,2025-01-28,2025-02-27,2025-03-19,338745,338745,30 j
305101,2962,2025-01-30,2025-02-14,2025-02-13,334855,334855,Comptant
305102,3952,2025-01-29,2025-02-13,2025-02-12,1424090,1424090,Comptant
305103,13923,2025-01-29,2025-02-13,,1514775,0,Comptant
305104,2884,2025-01-31,2025-04-01,2025-04-11,70845,70845,60 j
305105,21815,2025-01-30,2025-03-01,2025-02-24,1605520,1605520,30 j
305106,20401,2025-01-31,2025-02-15,2025-02-13,105235,105235,Comptant
305107,18776,2025-01-31,2025-02-15,,1777910,0,Comptant
305108,18538,2025-01-29,2025-02-28,2025-02-28,961985,961985,30 j
305109,16582,2025-01-31,2025-03-02,2025-02-25,1256760,1256760,30 j
305110,20543,2025-01-31,2025-03-02,2025-02-27,83940,83940,30 j
305111,15935,2025-02-01,2025-02-16,2025-02-14,1281005,1281005,Comptant
305112,18695,2025-01-31,2025-03-02,2025-03-01,639920,639920,30 j
305113,2297,2025-01-31,2025-02-15,,819900,0,Comptant
305114,12186,2025-01-30,2025-02-14,2025-02-12,646520,646520,Comptant
305115,22294,2025-01-30,2025-02-14,2025-02-14,137735,137735,Comptant
305116,21684,2025-02-02,2025-02-17,2025-02-16,943290,943290,Comptant
305117,20738,2025-02-02,2025-02-17,2025-02-14,1222780,1222780,Comptant
305118,4896,2025-02-02,2025-02-17,2025-02-27,343495,343495,Comptant
305119,7879,2025-01-31,2025-02-15,2025-02-10,913860,913860,Comptant
305120,5742,2025-02-02,2025-02-17,,503165,0,Comptant
305121,19367,2025-01-31,2025-02-15,2025-02-15,1114865,1114865,Comptant
305122,1199,2025-02-01,2025-03-03,2025-02-28,651730,651730,30 j
305123,19358,2025-02-02,2025-02-17,2025-02-12,1648890,1648890,Comptant
305124,20236,2025-02-01,2025-02-16,2025-02-13,1093545,1093545,Comptant
305125,5026,2025-02-01,2025-03-03,2025-03-03,1687315,1687315,30 j
305126,18321,2025-02-01,2025-02-16,2025-02-16,923815,923815,Comptant
305127,9572,2025-02-01,2025-03-03,2025-02-28,281835,281835,30 j
305128,4783,2025-02-01,2025-02-16,2025-02-14,372710,372710,Comptant
305129,13670,2025-02-02,2025-02-17,2025-02-12,388185,388185,Comptant
305130,9419,2025-02-03,2025-02-18,2025-02-15,895780,895780,Comptant
305131,17960,2025-02-02,2025-02-17,2025-02-19,1099405,1099405,Comptant
305132,2261,2025-02-02,2025-02-17,2025-02-15,1424935,1424935,Comptant
305133,2029,2025-02-02,2025-02-17,2025-02-16,820760,820760,Comptant
305134,11527,2025-02-03,2025-03-05,2025-03-03,1785160,1785160,30 j
305135,19744,2025-02-02,2025-02-17,2025-02-14,589045,589045,Comptant
305136,14319,2025-02-04,2025-04-05,2025-04-04,1088165,1088165,60 j
305137,7652,2025-02-03,2025-03-05,2025-03-07,524385,524385,30 j
305138,5173,2025-02-05,2025-04-06,2025-04-03,608605,608605,60 j
305139,19905,2025-02-04,2025-02-19,2025-02-17,812480,812480,Comptant
305140,6662,2025-02-03,2025-02-18,2025-02-15,1358555,1358555,Comptant
305141,22003,2025-02-04,2025-04-05,2025-04-25,516860,516860,60 j
305142,16517,2025-02-04,2025-02-19,2025-04-05,1010005,1010005,Comptant
305143,3856,2025-02-05,2025-04-06,2025-04-11,1216695,1216695,60 j
305144,2861,2025-02-06,2025-02-21,,248510,0,Comptant
305145,22652,2025-02-04,2025-02-19,2025-02-16,245330,245330,Comptant
305146,4001,2025-02-04,2025-02-19,2025-02-17,1230385,1230385,Comptant
305147,3312,2025-02-05,2025-02-20,2025-02-15,1065610,1065610,Comptant
305148,18102,2025-02-06,2025-02-21,2025-02-19,1792015,1792015,Comptant
305149,5911,2025-02-05,2025-02-20,,943055,0,Comptant
305150,17993,2025-02-07,2025-03-09,,553315,0,30 j
305151,19844,2025-02-07,2025-02-22,2025-02-22,1384185,1384185,Comptant
305152,5047,2025-02-07,2025-03-09,2025-03-04,1570545,1570545,30 j
305153,17961,2025-02-07,2025-02-22,2025-02-21,397590,397590,Comptant
305154,16760,2025-02-06,2025-02-21,2025-02-16,1156250,1156250,Comptant
305155,10051,2025-02-07,2025-03-09,2025-03-09,884270,884270,30 j
305156,6474,2025-02-06,2025-02-21,2025-02-20,1297735,1297735,Comptant
305157,261,2025-02-07,2025-02-22,2025-02-19,1358100,1358100,Comptant
305158,12032,2025-02-07,2025-02-22,,964820,0,Comptant
305159,10167,2025-02-08,2025-02-23,2025-02-20,1101715,1101715,Comptant
305160,3517,2025-02-07,2025-02-22,2025-02-19,798580,798580,Comptant
305161,18531,2025-02-06,2025-02-21,2025-02-19,1075145,1075145,Comptant
305162,4159,2025-02-06,2025-02-21,2025-02-19,597725,597725,Comptant
305163,11781,2025-02-09,2025-02-24,2025-04-10,491505,491505,Comptant
305164,6619,2025-02-09,2025-02-24,2025-02-24,654115,654115,Comptant
305165,3850,2025-02-07,2025-02-22,2025-03-14,1212760,1212760,Comptant
305166,9135,2025-02-08,2025-02-23,,1607255,0,Comptant
305167,14761,2025-02-08,2025-03-10,2025-03-07,1010120,1010120,30 j
305168,6716,2025-02-07,2025-03-09,2025-04-23,412215,412215,30 j
305169,13339,2025-02-08,2025-04-09,2025-04-07,263375,263375,60 j
305170,7305,2025-02-10,2025-02-25,2025-02-25,117415,117415,Comptant
305171,11156,2025-02-10,2025-02-25,,449010,0,Comptant
305172,3943,2025-02-09,2025-02-24,2025-02-19,351930,351930,Comptant
305173,20664,2025-02-10,2025-03-12,2025-03-07,405400,405400,30 j
305174,8414,2025-02-08,2025-02-23,2025-02-20,617860,617860,Comptant
305175,14587,2025-02-08,2025-02-23,2025-02-18,1366620,1366620,Comptant
305176,4988,2025-02-09,2025-02-24,2025-02-24,1537615,1537615,Comptant
305177,1856,2025-02-10,2025-02-25,2025-02-24,168970,168970,Comptant
305178,4044,2025-02-10,2025-03-12,2025-03-11,1632470,1632470,30 j
305179,12470,2025-02-10,2025-02-25,2025-02-25,1169070,1169070,Comptant
305180,2084,2025-02-09,2025-02-24,2025-02-19,181285,181285,Comptant
305181,3303,2025-02-11,2025-03-13,2025-03-13,500760,500760,30 j
305182,18548,2025-02-09,2025-03-11,2025-03-11,149880,149880,30 j
305183,3465,2025-02-11,2025-04-12,2025-04-07,534285,534285,60 j
305184,9375,2025-02-12,2025-02-27,2025-03-19,742575,742575,Comptant
305185,3803,2025-02-11,2025-03-13,2025-03-12,541735,541735,30 j
305186,11666,2025-02-10,2025-03-12,2025-03-11,1350710,1350710,30 j
305187,17580,2025-02-12,2025-02-27,2025-02-28,741625,741625,Comptant
305188,21307,2025-02-11,2025-02-26,2025-02-24,1739115,1739115,Comptant
305189,18835,2025-02-11,2025-02-26,2025-02-25,135275,135275,Comptant
305190,17842,2025-02-12,2025-02-27,2025-02-26,274410,274410,Comptant
305191,23195,2025-02-11,2025-02-26,2025-02-25,1647985,1647985,Comptant
305192,15711,2025-02-11,2025-03-13,,189190,0,30 j
305193,1393,2025-02-13,2025-02-28,,1712340,0,Comptant
305194,20421,2025-02-12,2025-03-14,,936620,0,30 j
305195,13627,2025-02-12,2025-02-27,2025-02-27,794000,794000,Comptant
305196,2072,2025-02-12,2025-03-14,2025-03-12,1573065,1573065,30 j
305197,22717,2025-02-12,2025-02-27,2025-02-24,1660225,1660225,Comptant
305198,15951,2025-02-13,2025-03-15,,1064975,0,30 j
305199,17417,2025-02-13,2025-02-28,2025-02-23,1042160,1042160,Comptant
305200,3742,2025-02-14,2025-03-16,2025-03-13,1737325,1737325,30 j
305201,7743,2025-02-12,2025-02-27,2025-02-25,1511600,1511600,Comptant
305202,17289,2025-02-12,2025-02-27,2025-02-27,452375,452375,Comptant
305203,2762,2025-02-14,2025-03-01,2025-02-24,1228905,1228905,Comptant
305204,18021,2025-02-13,2025-03-15,2025-03-14,1228890,1228890,30 j
305205,3149,2025-02-15,2025-03-02,2025-03-02,61570,61570,Comptant
305206,1326,2025-02-13,2025-02-28,,1358900,0,Comptant
305207,4416,2025-02-15,2025-03-02,2025-03-01,1225775,1225775,Comptant
305208,19805,2025-02-15,2025-03-02,2025-03-02,922120,922120,Comptant
305209,21213,2025-02-14,2025-03-01,2025-02-27,69335,69335,Comptant
305210,1858,2025-02-14,2025-03-16,,1033740,0,30 j
305211,13710,2025-02-14,2025-03-01,2025-02-28,1481140,1481140,Comptant
305212,735,2025-02-16,2025-03-03,2025-03-03,1572565,1572565,Comptant
305213,10794,2025-02-15,2025-04-16,2025-04-16,1738855,1738855,60 j
305214,21887,2025-02-16,2025-03-18,2025-03-15,1602145,1602145,30 j
305215,22239,2025-02-14,2025-03-01,2025-02-24,1736990,1736990,Comptant
305216,1544,2025-02-15,2025-03-02,2025-03-01,1278600,1278600,Comptant
305217,23120,2025-02-17,2025-04-18,2025-04-23,1188915,1188915,60 j
305218,16075,2025-02-16,2025-03-03,2025-02-28,268305,268305,Comptant
305219,8336,2025-02-17,2025-03-04,2025-03-04,635600,635600,Comptant
305220,18535,2025-02-15,2025-03-17,,1132985,0,30 j
305221,9147,2025-02-15,2025-03-02,2025-03-01,1086075,1086075,Comptant
305222,12964,2025-02-15,2025-03-02,2025-03-01,1223690,1223690,Comptant
305223,6075,2025-02-17,2025-03-04,2025-03-02,1510965,1510965,Comptant
305224,13378,2025-02-17,2025-03-04,2025-03-14,575510,575510,Comptant
305225,984,2025-02-17,2025-03-19,2025-03-18,775655,775655,30 j
305226,17310,2025-02-18,2025-03-05,2025-03-04,648210,648210,Comptant
305227,13318,2025-02-17,2025-03-04,2025-03-03,1240125,1240125,Comptant
305228,22901,2025-02-17,2025-03-19,,396620,0,30 j
305229,7170,2025-02-16,2025-03-18,2025-03-18,1768385,1768385,30 j
305230,18551,2025-02-17,2025-03-04,2025-03-03,501925,501925,Comptant
305231,6493,2025-02-19,2025-03-06,2025-03-05,1123980,1123980,Comptant
305232,5160,2025-02-18,2025-03-05,2025-03-05,496240,496240,Comptant
305233,19001,2025-02-19,2025-03-06,2025-03-05,1569585,1569585,Comptant
305234,1507,2025-02-18,2025-03-05,2025-03-05,1276125,1276125,Comptant
305235,11348,2025-02-17,2025-03-04,2025-03-01,194810,194810,Comptant
305236,23168,2025-02-20,2025-03-07,2025-03-06,196900,196900,Comptant
305237,16720,2025-02-18,2025-03-05,,1778945,0,Comptant
305238,20818,2025-02-20,2025-03-07,,1608650,0,Comptant
305239,7320,2025-02-20,2025-03-07,2025-03-05,68090,68090,Comptant
305240,18828,2025-02-19,2025-03-21,2025-03-16,1463215,1463215,30 j
305241,23060,2025-02-19,2025-03-06,2025-03-05,850035,850035,Comptant
305242,21384,2025-02-18,2025-03-05,,1230370,0,Comptant
305243,3637,2025-02-21,2025-03-23,,838320,0,30 j
305244,981,2025-02-21,2025-03-23,2025-03-21,1097540,1097540,30 j
305245,10838,2025-02-19,2025-03-06,,312705,0,Comptant
305246,22107,2025-02-19,2025-03-06,2025-03-03,257100,257100,Comptant
305247,9435,2025-02-21,2025-03-08,2025-03-03,854220,854220,Comptant
305248,20318,2025-02-20,2025-03-07,2025-03-12,723640,723640,Comptant
305249,19265,2025-02-21,2025-03-08,,240740,0,Comptant
305250,23376,2025-02-22,2025-03-09,2025-03-11,1775375,1775375,Comptant
305251,22556,2025-02-20,2025-03-22,,1755550,0,30 j
305252,9941,2025-02-22,2025-03-09,,348475,0,Comptant
305253,16598,2025-02-21,2025-03-08,2025-03-05,1282875,1282875,Comptant
305254,9915,2025-02-21,2025-03-08,2025-03-07,507660,507660,Comptant
305255,16317,2025-02-20,2025-03-22,2025-03-19,396585,396585,30 j
305256,17696,2025-02-22,2025-03-09,2025-03-14,1433865,1433865,Comptant
305257,20185,2025-02-21,2025-03-23,2025-03-21,959855,959855,30 j
305258,15954,2025-02-23,2025-03-10,2025-03-05,1377605,1377605,Comptant
305259,9560,2025-02-23,2025-03-10,2025-03-08,955585,955585,Comptant
305260,15873,2025-02-23,2025-03-10,2025-03-05,176790,176790,Comptant
305261,7273,2025-02-22,2025-03-09,2025-03-08,837475,837475,Comptant
305262,15069,2025-02-23,2025-03-10,2025-03-10,1646050,1646050,Comptant
305263,20655,2025-02-22,2025-03-09,2025-03-07,1005035,1005035,Comptant
305264,15079,2025-02-24,2025-03-11,,1723955,0,Comptant
305265,16689,2025-02-24,2025-03-11,2025-03-09,1531910,1531910,Comptant
305266,12940,2025-02-22,2025-03-09,2025-03-07,693790,693790,Comptant
305267,14891,2025-02-24,2025-03-11,,341135,0,Comptant
305268,1144,2025-02-24,2025-03-26,2025-03-21,617295,617295,30 j
305269,13340,2025-02-23,2025-04-24,2025-04-22,856340,856340,60 j
305270,20819,2025-02-24,2025-03-11,2025-03-08,181285,181285,Comptant
305271,7777,2025-02-24,2025-03-11,2025-03-11,1505335,1505335,Comptant
305272,16049,2025-02-23,2025-03-10,2025-03-07,160080,160080,Comptant
305273,11971,2025-02-23,2025-03-25,2025-05-09,1623025,1623025,30 j
305274,18942,2025-02-23,2025-04-24,2025-04-24,238325,238325,60 j
305275,2026,2025-02-23,2025-03-25,2025-03-22,834220,834220,30 j
305276,6515,2025-02-24,2025-03-26,2025-03-24,1596000,1596000,30 j
305277,14079,2025-02-24,2025-03-11,2025-03-10,1524445,1524445,Comptant
305278,2423,2025-02-26,2025-03-13,2025-03-12,1235190,1235190,Comptant
305279,8431,2025-02-24,2025-04-25,2025-05-05,1014210,1014210,60 j
305280,9838,2025-02-24,2025-04-25,2025-05-15,845085,845085,60 j
305281,6036,2025-02-26,2025-03-13,2025-03-13,1206995,1206995,Comptant
305282,11821,2025-02-26,2025-03-28,2025-03-27,1455110,1455110,30 j
305283,11533,2025-02-25,2025-03-12,2025-03-10,205620,205620,Comptant
305284,6784,2025-02-25,2025-03-12,2025-03-07,363660,363660,Comptant
305285,15866,2025-02-25,2025-03-12,,1673855,0,Comptant
305286,22473,2025-02-27,2025-03-29,2025-03-27,1768380,1768380,30 j
305287,6263,2025-02-27,2025-03-14,2025-03-13,1573125,1573125,Comptant
305288,19921,2025-02-27,2025-03-14,,1237050,0,Comptant
305289,14117,2025-02-25,2025-03-12,2025-03-09,265815,265815,Comptant
305290,16804,2025-02-28,2025-03-15,2025-03-15,1019720,1019720,Comptant
305291,1264,2025-02-27,2025-03-14,2025-03-12,1048865,1048865,Comptant
305292,3760,2025-02-28,2025-03-15,2025-03-14,724525,724525,Comptant
305293,7851,2025-02-28,2025-03-30,2025-03-30,912265,912265,30 j
305294,7466,2025-02-28,2025-03-15,2025-03-12,1068270,1068270,Comptant
305295,23688,2025-02-28,2025-03-15,2025-03-13,492200,492200,Comptant
305296,2199,2025-02-26,2025-03-28,2025-03-27,866345,866345,30 j
305297,21257,2025-03-01,2025-03-16,2025-03-16,1599255,1599255,Comptant
305298,22938,2025-02-28,2025-03-15,2025-03-10,386385,386385,Comptant
305299,2898,2025-02-28,2025-03-15,2025-03-10,1203360,1203360,Comptant
305300,16720,2025-03-01,2025-03-16,2025-03-13,163115,163115,Comptant
305301,20214,2025-02-28,2025-03-15,2025-03-12,586495,586495,Comptant
305302,11317,2025-03-01,2025-03-31,2025-03-31,1130285,1130285,30 j
305303,8654,2025-03-01,2025-03-16,2025-03-14,377195,377195,Comptant
305304,23156,2025-03-02,2025-03-17,2025-03-16,568275,568275,Comptant
305305,9900,2025-03-02,2025-04-01,2025-04-02,364725,364725,30 j
305306,3095,2025-03-02,2025-03-17,2025-03-15,97825,97825,Comptant
305307,21088,2025-02-28,2025-03-15,2025-03-12,1230405,1230405,Comptant
305308,7166,2025-03-01,2025-03-31,2025-04-05,807835,807835,30 j
305309,11444,2025-03-01,2025-03-31,2025-03-31,1344490,1344490,30 j
305310,15779,2025-03-02,2025-04-01,2025-03-31,1475470,1475470,30 j
305311,9230,2025-03-01,2025-03-31,2025-03-29,654325,654325,30 j
305312,13677,2025-03-02,2025-03-17,,1320640,0,Comptant
305313,7608,2025-03-03,2025-03-18,2025-03-23,1406565,1406565,Comptant
305314,4888,2025-03-01,2025-04-30,2025-04-27,1400870,1400870,60 j
305315,11501,2025-03-01,2025-03-16,,288295,0,Comptant
305316,9520,2025-03-01,2025-04-30,2025-05-05,1474265,1474265,60 j
305317,5540,2025-03-04,2025-03-19,2025-03-17,1272800,1272800,Comptant
305318,8114,2025-03-03,2025-03-18,2025-03-17,875050,875050,Comptant
305319,13801,2025-03-04,2025-03-19,2025-03-18,1582725,1582725,Comptant
305320,1294,2025-03-04,2025-04-03,2025-03-31,1593570,1593570,30 j
305321,3236,2025-03-02,2025-04-01,2025-03-31,1084805,1084805,30 j
305322,13953,2025-03-04,2025-03-19,2025-03-14,1389085,1389085,Comptant
305323,18918,2025-03-04,2025-03-19,,120500,0,Comptant
305324,14691,2025-03-04,2025-03-19,,488435,0,Comptant
305325,6617,2025-03-05,2025-03-20,2025-03-15,1331680,1331680,Comptant
305326,19764,2025-03-04,2025-05-03,,1745930,0,60 j
305327,3138,2025-03-04,2025-04-03,2025-03-31,841090,841090,30 j
305328,8933,2025-03-04,2025-04-03,2025-03-31,1127750,1127750,30 j
305329,10071,2025-03-03,2025-03-18,2025-03-13,716660,716660,Comptant
305330,16995,2025-03-03,2025-03-18,2025-03-15,1754575,1754575,Comptant
305331,19789,2025-03-05,2025-03-20,2025-03-20,1461830,1461830,Comptant
305332,9773,2025-03-06,2025-05-05,2025-04-30,949465,949465,60 j
305333,16357,2025-03-05,2025-03-20,2025-03-19,415995,415995,Comptant
305334,8523,2025-03-06,2025-03-21,2025-05-05,1442795,1442795,Comptant
305335,5840,2025-03-05,2025-03-20,2025-03-20,1147730,1147730,Comptant
305336,18866,2025-03-04,2025-03-19,2025-03-19,1133440,1133440,Comptant
305337,16056,2025-03-05,2025-03-20,2025-03-17,1254605,1254605,Comptant
305338,2503,2025-03-05,2025-04-04,,898375,0,30 j
305339,20030,2025-03-06,2025-03-21,2025-03-16,923705,923705,Comptant
305340,12768,2025-03-06,2025-03-21,2025-03-20,169760,169760,Comptant
305341,3002,2025-03-05,2025-03-20,2025-03-18,1148185,1148185,Comptant
305342,19574,2025-03-07,2025-03-22,2025-03-20,436920,436920,Comptant
305343,12416,2025-03-07,2025-03-22,2025-03-19,1168480,1168480,Comptant
305344,17241,2025-03-06,2025-04-05,,946080,0,30 j
305345,3400,2025-03-07,2025-04-06,2025-04-05,701730,701730,30 j
305346,9669,2025-03-06,2025-04-05,2025-04-05,578975,578975,30 j
305347,18675,2025-03-06,2025-03-21,2025-03-21,1547565,1547565,Comptant
305348,6747,2025-03-08,2025-05-07,2025-05-04,904020,904020,60 j
305349,5170,2025-03-08,2025-03-23,2025-03-18,1267070,1267070,Comptant
305350,8189,2025-03-07,2025-04-06,2025-04-03,922080,922080,30 j
305351,12311,2025-03-09,2025-03-24,2025-03-19,68120,68120,Comptant
305352,11440,2025-03-07,2025-03-22,,1162575,0,Comptant
305353,2954,2025-03-08,2025-03-23,2025-03-20,1507920,1507920,Comptant
305354,14273,2025-03-08,2025-04-07,2025-04-07,701365,701365,30 j
305355,3122,2025-03-09,2025-03-24,2025-03-23,1029310,1029310,Comptant
305356,13396,2025-03-09,2025-04-08,2025-04-03,965170,965170,30 j
305357,9782,2025-03-10,2025-03-25,2025-03-22,973080,973080,Comptant
305358,7028,2025-03-10,2025-04-09,2025-04-09,699540,699540,30 j
305359,13953,2025-03-10,2025-03-25,2025-03-23,362835,362835,Comptant
305360,5593,2025-03-08,2025-03-23,2025-03-20,506985,506985,Comptant
305361,5742,2025-03-10,2025-03-25,2025-03-20,1263380,1263380,Comptant
305362,14297,2025-03-10,2025-03-25,2025-03-24,73145,73145,Comptant
305363,13063,2025-03-10,2025-04-09,2025-04-04,308830,308830,30 j
305364,2345,2025-03-09,2025-04-08,2025-04-05,964330,964330,30 j
305365,18704,2025-03-10,2025-03-25,2025-03-25,98540,98540,Comptant
305366,13287,2025-03-11,2025-03-26,2025-03-21,718675,718675,Comptant
305367,11840,2025-03-10,2025-04-09,2025-04-10,498615,498615,30 j
305368,8320,2025-03-11,2025-05-10,2025-05-30,1741865,1741865,60 j
305369,1095,2025-03-09,2025-03-24,2025-03-22,97395,97395,Comptant
305370,19087,2025-03-11,2025-03-26,2025-03-25,228535,228535,Comptant
305371,8816,2025-03-10,2025-05-09,2025-05-06,627535,627535,60 j
305372,8443,2025-03-11,2025-05-10,2025-05-09,520785,520785,60 j
305373,20619,2025-03-10,2025-03-25,2025-03-25,567980,567980,Comptant
305374,5916,2025-03-11,2025-03-26,2025-03-26,386605,386605,Comptant
305375,14704,2025-03-11,2025-03-26,,1494690,0,Comptant
305376,15331,2025-03-11,2025-03-26,2025-03-23,446400,446400,Comptant
305377,18888,2025-03-11,2025-03-26,2025-05-10,1093410,1093410,Comptant
305378,9886,2025-03-11,2025-04-10,2025-04-10,1293955,1293955,30 j
305379,10064,2025-03-11,2025-03-26,2025-03-26,811880,811880,Comptant
305380,7122,2025-03-12,2025-03-27,2025-03-26,370625,370625,Comptant
305381,17811,2025-03-11,2025-03-26,2025-03-21,1282625,1282625,Comptant
305382,19643,2025-03-13,2025-04-12,2025-04-12,1286105,1286105,30 j
305383,6735,2025-03-12,2025-03-27,2025-03-27,1504735,1504735,Comptant
305384,5130,2025-03-12,2025-04-11,2025-04-13,1379220,1379220,30 j
305385,15687,2025-03-14,2025-05-13,2025-05-14,1700650,1700650,60 j
305386,23571,2025-03-14,2025-03-29,,1066285,0,Comptant
305387,2989,2025-03-14,2025-03-29,2025-03-24,719120,719120,Comptant
305388,22237,2025-03-13,2025-03-28,2025-03-26,1328800,1328800,Comptant
305389,835,2025-03-12,2025-04-11,2025-04-11,1069450,1069450,30 j
305390,18276,2025-03-12,2025-03-27,2025-03-25,771765,771765,Comptant
305391,20792,2025-03-15,2025-03-30,2025-03-30,1230650,1230650,Comptant
305392,2447,2025-03-13,2025-03-28,2025-03-27,251100,251100,Comptant
305393,1097,2025-03-13,2025-03-28,,787200,0,Comptant
305394,16705,2025-03-15,2025-04-14,,1096745,0,30 j
305395,11528,2025-03-13,2025-03-28,2025-03-28,1377820,1377820,Comptant
305396,12914,2025-03-14,2025-04-13,,1657345,0,30 j
305397,13490,2025-03-13,2025-05-12,2025-05-10,1660490,1660490,60 j
305398,9068,2025-03-15,2025-05-14,2025-05-12,282120,282120,60 j
305399,23258,2025-03-16,2025-03-31,2025-03-26,968190,968190,Comptant
305400,21022,2025-03-16,2025-03-31,2025-03-28,1416425,1416425,Comptant
305401,17379,2025-03-15,2025-04-14,2025-04-13,965640,965640,30 j
305402,6363,2025-03-14,2025-03-29,2025-03-27,1602290,1602290,Comptant
305403,14621,2025-03-16,2025-03-31,2025-03-30,562520,562520,Comptant
305404,1914,2025-03-15,2025-03-30,2025-05-14,924805,924805,Comptant
305405,2752,2025-03-16,2025-03-31,2025-03-31,1247640,1247640,Comptant
305406,11181,2025-03-16,2025-03-31,2025-03-28,1481300,1481300,Comptant
305407,6501,2025-03-16,2025-03-31,2025-04-02,373980,373980,Comptant
305408,13057,2025-03-15,2025-03-30,2025-03-29,1111035,1111035,Comptant
305409,13722,2025-03-17,2025-04-01,2025-04-01,274935,274935,Comptant
305410,7205,2025-03-17,2025-04-01,2025-03-31,1259075,1259075,Comptant
305411,6394,2025-03-17,2025-04-01,2025-03-27,275905,275905,Comptant
305412,6927,2025-03-16,2025-05-15,2025-05-12,1139810,1139810,60 j
305413,17333,2025-03-16,2025-03-31,,1465305,0,Comptant
305414,23877,2025-03-17,2025-04-01,2025-03-27,1680105,1680105,Comptant
305415,7345,2025-03-18,2025-04-02,,1598260,0,Comptant
305416,20874,2025-03-18,2025-04-02,2025-03-31,1769145,1769145,Comptant
305417,11653,2025-03-16,2025-03-31,2025-03-28,681565,681565,Comptant
305418,20089,2025-03-17,2025-04-01,2025-03-27,744275,744275,Comptant
305419,23181,2025-03-18,2025-04-17,2025-04-12,1682590,1682590,30 j
305420,17088,2025-03-18,2025-04-17,2025-04-15,903585,903585,30 j
305421,8828,2025-03-19,2025-04-03,2025-04-03,1742795,1742795,Comptant
305422,16945,2025-03-19,2025-04-03,2025-04-01,1337055,1337055,Comptant
305423,19545,2025-03-19,2025-04-03,2025-04-01,1238965,1238965,Comptant
305424,15798,2025-03-18,2025-05-17,2025-05-14,914695,914695,60 j
305425,22883,2025-03-18,2025-04-02,2025-03-28,939870,939870,Comptant
305426,11533,2025-03-20,2025-04-04,2025-04-04,1248490,1248490,Comptant
305427,643,2025-03-20,2025-05-19,2025-05-18,1691595,1691595,60 j
305428,20294,2025-03-19,2025-04-03,2025-04-13,1161540,1161540,Comptant
305429,17253,2025-03-18,2025-04-17,2025-04-15,518200,518200,30 j
305430,320,2025-03-19,2025-04-03,2025-03-29,904425,904425,Comptant
305431,16976,2025-03-20,2025-04-19,2025-04-16,266530,266530,30 j
305432,20078,2025-03-19,2025-04-03,2025-04-03,487380,487380,Comptant
305433,18911,2025-03-19,2025-04-03,2025-03-29,1381680,1381680,Comptant
305434,17825,2025-03-19,2025-05-18,2025-05-17,1337765,1337765,60 j
305435,15820,2025-03-20,2025-04-04,2025-04-03,661730,661730,Comptant
305436,7760,2025-03-21,2025-04-20,2025-04-19,662480,662480,30 j
305437,4274,2025-03-19,2025-04-03,2025-04-01,806395,806395,Comptant
305438,22716,2025-03-21,2025-04-05,2025-04-04,1520035,1520035,Comptant
305439,15396,2025-03-22,2025-04-06,2025-04-01,184335,184335,Comptant
305440,8571,2025-03-20,2025-04-04,2025-04-04,1059735,1059735,Comptant
305441,14750,2025-03-22,2025-04-06,2025-04-04,327455,327455,Comptant
305442,20259,2025-03-21,2025-04-20,2025-04-18,1620085,1620085,30 j
305443,11230,2025-03-20,2025-04-19,2025-04-16,744065,744065,30 j
305444,17655,2025-03-21,2025-04-20,,1358675,0,30 j
305445,7760,2025-03-23,2025-04-22,2025-04-20,754755,754755,30 j
305446,23257,2025-03-21,2025-04-20,2025-04-18,573520,573520,30 j
305447,11979,2025-03-21,2025-05-20,2025-05-18,186120,186120,60 j
305448,1401,2025-03-21,2025-04-05,2025-04-03,573610,573610,Comptant
305449,18641,2025-03-21,2025-04-05,2025-04-03,1318660,1318660,Comptant
305450,23283,2025-03-23,2025-04-22,2025-04-22,1443890,1443890,30 j
305451,22248,2025-03-23,2025-04-07,2025-04-04,1357495,1357495,Comptant
305452,9317,2025-03-22,2025-04-06,2025-04-05,1480735,1480735,Comptant
305453,2603,2025-03-22,2025-04-06,2025-04-06,1223035,1223035,Comptant
305454,8995,2025-03-22,2025-04-21,2025-04-18,1275360,1275360,30 j
305455,18916,2025-03-23,2025-04-07,2025-04-02,921640,921640,Comptant
305456,6559,2025-03-23,2025-04-07,2025-04-04,1242585,1242585,Comptant
305457,12442,2025-03-24,2025-04-23,2025-04-23,296125,296125,30 j
305458,7473,2025-03-25,2025-04-09,,1404125,0,Comptant
305459,2668,2025-03-25,2025-05-24,2025-05-24,566030,566030,60 j
305460,19833,2025-03-24,2025-04-23,2025-04-18,667815,667815,30 j
305461,21650,2025-03-24,2025-04-23,2025-04-20,1597740,1597740,30 j
305462,15794,2025-03-25,2025-04-09,2025-04-09,820725,820725,Comptant
305463,5413,2025-03-23,2025-04-07,2025-05-22,443820,443820,Comptant
305464,8463,2025-03-23,2025-04-07,2025-04-08,1238685,1238685,Comptant
305465,16250,2025-03-24,2025-04-08,,498145,0,Comptant
305466,2475,2025-03-24,2025-04-08,2025-04-08,1189690,1189690,Comptant
305467,18342,2025-03-26,2025-04-25,2025-04-27,1771505,1771505,30 j
305468,16131,2025-03-24,2025-04-08,2025-04-08,1404365,1404365,Comptant
305469,7117,2025-03-26,2025-04-25,2025-04-23,1058075,1058075,30 j
305470,5353,2025-03-25,2025-04-09,2025-04-14,1770525,1770525,Comptant
305471,21736,2025-03-26,2025-04-10,2025-04-10,437410,437410,Comptant
305472,10638,2025-03-27,2025-04-11,2025-04-11,691195,691195,Comptant
305473,23453,2025-03-27,2025-04-26,2025-04-24,434715,434715,30 j
305474,20232,2025-03-25,2025-04-24,2025-04-19,279095,279095,30 j
305475,8711,2025-03-26,2025-04-10,2025-04-08,1079545,1079545,Comptant
305476,299,2025-03-27,2025-04-11,,1169655,0,Comptant
305477,21827,2025-03-26,2025-04-10,2025-04-12,848960,848960,Comptant
305478,2605,2025-03-27,2025-04-26,2025-04-21,1234475,1234475,30 j
305479,7501,2025-03-28,2025-04-27,2025-04-27,1317255,1317255,30 j
305480,22205,2025-03-26,2025-04-25,2025-04-23,397320,397320,30 j
305481,5843,2025-03-26,2025-04-25,2025-04-20,116415,116415,30 j
305482,19985,2025-03-26,2025-04-25,2025-04-20,868930,868930,30 j
305483,15840,2025-03-28,2025-04-12,2025-04-07,368690,368690,Comptant
305484,851,2025-03-28,2025-04-12,2025-04-07,500405,500405,Comptant
305485,16914,2025-03-27,2025-04-11,2025-04-06,148785,148785,Comptant
305486,4128,2025-03-28,2025-04-27,2025-04-27,843630,843630,30 j
305487,21995,2025-03-29,2025-04-13,2025-04-08,191925,191925,Comptant
305488,18700,2025-03-28,2025-04-12,2025-04-12,497320,497320,Comptant
305489,2616,2025-03-27,2025-04-26,2025-04-24,81695,81695,30 j
305490,16916,2025-03-27,2025-04-26,2025-04-23,242825,242825,30 j
305491,2487,2025-03-29,2025-04-13,2025-04-15,412695,412695,Comptant
305492,7341,2025-03-29,2025-04-13,2025-04-08,1307350,1307350,Comptant
305493,9481,2025-03-29,2025-04-13,2025-04-13,1733060,1733060,Comptant
305494,13526,2025-03-28,2025-04-12,2025-04-09,582515,582515,Comptant
305495,1587,2025-03-30,2025-04-29,,981440,0,30 j
305496,23107,2025-03-30,2025-04-14,2025-04-11,1246515,1246515,Comptant
305497,22715,2025-03-29,2025-04-13,2025-04-10,1651700,1651700,Comptant
305498,202,2025-03-30,2025-04-14,2025-04-14,947900,947900,Comptant
305499,4791,2025-03-29,2025-04-28,2025-04-28,1139630,1139630,30 j
305500,20,2025-03-31,2025-04-15,2025-04-14,196360,196360,Comptant
305501,23736,2025-03-30,2025-04-14,2025-04-09,1737105,1737105,Comptant
305502,653,2025-03-29,2025-04-13,2025-04-11,1097760,1097760,Comptant
305503,14446,2025-03-30,2025-04-14,2025-04-12,875585,875585,Comptant
305504,7669,2025-03-29,2025-05-28,2025-05-26,1370805,1370805,60 j
305505,2633,2025-04-01,2025-04-16,2025-04-16,78655,78655,Comptant
305506,15112,2025-03-30,2025-04-14,2025-04-09,1085640,1085640,Comptant
305507,17492,2025-03-31,2025-04-15,2025-04-14,1388395,1388395,Comptant
305508,15272,2025-03-31,2025-04-15,2025-04-12,815000,815000,Comptant
305509,6673,2025-03-31,2025-05-30,2025-05-25,852755,852755,60 j
305510,13000,2025-04-01,2025-05-31,2025-05-31,445910,445910,60 j
305511,8095,2025-04-01,2025-04-16,2025-04-14,410485,410485,Comptant
305512,2622,2025-04-01,2025-04-16,2025-04-21,442745,442745,Comptant
305513,1298,2025-04-01,2025-04-16,,678545,0,Comptant
305514,7778,2025-04-01,2025-04-16,,1239735,0,Comptant
305515,3237,2025-04-02,2025-05-02,2025-04-27,149060,149060,30 j
305516,13630,2025-03-31,2025-04-30,2025-04-25,1283190,1283190,30 j
305517,36,2025-04-01,2025-05-01,2025-04-26,1475055,1475055,30 j
305518,15431,2025-03-31,2025-04-30,2025-04-30,448685,448685,30 j
305519,18260,2025-04-02,2025-05-02,2025-04-29,257115,257115,30 j
305520,430,2025-04-02,2025-04-17,2025-04-12,499690,499690,Comptant
305521,14720,2025-04-01,2025-04-16,,1130870,0,Comptant
305522,7467,2025-04-03,2025-04-18,2025-04-13,1302325,1302325,Comptant
305523,7264,2025-04-03,2025-04-18,2025-04-16,1635650,1635650,Comptant
305524,23394,2025-04-02,2025-04-17,,1415630,0,Comptant
305525,10624,2025-04-03,2025-05-03,2025-05-03,570130,570130,30 j
305526,17306,2025-04-04,2025-04-19,2025-04-18,1382620,1382620,Comptant
305527,6056,2025-04-02,2025-04-17,2025-04-15,308090,308090,Comptant
305528,856,2025-04-04,2025-04-19,2025-04-14,1343110,1343110,Comptant
305529,9220,2025-04-04,2025-04-19,2025-04-18,1631340,1631340,Comptant
305530,2030,2025-04-04,2025-04-19,2025-04-14,1509765,1509765,Comptant
305531,6952,2025-04-02,2025-04-17,,283025,0,Comptant
305532,5032,2025-04-05,2025-04-20,2025-04-17,560690,560690,Comptant
305533,15738,2025-04-04,2025-06-03,2025-05-31,1462010,1462010,60 j
305534,11397,2025-04-05,2025-04-20,2025-04-22,699535,699535,Comptant
305535,20281,2025-04-05,2025-05-05,,1097630,0,30 j
305536,22019,2025-04-03,2025-06-02,2025-05-30,472285,472285,60 j
305537,14666,2025-04-04,2025-05-04,,116065,0,30 j
305538,12631,2025-04-04,2025-05-04,2025-05-03,644670,644670,30 j
305539,11192,2025-04-04,2025-04-19,2025-04-17,514840,514840,Comptant
305540,4429,2025-04-05,2025-04-20,2025-04-18,824510,824510,Comptant
305541,13062,2025-04-05,2025-04-20,2025-04-17,1262760,1262760,Comptant
305542,11916,2025-04-04,2025-04-19,2025-04-18,270120,270120,Comptant
305543,11154,2025-04-05,2025-05-05,2025-04-30,1223045,1223045,30 j
305544,6645,2025-04-06,2025-04-21,2025-04-19,167350,167350,Comptant
305545,1858,2025-04-05,2025-05-05,2025-05-02,1717385,1717385,30 j
305546,4515,2025-04-07,2025-04-22,2025-04-22,1385045,1385045,Comptant
305547,12474,2025-04-07,2025-04-22,2025-04-22,1581725,1581725,Comptant
305548,17506,2025-04-07,2025-05-07,2025-05-04,1769030,1769030,30 j
305549,23073,2025-04-06,2025-06-05,2025-06-02,367300,367300,60 j
305550,12969,2025-04-06,2025-05-06,,1712430,0,30 j
305551,1311,2025-04-06,2025-05-06,2025-05-04,683085,683085,30 j
305552,14716,2025-04-08,2025-04-23,2025-04-23,857475,857475,Comptant
305553,12510,2025-04-07,2025-04-22,,353505,0,Comptant
305554,16158,2025-04-07,2025-05-07,2025-05-05,1531380,1531380,30 j
305555,19770,2025-04-07,2025-05-07,2025-05-02,724435,724435,30 j
305556,4004,2025-04-07,2025-06-06,2025-06-04,1396355,1396355,60 j
305557,11323,2025-04-06,2025-04-21,2025-04-20,138955,138955,Comptant
305558,6004,2025-04-07,2025-05-07,2025-05-02,1274790,1274790,30 j
305559,7821,2025-04-07,2025-04-22,,234300,0,Comptant
305560,4295,2025-04-08,2025-04-23,2025-04-20,1538200,1538200,Comptant
305561,10214,2025-04-09,2025-05-09,2025-05-04,175235,175235,30 j
305562,12056,2025-04-07,2025-04-22,2025-04-19,1469865,1469865,Comptant
305563,10100,2025-04-07,2025-06-06,2025-06-04,1783740,1783740,60 j
305564,15849,2025-04-08,2025-05-08,2025-05-08,444800,444800,30 j
305565,2807,2025-04-08,2025-06-07,2025-06-05,671010,671010,60 j
305566,7249,2025-04-08,2025-05-08,2025-05-07,82110,82110,30 j
305567,7903,2025-04-09,2025-05-09,2025-05-09,1699125,1699125,30 j
305568,22916,2025-04-10,2025-05-10,2025-05-10,98045,98045,30 j
305569,4047,2025-04-08,2025-06-07,,790015,0,60 j
305570,22462,2025-04-10,2025-06-09,,1565510,0,60 j
305571,4462,2025-04-10,2025-05-10,2025-05-07,319360,319360,30 j
305572,22019,2025-04-10,2025-06-09,2025-06-07,90660,90660,60 j
305573,22264,2025-04-10,2025-04-25,2025-04-26,733625,733625,Comptant
305574,3209,2025-04-10,2025-04-25,2025-04-20,1587675,1587675,Comptant
305575,3950,2025-04-10,2025-04-25,,1209610,0,Comptant
305576,10245,2025-04-09,2025-04-24,2025-04-22,1373655,1373655,Comptant
305577,5455,2025-04-10,2025-04-25,2025-04-25,119335,119335,Comptant
305578,19368,2025-04-10,2025-05-10,2025-05-15,1649820,1649820,30 j
305579,449,2025-04-10,2025-04-25,2025-04-30,1791770,1791770,Comptant
305580,158,2025-04-11,2025-05-11,2025-05-08,1099640,1099640,30 j
305581,11104,2025-04-11,2025-04-26,,1044250,0,Comptant
305582,4442,2025-04-11,2025-04-26,,1679640,0,Comptant
305583,21990,2025-04-11,2025-04-26,2025-04-24,1036400,1036400,Comptant
305584,21642,2025-04-10,2025-04-25,2025-04-22,933220,933220,Comptant
305585,17946,2025-04-11,2025-05-11,,1245485,0,30 j
305586,11476,2025-04-13,2025-05-13,2025-05-18,483580,483580,30 j
305587,13147,2025-04-13,2025-04-28,,482140,0,Comptant
305588,13835,2025-04-13,2025-04-28,2025-04-28,209580,209580,Comptant
305589,7752,2025-04-13,2025-06-12,2025-06-11,603050,603050,60 j
305590,13402,2025-04-13,2025-04-28,2025-04-23,725000,725000,Comptant
305591,6062,2025-04-11,2025-06-10,2025-06-10,175210,175210,60 j
305592,23806,2025-04-12,2025-05-12,2025-05-14,1272830,1272830,30 j
305593,21441,2025-04-14,2025-06-13,2025-06-15,1726870,1726870,60 j
305594,13396,2025-04-12,2025-05-12,2025-05-11,1329255,1329255,30 j
305595,18122,2025-04-12,2025-06-11,2025-06-10,475225,475225,60 j
305596,1150,2025-04-14,2025-04-29,2025-04-27,1396920,1396920,Comptant
305597,23149,2025-04-14,2025-04-29,2025-04-29,1085040,1085040,Comptant
305598,5230,2025-04-14,2025-05-14,2025-05-16,1724920,1724920,30 j
305599,895,2025-04-13,2025-05-13,2025-05-08,1711900,1711900,30 j
305600,23433,2025-04-15,2025-04-30,2025-04-25,222320,222320,Comptant
305601,21834,2025-04-13,2025-05-13,,528750,0,30 j
305602,11509,2025-04-13,2025-04-28,2025-04-25,100975,100975,Comptant
305603,6427,2025-04-15,2025-04-30,2025-04-25,87095,87095,Comptant
305604,5785,2025-04-14,2025-04-29,2025-04-24,550115,550115,Comptant
305605,11404,2025-04-13,2025-04-28,2025-04-23,754070,754070,Comptant
305606,23553,2025-04-15,2025-04-30,2025-04-30,353930,353930,Comptant
305607,10012,2025-04-15,2025-05-15,2025-05-10,1662520,1662520,30 j
305608,11776,2025-04-14,2025-05-14,2025-05-11,1054585,1054585,30 j
305609,18412,2025-04-14,2025-04-29,2025-04-27,694010,694010,Comptant
305610,21410,2025-04-14,2025-04-29,2025-04-26,740370,740370,Comptant
305611,18076,2025-04-14,2025-06-13,2025-06-15,481800,481800,60 j
305612,20405,2025-04-14,2025-06-13,2025-06-08,883185,883185,60 j
305613,19244,2025-04-15,2025-05-15,2025-05-12,366070,366070,30 j
305614,8276,2025-04-16,2025-05-01,,1596020,0,Comptant
305615,21530,2025-04-16,2025-05-16,2025-05-16,1334655,1334655,30 j
305616,1114,2025-04-15,2025-06-14,2025-06-15,1553685,1553685,60 j
305617,17479,2025-04-17,2025-05-17,2025-05-15,626965,626965,30 j
305618,3091,2025-04-15,2025-04-30,2025-04-28,1470630,1470630,Comptant
305619,3107,2025-04-17,2025-05-17,2025-05-14,1152390,1152390,30 j
305620,23272,2025-04-18,2025-05-03,2025-04-30,316325,316325,Comptant
305621,1532,2025-04-17,2025-05-17,2025-07-01,1071910,1071910,30 j
305622,19951,2025-04-16,2025-05-16,2025-05-13,916110,916110,30 j
305623,9984,2025-04-17,2025-05-02,2025-04-30,1065995,1065995,Comptant
305624,20284,2025-04-18,2025-06-17,2025-06-22,573615,573615,60 j
305625,9133,2025-04-18,2025-05-18,2025-05-23,1229635,1229635,30 j
305626,12686,2025-04-17,2025-05-17,2025-05-14,632125,632125,30 j
305627,13436,2025-04-19,2025-05-04,2025-05-04,703180,703180,Comptant
305628,7207,2025-04-17,2025-06-16,2025-06-15,1565265,1565265,60 j
305629,1972,2025-04-19,2025-05-19,2025-05-16,1227685,1227685,30 j
305630,17839,2025-04-17,2025-05-02,2025-05-01,1547435,1547435,Comptant
305631,3908,2025-04-18,2025-05-18,2025-05-28,536315,536315,30 j
305632,19848,2025-04-19,2025-05-19,2025-05-17,1530225,1530225,30 j
305633,4974,2025-04-19,2025-05-04,,661105,0,Comptant
305634,21830,2025-04-19,2025-06-18,,1033830,0,60 j
305635,22383,2025-04-20,2025-06-19,,61985,0,60 j
305636,7609,2025-04-20,2025-05-20,2025-05-20,1621385,1621385,30 j
305637,4447,2025-04-18,2025-05-03,2025-05-05,1164275,1164275,Comptant
305638,23261,2025-04-19,2025-05-19,2025-05-21,1384985,1384985,30 j
305639,1968,2025-04-18,2025-05-03,2025-05-03,1206880,1206880,Comptant
305640,22798,2025-04-19,2025-05-04,2025-05-04,206170,206170,Comptant
305641,18474,2025-04-21,2025-05-21,2025-05-31,183585,183585,30 j
305642,1294,2025-04-19,2025-05-19,2025-05-18,1139365,1139365,30 j
305643,10702,2025-04-21,2025-05-06,2025-05-06,1287605,1287605,Comptant
305644,2074,2025-04-21,2025-05-21,2025-05-16,1177765,1177765,30 j
305645,19899,2025-04-21,2025-05-21,2025-07-05,168550,168550,30 j
305646,20353,2025-04-21,2025-05-21,2025-05-18,852950,852950,30 j
305647,21009,2025-04-21,2025-05-21,,1181825,0,30 j
305648,21454,2025-04-22,2025-05-22,2025-05-24,230595,230595,30 j
305649,13059,2025-04-20,2025-06-19,,1260035,0,60 j
305650,5780,2025-04-22,2025-05-07,2025-05-04,1235165,1235165,Comptant
305651,15174,2025-04-20,2025-05-05,2025-05-05,1544645,1544645,Comptant
305652,12382,2025-04-21,2025-05-21,,727975,0,30 j
305653,10239,2025-04-22,2025-06-21,2025-06-19,1768855,1768855,60 j
305654,19468,2025-04-22,2025-05-22,,1106435,0,30 j
305655,2849,2025-04-23,2025-05-08,,130680,0,Comptant
305656,12880,2025-04-23,2025-05-08,2025-05-07,332880,332880,Comptant
305657,12787,2025-04-23,2025-05-23,2025-06-02,1744520,1744520,30 j
305658,10639,2025-04-23,2025-05-08,2025-05-07,934785,934785,Comptant
305659,7790,2025-04-23,2025-06-22,2025-06-22,789360,789360,60 j
305660,5033,2025-04-22,2025-05-22,2025-06-01,1709910,1709910,30 j
305661,7841,2025-04-22,2025-05-07,2025-05-02,412035,412035,Comptant
305662,22988,2025-04-22,2025-05-07,2025-05-05,866850,866850,Comptant
305663,22925,2025-04-24,2025-05-09,,426405,0,Comptant
305664,9054,2025-04-24,2025-06-23,2025-07-13,750275,750275,60 j
305665,20770,2025-04-23,2025-05-08,2025-05-05,1044380,1044380,Comptant
305666,10001,2025-04-24,2025-05-09,2025-05-06,1614600,1614600,Comptant
305667,19893,2025-04-23,2025-06-22,2025-06-22,923120,923120,60 j
305668,6616,2025-04-25,2025-05-25,2025-05-20,1007890,1007890,30 j
305669,1619,2025-04-24,2025-05-24,2025-05-19,1782045,1782045,30 j
305670,22787,2025-04-24,2025-05-09,2025-05-04,1693735,1693735,Comptant
305671,7002,2025-04-25,2025-05-10,2025-05-09,820235,820235,Comptant
305672,16748,2025-04-24,2025-05-09,2025-05-08,1271290,1271290,Comptant
305673,15124,2025-04-24,2025-06-23,2025-06-22,124615,124615,60 j
305674,17535,2025-04-24,2025-05-09,2025-05-06,717255,717255,Comptant
305675,9143,2025-04-25,2025-06-24,2025-06-23,1231040,1231040,60 j
305676,22803,2025-04-24,2025-05-09,2025-05-07,1597205,1597205,Comptant
305677,6617,2025-04-26,2025-05-11,2025-05-08,1463870,1463870,Comptant
305678,22131,2025-04-26,2025-05-11,2025-05-11,1159295,1159295,Comptant
305679,20638,2025-04-25,2025-05-10,2025-05-30,1737275,1737275,Comptant
305680,18662,2025-04-26,2025-05-26,2025-05-31,1481320,1481320,30 j
305681,17506,2025-04-27,2025-05-27,2025-05-25,460320,460320,30 j
305682,5523,2025-04-27,2025-05-12,2025-05-11,1724885,1724885,Comptant
305683,7796,2025-04-25,2025-05-25,2025-05-25,223480,223480,30 j
305684,15177,2025-04-25,2025-06-24,2025-06-26,95685,95685,60 j
305685,6131,2025-04-25,2025-05-10,2025-05-07,217310,217310,Comptant
305686,22259,2025-04-25,2025-06-24,2025-06-24,1521760,1521760,60 j
305687,23374,2025-04-26,2025-05-11,2025-05-11,1153365,1153365,Comptant
305688,18090,2025-04-26,2025-05-11,2025-05-06,749040,749040,Comptant
305689,20436,2025-04-27,2025-05-27,2025-05-26,121615,121615,30 j
305690,8344,2025-04-28,2025-05-28,2025-05-25,1319875,1319875,30 j
305691,12947,2025-04-28,2025-05-13,2025-05-13,832985,832985,Comptant
305692,17321,2025-04-28,2025-06-27,2025-06-24,1145835,1145835,60 j
305693,9269,2025-04-28,2025-05-28,,1668660,0,30 j
305694,3849,2025-04-27,2025-05-12,2025-05-10,889430,889430,Comptant
305695,390,2025-04-28,2025-05-13,2025-05-11,483910,483910,Comptant
305696,1136,2025-04-29,2025-05-14,2025-05-12,219035,219035,Comptant
305697,18361,2025-04-27,2025-06-26,2025-06-24,1400220,1400220,60 j
305698,14766,2025-04-28,2025-05-28,2025-05-26,371270,371270,30 j
305699,3066,2025-04-29,2025-05-29,2025-05-29,736565,736565,30 j
305700,11716,2025-04-29,2025-06-28,2025-06-27,589370,589370,60 j
305701,18369,2025-04-29,2025-06-28,2025-06-26,534145,534145,60 j
305702,98,2025-04-29,2025-05-14,2025-05-13,1345530,1345530,Comptant
305703,7814,2025-04-29,2025-05-29,2025-05-24,736665,736665,30 j
305704,2512,2025-04-29,2025-05-29,2025-05-26,357350,357350,30 j
305705,21125,2025-04-29,2025-05-14,2025-05-13,1267010,1267010,Comptant
305706,12076,2025-04-29,2025-05-29,2025-05-28,315930,315930,30 j
305707,12269,2025-04-29,2025-05-14,,412830,0,Comptant
305708,21151,2025-05-01,2025-05-31,2025-05-30,92290,92290,30 j
305709,18940,2025-04-30,2025-05-30,2025-05-28,1788820,1788820,30 j
305710,16330,2025-05-01,2025-05-31,2025-05-29,1021670,1021670,30 j
305711,18038,2025-04-30,2025-05-15,2025-05-14,892910,892910,Comptant
305712,17690,2025-05-01,2025-05-31,2025-05-29,444885,444885,30 j
305713,9751,2025-05-01,2025-05-16,2025-05-14,1636960,1636960,Comptant
305714,4548,2025-05-01,2025-06-30,2025-06-25,1518885,1518885,60 j
305715,2331,2025-05-01,2025-05-16,,229055,0,Comptant
305716,16288,2025-04-30,2025-06-29,2025-07-04,1605885,1605885,60 j
305717,736,2025-05-02,2025-05-17,2025-05-15,312775,312775,Comptant
305718,22958,2025-05-01,2025-05-31,2025-05-28,1581140,1581140,30 j
305719,17935,2025-05-01,2025-05-16,2025-05-15,1310565,1310565,Comptant
305720,16453,2025-05-03,2025-05-18,2025-05-16,1578670,1578670,Comptant
305721,4949,2025-05-01,2025-05-16,2025-05-15,1236440,1236440,Comptant
305722,14154,2025-05-03,2025-07-02,2025-07-02,1675680,1675680,60 j
305723,8307,2025-05-01,2025-05-16,2025-05-16,1233230,1233230,Comptant
305724,21077,2025-05-02,2025-06-01,2025-05-30,293715,293715,30 j
305725,6541,2025-05-03,2025-05-18,2025-05-17,112755,112755,Comptant
305726,10515,2025-05-02,2025-06-01,2025-05-31,1269630,1269630,30 j
305727,2232,2025-05-04,2025-06-03,,839475,0,30 j
305728,8788,2025-05-03,2025-05-18,2025-05-20,1311100,1311100,Comptant
305729,15776,2025-05-03,2025-06-02,2025-05-28,743860,743860,30 j
305730,6321,2025-05-04,2025-05-19,2025-05-14,1524370,1524370,Comptant
305731,1068,2025-05-03,2025-05-18,2025-05-15,135945,135945,Comptant
305732,12932,2025-05-03,2025-05-18,2025-06-07,1236550,1236550,Comptant
305733,12489,2025-05-04,2025-06-03,2025-06-13,522830,522830,30 j
305734,23009,2025-05-03,2025-06-02,2025-06-02,211245,211245,30 j
305735,1131,2025-05-05,2025-07-04,2025-07-04,772465,772465,60 j
305736,14637,2025-05-04,2025-05-19,2025-05-14,552170,552170,Comptant
305737,9331,2025-05-05,2025-05-20,2025-05-17,706940,706940,Comptant
305738,16187,2025-05-05,2025-05-20,2025-05-18,658690,658690,Comptant
305739,2218,2025-05-04,2025-05-19,2025-05-14,1706410,1706410,Comptant
305740,18864,2025-05-03,2025-05-18,2025-05-13,491065,491065,Comptant
305741,8568,2025-05-05,2025-06-04,,1620775,0,30 j
305742,5580,2025-05-05,2025-05-20,2025-05-22,274840,274840,Comptant
305743,8234,2025-05-06,2025-05-21,2025-05-18,903655,903655,Comptant
305744,9685,2025-05-05,2025-05-20,2025-05-19,642660,642660,Comptant
305745,14820,2025-05-06,2025-05-21,2025-05-16,555095,555095,Comptant
305746,15045,2025-05-05,2025-05-20,2025-05-19,753215,753215,Comptant
305747,13128,2025-05-06,2025-07-05,2025-07-03,1470595,1470595,60 j
305748,19139,2025-05-07,2025-05-22,2025-05-19,1002115,1002115,Comptant
305749,20367,2025-05-07,2025-05-22,2025-05-22,197345,197345,Comptant
305750,7860,2025-05-07,2025-05-22,2025-05-21,1622335,1622335,Comptant
305751,17097,2025-05-06,2025-05-21,2025-05-19,521065,521065,Comptant
305752,20347,2025-05-06,2025-07-05,2025-06-30,389750,389750,60 j
305753,1784,2025-05-06,2025-05-21,2025-05-26,1138715,1138715,Comptant
305754,3860,2025-05-08,2025-06-07,2025-06-06,847495,847495,30 j
305755,18925,2025-05-06,2025-05-21,2025-05-20,1553180,1553180,Comptant
305756,12421,2025-05-08,2025-05-23,2025-05-18,233140,233140,Comptant
305757,3211,2025-05-06,2025-05-21,2025-05-19,225010,225010,Comptant
305758,4539,2025-05-06,2025-05-21,,794925,0,Comptant
305759,19559,2025-05-06,2025-06-05,2025-05-31,1685920,1685920,30 j
305760,18645,2025-05-07,2025-06-06,,275650,0,30 j
305761,586,2025-05-09,2025-05-24,2025-05-24,1660360,1660360,Comptant
305762,12574,2025-05-07,2025-05-22,2025-05-19,258045,258045,Comptant
305763,12087,2025-05-08,2025-07-07,2025-07-06,169205,169205,60 j
305764,17682,2025-05-07,2025-06-06,2025-06-04,1593125,1593125,30 j
305765,12721,2025-05-07,2025-05-22,2025-05-22,935130,935130,Comptant
305766,23462,2025-05-08,2025-05-23,2025-05-25,1360875,1360875,Comptant
305767,9240,2025-05-10,2025-05-25,2025-05-23,1117040,1117040,Comptant
305768,2850,2025-05-09,2025-05-24,2025-05-23,431415,431415,Comptant
305769,9225,2025-05-08,2025-05-23,2025-06-02,1196870,1196870,Comptant
305770,15638,2025-05-10,2025-06-09,2025-06-29,1668850,1668850,30 j
305771,6644,2025-05-10,2025-05-25,,633485,0,Comptant
305772,1199,2025-05-10,2025-06-09,2025-06-07,882985,882985,30 j
305773,12498,2025-05-09,2025-06-08,2025-06-07,384155,384155,30 j
305774,7157,2025-05-10,2025-05-25,2025-05-22,514630,514630,Comptant
305775,3001,2025-05-10,2025-05-25,,424845,0,Comptant
305776,18292,2025-05-11,2025-05-26,2025-05-21,1096015,1096015,Comptant
305777,16540,2025-05-11,2025-05-26,2025-05-24,1087030,1087030,Comptant
305778,8451,2025-05-10,2025-05-25,,1582270,0,Comptant
305779,6087,2025-05-10,2025-05-25,2025-05-23,393790,393790,Comptant
305780,21106,2025-05-10,2025-05-25,2025-05-22,1719050,1719050,Comptant
305781,1141,2025-05-11,2025-06-10,2025-06-15,1700455,1700455,30 j
305782,14204,2025-05-12,2025-05-27,,1258865,0,Comptant
305783,10487,2025-05-12,2025-05-27,2025-05-22,557245,557245,Comptant
305784,7200,2025-05-10,2025-05-25,2025-05-24,391070,391070,Comptant
305785,17244,2025-05-10,2025-06-09,2025-06-06,1654100,1654100,30 j
305786,5605,2025-05-12,2025-05-27,2025-05-27,350460,350460,Comptant
305787,8293,2025-05-12,2025-05-27,2025-05-27,1347795,1347795,Comptant
305788,7825,2025-05-12,2025-05-27,2025-05-24,169420,169420,Comptant
305789,16943,2025-05-13,2025-06-12,2025-06-10,334275,334275,30 j
305790,2157,2025-05-11,2025-06-10,2025-06-11,1548975,1548975,30 j
305791,18190,2025-05-13,2025-06-12,2025-06-09,1585750,1585750,30 j
305792,12675,2025-05-12,2025-06-11,2025-06-09,1485945,1485945,30 j
305793,15816,2025-05-13,2025-05-28,2025-05-25,699465,699465,Comptant
305794,19075,2025-05-12,2025-05-27,2025-05-26,930490,930490,Comptant
305795,14857,2025-05-13,2025-05-28,2025-05-23,1725645,1725645,Comptant
305796,6812,2025-05-14,2025-05-29,2025-05-30,1511210,1511210,Comptant
305797,23538,2025-05-12,2025-05-27,2025-05-24,889430,889430,Comptant
305798,6636,2025-05-13,2025-05-28,,1726475,0,Comptant
305799,15633,2025-05-12,2025-05-27,2025-05-24,1360090,1360090,Comptant
305800,5606,2025-05-13,2025-06-12,2025-06-12,693750,693750,30 j
305801,17961,2025-05-14,2025-05-29,2025-06-03,1561895,1561895,Comptant
305802,21010,2025-05-13,2025-05-28,2025-05-27,748635,748635,Comptant
305803,12146,2025-05-13,2025-05-28,2025-05-28,1781850,1781850,Comptant
305804,17217,2025-05-14,2025-05-29,,656250,0,Comptant
305805,1976,2025-05-14,2025-05-29,2025-05-30,1126870,1126870,Comptant
305806,23475,2025-05-13,2025-05-28,2025-05-26,355025,355025,Comptant
305807,16099,2025-05-14,2025-05-29,2025-05-27,404475,404475,Comptant
305808,11497,2025-05-14,2025-05-29,2025-05-24,1457960,1457960,Comptant
305809,18655,2025-05-14,2025-06-13,,854130,0,30 j
305810,19648,2025-05-15,2025-05-30,2025-06-09,1616600,1616600,Comptant
305811,18167,2025-05-16,2025-05-31,2025-06-01,387670,387670,Comptant
305812,521,2025-05-16,2025-05-31,,700710,0,Comptant
305813,5116,2025-05-15,2025-06-14,2025-06-09,1337785,1337785,30 j
305814,2019,2025-05-16,2025-05-31,,277415,0,Comptant
305815,1609,2025-05-17,2025-06-01,2025-05-27,1153895,1153895,Comptant
305816,16844,2025-05-16,2025-05-31,2025-05-30,1615975,1615975,Comptant
305817,5771,2025-05-17,2025-06-01,2025-06-06,891365,891365,Comptant
305818,12342,2025-05-17,2025-06-16,2025-06-16,891960,891960,30 j
305819,7778,2025-05-16,2025-05-31,2025-05-28,822100,822100,Comptant
305820,17106,2025-05-16,2025-05-31,2025-05-30,384315,384315,Comptant
305821,10637,2025-05-16,2025-05-31,2025-05-28,629170,629170,Comptant
305822,8091,2025-05-17,2025-06-16,,1717500,0,30 j
305823,12353,2025-05-18,2025-06-02,2025-06-02,1269835,1269835,Comptant
305824,5346,2025-05-16,2025-06-15,,1283460,0,30 j
305825,9224,2025-05-16,2025-06-15,2025-06-15,83610,83610,30 j
305826,23876,2025-05-18,2025-06-17,2025-06-12,597940,597940,30 j
305827,17101,2025-05-16,2025-05-31,2025-05-29,1324920,1324920,Comptant
305828,14100,2025-05-17,2025-06-16,2025-06-16,1193570,1193570,30 j
305829,20369,2025-05-18,2025-06-17,2025-06-12,1678130,1678130,30 j
305830,7068,2025-05-19,2025-06-03,2025-05-29,1626785,1626785,Comptant
305831,4002,2025-05-17,2025-06-16,2025-06-16,1357750,1357750,30 j
305832,7930,2025-05-18,2025-06-02,2025-05-31,363630,363630,Comptant
305833,14182,2025-05-18,2025-06-02,2025-07-17,374225,374225,Comptant
305834,19629,2025-05-17,2025-06-16,2025-06-13,1326785,1326785,30 j
305835,4307,2025-05-20,2025-06-04,2025-06-01,1770715,1770715,Comptant
305836,10374,2025-05-20,2025-06-19,2025-06-18,634960,634960,30 j
305837,8189,2025-05-20,2025-06-19,2025-06-18,427955,427955,30 j
305838,15786,2025-05-18,2025-06-17,2025-06-16,329710,329710,30 j
305839,20011,2025-05-19,2025-06-03,2025-06-03,1728800,1728800,Comptant
305840,15893,2025-05-19,2025-06-03,2025-06-23,1504765,1504765,Comptant
305841,5325,2025-05-21,2025-06-05,2025-06-05,697380,697380,Comptant
305842,19269,2025-05-19,2025-06-03,2025-06-02,833930,833930,Comptant
305843,21511,2025-05-20,2025-06-19,2025-06-16,234245,234245,30 j
305844,21093,2025-05-19,2025-06-03,2025-05-29,91730,91730,Comptant
305845,19149,2025-05-20,2025-06-04,2025-05-30,1070690,1070690,Comptant
305846,16279,2025-05-19,2025-06-03,2025-05-31,1328405,1328405,Comptant
305847,18417,2025-05-19,2025-06-03,2025-06-23,1465710,1465710,Comptant
305848,20300,2025-05-20,2025-06-04,2025-06-03,273845,273845,Comptant
305849,16328,2025-05-22,2025-06-06,2025-06-01,443760,443760,Comptant
305850,14950,2025-05-20,2025-06-19,,1127295,0,30 j
305851,6961,2025-05-21,2025-06-05,2025-05-31,1649235,1649235,Comptant
305852,13813,2025-05-20,2025-06-04,2025-05-30,1166075,1166075,Comptant
305853,21506,2025-05-21,2025-06-20,,627055,0,30 j
305854,17580,2025-05-22,2025-06-06,2025-06-06,952410,952410,Comptant
305855,1603,2025-05-23,2025-06-22,,1387095,0,30 j
305856,8398,2025-05-22,2025-06-06,,801385,0,Comptant
305857,21300,2025-05-21,2025-07-20,2025-07-17,422090,422090,60 j
305858,6186,2025-05-22,2025-06-06,2025-06-01,1546140,1546140,Comptant
305859,20131,2025-05-23,2025-06-07,2025-06-04,1631550,1631550,Comptant
305860,8239,2025-05-22,2025-06-06,,1775485,0,Comptant
305861,4392,2025-05-21,2025-06-20,,780750,0,30 j
305862,6155,2025-05-24,2025-06-23,2025-06-20,293010,293010,30 j
305863,20472,2025-05-24,2025-06-08,2025-06-06,692495,692495,Comptant
305864,7503,2025-05-22,2025-06-06,2025-06-04,1799655,1799655,Comptant
305865,19408,2025-05-24,2025-06-23,2025-06-23,1015920,1015920,30 j
305866,8768,2025-05-22,2025-06-21,2025-06-21,1289420,1289420,30 j
305867,18567,2025-05-24,2025-07-23,2025-07-21,1045255,1045255,60 j
305868,959,2025-05-23,2025-06-07,2025-06-02,74985,74985,Comptant
305869,6472,2025-05-24,2025-06-08,2025-06-03,173485,173485,Comptant
305870,23236,2025-05-23,2025-06-07,2025-06-07,1155805,1155805,Comptant
305871,802,2025-05-23,2025-06-07,2025-06-04,1591715,1591715,Comptant
305872,13319,2025-05-23,2025-06-07,2025-07-22,923160,923160,Comptant
305873,18431,2025-05-24,2025-06-08,,421830,0,Comptant
305874,13604,2025-05-23,2025-06-22,2025-06-19,867665,867665,30 j
305875,4588,2025-05-26,2025-06-10,2025-06-05,1123475,1123475,Comptant
305876,20023,2025-05-26,2025-06-10,2025-06-09,1392385,1392385,Comptant
305877,4859,2025-05-26,2025-07-25,2025-07-25,747310,747310,60 j
305878,3074,2025-05-24,2025-06-08,2025-06-05,1390915,1390915,Comptant
305879,13168,2025-05-25,2025-06-24,2025-06-22,1528040,1528040,30 j
305880,5937,2025-05-24,2025-06-08,2025-06-08,1778705,1778705,Comptant
305881,4773,2025-05-26,2025-06-25,,62540,0,30 j
305882,3550,2025-05-26,2025-06-10,2025-06-05,732275,732275,Comptant
305883,22112,2025-05-25,2025-06-09,2025-06-09,1480110,1480110,Comptant
305884,12025,2025-05-25,2025-06-09,2025-06-07,411340,411340,Comptant
305885,13176,2025-05-26,2025-06-10,2025-06-08,575270,575270,Comptant
305886,9856,2025-05-25,2025-06-09,2025-06-09,89420,89420,Comptant
305887,3542,2025-05-27,2025-06-26,2025-06-26,722855,722855,30 j
305888,6277,2025-05-26,2025-06-25,2025-08-09,589195,589195,30 j
305889,17925,2025-05-27,2025-07-26,,1249820,0,60 j
305890,3153,2025-05-26,2025-06-10,2025-06-09,591325,591325,Comptant
305891,11510,2025-05-27,2025-06-11,2025-06-11,240840,240840,Comptant
305892,5386,2025-05-27,2025-06-11,2025-06-11,946605,946605,Comptant
305893,2269,2025-05-26,2025-06-10,2025-06-08,1739580,1739580,Comptant
305894,13740,2025-05-27,2025-07-26,2025-07-28,302800,302800,60 j
305895,8374,2025-05-28,2025-06-12,2025-06-11,1625120,1625120,Comptant
305896,14926,2025-05-29,2025-06-13,2025-06-10,1314565,1314565,Comptant
305897,12127,2025-05-27,2025-06-26,2025-06-21,677275,677275,30 j
305898,19870,2025-05-29,2025-06-28,2025-06-27,683195,683195,30 j
305899,15369,2025-05-28,2025-06-12,,1012560,0,Comptant
305900,23190,2025-05-28,2025-06-27,2025-08-11,1074375,1074375,30 j
305901,4378,2025-05-28,2025-06-27,2025-06-27,418365,418365,30 j
305902,12964,2025-05-30,2025-06-14,2025-06-13,249000,249000,Comptant
305903,10281,2025-05-28,2025-07-27,2025-07-25,615325,615325,60 j
305904,9537,2025-05-29,2025-07-28,2025-07-25,1370740,1370740,60 j
305905,7966,2025-05-29,2025-06-13,2025-06-08,403230,403230,Comptant
305906,11276,2025-05-30,2025-06-14,2025-06-24,1760735,1760735,Comptant
305907,3996,2025-05-29,2025-06-13,2025-06-08,1020830,1020830,Comptant
305908,4131,2025-05-29,2025-06-28,2025-06-26,1512100,1512100,30 j
305909,19324,2025-05-31,2025-06-15,2025-06-13,1466705,1466705,Comptant
305910,5003,2025-05-29,2025-06-28,2025-06-27,818595,818595,30 j
305911,1652,2025-05-30,2025-06-29,2025-06-26,402750,402750,30 j
305912,11999,2025-05-30,2025-06-29,2025-06-26,154915,154915,30 j
305913,8644,2025-05-31,2025-06-15,2025-06-17,648020,648020,Comptant
305914,22880,2025-05-29,2025-06-13,2025-06-13,974665,974665,Comptant
305915,831,2025-05-30,2025-06-14,2025-06-11,1399015,1399015,Comptant
305916,22914,2025-05-30,2025-06-29,2025-07-19,1124000,1124000,30 j
305917,1205,2025-05-31,2025-06-15,2025-06-15,928190,928190,Comptant
305918,17081,2025-05-30,2025-06-14,2025-06-14,1272330,1272330,Comptant
305919,11864,2025-05-31,2025-06-30,,576690,0,30 j
305920,9442,2025-06-01,2025-07-01,2025-06-28,1122330,1122330,30 j
305921,14322,2025-05-30,2025-06-29,2025-06-28,1623070,1623070,30 j
305922,13103,2025-06-01,2025-06-16,2025-06-11,134070,134070,Comptant
305923,21629,2025-06-01,2025-06-16,2025-06-18,791400,791400,Comptant
305924,5589,2025-05-31,2025-06-30,,1138515,0,30 j
305925,8664,2025-05-31,2025-06-30,2025-06-30,1391890,1391890,30 j
305926,16883,2025-06-01,2025-06-16,2025-06-11,1139670,1139670,Comptant
305927,13243,2025-06-02,2025-06-17,2025-06-15,1142450,1142450,Comptant
305928,9898,2025-05-31,2025-06-15,2025-06-14,780145,780145,Comptant
305929,7015,2025-06-01,2025-07-01,2025-06-28,1729935,1729935,30 j
305930,18079,2025-06-02,2025-08-01,2025-08-01,848770,848770,60 j
305931,4445,2025-06-01,2025-07-31,,1067765,0,60 j
305932,19783,2025-06-01,2025-06-16,2025-06-15,154750,154750,Comptant
305933,23332,2025-06-01,2025-06-16,2025-06-13,1259915,1259915,Comptant
305934,3746,2025-06-01,2025-07-01,,421940,0,30 j
305935,19731,2025-06-01,2025-06-16,2025-06-13,1084150,1084150,Comptant
305936,21877,2025-06-04,2025-07-04,2025-07-01,1264690,1264690,30 j
305937,5293,2025-06-03,2025-06-18,2025-06-15,396795,396795,Comptant
305938,20943,2025-06-03,2025-06-18,2025-06-19,334535,334535,Comptant
305939,14753,2025-06-04,2025-08-03,2025-07-31,1433175,1433175,60 j
305940,16552,2025-06-04,2025-07-04,2025-07-03,893125,893125,30 j
305941,16910,2025-06-03,2025-06-18,2025-06-13,706205,706205,Comptant
305942,10672,2025-06-05,2025-06-20,2025-06-19,79940,79940,Comptant
305943,22247,2025-06-03,2025-07-03,2025-07-03,1679920,1679920,30 j
305944,13528,2025-06-05,2025-06-20,,1024695,0,Comptant
305945,2829,2025-06-03,2025-06-18,2025-06-17,776800,776800,Comptant
305946,2102,2025-06-05,2025-07-05,2025-06-30,1113415,1113415,30 j
305947,16245,2025-06-05,2025-06-20,2025-06-15,626925,626925,Comptant
305948,784,2025-06-05,2025-06-20,,1096575,0,Comptant
305949,6650,2025-06-06,2025-06-21,2025-06-19,1324370,1324370,Comptant
305950,5817,2025-06-04,2025-07-04,2025-06-29,763285,763285,30 j
305951,13215,2025-06-05,2025-06-20,2025-06-15,876800,876800,Comptant
305952,9967,2025-06-04,2025-08-03,2025-08-03,695765,695765,60 j
305953,11707,2025-06-05,2025-07-05,2025-07-02,1341350,1341350,30 j
305954,12216,2025-06-04,2025-06-19,2025-06-14,1394120,1394120,Comptant
305955,19709,2025-06-05,2025-06-20,2025-06-15,1482480,1482480,Comptant
305956,8885,2025-06-05,2025-06-20,,453830,0,Comptant
305957,1970,2025-06-05,2025-08-04,2025-08-03,426955,426955,60 j
305958,7080,2025-06-07,2025-07-07,2025-07-06,1215910,1215910,30 j
305959,11718,2025-06-06,2025-08-05,2025-08-02,842080,842080,60 j
305960,15348,2025-06-06,2025-06-21,2025-06-16,146490,146490,Comptant
305961,12672,2025-06-05,2025-06-20,2025-06-15,1776085,1776085,Comptant
305962,5566,2025-06-08,2025-06-23,2025-06-23,470575,470575,Comptant
305963,3447,2025-06-08,2025-06-23,2025-06-21,1357380,1357380,Comptant
305964,17617,2025-06-06,2025-06-21,,1151845,0,Comptant
305965,10620,2025-06-08,2025-06-23,2025-06-20,970505,970505,Comptant
305966,7791,2025-06-07,2025-06-22,2025-07-12,930220,930220,Comptant
305967,10695,2025-06-07,2025-06-22,2025-06-27,1638640,1638640,Comptant
305968,17614,2025-06-08,2025-06-23,2025-06-23,1766095,1766095,Comptant
305969,18613,2025-06-07,2025-07-07,2025-07-02,1291130,1291130,30 j
305970,23493,2025-06-07,2025-08-06,2025-08-05,1686430,1686430,60 j
305971,12920,2025-06-07,2025-06-22,2025-06-17,1782240,1782240,Comptant
305972,2236,2025-06-08,2025-07-08,2025-07-05,92630,92630,30 j
305973,3819,2025-06-07,2025-07-07,2025-07-06,1520300,1520300,30 j
305974,1024,2025-06-08,2025-06-23,2025-06-20,548955,548955,Comptant
305975,8813,2025-06-08,2025-07-08,2025-07-08,554000,554000,30 j
305976,19908,2025-06-10,2025-07-10,,1290810,0,30 j
305977,22838,2025-06-08,2025-06-23,2025-06-18,1329190,1329190,Comptant
305978,5567,2025-06-08,2025-06-23,2025-06-21,1663895,1663895,Comptant
305979,1278,2025-06-09,2025-07-09,2025-07-09,400730,400730,30 j
305980,8195,2025-06-08,2025-07-08,2025-07-07,382895,382895,30 j
305981,14537,2025-06-10,2025-06-25,2025-06-22,939300,939300,Comptant
305982,11268,2025-06-09,2025-07-09,2025-07-09,594035,594035,30 j
305983,17015,2025-06-11,2025-06-26,2025-06-23,1613370,1613370,Comptant
305984,13972,2025-06-10,2025-07-10,2025-07-10,764500,764500,30 j
305985,22803,2025-06-10,2025-06-25,2025-06-23,410435,410435,Comptant
305986,13933,2025-06-11,2025-07-11,2025-07-10,1432570,1432570,30 j
305987,6067,2025-06-09,2025-06-24,2025-06-19,540040,540040,Comptant
305988,7226,2025-06-09,2025-07-09,2025-07-06,1620480,1620480,30 j
305989,3841,2025-06-12,2025-07-12,,1755205,0,30 j
305990,10689,2025-06-12,2025-06-27,2025-06-25,1702760,1702760,Comptant
305991,7807,2025-06-12,2025-08-11,2025-08-11,101230,101230,60 j
305992,23075,2025-06-11,2025-06-26,2025-06-24,910980,910980,Comptant
305993,22041,2025-06-12,2025-06-27,2025-06-24,1271220,1271220,Comptant
305994,10412,2025-06-12,2025-08-11,,1349850,0,60 j
305995,12413,2025-06-11,2025-06-26,2025-06-23,924725,924725,Comptant
305996,2688,2025-06-11,2025-06-26,2025-06-21,1319065,1319065,Comptant
305997,8185,2025-06-12,2025-07-12,2025-07-07,601410,601410,30 j
305998,8637,2025-06-12,2025-06-27,2025-06-24,1625570,1625570,Comptant
305999,3933,2025-06-13,2025-06-28,,1725420,0,Comptant
306000,1287,2025-06-11,2025-08-10,2025-08-10,185205,185205,60 j
306001,852,2025-06-11,2025-06-26,2025-06-25,806510,806510,Comptant
306002,1301,2025-06-12,2025-06-27,2025-06-25,740275,740275,Comptant
306003,4267,2025-06-12,2025-06-27,2025-06-22,669960,669960,Comptant
306004,1201,2025-06-12,2025-06-27,2025-06-27,1452925,1452925,Comptant
306005,1966,2025-06-13,2025-08-12,2025-08-11,1776175,1776175,60 j
306006,16337,2025-06-13,2025-06-28,2025-06-27,680000,680000,Comptant
306007,22212,2025-06-13,2025-07-13,2025-07-13,1595460,1595460,30 j
306008,9752,2025-06-14,2025-08-13,,1193160,0,60 j
306009,20646,2025-06-15,2025-06-30,2025-06-27,1435375,1435375,Comptant
306010,2388,2025-06-13,2025-07-13,2025-07-08,271100,271100,30 j
306011,6294,2025-06-14,2025-06-29,2025-06-28,1646390,1646390,Comptant
306012,19018,2025-06-13,2025-07-13,,1791170,0,30 j
306013,16802,2025-06-15,2025-06-30,,1761755,0,Comptant
306014,22853,2025-06-13,2025-06-28,2025-06-23,1215960,1215960,Comptant
306015,15972,2025-06-15,2025-06-30,2025-06-25,1626235,1626235,Comptant
306016,5476,2025-06-14,2025-06-29,2025-06-30,1654685,1654685,Comptant
306017,2246,2025-06-15,2025-06-30,2025-07-01,275870,275870,Comptant
306018,22024,2025-06-15,2025-06-30,2025-06-25,1178770,1178770,Comptant
306019,14166,2025-06-16,2025-07-01,2025-06-30,544595,544595,Comptant
306020,9701,2025-06-14,2025-07-14,2025-07-09,304850,304850,30 j
306021,14411,2025-06-16,2025-07-01,,792360,0,Comptant
306022,3103,2025-06-14,2025-06-29,2025-06-29,1259235,1259235,Comptant
306023,402,2025-06-17,2025-07-02,2025-06-29,1084755,1084755,Comptant
306024,11578,2025-06-16,2025-07-16,2025-07-14,628675,628675,30 j
306025,23903,2025-06-15,2025-07-15,,583635,0,30 j
306026,22780,2025-06-17,2025-07-17,2025-07-17,441480,441480,30 j
306027,8276,2025-06-16,2025-07-01,2025-07-11,1667460,1667460,Comptant
306028,23901,2025-06-16,2025-07-16,2025-07-13,659965,659965,30 j
306029,16734,2025-06-15,2025-06-30,2025-06-30,747645,747645,Comptant
306030,21380,2025-06-18,2025-07-03,2025-06-30,1769620,1769620,Comptant
306031,20368,2025-06-17,2025-07-17,2025-07-12,1739775,1739775,30 j
306032,23820,2025-06-18,2025-07-03,2025-06-30,1713605,1713605,Comptant
306033,3256,2025-06-18,2025-07-03,2025-07-02,124780,124780,Comptant
306034,22809,2025-06-17,2025-07-17,2025-07-17,961355,961355,30 j
306035,21179,2025-06-17,2025-07-02,2025-07-02,1775355,1775355,Comptant
306036,23170,2025-06-18,2025-07-18,2025-07-16,1112015,1112015,30 j
306037,9568,2025-06-18,2025-07-18,2025-07-15,1205470,1205470,30 j
306038,16731,2025-06-19,2025-07-04,2025-07-03,472225,472225,Comptant
306039,3032,2025-06-18,2025-07-18,2025-07-16,1443910,1443910,30 j
306040,7424,2025-06-17,2025-07-02,2025-07-01,1675585,1675585,Comptant
306041,19344,2025-06-19,2025-07-04,2025-07-02,1316800,1316800,Comptant
306042,16581,2025-06-17,2025-07-02,2025-06-30,1088725,1088725,Comptant
306043,7328,2025-06-20,2025-08-19,2025-08-14,1424275,1424275,60 j
306044,18970,2025-06-18,2025-08-17,2025-08-17,587230,587230,60 j
306045,659,2025-06-18,2025-07-03,2025-06-28,795980,795980,Comptant
306046,1207,2025-06-20,2025-07-05,2025-07-02,1700425,1700425,Comptant
306047,14786,2025-06-18,2025-07-03,,1410095,0,Comptant
306048,23076,2025-06-18,2025-07-18,2025-07-17,412280,412280,30 j
306049,15606,2025-06-20,2025-07-05,2025-07-04,1450295,1450295,Comptant
306050,9119,2025-06-20,2025-07-05,2025-07-07,423385,423385,Comptant
306051,1038,2025-06-20,2025-07-05,2025-07-10,302710,302710,Comptant
306052,4226,2025-06-21,2025-07-21,,1015060,0,30 j
306053,22707,2025-06-21,2025-07-06,2025-07-05,1212600,1212600,Comptant
306054,8651,2025-06-20,2025-08-19,2025-10-03,1734045,1734045,60 j
306055,10477,2025-06-21,2025-07-06,2025-07-03,1589340,1589340,Comptant
306056,1019,2025-06-21,2025-08-20,2025-08-15,1509275,1509275,60 j
306057,19079,2025-06-21,2025-07-21,2025-07-20,955155,955155,30 j
306058,1982,2025-06-22,2025-07-07,2025-07-05,178175,178175,Comptant
306059,9489,2025-06-22,2025-07-22,,1178140,0,30 j
306060,17764,2025-06-22,2025-07-22,2025-08-01,887690,887690,30 j
306061,23900,2025-06-20,2025-07-05,,1482065,0,Comptant
306062,1670,2025-06-21,2025-07-21,2025-07-18,892485,892485,30 j
306063,14435,2025-06-22,2025-07-07,2025-07-07,1672650,1672650,Comptant
306064,21587,2025-06-22,2025-07-07,2025-07-02,1789650,1789650,Comptant
306065,4551,2025-06-22,2025-07-22,2025-07-17,1060820,1060820,30 j
306066,6504,2025-06-22,2025-07-07,2025-07-04,190400,190400,Comptant
306067,18290,2025-06-23,2025-07-08,2025-07-05,887185,887185,Comptant
306068,17867,2025-06-23,2025-07-23,,762195,0,30 j
306069,5590,2025-06-23,2025-07-08,2025-07-08,910900,910900,Comptant
306070,17833,2025-06-24,2025-07-24,2025-07-23,1128820,1128820,30 j
306071,23058,2025-06-23,2025-07-08,,723075,0,Comptant
306072,3668,2025-06-24,2025-07-09,2025-07-04,1682380,1682380,Comptant
306073,14171,2025-06-23,2025-07-23,,1293735,0,30 j
306074,7081,2025-06-22,2025-08-21,2025-08-20,385355,385355,60 j
306075,4816,2025-06-23,2025-07-08,,358515,0,Comptant
306076,8924,2025-06-23,2025-07-08,,432515,0,Comptant
306077,16168,2025-06-24,2025-07-09,2025-07-07,1670700,1670700,Comptant
306078,14243,2025-06-23,2025-07-08,2025-07-03,209840,209840,Comptant
306079,10423,2025-06-23,2025-07-23,2025-07-21,1789530,1789530,30 j
306080,12382,2025-06-25,2025-07-25,2025-07-24,573255,573255,30 j
306081,5533,2025-06-25,2025-07-10,2025-07-10,907415,907415,Comptant
306082,16082,2025-06-25,2025-07-25,2025-07-20,1316765,1316765,30 j
306083,11461,2025-06-26,2025-07-11,2025-08-25,1111485,1111485,Comptant
306084,18644,2025-06-26,2025-07-26,2025-07-25,656145,656145,30 j
306085,13704,2025-06-26,2025-07-11,2025-07-10,120030,120030,Comptant
306086,6964,2025-06-26,2025-07-11,,1005930,0,Comptant
306087,16998,2025-06-26,2025-07-11,2025-07-06,1745630,1745630,Comptant
306088,8660,2025-06-26,2025-07-11,2025-07-31,892505,892505,Comptant
306089,18814,2025-06-25,2025-07-25,2025-07-23,954855,954855,30 j
306090,2243,2025-06-25,2025-07-10,2025-07-09,395730,395730,Comptant
306091,182,2025-06-25,2025-07-10,2025-07-07,1361925,1361925,Comptant
306092,2164,2025-06-27,2025-07-27,2025-07-25,860565,860565,30 j
306093,23116,2025-06-25,2025-07-10,2025-07-05,60420,60420,Comptant
306094,9372,2025-06-27,2025-07-12,2025-07-11,539015,539015,Comptant
306095,10255,2025-06-26,2025-07-26,2025-07-25,501780,501780,30 j
306096,22103,2025-06-26,2025-07-11,2025-07-16,240015,240015,Comptant
306097,11567,2025-06-26,2025-07-11,2025-07-10,1654265,1654265,Comptant
306098,20715,2025-06-28,2025-07-13,2025-08-02,1766500,1766500,Comptant
306099,11861,2025-06-28,2025-07-28,2025-07-23,1369885,1369885,30 j
306100,14499,2025-06-26,2025-07-26,2025-07-24,697950,697950,30 j
306101,19479,2025-06-27,2025-07-27,2025-07-24,1663775,1663775,30 j
306102,16196,2025-06-28,2025-07-13,2025-07-13,979275,979275,Comptant
306103,13774,2025-06-26,2025-07-26,2025-07-23,1011405,1011405,30 j
306104,21897,2025-06-29,2025-07-29,2025-07-24,123520,123520,30 j
306105,7000,2025-06-27,2025-08-26,2025-08-21,336920,336920,60 j
306106,14065,2025-06-28,2025-07-13,2025-07-11,1115935,1115935,Comptant
306107,7537,2025-06-28,2025-08-27,2025-08-22,1722845,1722845,60 j
306108,11574,2025-06-28,2025-07-13,2025-07-11,486915,486915,Comptant
306109,13022,2025-06-29,2025-07-29,,143045,0,30 j
306110,8266,2025-06-29,2025-07-29,2025-07-26,1052965,1052965,30 j
306111,9523,2025-06-28,2025-07-28,2025-07-28,1579020,1579020,30 j
306112,13295,2025-06-28,2025-07-13,2025-07-12,318775,318775,Comptant
306113,12603,2025-06-30,2025-07-15,2025-07-13,1311280,1311280,Comptant
306114,14501,2025-06-29,2025-07-14,2025-07-14,1477235,1477235,Comptant
306115,16690,2025-06-30,2025-07-15,2025-07-15,879295,879295,Comptant
306116,14213,2025-06-29,2025-07-14,2025-07-11,357985,357985,Comptant
306117,14988,2025-06-30,2025-08-29,2025-08-27,156805,156805,60 j
306118,4764,2025-06-30,2025-07-15,2025-07-12,142510,142510,Comptant
306119,12740,2025-06-29,2025-07-29,2025-07-24,1740950,1740950,30 j
306120,20374,2025-06-29,2025-07-14,2025-07-09,922775,922775,Comptant
306121,3791,2025-06-30,2025-07-15,2025-07-10,411435,411435,Comptant
306122,16815,2025-07-01,2025-07-16,2025-07-16,1348295,1348295,Comptant
306123,10844,2025-06-29,2025-08-28,2025-08-28,1130875,1130875,60 j
306124,6064,2025-07-01,2025-07-16,2025-07-16,818785,818785,Comptant
306125,6676,2025-07-02,2025-07-17,2025-07-16,1652055,1652055,Comptant
306126,17088,2025-07-01,2025-07-31,,1786470,0,30 j
306127,4280,2025-07-02,2025-07-17,2025-07-17,919720,919720,Comptant
306128,13652,2025-06-30,2025-07-15,2025-07-14,865925,865925,Comptant
306129,21887,2025-06-30,2025-07-30,,1782525,0,30 j
306130,6410,2025-07-03,2025-08-02,2025-07-30,744340,744340,30 j
306131,2911,2025-07-01,2025-07-16,2025-07-13,546425,546425,Comptant
306132,18569,2025-07-01,2025-07-16,2025-07-15,1390970,1390970,Comptant
306133,1552,2025-07-01,2025-07-31,2025-07-29,1166010,1166010,30 j
306134,5852,2025-07-01,2025-07-16,2025-07-16,1030235,1030235,Comptant
306135,3288,2025-07-02,2025-07-17,2025-07-14,770455,770455,Comptant
306136,367,2025-07-02,2025-07-17,2025-07-22,955965,955965,Comptant
306137,17749,2025-07-03,2025-08-02,2025-07-28,103410,103410,30 j
306138,2362,2025-07-04,2025-09-02,2025-08-31,500890,500890,60 j
306139,16892,2025-07-04,2025-09-02,2025-09-02,1560890,1560890,60 j
306140,816,2025-07-03,2025-08-02,2025-08-01,1775035,1775035,30 j
306141,9555,2025-07-02,2025-07-17,2025-07-15,1491930,1491930,Comptant
306142,17821,2025-07-03,2025-07-18,2025-07-15,428490,428490,Comptant
306143,15292,2025-07-03,2025-07-18,2025-07-18,156225,156225,Comptant
306144,11052,2025-07-03,2025-07-18,,353220,0,Comptant
306145,7941,2025-07-04,2025-07-19,2025-07-14,418090,418090,Comptant
306146,3985,2025-07-05,2025-08-04,,264500,0,30 j
306147,16351,2025-07-05,2025-07-20,2025-07-20,875150,875150,Comptant
306148,16032,2025-07-03,2025-08-02,2025-08-02,450825,450825,30 j
306149,22389,2025-07-04,2025-08-03,2025-07-29,169545,169545,30 j
306150,4742,2025-07-03,2025-08-02,2025-08-01,1205100,1205100,30 j
306151,2334,2025-07-04,2025-09-02,2025-09-07,1188975,1188975,60 j
306152,3786,2025-07-04,2025-08-03,2025-07-31,1284315,1284315,30 j
306153,19975,2025-07-04,2025-07-19,2025-07-16,779225,779225,Comptant
306154,17811,2025-07-04,2025-07-19,2025-07-17,1488220,1488220,Comptant
306155,14265,2025-07-04,2025-07-19,2025-07-18,1235890,1235890,Comptant
306156,20081,2025-07-06,2025-08-05,2025-08-03,1579720,1579720,30 j
306157,12678,2025-07-05,2025-08-04,2025-08-14,1426635,1426635,30 j
306158,8729,2025-07-05,2025-08-04,2025-08-01,154860,154860,30 j
306159,4660,2025-07-06,2025-07-21,2025-07-18,1673090,1673090,Comptant
306160,21281,2025-07-06,2025-07-21,2025-07-20,1243560,1243560,Comptant
306161,12179,2025-07-07,2025-07-22,2025-07-20,296520,296520,Comptant
306162,7459,2025-07-06,2025-07-21,2025-07-16,366430,366430,Comptant
306163,10134,2025-07-07,2025-07-22,,483370,0,Comptant
306164,12716,2025-07-08,2025-08-07,2025-08-02,221590,221590,30 j
306165,19729,2025-07-06,2025-09-04,2025-08-30,1405885,1405885,60 j
306166,16374,2025-07-07,2025-08-06,2025-08-01,200070,200070,30 j
306167,17687,2025-07-07,2025-08-06,2025-08-06,197660,197660,30 j
306168,14835,2025-07-06,2025-08-05,,926315,0,30 j
306169,6728,2025-07-07,2025-08-06,2025-08-05,1384090,1384090,30 j
306170,10137,2025-07-08,2025-07-23,,696520,0,Comptant
306171,4795,2025-07-09,2025-07-24,2025-07-23,1401700,1401700,Comptant
306172,11679,2025-07-07,2025-07-22,2025-07-23,71470,71470,Comptant
306173,16171,2025-07-07,2025-08-06,2025-08-04,137725,137725,30 j
306174,7081,2025-07-09,2025-09-07,2025-09-07,1683540,1683540,60 j
306175,11218,2025-07-09,2025-07-24,2025-07-21,1551925,1551925,Comptant
306176,19320,2025-07-07,2025-08-06,2025-08-06,1424185,1424185,30 j
306177,13007,2025-07-10,2025-08-09,2025-08-04,1702900,1702900,30 j
306178,15484,2025-07-08,2025-07-23,2025-07-20,390135,390135,Comptant
306179,8095,2025-07-10,2025-07-25,2025-07-24,565605,565605,Comptant
306180,6371,2025-07-08,2025-07-23,,1117410,0,Comptant
306181,6567,2025-07-09,2025-07-24,2025-07-24,1087045,1087045,Comptant
306182,20871,2025-07-09,2025-07-24,2025-07-22,798320,798320,Comptant
306183,19630,2025-07-09,2025-08-08,2025-08-07,870455,870455,30 j
306184,16784,2025-07-09,2025-08-08,2025-08-03,1602395,1602395,30 j
306185,9927,2025-07-09,2025-08-08,2025-08-06,1043700,1043700,30 j
306186,21341,2025-07-09,2025-07-24,,1540755,0,Comptant
306187,6077,2025-07-11,2025-07-26,2025-07-23,1653145,1653145,Comptant
306188,17570,2025-07-10,2025-08-09,2025-08-07,1673020,1673020,30 j
306189,22678,2025-07-10,2025-08-09,2025-08-14,288500,288500,30 j
306190,19802,2025-07-11,2025-07-26,,393610,0,Comptant
306191,8435,2025-07-10,2025-08-09,2025-08-08,1503010,1503010,30 j
306192,767,2025-07-12,2025-07-27,2025-07-25,674550,674550,Comptant
306193,6924,2025-07-12,2025-07-27,,943545,0,Comptant
306194,7979,2025-07-12,2025-09-10,2025-09-10,297040,297040,60 j
306195,13861,2025-07-12,2025-07-27,2025-07-25,1036150,1036150,Comptant
306196,23291,2025-07-11,2025-07-26,2025-07-25,1758725,1758725,Comptant
306197,10845,2025-07-11,2025-07-26,2025-07-31,449895,449895,Comptant
306198,14860,2025-07-12,2025-08-11,2025-08-08,321525,321525,30 j
306199,6252,2025-07-11,2025-07-26,2025-07-21,1510465,1510465,Comptant
306200,13016,2025-07-13,2025-09-11,,975505,0,60 j
306201,3,2025-07-13,2025-08-12,2025-08-11,841785,841785,30 j
306202,10170,2025-07-11,2025-07-26,2025-07-28,226910,226910,Comptant
306203,17935,2025-07-11,2025-07-26,2025-07-26,869555,869555,Comptant
306204,5327,2025-07-14,2025-07-29,2025-07-29,929380,929380,Comptant
306205,2871,2025-07-14,2025-07-29,2025-07-29,905095,905095,Comptant
306206,7623,2025-07-14,2025-07-29,2025-07-24,1459355,1459355,Comptant
306207,8611,2025-07-12,2025-07-27,2025-07-22,1631870,1631870,Comptant
306208,4862,2025-07-13,2025-07-28,2025-07-28,811090,811090,Comptant
306209,16312,2025-07-13,2025-07-28,,1735695,0,Comptant
306210,14695,2025-07-14,2025-08-13,2025-08-12,64965,64965,30 j
306211,16610,2025-07-14,2025-07-29,2025-08-03,1506530,1506530,Comptant
306212,17660,2025-07-14,2025-07-29,2025-08-08,1039415,1039415,Comptant
306213,8969,2025-07-15,2025-08-14,2025-08-13,564920,564920,30 j
306214,12063,2025-07-15,2025-07-30,,945815,0,Comptant
306215,2262,2025-07-14,2025-08-13,2025-08-08,1271320,1271320,30 j
306216,5028,2025-07-13,2025-07-28,2025-07-25,1580410,1580410,Comptant
306217,15114,2025-07-13,2025-07-28,2025-07-27,664420,664420,Comptant
306218,7507,2025-07-16,2025-07-31,,1322900,0,Comptant
306219,22198,2025-07-15,2025-07-30,2025-07-30,1034315,1034315,Comptant
306220,9862,2025-07-15,2025-07-30,2025-07-28,740215,740215,Comptant
306221,16756,2025-07-16,2025-09-14,2025-09-14,745320,745320,60 j
306222,4413,2025-07-15,2025-07-30,2025-07-27,1291360,1291360,Comptant
306223,21517,2025-07-16,2025-08-15,2025-08-10,793615,793615,30 j
306224,3928,2025-07-16,2025-07-31,2025-07-29,1224245,1224245,Comptant
306225,21698,2025-07-16,2025-09-14,2025-09-12,1681875,1681875,60 j
306226,19216,2025-07-17,2025-08-16,2025-08-16,492780,492780,30 j
306227,4149,2025-07-15,2025-08-14,2025-08-09,1119120,1119120,30 j
306228,8441,2025-07-15,2025-08-14,2025-08-14,1491070,1491070,30 j
306229,14301,2025-07-15,2025-08-14,2025-08-12,248380,248380,30 j
306230,4455,2025-07-16,2025-08-15,2025-08-15,1260770,1260770,30 j
306231,23481,2025-07-17,2025-08-16,2025-08-16,724770,724770,30 j
306232,21810,2025-07-16,2025-07-31,2025-08-05,681075,681075,Comptant
306233,9545,2025-07-17,2025-08-16,2025-08-15,1324265,1324265,30 j
306234,17396,2025-07-16,2025-07-31,2025-08-20,425910,425910,Comptant
306235,9473,2025-07-16,2025-08-15,2025-08-10,625405,625405,30 j
306236,16529,2025-07-17,2025-08-01,2025-07-31,1300760,1300760,Comptant
306237,23312,2025-07-17,2025-08-01,2025-08-11,778250,778250,Comptant
306238,16194,2025-07-18,2025-08-02,2025-07-31,157860,157860,Comptant
306239,13148,2025-07-18,2025-08-02,2025-07-31,296515,296515,Comptant
306240,1491,2025-07-18,2025-08-02,2025-07-28,1221690,1221690,Comptant
306241,11983,2025-07-17,2025-09-15,2025-09-15,1759880,1759880,60 j
306242,215,2025-07-17,2025-08-16,2025-08-14,225840,225840,30 j
306243,15629,2025-07-18,2025-09-16,2025-09-13,580400,580400,60 j
306244,12099,2025-07-18,2025-09-16,2025-09-11,958675,958675,60 j
306245,14109,2025-07-19,2025-08-03,2025-08-04,1358090,1358090,Comptant
306246,16895,2025-07-20,2025-08-04,2025-08-04,397435,397435,Comptant
306247,11742,2025-07-20,2025-08-19,,296985,0,30 j
306248,20124,2025-07-18,2025-09-16,2025-09-14,393780,393780,60 j
306249,15114,2025-07-20,2025-08-04,2025-08-03,608790,608790,Comptant
306250,1680,2025-07-20,2025-08-19,2025-08-29,135190,135190,30 j
306251,13675,2025-07-19,2025-08-03,2025-08-02,859495,859495,Comptant
306252,17676,2025-07-21,2025-08-20,2025-08-15,1777615,1777615,30 j
306253,21273,2025-07-21,2025-08-05,2025-08-04,1277155,1277155,Comptant
306254,15779,2025-07-21,2025-08-20,2025-08-20,76885,76885,30 j
306255,16699,2025-07-21,2025-08-20,2025-08-20,206280,206280,30 j
306256,10884,2025-07-19,2025-08-18,,541035,0,30 j
306257,21284,2025-07-20,2025-08-04,,195375,0,Comptant
306258,13283,2025-07-22,2025-08-06,2025-08-01,1428495,1428495,Comptant
306259,13685,2025-07-21,2025-08-05,2025-08-04,1677790,1677790,Comptant
306260,18129,2025-07-20,2025-08-19,2025-08-18,548675,548675,30 j
306261,22571,2025-07-20,2025-08-04,2025-08-03,941110,941110,Comptant
306262,8019,2025-07-22,2025-08-06,2025-08-06,272915,272915,Comptant
306263,23510,2025-07-21,2025-08-05,2025-08-05,1708940,1708940,Comptant
306264,23188,2025-07-21,2025-08-05,2025-07-31,145840,145840,Comptant
306265,2795,2025-07-22,2025-08-06,2025-08-05,1203225,1203225,Comptant
306266,17877,2025-07-21,2025-08-05,2025-08-03,1222465,1222465,Comptant
306267,11830,2025-07-23,2025-08-22,,1250280,0,30 j
306268,23173,2025-07-21,2025-08-05,2025-07-31,951785,951785,Comptant
306269,12252,2025-07-21,2025-08-20,2025-08-17,296545,296545,30 j
306270,20455,2025-07-22,2025-08-06,,155990,0,Comptant
306271,18790,2025-07-22,2025-08-06,2025-08-01,1778970,1778970,Comptant
306272,10928,2025-07-23,2025-08-07,2025-08-05,1133685,1133685,Comptant
306273,544,2025-07-24,2025-08-08,,1401950,0,Comptant
306274,2206,2025-07-23,2025-08-07,2025-08-07,190390,190390,Comptant
306275,17442,2025-07-22,2025-08-06,2025-09-20,1432995,1432995,Comptant
306276,9886,2025-07-24,2025-08-23,2025-08-20,1670300,1670300,30 j
306277,9176,2025-07-22,2025-09-20,,1530550,0,60 j
306278,16129,2025-07-25,2025-08-09,2025-08-04,1288535,1288535,Comptant
306279,14162,2025-07-25,2025-08-24,2025-08-19,724985,724985,30 j
306280,16163,2025-07-25,2025-08-09,2025-08-09,1157120,1157120,Comptant
306281,18464,2025-07-24,2025-09-22,2025-09-17,641010,641010,60 j
306282,16947,2025-07-23,2025-08-22,2025-08-17,343000,343000,30 j
306283,19684,2025-07-24,2025-08-08,,1244205,0,Comptant
306284,20285,2025-07-25,2025-08-24,2025-08-21,182925,182925,30 j
306285,11124,2025-07-24,2025-08-08,2025-08-03,1212770,1212770,Comptant
306286,19374,2025-07-24,2025-09-22,2025-09-21,1507870,1507870,60 j
306287,15212,2025-07-26,2025-08-10,2025-08-05,1232920,1232920,Comptant
306288,17884,2025-07-24,2025-08-23,2025-08-18,932135,932135,30 j
306289,10971,2025-07-25,2025-08-09,2025-08-09,392385,392385,Comptant
306290,10455,2025-07-24,2025-08-23,,1283455,0,30 j
306291,1866,2025-07-25,2025-08-09,2025-08-07,1696110,1696110,Comptant
306292,22509,2025-07-25,2025-08-09,2025-08-09,794145,794145,Comptant
306293,14925,2025-07-26,2025-08-25,2025-08-24,1427330,1427330,30 j
306294,17645,2025-07-25,2025-09-23,2025-09-22,1424200,1424200,60 j
306295,7107,2025-07-25,2025-08-09,2025-08-07,796980,796980,Comptant
306296,1678,2025-07-27,2025-09-25,2025-09-25,1205000,1205000,60 j
306297,11841,2025-07-26,2025-08-25,2025-09-04,974930,974930,30 j
306298,20972,2025-07-27,2025-08-11,2025-08-06,797505,797505,Comptant
306299,2363,2025-07-27,2025-08-11,2025-08-11,156565,156565,Comptant
306300,18185,2025-07-28,2025-09-26,2025-09-26,1150220,1150220,60 j
306301,609,2025-07-26,2025-08-25,2025-08-25,164920,164920,30 j
306302,12845,2025-07-26,2025-08-10,2025-08-05,808560,808560,Comptant
306303,3177,2025-07-27,2025-08-26,2025-08-25,519175,519175,30 j
306304,23798,2025-07-28,2025-08-12,,838940,0,Comptant
306305,2314,2025-07-27,2025-09-25,2025-09-25,852130,852130,60 j
306306,21764,2025-07-29,2025-08-13,,1706595,0,Comptant
306307,5406,2025-07-29,2025-08-28,2025-08-25,862795,862795,30 j
306308,9599,2025-07-27,2025-08-11,,1358410,0,Comptant
306309,22677,2025-07-29,2025-09-27,2025-09-24,781525,781525,60 j
306310,17292,2025-07-29,2025-08-13,2025-08-11,670850,670850,Comptant
306311,4369,2025-07-28,2025-08-12,2025-09-01,711145,711145,Comptant
306312,20815,2025-07-29,2025-08-13,2025-08-11,235145,235145,Comptant
306313,8827,2025-07-30,2025-08-29,2025-09-08,1220735,1220735,30 j
306314,8658,2025-07-30,2025-08-14,2025-08-12,180300,180300,Comptant
306315,13545,2025-07-28,2025-08-12,2025-08-07,1272720,1272720,Comptant
306316,7159,2025-07-28,2025-08-12,2025-08-09,231670,231670,Comptant
306317,21756,2025-07-29,2025-08-28,2025-08-28,788780,788780,30 j
306318,9236,2025-07-28,2025-08-12,2025-08-11,99850,99850,Comptant
306319,6039,2025-07-31,2025-08-30,2025-08-25,210105,210105,30 j
306320,17755,2025-07-31,2025-08-15,2025-08-13,827320,827320,Comptant
306321,9890,2025-07-29,2025-09-27,,854615,0,60 j
306322,19423,2025-07-30,2025-08-14,2025-08-13,750805,750805,Comptant
306323,5793,2025-07-31,2025-08-15,2025-08-25,1276875,1276875,Comptant
306324,6585,2025-07-30,2025-08-14,2025-08-09,313940,313940,Comptant
306325,17118,2025-07-30,2025-08-29,2025-08-26,710545,710545,30 j
306326,22183,2025-08-01,2025-08-31,2025-09-02,979950,979950,30 j
306327,9197,2025-08-01,2025-09-30,2025-09-28,222020,222020,60 j
306328,8426,2025-07-30,2025-08-14,2025-08-13,636640,636640,Comptant
306329,1041,2025-07-31,2025-08-15,2025-08-14,1206285,1206285,Comptant
306330,9442,2025-07-31,2025-08-30,2025-08-25,966890,966890,30 j
306331,7979,2025-07-31,2025-09-29,2025-09-26,1722990,1722990,60 j
306332,8087,2025-08-02,2025-08-17,2025-08-16,457420,457420,Comptant
306333,21212,2025-07-31,2025-08-30,2025-08-27,681645,681645,30 j
306334,6328,2025-08-02,2025-09-01,2025-08-27,91145,91145,30 j
306335,18838,2025-08-02,2025-09-01,2025-08-29,756195,756195,30 j
306336,9598,2025-08-02,2025-08-17,,1047780,0,Comptant
306337,16261,2025-08-01,2025-08-16,2025-09-05,1608515,1608515,Comptant
306338,20398,2025-08-01,2025-08-16,2025-08-13,251800,251800,Comptant
306339,5106,2025-08-02,2025-08-17,2025-08-12,1525205,1525205,Comptant
306340,1620,2025-08-03,2025-09-02,2025-08-28,435615,435615,30 j
306341,15623,2025-08-01,2025-08-16,2025-08-26,535805,535805,Comptant
306342,15128,2025-08-02,2025-08-17,2025-08-12,1382080,1382080,Comptant
306343,14586,2025-08-02,2025-10-01,2025-09-28,1281515,1281515,60 j
306344,665,2025-08-03,2025-09-02,2025-08-28,674065,674065,30 j
306345,9287,2025-08-02,2025-08-17,2025-08-12,851420,851420,Comptant
306346,14719,2025-08-04,2025-08-19,2025-08-18,331130,331130,Comptant
306347,1211,2025-08-03,2025-09-02,2025-08-28,802925,802925,30 j
306348,17131,2025-08-03,2025-09-02,2025-08-30,515360,515360,30 j
306349,18579,2025-08-04,2025-09-03,2025-09-03,1077830,1077830,30 j
306350,7323,2025-08-02,2025-08-17,2025-08-14,157185,157185,Comptant
306351,14655,2025-08-03,2025-10-02,,1354035,0,60 j
306352,21515,2025-08-03,2025-08-18,2025-08-17,1575230,1575230,Comptant
306353,22015,2025-08-04,2025-09-03,2025-09-01,761700,761700,30 j
306354,19474,2025-08-04,2025-10-03,2025-10-01,1363560,1363560,60 j
306355,19007,2025-08-05,2025-09-04,2025-09-02,1759380,1759380,30 j
306356,10629,2025-08-05,2025-08-20,2025-08-18,1419820,1419820,Comptant
306357,2571,2025-08-05,2025-08-20,2025-08-17,67315,67315,Comptant
306358,6586,2025-08-03,2025-09-02,2025-08-28,1697990,1697990,30 j
306359,9267,2025-08-05,2025-08-20,2025-08-18,514355,514355,Comptant
306360,17670,2025-08-04,2025-08-19,2025-08-17,1727015,1727015,Comptant
306361,18972,2025-08-05,2025-08-20,2025-08-17,268170,268170,Comptant
306362,9414,2025-08-06,2025-10-05,2025-09-30,604985,604985,60 j
306363,11300,2025-08-05,2025-08-20,2025-08-30,784040,784040,Comptant
306364,19733,2025-08-04,2025-09-03,2025-09-01,691335,691335,30 j
306365,10887,2025-08-05,2025-08-20,,649385,0,Comptant
306366,274,2025-08-06,2025-10-05,2025-09-30,838455,838455,60 j
306367,23522,2025-08-06,2025-09-05,2025-09-04,897490,897490,30 j
306368,2758,2025-08-06,2025-08-21,2025-08-16,119625,119625,Comptant
306369,3973,2025-08-05,2025-10-04,2025-10-04,1067510,1067510,60 j
306370,9970,2025-08-07,2025-09-06,,489980,0,30 j
306371,16256,2025-08-07,2025-10-06,2025-10-01,156595,156595,60 j
306372,10132,2025-08-08,2025-08-23,2025-08-18,262255,262255,Comptant
306373,17841,2025-08-08,2025-09-07,2025-09-07,1693175,1693175,30 j
306374,1742,2025-08-07,2025-08-22,2025-08-24,691130,691130,Comptant
306375,20005,2025-08-07,2025-08-22,2025-09-01,573650,573650,Comptant
306376,16162,2025-08-06,2025-10-05,2025-10-15,151415,151415,60 j
306377,8927,2025-08-08,2025-09-07,,632600,0,30 j
306378,21845,2025-08-07,2025-08-22,2025-08-20,1312065,1312065,Comptant
306379,922,2025-08-08,2025-08-23,2025-08-22,1428385,1428385,Comptant
306380,17867,2025-08-07,2025-09-06,2025-09-05,855455,855455,30 j
306381,21920,2025-08-08,2025-08-23,,1664240,0,Comptant
306382,9799,2025-08-08,2025-08-23,2025-08-23,1353700,1353700,Comptant
306383,8569,2025-08-08,2025-10-07,2025-10-07,1535395,1535395,60 j
306384,16754,2025-08-09,2025-10-08,,762325,0,60 j
306385,10412,2025-08-08,2025-10-07,2025-10-07,1167985,1167985,60 j
306386,17372,2025-08-08,2025-08-23,2025-08-23,1698285,1698285,Comptant
306387,858,2025-08-10,2025-08-25,2025-08-24,1051885,1051885,Comptant
306388,13956,2025-08-10,2025-09-09,2025-09-09,447570,447570,30 j
306389,6710,2025-08-08,2025-08-23,,350945,0,Comptant
306390,5565,2025-08-09,2025-08-24,2025-08-21,646620,646620,Comptant
306391,17193,2025-08-10,2025-08-25,2025-08-22,1518490,1518490,Comptant
306392,5982,2025-08-08,2025-08-23,2025-08-23,440270,440270,Comptant
306393,2644,2025-08-11,2025-08-26,2025-08-26,471755,471755,Comptant
306394,18071,2025-08-11,2025-08-26,2025-08-21,1146485,1146485,Comptant
306395,3875,2025-08-09,2025-09-08,2025-09-05,108785,108785,30 j
306396,7051,2025-08-11,2025-09-10,2025-09-08,93500,93500,30 j
306397,1178,2025-08-10,2025-09-09,2025-09-04,1740500,1740500,30 j
306398,13371,2025-08-11,2025-10-10,2025-10-30,234935,234935,60 j
306399,12190,2025-08-11,2025-10-10,,528135,0,60 j
306400,23702,2025-08-12,2025-08-27,2025-08-27,1635280,1635280,Comptant
306401,13493,2025-08-11,2025-08-26,2025-08-23,192430,192430,Comptant
306402,18741,2025-08-10,2025-08-25,2025-08-20,740685,740685,Comptant
306403,3595,2025-08-10,2025-08-25,2025-08-26,1779785,1779785,Comptant
306404,22858,2025-08-12,2025-09-11,2025-09-08,1078870,1078870,30 j
306405,19248,2025-08-10,2025-08-25,2025-08-23,75045,75045,Comptant
306406,12314,2025-08-11,2025-10-10,2025-10-08,1073570,1073570,60 j
306407,14497,2025-08-13,2025-08-28,2025-08-26,1202740,1202740,Comptant
306408,8307,2025-08-11,2025-08-26,2025-08-21,1546305,1546305,Comptant
306409,28,2025-08-13,2025-08-28,2025-08-29,948485,948485,Comptant
306410,10580,2025-08-11,2025-08-26,2025-08-21,1424050,1424050,Comptant
306411,17775,2025-08-12,2025-09-11,2025-09-08,313375,313375,30 j
306412,10814,2025-08-13,2025-08-28,2025-08-27,1437555,1437555,Comptant
306413,18388,2025-08-13,2025-09-12,2025-09-12,715945,715945,30 j
306414,2594,2025-08-13,2025-08-28,2025-08-28,1545955,1545955,Comptant
306415,18449,2025-08-12,2025-08-27,,1002680,0,Comptant
306416,19101,2025-08-13,2025-08-28,2025-08-27,366110,366110,Comptant
306417,12151,2025-08-13,2025-08-28,2025-08-25,639360,639360,Comptant
306418,13255,2025-08-14,2025-09-13,2025-09-10,1664790,1664790,30 j
306419,7534,2025-08-15,2025-08-30,2025-10-14,1502360,1502360,Comptant
306420,8676,2025-08-15,2025-08-30,2025-09-04,519865,519865,Comptant
306421,21043,2025-08-13,2025-09-12,2025-09-10,841300,841300,30 j
306422,15580,2025-08-13,2025-08-28,2025-08-26,1316415,1316415,Comptant
306423,7897,2025-08-15,2025-08-30,,559255,0,Comptant
306424,11097,2025-08-14,2025-10-13,2025-10-12,1095425,1095425,60 j
306425,6507,2025-08-14,2025-08-29,,176545,0,Comptant
306426,7160,2025-08-14,2025-10-13,2025-10-23,193030,193030,60 j
306427,6664,2025-08-14,2025-08-29,2025-08-24,553440,553440,Comptant
306428,18091,2025-08-14,2025-10-13,2025-10-10,715110,715110,60 j
306429,5430,2025-08-15,2025-08-30,2025-08-27,665590,665590,Comptant
306430,16714,2025-08-15,2025-08-30,2025-08-25,1473305,1473305,Comptant
306431,17736,2025-08-15,2025-09-14,2025-10-29,198465,198465,30 j
306432,23042,2025-08-15,2025-08-30,2025-08-25,1061280,1061280,Comptant
306433,4902,2025-08-16,2025-08-31,2025-08-26,1524490,1524490,Comptant
306434,8557,2025-08-17,2025-09-01,2025-09-01,473670,473670,Comptant
306435,10508,2025-08-15,2025-09-14,2025-09-13,945155,945155,30 j
306436,23583,2025-08-15,2025-10-14,2025-10-13,1292240,1292240,60 j
306437,5935,2025-08-16,2025-08-31,2025-08-31,597135,597135,Comptant
306438,10146,2025-08-17,2025-09-01,2025-08-30,232860,232860,Comptant
306439,12030,2025-08-15,2025-09-14,2025-09-09,854640,854640,30 j
306440,14203,2025-08-18,2025-09-02,,834155,0,Comptant
306441,3856,2025-08-18,2025-10-17,2025-10-17,832645,832645,60 j
306442,22957,2025-08-16,2025-10-15,2025-10-15,179925,179925,60 j
306443,16709,2025-08-18,2025-09-02,2025-08-31,968240,968240,Comptant
306444,8115,2025-08-16,2025-08-31,2025-09-02,1707770,1707770,Comptant
306445,20515,2025-08-18,2025-09-17,2025-09-12,780675,780675,30 j
306446,19721,2025-08-17,2025-09-16,2025-09-15,1668665,1668665,30 j
306447,751,2025-08-18,2025-09-02,2025-09-02,1771180,1771180,Comptant
306448,18157,2025-08-17,2025-09-01,,579945,0,Comptant
306449,1330,2025-08-18,2025-09-02,2025-08-30,1451290,1451290,Comptant
306450,11193,2025-08-19,2025-10-18,2025-10-15,545860,545860,60 j
306451,9007,2025-08-17,2025-09-01,2025-08-29,771210,771210,Comptant
306452,15365,2025-08-19,2025-09-18,2025-09-17,1005730,1005730,30 j
306453,5661,2025-08-20,2025-09-04,2025-09-04,839870,839870,Comptant
306454,18390,2025-08-20,2025-09-04,2025-08-30,419860,419860,Comptant
306455,21155,2025-08-19,2025-09-03,2025-09-02,1357905,1357905,Comptant
306456,22441,2025-08-18,2025-10-17,,510850,0,60 j
306457,20085,2025-08-18,2025-09-02,2025-09-12,880620,880620,Comptant
306458,9882,2025-08-18,2025-09-02,2025-09-02,1355495,1355495,Comptant
306459,12442,2025-08-19,2025-09-18,,232375,0,30 j
306460,17837,2025-08-20,2025-10-19,2025-10-17,1261570,1261570,60 j
306461,8245,2025-08-21,2025-09-05,2025-09-03,817465,817465,Comptant
306462,11280,2025-08-20,2025-09-04,2025-09-09,1327890,1327890,Comptant
306463,4223,2025-08-21,2025-09-20,2025-09-18,1188010,1188010,30 j
306464,7787,2025-08-21,2025-10-20,2025-10-19,95035,95035,60 j
306465,5382,2025-08-21,2025-10-20,2025-10-30,110090,110090,60 j
306466,3946,2025-08-19,2025-10-18,2025-12-02,856965,856965,60 j
306467,1960,2025-08-22,2025-09-06,2025-09-06,1472665,1472665,Comptant
306468,13700,2025-08-21,2025-09-05,2025-09-04,115425,115425,Comptant
306469,14189,2025-08-22,2025-09-21,2025-09-19,1235310,1235310,30 j
306470,4794,2025-08-20,2025-09-04,2025-09-04,306945,306945,Comptant
306471,12209,2025-08-20,2025-09-04,2025-09-01,860255,860255,Comptant
306472,18814,2025-08-20,2025-09-19,2025-09-18,782695,782695,30 j
306473,1680,2025-08-23,2025-09-22,,60375,0,30 j
306474,1123,2025-08-21,2025-09-05,2025-09-04,367400,367400,Comptant
306475,23053,2025-08-23,2025-09-07,2025-09-02,1227655,1227655,Comptant
306476,19139,2025-08-21,2025-09-05,,654510,0,Comptant
306477,18133,2025-08-22,2025-09-06,2025-09-03,1402995,1402995,Comptant
306478,6337,2025-08-21,2025-09-05,,265490,0,Comptant
306479,3595,2025-08-21,2025-09-05,2025-09-05,1218090,1218090,Comptant
306480,19217,2025-08-23,2025-09-22,2025-09-20,857710,857710,30 j
306481,4331,2025-08-23,2025-09-07,2025-09-06,676395,676395,Comptant
306482,17380,2025-08-22,2025-09-21,2025-09-23,686625,686625,30 j
306483,18508,2025-08-22,2025-09-06,2025-09-03,1425395,1425395,Comptant
306484,1301,2025-08-23,2025-09-07,2025-09-04,231245,231245,Comptant
306485,18786,2025-08-24,2025-09-08,2025-09-07,569445,569445,Comptant
306486,7016,2025-08-22,2025-09-06,,1303350,0,Comptant
306487,12949,2025-08-25,2025-09-24,2025-09-22,1742980,1742980,30 j
306488,10264,2025-08-23,2025-09-22,2025-09-24,615575,615575,30 j
306489,23177,2025-08-23,2025-09-07,2025-09-06,358165,358165,Comptant
306490,16078,2025-08-25,2025-09-09,2025-09-09,1090940,1090940,Comptant
306491,4680,2025-08-23,2025-09-07,2025-09-02,239830,239830,Comptant
306492,17367,2025-08-24,2025-09-08,2025-09-28,230205,230205,Comptant
306493,5148,2025-08-24,2025-09-08,2025-09-07,330965,330965,Comptant
306494,21574,2025-08-26,2025-09-25,2025-09-25,572475,572475,30 j
306495,15847,2025-08-24,2025-09-23,2025-09-21,1542425,1542425,30 j
306496,3191,2025-08-25,2025-09-09,2025-09-08,1314260,1314260,Comptant
306497,15516,2025-08-25,2025-09-09,,410060,0,Comptant
306498,2138,2025-08-26,2025-09-10,2025-09-09,442570,442570,Comptant
306499,13952,2025-08-25,2025-09-24,,399855,0,30 j
306500,20450,2025-08-27,2025-09-26,2025-09-21,658735,658735,30 j
306501,766,2025-08-26,2025-09-10,2025-09-30,586030,586030,Comptant
306502,22289,2025-08-25,2025-09-09,2025-09-19,1465690,1465690,Comptant
306503,4366,2025-08-25,2025-09-09,2025-09-19,464905,464905,Comptant
306504,8027,2025-08-25,2025-09-09,2025-09-08,1387950,1387950,Comptant
306505,22465,2025-08-27,2025-10-26,2025-10-26,1640270,1640270,60 j
306506,22868,2025-08-27,2025-09-11,2025-09-08,540750,540750,Comptant
306507,3872,2025-08-27,2025-09-11,2025-09-06,934395,934395,Comptant
306508,16105,2025-08-27,2025-09-11,,1020470,0,Comptant
306509,3653,2025-08-26,2025-09-10,,1422785,0,Comptant
306510,1188,2025-08-27,2025-09-11,2025-09-10,383440,383440,Comptant
306511,21160,2025-08-28,2025-09-12,,71320,0,Comptant
306512,890,2025-08-28,2025-09-12,,1280155,0,Comptant
306513,16479,2025-08-27,2025-09-11,2025-09-13,1181170,1181170,Comptant
306514,12137,2025-08-29,2025-09-28,2025-09-26,114780,114780,30 j
306515,11771,2025-08-27,2025-10-26,2025-10-26,268955,268955,60 j
306516,6291,2025-08-29,2025-09-13,2025-09-11,331135,331135,Comptant
306517,10696,2025-08-29,2025-09-13,2025-09-10,859810,859810,Comptant
306518,6806,2025-08-29,2025-10-28,,608515,0,60 j
306519,6657,2025-08-28,2025-09-27,2025-10-02,346065,346065,30 j
306520,16145,2025-08-29,2025-09-13,2025-09-10,1106765,1106765,Comptant
306521,7026,2025-08-30,2025-09-29,,763940,0,30 j
306522,5599,2025-08-30,2025-09-14,2025-10-29,1394840,1394840,Comptant
306523,22640,2025-08-29,2025-09-28,2025-09-23,1484705,1484705,30 j
306524,10646,2025-08-29,2025-09-28,2025-09-28,211270,211270,30 j
306525,23662,2025-08-29,2025-09-13,2025-09-10,1318715,1318715,Comptant
306526,10643,2025-08-30,2025-09-29,2025-09-28,1417490,1417490,30 j
306527,12676,2025-08-29,2025-09-13,2025-09-12,1151810,1151810,Comptant
306528,7955,2025-08-29,2025-09-13,,1788680,0,Comptant
306529,10330,2025-08-29,2025-09-13,2025-09-18,86875,86875,Comptant
306530,5685,2025-08-29,2025-09-13,2025-10-28,625100,625100,Comptant
306531,5782,2025-08-29,2025-09-28,2025-09-25,336215,336215,30 j
306532,19363,2025-08-29,2025-09-28,2025-09-27,72230,72230,30 j
306533,7793,2025-08-31,2025-09-15,2025-09-14,1511340,1511340,Comptant
306534,4914,2025-08-31,2025-10-30,2025-10-28,1301040,1301040,60 j
306535,5266,2025-09-01,2025-10-01,,96770,0,30 j
306536,16311,2025-08-31,2025-09-15,2025-09-13,840185,840185,Comptant
306537,2300,2025-08-31,2025-09-15,2025-09-15,304530,304530,Comptant
306538,20815,2025-09-01,2025-09-16,2025-09-16,918790,918790,Comptant
306539,5706,2025-09-01,2025-09-16,2025-09-18,1142780,1142780,Comptant
306540,18183,2025-09-01,2025-09-16,2025-09-11,1013700,1013700,Comptant
306541,9010,2025-09-02,2025-11-01,2025-10-29,1598820,1598820,60 j
306542,4120,2025-09-01,2025-09-16,2025-09-15,1737045,1737045,Comptant
306543,1026,2025-08-31,2025-09-15,2025-09-12,1626375,1626375,Comptant
306544,10660,2025-09-01,2025-09-16,2025-09-14,1660250,1660250,Comptant
306545,10736,2025-08-31,2025-09-30,2025-09-25,1149780,1149780,30 j
306546,19924,2025-09-02,2025-09-17,2025-09-15,237820,237820,Comptant
306547,10132,2025-09-02,2025-09-17,2025-09-16,898510,898510,Comptant
306548,15693,2025-09-03,2025-09-18,2025-09-16,631975,631975,Comptant
306549,875,2025-09-02,2025-09-17,2025-09-15,1667955,1667955,Comptant
306550,21651,2025-09-03,2025-09-18,2025-09-16,848455,848455,Comptant
306551,4310,2025-09-01,2025-10-01,2025-09-28,1536040,1536040,30 j
306552,467,2025-09-01,2025-10-01,2025-09-30,199235,199235,30 j
306553,6729,2025-09-03,2025-09-18,2025-09-17,456310,456310,Comptant
306554,22796,2025-09-04,2025-09-19,2025-09-18,125995,125995,Comptant
306555,10837,2025-09-03,2025-09-18,2025-09-17,1211525,1211525,Comptant
306556,5468,2025-09-04,2025-10-04,2025-09-29,370560,370560,30 j
306557,7162,2025-09-04,2025-09-19,,1210050,0,Comptant
306558,22403,2025-09-04,2025-09-19,2025-09-14,698480,698480,Comptant
306559,14104,2025-09-02,2025-09-17,2025-09-14,660165,660165,Comptant
306560,5276,2025-09-02,2025-10-02,2025-10-02,1556950,1556950,30 j
306561,22325,2025-09-03,2025-11-02,2025-10-28,1339185,1339185,60 j
306562,19968,2025-09-03,2025-11-02,2025-10-28,1627210,1627210,60 j
306563,7719,2025-09-05,2025-10-05,2025-10-05,255430,255430,30 j
306564,17884,2025-09-03,2025-10-03,2025-10-02,792800,792800,30 j
306565,22207,2025-09-05,2025-09-20,2025-09-20,637535,637535,Comptant
306566,248,2025-09-05,2025-09-20,2025-09-21,859320,859320,Comptant
306567,4683,2025-09-04,2025-10-04,2025-09-29,1798065,1798065,30 j
306568,11165,2025-09-06,2025-10-06,2025-10-06,539035,539035,30 j
306569,2972,2025-09-06,2025-09-21,2025-09-18,1642430,1642430,Comptant
306570,15789,2025-09-05,2025-11-04,2025-11-04,1663080,1663080,60 j
306571,80,2025-09-06,2025-09-21,2025-10-01,1537690,1537690,Comptant
306572,7961,2025-09-06,2025-10-06,2025-10-04,680985,680985,30 j
306573,2643,2025-09-05,2025-10-05,2025-10-05,716690,716690,30 j
306574,5232,2025-09-06,2025-09-21,,274820,0,Comptant
306575,15664,2025-09-05,2025-11-04,2025-11-01,1595685,1595685,60 j
306576,3275,2025-09-07,2025-10-07,,385410,0,30 j
306577,22733,2025-09-06,2025-10-06,,771280,0,30 j
306578,16598,2025-09-05,2025-09-20,2025-09-19,1171165,1171165,Comptant
306579,10266,2025-09-07,2025-09-22,2025-09-22,794905,794905,Comptant
306580,21115,2025-09-05,2025-09-20,,106590,0,Comptant
306581,16832,2025-09-06,2025-09-21,2025-09-16,1037750,1037750,Comptant
306582,19297,2025-09-06,2025-09-21,2025-09-18,477550,477550,Comptant
306583,1051,2025-09-07,2025-09-22,2025-09-22,96795,96795,Comptant
306584,19696,2025-09-07,2025-10-07,2025-10-02,1171145,1171145,30 j
306585,22572,2025-09-06,2025-09-21,2025-09-20,1692485,1692485,Comptant
306586,12386,2025-09-08,2025-09-23,2025-09-20,1470885,1470885,Comptant
306587,7823,2025-09-06,2025-09-21,2025-09-23,690220,690220,Comptant
306588,13389,2025-09-08,2025-09-23,2025-09-21,1359820,1359820,Comptant
306589,5608,2025-09-07,2025-10-07,2025-10-06,1134750,1134750,30 j
306590,22762,2025-09-07,2025-09-22,2025-09-21,720975,720975,Comptant
306591,14451,2025-09-07,2025-09-22,,251145,0,Comptant
306592,17224,2025-09-09,2025-10-09,2025-10-04,710670,710670,30 j
306593,7938,2025-09-08,2025-09-23,2025-09-21,1429415,1429415,Comptant
306594,21332,2025-09-08,2025-09-23,,853895,0,Comptant
306595,3267,2025-09-08,2025-10-08,2025-10-06,878505,878505,30 j
306596,5434,2025-09-10,2025-09-25,2025-09-23,539990,539990,Comptant
306597,13161,2025-09-10,2025-10-10,2025-10-10,429115,429115,30 j
306598,4978,2025-09-08,2025-10-08,,1266725,0,30 j
306599,6112,2025-09-09,2025-10-09,2025-10-09,1018395,1018395,30 j
306600,2554,2025-09-10,2025-09-25,2025-09-20,653225,653225,Comptant
306601,16023,2025-09-10,2025-09-25,2025-09-22,277960,277960,Comptant
306602,18748,2025-09-11,2025-10-11,,1032530,0,30 j
306603,18998,2025-09-09,2025-09-24,2025-09-23,1452020,1452020,Comptant
306604,98,2025-09-11,2025-09-26,2025-09-26,1762105,1762105,Comptant
306605,18674,2025-09-10,2025-11-09,2025-11-04,1600390,1600390,60 j
306606,9276,2025-09-11,2025-10-11,2025-10-06,802645,802645,30 j
306607,7273,2025-09-10,2025-09-25,2025-09-25,1699255,1699255,Comptant
306608,16706,2025-09-12,2025-09-27,2025-09-26,649685,649685,Comptant
306609,13773,2025-09-10,2025-10-10,2025-10-11,793305,793305,30 j
306610,20943,2025-09-11,2025-09-26,2025-09-26,513675,513675,Comptant
306611,5395,2025-09-12,2025-09-27,2025-09-22,376355,376355,Comptant
306612,20099,2025-09-10,2025-11-09,2025-11-04,813140,813140,60 j
306613,7762,2025-09-12,2025-09-27,2025-09-26,387090,387090,Comptant
306614,8607,2025-09-11,2025-09-26,2025-09-24,458130,458130,Comptant
306615,22223,2025-09-13,2025-09-28,2025-09-26,648345,648345,Comptant
306616,2734,2025-09-13,2025-10-13,,1530295,0,30 j
306617,21576,2025-09-13,2025-10-13,2025-10-08,466685,466685,30 j
306618,17465,2025-09-13,2025-09-28,2025-09-28,1139960,1139960,Comptant
306619,23329,2025-09-11,2025-09-26,2025-09-27,1338000,1338000,Comptant
306620,5322,2025-09-13,2025-10-13,2025-10-10,1366250,1366250,30 j
306621,4876,2025-09-13,2025-10-13,2025-10-11,301345,301345,30 j
306622,14412,2025-09-13,2025-09-28,,1105505,0,Comptant
306623,17970,2025-09-13,2025-09-28,,1093750,0,Comptant
306624,10153,2025-09-12,2025-09-27,,743650,0,Comptant
306625,11263,2025-09-13,2025-10-13,,1143645,0,30 j
306626,10851,2025-09-12,2025-09-27,2025-09-26,1528690,1528690,Comptant
306627,23298,2025-09-13,2025-09-28,2025-09-28,1578135,1578135,Comptant
306628,7389,2025-09-14,2025-09-29,2025-11-13,1156500,1156500,Comptant
306629,23831,2025-09-13,2025-09-28,2025-09-25,192070,192070,Comptant
306630,5244,2025-09-13,2025-10-13,2025-10-12,178715,178715,30 j
306631,15066,2025-09-14,2025-10-14,,1565620,0,30 j
306632,21151,2025-09-15,2025-10-15,2025-10-10,662305,662305,30 j
306633,20754,2025-09-14,2025-11-13,,648100,0,60 j
306634,8268,2025-09-14,2025-09-29,2025-09-26,1234190,1234190,Comptant
306635,12877,2025-09-15,2025-09-30,2025-09-29,1153775,1153775,Comptant
306636,3625,2025-09-14,2025-09-29,2025-09-29,1299975,1299975,Comptant
306637,18382,2025-09-15,2025-10-15,2025-10-12,135795,135795,30 j
306638,20556,2025-09-15,2025-09-30,2025-09-25,223610,223610,Comptant
306639,22494,2025-09-15,2025-09-30,2025-09-28,330380,330380,Comptant
306640,9053,2025-09-15,2025-09-30,2025-09-28,1031085,1031085,Comptant
306641,7445,2025-09-15,2025-09-30,2025-09-28,586005,586005,Comptant
306642,8378,2025-09-15,2025-09-30,2025-09-30,1050090,1050090,Comptant
306643,16367,2025-09-17,2025-10-17,2025-10-15,937965,937965,30 j
306644,12195,2025-09-15,2025-09-30,2025-09-27,261915,261915,Comptant
306645,16560,2025-09-16,2025-10-01,2025-09-26,1364020,1364020,Comptant
306646,16258,2025-09-17,2025-10-02,2025-10-07,1589090,1589090,Comptant
306647,3923,2025-09-16,2025-11-15,2025-11-13,115360,115360,60 j
306648,2620,2025-09-17,2025-10-02,2025-10-02,415225,415225,Comptant
306649,16685,2025-09-16,2025-10-01,,1524005,0,Comptant
306650,23555,2025-09-16,2025-10-16,2025-10-11,1266025,1266025,30 j
306651,9796,2025-09-17,2025-10-02,2025-10-02,1196315,1196315,Comptant
306652,7422,2025-09-16,2025-10-16,2025-10-26,1259145,1259145,30 j
306653,12673,2025-09-17,2025-10-02,2025-09-29,1170840,1170840,Comptant
306654,6422,2025-09-18,2025-10-03,2025-10-03,661615,661615,Comptant
306655,18492,2025-09-17,2025-10-02,2025-09-30,1145580,1145580,Comptant
306656,4974,2025-09-18,2025-10-03,2025-10-02,1372590,1372590,Comptant
306657,4507,2025-09-19,2025-10-04,2025-10-01,743675,743675,Comptant
306658,7770,2025-09-19,2025-10-19,2025-10-14,464045,464045,30 j
306659,4358,2025-09-19,2025-10-04,2025-09-29,152185,152185,Comptant
306660,20259,2025-09-17,2025-10-17,2025-10-14,226865,226865,30 j
306661,15912,2025-09-18,2025-10-18,2025-10-13,1157270,1157270,30 j
306662,12483,2025-09-20,2025-10-05,,1746340,0,Comptant
306663,21773,2025-09-18,2025-10-18,2025-10-17,943805,943805,30 j
306664,12721,2025-09-20,2025-10-05,2025-10-02,892590,892590,Comptant
306665,21033,2025-09-18,2025-11-17,2025-11-15,393540,393540,60 j
306666,9490,2025-09-18,2025-10-03,2025-10-01,1068400,1068400,Comptant
306667,20501,2025-09-20,2025-10-05,2025-09-30,1785255,1785255,Comptant
306668,15067,2025-09-21,2025-10-21,2025-10-22,1555295,1555295,30 j
306669,14644,2025-09-21,2025-10-21,2025-10-21,1660585,1660585,30 j
306670,12093,2025-09-19,2025-10-04,2025-10-04,163920,163920,Comptant
306671,644,2025-09-21,2025-10-06,2025-10-04,1502500,1502500,Comptant
306672,15155,2025-09-19,2025-10-19,2025-10-19,661335,661335,30 j
306673,16175,2025-09-20,2025-10-20,2025-10-19,1239435,1239435,30 j
306674,672,2025-09-20,2025-10-05,2025-10-05,497795,497795,Comptant
306675,19931,2025-09-20,2025-10-20,,1430065,0,30 j
306676,16053,2025-09-20,2025-10-05,2025-10-03,72015,72015,Comptant
306677,1520,2025-09-21,2025-10-06,2025-10-04,162925,162925,Comptant
306678,5380,2025-09-20,2025-10-05,2025-10-02,1409930,1409930,Comptant
306679,15538,2025-09-21,2025-10-06,2025-10-01,1358795,1358795,Comptant
306680,5449,2025-09-21,2025-10-21,,645055,0,30 j
306681,2784,2025-09-21,2025-10-06,2025-10-01,1740415,1740415,Comptant
306682,23148,2025-09-21,2025-10-06,2025-10-05,1137105,1137105,Comptant
306683,19618,2025-09-21,2025-10-06,2025-10-03,1779285,1779285,Comptant
306684,8008,2025-09-21,2025-11-20,2025-11-20,196140,196140,60 j
306685,13279,2025-09-23,2025-10-08,2025-10-08,1578390,1578390,Comptant
306686,10956,2025-09-23,2025-10-08,,1063965,0,Comptant
306687,5499,2025-09-21,2025-10-21,2025-10-21,988745,988745,30 j
306688,207,2025-09-24,2025-10-24,2025-12-08,209900,209900,30 j
306689,8278,2025-09-23,2025-10-08,2025-10-06,456595,456595,Comptant
306690,4386,2025-09-24,2025-10-24,2025-10-23,1659545,1659545,30 j
306691,13243,2025-09-24,2025-10-09,2025-10-08,665975,665975,Comptant
306692,19917,2025-09-24,2025-10-24,2025-10-24,1221160,1221160,30 j
306693,1095,2025-09-22,2025-10-07,,298435,0,Comptant
306694,4919,2025-09-24,2025-10-24,2025-10-23,1461715,1461715,30 j
306695,16195,2025-09-24,2025-10-24,,1069000,0,30 j
306696,18323,2025-09-24,2025-10-24,2025-10-23,1675010,1675010,30 j
306697,14015,2025-09-23,2025-10-08,,825115,0,Comptant
306698,18782,2025-09-25,2025-11-24,2025-11-19,571385,571385,60 j
306699,19317,2025-09-25,2025-10-25,2025-11-14,123180,123180,30 j
306700,19650,2025-09-24,2025-10-09,2025-11-23,508120,508120,Comptant
306701,969,2025-09-25,2025-10-10,2025-10-08,747670,747670,Comptant
306702,9419,2025-09-25,2025-10-10,,819485,0,Comptant
306703,17605,2025-09-25,2025-10-25,2025-10-22,217930,217930,30 j
306704,22535,2025-09-25,2025-10-10,2025-10-10,997670,997670,Comptant
306705,16501,2025-09-24,2025-10-09,,165930,0,Comptant
306706,351,2025-09-25,2025-10-25,2025-10-25,841825,841825,30 j
306707,4294,2025-09-25,2025-10-10,2025-10-05,1064810,1064810,Comptant
306708,2190,2025-09-27,2025-10-12,2025-10-11,182130,182130,Comptant
306709,2,2025-09-27,2025-10-12,2025-10-12,1663460,1663460,Comptant
306710,9009,2025-09-26,2025-10-11,2025-10-06,1308295,1308295,Comptant
306711,9754,2025-09-25,2025-10-10,2025-10-09,1364255,1364255,Comptant
306712,1285,2025-09-25,2025-10-25,,888540,0,30 j
306713,18880,2025-09-27,2025-10-12,,1118020,0,Comptant
306714,7900,2025-09-25,2025-10-10,2025-10-10,1622460,1622460,Comptant
306715,5577,2025-09-27,2025-10-27,,840810,0,30 j
306716,3397,2025-09-28,2025-10-28,2025-10-28,1618185,1618185,30 j
306717,13245,2025-09-27,2025-10-12,2025-10-22,697980,697980,Comptant
306718,3885,2025-09-28,2025-10-13,2025-10-13,373105,373105,Comptant
306719,18485,2025-09-28,2025-10-13,2025-10-10,134285,134285,Comptant
306720,10422,2025-09-28,2025-10-13,2025-10-08,1135690,1135690,Comptant
306721,7975,2025-09-27,2025-10-12,2025-10-07,108475,108475,Comptant
306722,19969,2025-09-27,2025-10-12,2025-10-12,1010605,1010605,Comptant
306723,22866,2025-09-27,2025-10-12,2025-10-11,339380,339380,Comptant
306724,20725,2025-09-28,2025-10-13,,1121330,0,Comptant
306725,749,2025-09-29,2025-10-29,2025-10-29,896950,896950,30 j
306726,12218,2025-09-29,2025-10-14,2025-10-14,1203455,1203455,Comptant
306727,18387,2025-09-28,2025-10-13,2025-10-23,1030405,1030405,Comptant
306728,12860,2025-09-27,2025-10-27,2025-10-24,141910,141910,30 j
306729,10684,2025-09-30,2025-11-29,,1273435,0,60 j
306730,1064,2025-09-30,2025-10-15,2025-10-10,182870,182870,Comptant
306731,2197,2025-09-30,2025-10-30,2025-10-28,85540,85540,30 j
306732,2858,2025-09-29,2025-10-14,2025-11-28,581060,581060,Comptant
306733,12216,2025-09-30,2025-10-15,2025-10-13,1767575,1767575,Comptant
306734,3217,2025-09-30,2025-10-15,2025-10-12,646010,646010,Comptant
306735,22494,2025-09-30,2025-10-15,2025-10-13,903560,903560,Comptant
306736,15171,2025-09-30,2025-10-15,2025-10-13,638375,638375,Comptant
306737,8874,2025-09-30,2025-11-29,,828060,0,60 j
306738,12938,2025-09-30,2025-10-15,2025-10-13,1514960,1514960,Comptant
306739,19957,2025-09-29,2025-10-29,2025-10-24,1155095,1155095,30 j
306740,22011,2025-09-30,2025-10-30,2025-10-28,102455,102455,30 j
306741,19930,2025-10-01,2025-11-30,2025-11-28,793270,793270,60 j
306742,23099,2025-10-02,2025-11-01,,169625,0,30 j
306743,3433,2025-09-30,2025-10-30,2025-10-25,1191540,1191540,30 j
306744,6533,2025-10-02,2025-10-17,2025-12-01,909300,909300,Comptant
306745,3862,2025-09-30,2025-11-29,2025-11-26,952430,952430,60 j
306746,22291,2025-10-02,2025-10-17,2025-10-18,1657280,1657280,Comptant
306747,10362,2025-09-30,2025-11-29,2025-11-24,1507635,1507635,60 j
306748,23792,2025-09-30,2025-10-15,2025-10-10,1081055,1081055,Comptant
306749,23060,2025-10-03,2025-10-18,2025-10-17,892765,892765,Comptant
306750,7567,2025-10-01,2025-10-16,2025-10-13,70685,70685,Comptant
306751,22039,2025-10-03,2025-11-02,2025-10-28,643885,643885,30 j
306752,18721,2025-10-02,2025-12-01,2025-11-29,101685,101685,60 j
306753,15560,2025-10-01,2025-10-16,2025-10-11,1542975,1542975,Comptant
306754,13619,2025-10-03,2025-10-18,2025-10-16,1691325,1691325,Comptant
306755,10190,2025-10-02,2025-10-17,2025-10-12,506185,506185,Comptant
306756,23422,2025-10-04,2025-10-19,2025-10-17,803505,803505,Comptant
306757,19587,2025-10-03,2025-11-02,2025-10-28,982125,982125,30 j
306758,16967,2025-10-02,2025-12-01,,414970,0,60 j
306759,2389,2025-10-03,2025-10-18,2025-10-15,260770,260770,Comptant
306760,13991,2025-10-02,2025-12-01,2026-01-15,235530,235530,60 j
306761,22059,2025-10-04,2025-10-19,2025-10-14,823220,823220,Comptant
306762,14387,2025-10-03,2025-11-02,2025-11-12,1665330,1665330,30 j
306763,10751,2025-10-03,2025-11-02,2025-11-12,361695,361695,30 j
306764,21710,2025-10-03,2025-10-18,2025-10-15,134965,134965,Comptant
306765,17178,2025-10-03,2025-10-18,,85910,0,Comptant
306766,10314,2025-10-04,2025-10-19,2025-10-20,890830,890830,Comptant
306767,18188,2025-10-03,2025-12-02,2025-11-27,413725,413725,60 j
306768,5845,2025-10-05,2025-10-20,2025-10-18,1392385,1392385,Comptant
306769,23069,2025-10-06,2025-10-21,2025-10-31,194885,194885,Comptant
306770,5603,2025-10-06,2025-11-05,,297650,0,30 j
306771,23161,2025-10-04,2025-11-03,2025-11-08,892435,892435,30 j
306772,21575,2025-10-06,2025-10-21,2025-10-19,1073080,1073080,Comptant
306773,17173,2025-10-06,2025-10-21,2025-10-18,400000,400000,Comptant
306774,11895,2025-10-05,2025-10-20,,146795,0,Comptant
306775,595,2025-10-06,2025-10-21,2025-10-21,383940,383940,Comptant
306776,12071,2025-10-07,2025-10-22,,1218800,0,Comptant
306777,14138,2025-10-06,2025-10-21,2025-10-21,93910,93910,Comptant
306778,23631,2025-10-05,2025-10-20,2025-10-17,1556110,1556110,Comptant
306779,16441,2025-10-05,2025-10-20,2025-10-19,1763405,1763405,Comptant
306780,8527,2025-10-05,2025-11-04,2025-11-01,1055225,1055225,30 j
306781,18063,2025-10-06,2025-10-21,2025-10-19,1424875,1424875,Comptant
306782,15558,2025-10-07,2025-11-06,2025-11-26,648660,648660,30 j
306783,18191,2025-10-08,2025-11-07,2025-11-09,1337625,1337625,30 j
306784,15831,2025-10-07,2025-10-22,2025-10-19,1029615,1029615,Comptant
306785,23227,2025-10-07,2025-10-22,2025-10-22,1073680,1073680,Comptant
306786,2026,2025-10-07,2025-11-06,2025-11-05,872300,872300,30 j
306787,19417,2025-10-06,2025-11-05,2025-10-31,1727080,1727080,30 j
306788,9870,2025-10-06,2025-10-21,2025-10-21,83880,83880,Comptant
306789,5141,2025-10-09,2025-10-24,2025-10-24,1606530,1606530,Comptant
306790,2796,2025-10-07,2025-12-06,2025-12-03,1392160,1392160,60 j
306791,9744,2025-10-08,2025-10-23,2025-10-18,773320,773320,Comptant
306792,13069,2025-10-09,2025-12-08,2025-12-08,1185330,1185330,60 j
306793,12949,2025-10-08,2025-11-07,2025-11-05,1163035,1163035,30 j
306794,1841,2025-10-07,2025-11-06,2025-11-26,1257295,1257295,30 j
306795,11377,2025-10-08,2025-10-23,2025-10-21,1397230,1397230,Comptant
306796,23444,2025-10-09,2025-10-24,2025-10-21,1172450,1172450,Comptant
306797,8962,2025-10-10,2025-11-09,2025-11-07,1293080,1293080,30 j
306798,20580,2025-10-08,2025-11-07,2025-11-02,1529685,1529685,30 j
306799,7006,2025-10-09,2025-10-24,2025-10-21,1193070,1193070,Comptant
306800,10179,2025-10-10,2025-10-25,2025-11-14,540165,540165,Comptant
306801,13197,2025-10-10,2025-10-25,2025-10-20,1663665,1663665,Comptant
306802,11802,2025-10-10,2025-12-09,2025-12-07,1243755,1243755,60 j
306803,5181,2025-10-11,2025-10-26,2025-10-24,690880,690880,Comptant
306804,7012,2025-10-11,2025-10-26,2025-10-26,1236715,1236715,Comptant
306805,18364,2025-10-10,2025-10-25,2025-10-22,366965,366965,Comptant
306806,9206,2025-10-11,2025-10-26,2025-10-23,1137430,1137430,Comptant
306807,15279,2025-10-10,2025-10-25,,1640925,0,Comptant
306808,8833,2025-10-10,2025-10-25,2025-10-25,1225825,1225825,Comptant
306809,6799,2025-10-10,2025-10-25,2025-10-25,997560,997560,Comptant
306810,4239,2025-10-12,2025-10-27,2025-10-27,1397530,1397530,Comptant
306811,13284,2025-10-11,2025-11-10,2025-11-05,205945,205945,30 j
306812,3543,2025-10-11,2025-10-26,2025-10-24,1464340,1464340,Comptant
306813,16203,2025-10-11,2025-10-26,2025-10-25,1642790,1642790,Comptant
306814,267,2025-10-12,2025-11-11,2025-11-08,325505,325505,30 j
306815,6836,2025-10-11,2025-10-26,2025-10-25,1565330,1565330,Comptant
306816,3509,2025-10-13,2025-10-28,2025-10-27,1483435,1483435,Comptant
306817,9860,2025-10-11,2025-10-26,2025-10-23,256765,256765,Comptant
306818,1068,2025-10-13,2025-10-28,2025-10-25,704805,704805,Comptant
306819,19792,2025-10-13,2025-11-12,2025-11-10,541990,541990,30 j
306820,15594,2025-10-11,2025-11-10,,76275,0,30 j
306821,3167,2025-10-12,2025-10-27,2025-10-26,1194550,1194550,Comptant
306822,15365,2025-10-12,2025-11-11,2025-11-06,1524370,1524370,30 j
306823,10292,2025-10-13,2025-10-28,2025-10-28,1351265,1351265,Comptant
306824,13299,2025-10-14,2025-10-29,2025-10-24,1056590,1056590,Comptant
306825,3165,2025-10-13,2025-11-12,,1578930,0,30 j
306826,810,2025-10-12,2025-11-11,2025-11-08,1793690,1793690,30 j
306827,23102,2025-10-14,2025-10-29,2025-10-28,868810,868810,Comptant
306828,2194,2025-10-13,2025-10-28,2025-10-25,905860,905860,Comptant
306829,11444,2025-10-13,2025-11-12,2025-11-17,1432095,1432095,30 j
306830,9817,2025-10-15,2025-10-30,2025-10-29,674945,674945,Comptant
306831,9981,2025-10-14,2025-10-29,2025-10-27,1722250,1722250,Comptant
306832,2480,2025-10-14,2025-10-29,2025-10-28,1550260,1550260,Comptant
306833,23331,2025-10-14,2025-11-13,2025-11-11,1154750,1154750,30 j
306834,5775,2025-10-15,2025-10-30,2025-10-27,892725,892725,Comptant
306835,7252,2025-10-13,2025-10-28,2025-10-25,1752070,1752070,Comptant
306836,16449,2025-10-16,2025-11-15,2025-11-12,265615,265615,30 j
306837,16756,2025-10-15,2025-12-14,2025-12-11,724445,724445,60 j
306838,22895,2025-10-16,2025-11-15,2025-11-13,1303320,1303320,30 j
306839,6811,2025-10-14,2025-11-13,,341980,0,30 j
306840,12827,2025-10-14,2025-11-13,2025-11-10,1494035,1494035,30 j
306841,12825,2025-10-14,2025-12-13,,1732515,0,60 j
306842,10214,2025-10-15,2025-11-14,2025-11-14,1020910,1020910,30 j
306843,2522,2025-10-15,2025-12-14,2026-01-28,1509685,1509685,60 j
306844,5406,2025-10-16,2025-11-15,2025-11-15,581520,581520,30 j
306845,12000,2025-10-15,2025-10-30,2025-10-25,572455,572455,Comptant
306846,16411,2025-10-15,2025-10-30,2025-10-31,1063450,1063450,Comptant
306847,18162,2025-10-16,2025-10-31,2025-11-20,603175,603175,Comptant
306848,19539,2025-10-17,2025-11-16,,628195,0,30 j
306849,1182,2025-10-17,2025-11-16,2025-11-21,1796290,1796290,30 j
306850,5539,2025-10-16,2025-10-31,2025-12-15,1579040,1579040,Comptant
306851,20041,2025-10-18,2025-11-17,2025-11-16,1040820,1040820,30 j
306852,20177,2025-10-18,2025-11-02,2025-10-30,1764145,1764145,Comptant
306853,18758,2025-10-17,2025-11-16,2025-11-15,1161570,1161570,30 j
306854,14224,2025-10-17,2025-11-01,,1173150,0,Comptant
306855,19420,2025-10-16,2025-10-31,2025-10-26,823200,823200,Comptant
306856,15371,2025-10-18,2025-11-02,2025-10-31,1614370,1614370,Comptant
306857,17952,2025-10-19,2025-11-03,2025-10-31,1461025,1461025,Comptant
306858,13484,2025-10-17,2025-11-01,2025-10-29,571495,571495,Comptant
306859,19716,2025-10-18,2025-11-02,2025-11-02,1263985,1263985,Comptant
306860,15554,2025-10-19,2025-12-18,2026-01-07,1657920,1657920,60 j
306861,22739,2025-10-19,2025-11-18,2025-11-13,1304810,1304810,30 j
306862,9708,2025-10-18,2025-11-02,2025-11-02,879480,879480,Comptant
306863,6777,2025-10-20,2025-11-04,2025-11-01,275695,275695,Comptant
306864,10058,2025-10-20,2025-11-04,,1728145,0,Comptant
306865,19716,2025-10-19,2025-11-03,,1120720,0,Comptant
306866,12784,2025-10-19,2025-12-18,2025-12-16,827995,827995,60 j
306867,19843,2025-10-20,2025-11-19,2025-11-16,1754805,1754805,30 j
306868,3408,2025-10-19,2025-11-03,,1691620,0,Comptant
306869,22808,2025-10-18,2025-12-17,2025-12-16,1734315,1734315,60 j
306870,4105,2025-10-19,2025-11-18,2025-11-16,899360,899360,30 j
306871,4031,2025-10-20,2025-11-04,,1724655,0,Comptant
306872,20773,2025-10-20,2025-11-04,2025-10-30,1428785,1428785,Comptant
306873,10036,2025-10-19,2025-12-18,2025-12-15,1072775,1072775,60 j
306874,7189,2025-10-21,2025-11-05,,1043935,0,Comptant
306875,16860,2025-10-21,2025-11-05,2025-11-02,1174275,1174275,Comptant
306876,17572,2025-10-19,2025-11-03,2025-11-23,1570655,1570655,Comptant
306877,4690,2025-10-22,2025-11-06,2025-11-04,1440115,1440115,Comptant
306878,12348,2025-10-22,2025-12-21,,1414215,0,60 j
306879,14064,2025-10-20,2025-11-04,2025-11-24,60640,60640,Comptant
306880,3447,2025-10-22,2025-11-06,2025-11-03,869850,869850,Comptant
306881,3434,2025-10-20,2025-11-04,,1516505,0,Comptant
306882,16371,2025-10-22,2025-11-06,2025-11-05,550110,550110,Comptant
306883,1269,2025-10-21,2025-11-20,2025-11-18,116570,116570,30 j
306884,21862,2025-10-23,2025-11-07,2025-11-05,841845,841845,Comptant
306885,12044,2025-10-22,2025-11-06,,1127295,0,Comptant
306886,14818,2025-10-21,2025-11-05,2025-11-05,689415,689415,Comptant
306887,4472,2025-10-21,2025-11-05,2025-11-02,1223290,1223290,Comptant
306888,16859,2025-10-22,2025-11-21,2025-11-19,674135,674135,30 j
306889,23238,2025-10-22,2025-11-06,2025-11-01,377115,377115,Comptant
306890,13194,2025-10-24,2025-11-08,2025-11-08,1763410,1763410,Comptant
306891,4290,2025-10-22,2025-11-06,2025-11-04,574250,574250,Comptant
306892,21167,2025-10-22,2025-11-21,2025-11-21,1712920,1712920,30 j
306893,10764,2025-10-24,2025-12-23,,1483910,0,60 j
306894,18570,2025-10-24,2025-11-08,2025-11-06,802340,802340,Comptant
306895,1663,2025-10-24,2025-11-08,2025-11-05,378745,378745,Comptant
306896,13599,2025-10-23,2025-11-22,2025-11-21,246325,246325,30 j
306897,11058,2025-10-25,2025-12-24,2026-01-03,1046050,1046050,60 j
306898,18950,2025-10-25,2025-11-09,2025-11-07,1135565,1135565,Comptant
306899,17755,2025-10-24,2025-11-08,2025-11-05,334225,334225,Comptant
306900,17034,2025-10-23,2025-11-07,,1172245,0,Comptant
306901,7012,2025-10-24,2025-11-08,,399690,0,Comptant
306902,7502,2025-10-25,2025-11-09,,1672870,0,Comptant
306903,11251,2025-10-26,2025-11-10,,1612845,0,Comptant
306904,1386,2025-10-26,2025-11-10,2025-11-10,192070,192070,Comptant
306905,17369,2025-10-24,2025-11-23,2025-11-23,1387030,1387030,30 j
306906,6573,2025-10-24,2025-11-08,2025-11-05,1067835,1067835,Comptant
306907,999,2025-10-24,2025-11-08,2025-11-03,113990,113990,Comptant
306908,14790,2025-10-25,2025-11-09,2025-11-06,161345,161345,Comptant
306909,14220,2025-10-24,2025-11-23,2025-11-23,1139745,1139745,30 j
306910,12145,2025-10-26,2025-11-10,2025-11-10,354945,354945,Comptant
306911,5043,2025-10-25,2025-11-09,2025-11-29,1216445,1216445,Comptant
306912,23537,2025-10-25,2025-12-24,2025-12-26,1619490,1619490,60 j
306913,21331,2025-10-27,2025-11-11,2025-11-06,1640560,1640560,Comptant
306914,4591,2025-10-27,2025-11-11,2025-11-10,363540,363540,Comptant
306915,7173,2025-10-26,2025-11-10,2025-11-07,1328560,1328560,Comptant
306916,18467,2025-10-25,2025-11-24,2025-11-24,1295840,1295840,30 j
306917,18601,2025-10-26,2025-11-10,2025-11-11,1344535,1344535,Comptant
306918,3186,2025-10-26,2025-11-10,2025-11-05,669530,669530,Comptant
306919,779,2025-10-26,2025-11-25,2025-11-25,537730,537730,30 j
306920,11811,2025-10-26,2025-11-10,2025-11-07,887320,887320,Comptant
306921,6419,2025-10-28,2025-11-12,2025-11-11,1722485,1722485,Comptant
306922,9120,2025-10-26,2025-11-25,2025-11-24,969590,969590,30 j
306923,1527,2025-10-28,2025-11-12,,1268545,0,Comptant
306924,3701,2025-10-28,2025-11-27,2025-11-24,496295,496295,30 j
306925,8783,2025-10-27,2025-11-11,2025-11-11,1698725,1698725,Comptant
306926,7035,2025-10-27,2025-11-11,2025-11-10,739035,739035,Comptant
306927,4152,2025-10-27,2025-11-26,2025-11-21,444945,444945,30 j
306928,7715,2025-10-28,2025-11-12,2025-11-07,846105,846105,Comptant
306929,3023,2025-10-27,2025-12-26,,388430,0,60 j
306930,23684,2025-10-30,2025-11-29,2025-11-29,1647740,1647740,30 j
306931,13088,2025-10-28,2025-11-12,2025-11-09,698480,698480,Comptant
306932,4562,2025-10-29,2025-11-13,2025-11-10,973360,973360,Comptant
306933,15229,2025-10-30,2025-11-14,2025-11-16,961765,961765,Comptant
306934,2236,2025-10-28,2025-11-27,2025-11-24,1116100,1116100,30 j
306935,12426,2025-10-29,2025-11-13,2025-11-11,1694915,1694915,Comptant
306936,22517,2025-10-28,2025-11-12,2025-11-10,924345,924345,Comptant
306937,18818,2025-10-29,2025-11-13,2025-11-13,1484040,1484040,Comptant
306938,22874,2025-10-29,2025-11-28,,607310,0,30 j
306939,13752,2025-10-31,2025-11-15,2025-11-13,1054025,1054025,Comptant
306940,16512,2025-10-29,2025-11-28,2025-11-23,405175,405175,30 j
306941,16814,2025-10-30,2025-11-29,,609110,0,30 j
306942,3103,2025-10-29,2025-11-13,2025-11-11,617225,617225,Comptant
306943,3804,2025-10-29,2025-11-13,2025-11-10,1366815,1366815,Comptant
306944,10183,2025-10-31,2025-11-15,2025-11-13,675150,675150,Comptant
306945,16047,2025-10-31,2025-11-15,2025-12-05,845815,845815,Comptant
306946,7046,2025-10-30,2025-11-29,2025-11-29,1631955,1631955,30 j
306947,9797,2025-10-31,2025-11-15,,831465,0,Comptant
306948,15345,2025-10-30,2025-11-14,2025-11-13,381155,381155,Comptant
306949,859,2025-10-30,2025-11-14,2025-11-13,710510,710510,Comptant
306950,12400,2025-10-31,2025-11-15,,1422580,0,Comptant
306951,13524,2025-10-31,2025-11-15,2025-11-15,153145,153145,Comptant
306952,18748,2025-10-31,2025-11-30,2025-12-10,722665,722665,30 j
306953,15428,2025-11-01,2025-12-01,2025-12-03,1304495,1304495,30 j
306954,6311,2025-10-31,2025-11-15,2025-11-16,639840,639840,Comptant
306955,7998,2025-10-31,2025-11-15,2025-12-05,1088225,1088225,Comptant
306956,20725,2025-10-31,2025-11-15,2025-11-15,1119530,1119530,Comptant
306957,13475,2025-11-01,2025-12-31,,1409195,0,60 j
306958,10728,2025-11-03,2026-01-02,2026-01-01,515410,515410,60 j
306959,20099,2025-11-03,2026-01-02,2025-12-30,946430,946430,60 j
306960,15651,2025-11-01,2025-12-01,2025-11-30,952215,952215,30 j
306961,5405,2025-11-02,2025-12-02,2025-11-29,1443800,1443800,30 j
306962,11411,2025-11-03,2025-12-03,2025-11-30,1136190,1136190,30 j
306963,6315,2025-11-02,2025-12-02,2025-11-27,1669555,1669555,30 j
306964,19488,2025-11-02,2025-11-17,2025-11-16,1287185,1287185,Comptant
306965,19447,2025-11-03,2025-11-18,,1219585,0,Comptant
306966,1601,2025-11-03,2025-12-03,,1693770,0,30 j
306967,5017,2025-11-04,2025-11-19,2025-11-19,1152575,1152575,Comptant
306968,15903,2025-11-04,2026-01-03,2026-01-02,174975,174975,60 j
306969,9583,2025-11-03,2025-11-18,2025-11-15,1158745,1158745,Comptant
306970,2325,2025-11-04,2025-12-04,,374470,0,30 j
306971,10470,2025-11-05,2025-11-20,2025-11-20,887935,887935,Comptant
306972,7122,2025-11-04,2025-11-19,2025-11-14,832220,832220,Comptant
306973,4985,2025-11-04,2026-01-03,2026-01-03,1249275,1249275,60 j
306974,14168,2025-11-05,2025-11-20,,1245295,0,Comptant
306975,13229,2025-11-05,2025-11-20,2025-11-18,591325,591325,Comptant
306976,19053,2025-11-04,2025-11-19,,1745305,0,Comptant
306977,18675,2025-11-04,2025-11-19,2025-11-16,1501410,1501410,Comptant
306978,19856,2025-11-05,2025-11-20,2025-11-19,891430,891430,Comptant
306979,11199,2025-11-06,2025-11-21,,353290,0,Comptant
306980,20495,2025-11-04,2025-11-19,2025-11-14,402030,402030,Comptant
306981,5377,2025-11-05,2025-11-20,,1280840,0,Comptant
306982,6390,2025-11-05,2025-11-20,2026-01-04,1572520,1572520,Comptant
306983,20244,2025-11-04,2025-12-04,2025-11-29,1167945,1167945,30 j
306984,14258,2025-11-06,2025-11-21,2025-11-23,383720,383720,Comptant
306985,603,2025-11-05,2026-01-04,2026-01-01,262320,262320,60 j
306986,4345,2025-11-06,2025-11-21,2025-11-21,726770,726770,Comptant
306987,13754,2025-11-06,2025-12-06,2025-12-04,1094305,1094305,30 j
306988,18475,2025-11-06,2025-12-06,2025-12-01,1248605,1248605,30 j
306989,23145,2025-11-05,2025-11-20,2025-11-17,987350,987350,Comptant
306990,1439,2025-11-06,2025-11-21,2025-11-20,1365940,1365940,Comptant
306991,12742,2025-11-07,2025-11-22,2025-11-23,284085,284085,Comptant
306992,7403,2025-11-08,2025-11-23,2025-12-13,845870,845870,Comptant
306993,11551,2025-11-07,2025-11-22,2025-11-22,1433960,1433960,Comptant
306994,1279,2025-11-08,2025-11-23,2025-11-21,1151070,1151070,Comptant
306995,12549,2025-11-06,2025-11-21,2025-11-16,421815,421815,Comptant
306996,13959,2025-11-07,2025-11-22,,572275,0,Comptant
306997,10365,2025-11-06,2025-11-21,2025-11-20,1656790,1656790,Comptant
306998,10754,2025-11-09,2025-11-24,2025-11-23,839655,839655,Comptant
306999,10928,2025-11-08,2025-11-23,,481320,0,Comptant
307000,8190,2025-11-08,2025-11-23,2025-11-21,1365765,1365765,Comptant
307001,13916,2025-11-08,2025-11-23,2025-11-23,1143650,1143650,Comptant
307002,16921,2025-11-08,2025-11-23,2025-11-22,799105,799105,Comptant
307003,12631,2025-11-08,2025-12-08,,1170155,0,30 j
307004,16613,2025-11-08,2025-12-08,2025-12-10,61190,61190,30 j
307005,19534,2025-11-08,2025-11-23,2025-11-22,1652530,1652530,Comptant
307006,14732,2025-11-10,2025-12-10,2025-12-10,1207635,1207635,30 j
307007,9691,2025-11-10,2026-01-09,2026-01-29,1790130,1790130,60 j
307008,10867,2025-11-08,2025-12-08,2025-12-07,1661240,1661240,30 j
307009,14069,2025-11-08,2025-11-23,2025-11-21,1698675,1698675,Comptant
307010,18613,2025-11-08,2025-12-08,2025-12-06,665055,665055,30 j
307011,11797,2025-11-11,2025-11-26,2025-11-23,1446540,1446540,Comptant
307012,4061,2025-11-11,2025-11-26,2025-11-21,775020,775020,Comptant
307013,12908,2025-11-10,2025-11-25,,1645035,0,Comptant
307014,18713,2025-11-11,2025-12-11,,411080,0,30 j
307015,10520,2025-11-09,2025-11-24,2025-11-29,571335,571335,Comptant
307016,5721,2025-11-10,2025-12-10,2026-01-24,1106370,1106370,30 j
307017,11523,2025-11-11,2025-12-11,2025-12-09,768565,768565,30 j
307018,10820,2025-11-11,2025-11-26,2025-11-21,1277955,1277955,Comptant
307019,22044,2025-11-11,2025-11-26,2025-11-24,1795555,1795555,Comptant
307020,12041,2025-11-11,2025-11-26,2025-11-25,1312485,1312485,Comptant
307021,1554,2025-11-11,2025-11-26,2025-12-06,1779700,1779700,Comptant
307022,15897,2025-11-10,2025-11-25,2025-11-23,1433315,1433315,Comptant
307023,18891,2025-11-12,2025-11-27,2025-11-26,697545,697545,Comptant
307024,15587,2025-11-12,2025-12-12,2025-12-09,746835,746835,30 j
307025,876,2025-11-13,2025-12-13,2025-12-13,276765,276765,30 j
307026,11384,2025-11-13,2025-11-28,2025-11-28,975730,975730,Comptant
307027,2383,2025-11-11,2025-11-26,2025-11-26,1643980,1643980,Comptant
307028,15892,2025-11-12,2025-11-27,2025-11-25,579475,579475,Comptant
307029,12883,2025-11-13,2025-12-13,2025-12-11,192275,192275,30 j
307030,12919,2025-11-12,2025-11-27,2025-11-25,275045,275045,Comptant
307031,18601,2025-11-12,2025-11-27,2025-11-27,1282550,1282550,Comptant
307032,3715,2025-11-13,2025-12-13,2025-12-12,1582475,1582475,30 j
307033,15281,2025-11-14,2025-11-29,,1172385,0,Comptant
307034,15955,2025-11-13,2026-01-12,2026-01-07,1487400,1487400,60 j
307035,22345,2025-11-13,2025-11-28,2025-11-25,185360,185360,Comptant
307036,9005,2025-11-14,2025-11-29,2025-11-29,707825,707825,Comptant
307037,6178,2025-11-13,2025-11-28,2025-11-28,1326760,1326760,Comptant
307038,22646,2025-11-15,2025-12-15,2025-12-17,199825,199825,30 j
307039,3007,2025-11-15,2025-12-15,2025-12-20,1394085,1394085,30 j
307040,6458,2025-11-15,2025-11-30,2025-12-02,1697295,1697295,Comptant
307041,12877,2025-11-13,2025-11-28,2025-11-27,421190,421190,Comptant
307042,8013,2025-11-13,2025-11-28,2025-11-26,1043410,1043410,Comptant
307043,9846,2025-11-14,2025-12-14,2025-12-11,1524645,1524645,30 j
307044,10766,2025-11-13,2025-11-28,2025-11-23,1755155,1755155,Comptant
307045,11221,2025-11-15,2025-11-30,2025-11-29,940405,940405,Comptant
307046,21735,2025-11-16,2025-12-01,,1267305,0,Comptant
307047,10415,2025-11-16,2025-12-01,2025-12-01,1735000,1735000,Comptant
307048,14993,2025-11-14,2025-11-29,2025-12-01,1415205,1415205,Comptant
307049,15026,2025-11-15,2025-11-30,2025-11-25,437410,437410,Comptant
307050,19612,2025-11-15,2025-11-30,2025-11-25,392665,392665,Comptant
307051,11846,2025-11-16,2025-12-16,2025-12-11,1269285,1269285,30 j
307052,18669,2025-11-17,2025-12-17,2025-12-14,323100,323100,30 j
307053,3238,2025-11-16,2025-12-16,2025-12-11,211675,211675,30 j
307054,8386,2025-11-17,2025-12-02,,1106235,0,Comptant
307055,15567,2025-11-15,2026-01-14,,550855,0,60 j
307056,16780,2025-11-17,2026-01-16,2026-01-13,872215,872215,60 j
307057,21706,2025-11-15,2025-12-15,2025-12-12,1600810,1600810,30 j
307058,23044,2025-11-17,2025-12-02,2025-12-01,296825,296825,Comptant
307059,17793,2025-11-16,2025-12-01,2025-11-26,864550,864550,Comptant
307060,21386,2025-11-17,2025-12-02,2025-11-29,907915,907915,Comptant
307061,158,2025-11-16,2025-12-16,2025-12-14,1086780,1086780,30 j
307062,14439,2025-11-18,2025-12-03,2025-11-28,1408745,1408745,Comptant
307063,14988,2025-11-17,2026-01-16,2026-01-16,1075005,1075005,60 j
307064,18153,2025-11-17,2025-12-02,2025-12-01,1669735,1669735,Comptant
307065,9563,2025-11-18,2025-12-03,2025-12-03,103085,103085,Comptant
307066,17796,2025-11-18,2025-12-03,2025-12-01,1119090,1119090,Comptant
307067,1845,2025-11-19,2025-12-19,2025-12-19,729750,729750,30 j
307068,23110,2025-11-17,2025-12-02,2025-12-04,899880,899880,Comptant
307069,22636,2025-11-19,2026-01-18,2026-01-23,1279330,1279330,60 j
307070,2975,2025-11-17,2025-12-17,2025-12-12,176790,176790,30 j
307071,20479,2025-11-19,2025-12-04,2025-12-03,1180285,1180285,Comptant
307072,13479,2025-11-19,2025-12-19,2025-12-17,124660,124660,30 j
307073,6192,2025-11-18,2025-12-03,2025-12-03,1244895,1244895,Comptant
307074,21229,2025-11-19,2025-12-04,,406990,0,Comptant
307075,4859,2025-11-19,2026-01-18,2026-01-15,1539360,1539360,60 j
307076,23310,2025-11-18,2026-01-17,2026-01-14,1658575,1658575,60 j
307077,6835,2025-11-20,2025-12-05,,1320270,0,Comptant
307078,10021,2025-11-20,2025-12-05,2025-12-05,963005,963005,Comptant
307079,15310,2025-11-20,2025-12-20,2025-12-15,529220,529220,30 j
307080,2229,2025-11-19,2025-12-04,2025-12-01,717585,717585,Comptant
307081,18380,2025-11-21,2025-12-06,2025-12-01,1728780,1728780,Comptant
307082,8590,2025-11-21,2025-12-21,2025-12-16,401030,401030,30 j
307083,7706,2025-11-21,2025-12-21,2025-12-19,1584660,1584660,30 j
307084,13416,2025-11-19,2025-12-19,2025-12-14,988990,988990,30 j
307085,2145,2025-11-22,2025-12-22,2025-12-19,1369700,1369700,30 j
307086,5895,2025-11-22,2025-12-22,2025-12-23,886630,886630,30 j
307087,13977,2025-11-21,2025-12-06,2025-12-04,1312205,1312205,Comptant
307088,18206,2025-11-21,2025-12-06,2025-12-01,1332870,1332870,Comptant
307089,1098,2025-11-22,2026-01-21,2026-01-19,685190,685190,60 j
307090,13150,2025-11-22,2025-12-07,2025-12-02,1100860,1100860,Comptant
307091,16632,2025-11-21,2025-12-06,2025-12-06,207690,207690,Comptant
307092,11566,2025-11-21,2025-12-06,2025-12-06,111775,111775,Comptant
307093,12433,2025-11-21,2025-12-06,,690150,0,Comptant
307094,23138,2025-11-22,2025-12-07,,617970,0,Comptant
307095,3952,2025-11-22,2025-12-07,2025-12-07,143980,143980,Comptant
307096,71,2025-11-23,2025-12-08,2025-12-10,1096940,1096940,Comptant
307097,17443,2025-11-22,2025-12-07,2025-12-02,809290,809290,Comptant
307098,3599,2025-11-23,2025-12-08,2025-12-08,1186690,1186690,Comptant
307099,4855,2025-11-22,2025-12-07,,566000,0,Comptant
307100,16950,2025-11-24,2025-12-09,2025-12-07,674870,674870,Comptant
307101,10732,2025-11-23,2025-12-08,2025-12-05,1667450,1667450,Comptant
307102,11918,2025-11-23,2025-12-08,2025-12-08,540335,540335,Comptant
307103,11552,2025-11-23,2025-12-23,2026-01-12,413245,413245,30 j
307104,11648,2025-11-23,2026-01-22,2026-01-21,1342790,1342790,60 j
307105,21534,2025-11-23,2025-12-08,2025-12-07,1436555,1436555,Comptant
307106,5198,2025-11-24,2025-12-24,2025-12-21,189210,189210,30 j
307107,17047,2025-11-25,2025-12-10,2025-12-05,1680460,1680460,Comptant
307108,19077,2025-11-23,2025-12-23,2025-12-23,1387400,1387400,30 j
307109,19833,2025-11-23,2025-12-23,2025-12-21,691530,691530,30 j
307110,22518,2025-11-24,2025-12-24,2025-12-22,707305,707305,30 j
307111,20649,2025-11-25,2026-01-24,2026-01-24,100960,100960,60 j
307112,7138,2025-11-26,2025-12-11,2025-12-10,1648820,1648820,Comptant
307113,17429,2025-11-25,2025-12-10,2025-12-05,1294650,1294650,Comptant
307114,16922,2025-11-26,2025-12-11,,602410,0,Comptant
307115,22983,2025-11-26,2025-12-11,2025-12-08,353315,353315,Comptant
307116,10713,2025-11-26,2025-12-11,,181725,0,Comptant
307117,22013,2025-11-26,2025-12-26,2025-12-21,1225425,1225425,30 j
307118,4219,2025-11-25,2025-12-10,2025-12-09,158670,158670,Comptant
307119,8267,2025-11-26,2025-12-11,2025-12-08,949755,949755,Comptant
307120,12588,2025-11-27,2026-01-26,2026-01-23,842950,842950,60 j
307121,3571,2025-11-27,2025-12-27,2025-12-25,264640,264640,30 j
307122,8133,2025-11-25,2026-01-24,2026-01-21,854685,854685,60 j
307123,18433,2025-11-25,2025-12-10,2025-12-08,614930,614930,Comptant
307124,7526,2025-11-26,2025-12-11,2025-12-11,863440,863440,Comptant
307125,13725,2025-11-28,2025-12-28,,1027770,0,30 j
307126,8982,2025-11-28,2025-12-13,2025-12-12,821455,821455,Comptant
307127,288,2025-11-27,2026-01-26,,617560,0,60 j
307128,15047,2025-11-28,2025-12-28,2025-12-27,1552120,1552120,30 j
307129,16499,2025-11-28,2025-12-13,2025-12-08,897615,897615,Comptant
307130,2357,2025-11-26,2025-12-11,2025-12-09,194135,194135,Comptant
307131,5036,2025-11-26,2025-12-11,2026-01-25,1260630,1260630,Comptant
307132,7756,2025-11-29,2025-12-29,2025-12-24,1591015,1591015,30 j
307133,3450,2025-11-27,2025-12-27,2025-12-27,80725,80725,30 j
307134,20894,2025-11-29,2025-12-14,2025-12-12,130445,130445,Comptant
307135,15805,2025-11-29,2025-12-14,2025-12-14,624915,624915,Comptant
307136,22977,2025-11-27,2025-12-12,2025-12-12,1467150,1467150,Comptant
307137,12119,2025-11-29,2025-12-14,2025-12-12,304190,304190,Comptant
307138,21116,2025-11-28,2025-12-28,2025-12-28,1558465,1558465,30 j
307139,22384,2025-11-28,2025-12-13,2025-12-12,1142515,1142515,Comptant
307140,6569,2025-11-28,2025-12-13,2025-12-11,1709560,1709560,Comptant
307141,7345,2025-11-29,2025-12-14,2025-12-11,729285,729285,Comptant
307142,14597,2025-11-28,2025-12-13,2025-12-10,75360,75360,Comptant
307143,7320,2025-11-29,2025-12-14,2025-12-13,928925,928925,Comptant
307144,21759,2025-11-30,2025-12-15,2025-12-15,933230,933230,Comptant
307145,19049,2025-11-30,2025-12-15,2025-12-20,377270,377270,Comptant
307146,23112,2025-11-30,2025-12-15,2025-12-14,1542180,1542180,Comptant
307147,17152,2025-11-29,2025-12-14,2025-12-12,148935,148935,Comptant
307148,3265,2025-12-01,2026-01-30,,1401480,0,60 j
307149,1194,2025-12-01,2025-12-31,2025-12-29,283070,283070,30 j
307150,18464,2025-11-30,2026-01-29,2026-01-27,1798645,1798645,60 j
307151,9605,2025-11-30,2025-12-15,,644835,0,Comptant
307152,4499,2025-12-02,2025-12-17,2025-12-15,1023875,1023875,Comptant
307153,15150,2025-12-02,2026-01-31,2026-01-29,882530,882530,60 j
307154,7239,2025-12-02,2025-12-17,,152925,0,Comptant
307155,11994,2025-11-30,2025-12-15,2026-01-04,1206045,1206045,Comptant
307156,16915,2025-11-30,2025-12-30,2025-12-27,311840,311840,30 j
307157,20635,2025-12-01,2025-12-16,2025-12-15,931305,931305,Comptant
307158,18338,2025-12-02,2026-01-31,2026-02-01,1112555,1112555,60 j
307159,14750,2025-12-03,2025-12-18,,771255,0,Comptant
307160,9019,2025-12-01,2025-12-16,2025-12-13,1577320,1577320,Comptant
307161,21877,2025-12-03,2026-01-02,2025-12-30,297560,297560,30 j
307162,12621,2025-12-02,2026-01-01,2026-01-01,702405,702405,30 j
307163,23605,2025-12-01,2025-12-16,2025-12-13,1172540,1172540,Comptant
307164,19340,2025-12-03,2026-01-02,2025-12-31,1122370,1122370,30 j
307165,13100,2025-12-03,2026-01-02,2025-12-31,1591765,1591765,30 j
307166,22840,2025-12-02,2026-01-01,2025-12-29,1621350,1621350,30 j
307167,21940,2025-12-03,2026-01-02,2025-12-31,1467905,1467905,30 j
307168,17946,2025-12-04,2026-01-03,2025-12-29,1528445,1528445,30 j
307169,2781,2025-12-02,2025-12-17,2025-12-17,1121190,1121190,Comptant
307170,12264,2025-12-03,2025-12-18,2025-12-18,1093945,1093945,Comptant
307171,15196,2025-12-04,2026-01-03,2026-01-03,878175,878175,30 j
307172,16539,2025-12-04,2025-12-19,2025-12-16,452035,452035,Comptant
307173,11452,2025-12-03,2025-12-18,2025-12-16,760210,760210,Comptant
307174,21872,2025-12-05,2025-12-20,2025-12-17,628805,628805,Comptant
307175,23246,2025-12-05,2025-12-20,,830800,0,Comptant
307176,20292,2025-12-03,2025-12-18,2025-12-16,1271135,1271135,Comptant
307177,8836,2025-12-05,2025-12-20,2025-12-17,483100,483100,Comptant
307178,21646,2025-12-04,2026-02-02,2026-01-31,540510,540510,60 j
307179,20597,2025-12-05,2025-12-20,2025-12-19,1036810,1036810,Comptant
307180,5732,2025-12-05,2025-12-20,,1691570,0,Comptant
307181,6026,2025-12-04,2025-12-19,2025-12-19,889780,889780,Comptant
307182,11012,2025-12-05,2025-12-20,2025-12-15,1301130,1301130,Comptant
307183,18796,2025-12-05,2025-12-20,2025-12-15,1624530,1624530,Comptant
307184,10954,2025-12-06,2025-12-21,2025-12-18,1718615,1718615,Comptant
307185,9669,2025-12-05,2026-01-04,2026-01-02,390485,390485,30 j
307186,13691,2025-12-05,2025-12-20,2025-12-20,512940,512940,Comptant
307187,73,2025-12-05,2026-01-04,2026-01-03,1612305,1612305,30 j
307188,8973,2025-12-07,2025-12-22,2025-12-20,1144865,1144865,Comptant
307189,11766,2025-12-06,2025-12-21,,583375,0,Comptant
307190,10649,2025-12-07,2025-12-22,,1088255,0,Comptant
307191,22475,2025-12-05,2025-12-20,2025-12-15,1737645,1737645,Comptant
307192,21281,2025-12-06,2025-12-21,2025-12-21,309690,309690,Comptant
307193,2259,2025-12-07,2025-12-22,2025-12-20,758055,758055,Comptant
307194,2319,2025-12-08,2026-01-07,2026-01-27,767620,767620,30 j
307195,17869,2025-12-06,2026-01-05,2026-01-04,199480,199480,30 j
307196,6157,2025-12-08,2025-12-23,2025-12-20,256580,256580,Comptant
307197,14439,2025-12-06,2025-12-21,2025-12-16,1244175,1244175,Comptant
307198,6330,2025-12-07,2026-01-06,2026-01-05,528100,528100,30 j
307199,22384,2025-12-08,2025-12-23,2025-12-21,1147520,1147520,Comptant
307200,4145,2025-12-09,2025-12-24,2025-12-22,783540,783540,Comptant
307201,9986,2025-12-08,2026-01-07,2026-01-06,1654935,1654935,30 j
307202,22600,2025-12-09,2025-12-24,2025-12-23,1235940,1235940,Comptant
307203,6100,2025-12-07,2025-12-22,2025-12-20,918760,918760,Comptant
307204,9537,2025-12-08,2026-02-06,,124665,0,60 j
307205,8101,2025-12-07,2025-12-22,2025-12-20,128970,128970,Comptant
307206,20461,2025-12-08,2025-12-23,2025-12-20,94800,94800,Comptant
307207,14219,2025-12-09,2025-12-24,2025-12-24,1107295,1107295,Comptant
307208,11194,2025-12-08,2025-12-23,2025-12-18,793020,793020,Comptant
307209,21592,2025-12-08,2025-12-23,2025-12-22,1009295,1009295,Comptant
307210,17967,2025-12-10,2026-02-08,2026-02-08,1031470,1031470,60 j
307211,22027,2025-12-08,2025-12-23,2025-12-23,1385950,1385950,Comptant
307212,2730,2025-12-09,2025-12-24,2025-12-23,1459535,1459535,Comptant
307213,16385,2025-12-10,2026-01-09,2026-01-06,146905,146905,30 j
307214,12864,2025-12-11,2026-02-09,2026-02-08,973520,973520,60 j
307215,3460,2025-12-09,2025-12-24,2025-12-21,1342030,1342030,Comptant
307216,21492,2025-12-11,2026-01-10,2026-01-09,1064055,1064055,30 j
307217,17891,2025-12-10,2025-12-25,2025-12-24,1007340,1007340,Comptant
307218,19914,2025-12-09,2025-12-24,2025-12-21,457535,457535,Comptant
307219,7837,2025-12-11,2025-12-26,2025-12-26,353565,353565,Comptant
307220,3304,2025-12-10,2025-12-25,2025-12-24,1726145,1726145,Comptant
307221,21021,2025-12-11,2026-01-10,2026-01-05,1453550,1453550,30 j
307222,402,2025-12-12,2025-12-27,2026-01-06,1370615,1370615,Comptant
307223,17216,2025-12-11,2025-12-26,2025-12-24,1755570,1755570,Comptant
307224,5697,2025-12-10,2025-12-25,2025-12-25,1234785,1234785,Comptant
307225,20574,2025-12-12,2026-02-10,2026-02-09,750195,750195,60 j
307226,16905,2025-12-13,2025-12-28,2025-12-28,669825,669825,Comptant
307227,12923,2025-12-13,2026-01-12,2026-01-12,387005,387005,30 j
307228,23,2025-12-12,2025-12-27,2025-12-24,235695,235695,Comptant
307229,20048,2025-12-13,2025-12-28,2025-12-26,200170,200170,Comptant
307230,9985,2025-12-13,2025-12-28,,594070,0,Comptant
307231,9853,2025-12-11,2026-01-10,2026-01-09,1332560,1332560,30 j
307232,4658,2025-12-12,2025-12-27,2025-12-27,1502200,1502200,Comptant
307233,17867,2025-12-13,2026-01-12,2026-01-07,265995,265995,30 j
307234,7386,2025-12-12,2025-12-27,,1474730,0,Comptant
307235,7787,2025-12-13,2026-02-11,2026-02-11,1137445,1137445,60 j
307236,11939,2025-12-13,2026-02-11,,1529265,0,60 j
307237,8406,2025-12-14,2026-01-13,2026-01-10,818490,818490,30 j
307238,5119,2025-12-14,2025-12-29,2025-12-26,1454335,1454335,Comptant
307239,20955,2025-12-15,2025-12-30,2025-12-28,1483790,1483790,Comptant
307240,791,2025-12-13,2025-12-28,2025-12-23,552620,552620,Comptant
307241,4098,2025-12-14,2025-12-29,2025-12-29,90420,90420,Comptant
307242,1820,2025-12-14,2026-02-12,2026-02-11,546050,546050,60 j
307243,5225,2025-12-15,2025-12-30,2025-12-27,1091920,1091920,Comptant
307244,16757,2025-12-14,2026-01-13,,1224310,0,30 j
307245,10295,2025-12-13,2026-01-12,2026-01-11,764005,764005,30 j
307246,9031,2025-12-15,2026-02-13,2026-02-13,989190,989190,60 j
307247,911,2025-12-14,2026-01-13,2026-01-13,892640,892640,30 j
307248,938,2025-12-15,2025-12-30,2025-12-29,792015,792015,Comptant
307249,19227,2025-12-15,2025-12-30,2025-12-30,474340,474340,Comptant
307250,17626,2025-12-16,2026-01-15,2026-01-10,822270,822270,30 j
307251,12970,2025-12-15,2026-01-14,2026-01-14,734940,734940,30 j
307252,1744,2025-12-15,2026-01-14,2026-01-24,1572600,1572600,30 j
307253,23369,2025-12-17,2026-01-01,2026-01-01,1508250,1508250,Comptant
307254,11580,2025-12-17,2026-01-01,,1526295,0,Comptant
307255,17951,2025-12-17,2026-01-16,2026-01-15,62905,62905,30 j
307256,3648,2025-12-16,2025-12-31,2025-12-31,1105655,1105655,Comptant
307257,2872,2025-12-17,2026-01-01,2026-01-21,1711930,1711930,Comptant
307258,13378,2025-12-16,2025-12-31,2025-12-28,984490,984490,Comptant
307259,15989,2025-12-16,2025-12-31,2025-12-28,1490130,1490130,Comptant
307260,19597,2025-12-17,2026-02-15,2026-02-10,203910,203910,60 j
307261,10908,2025-12-18,2026-01-17,,1190645,0,30 j
307262,9680,2025-12-18,2026-01-02,2025-12-31,119170,119170,Comptant
307263,18919,2025-12-17,2026-01-01,2025-12-31,197560,197560,Comptant
307264,13979,2025-12-17,2026-01-01,2025-12-31,257640,257640,Comptant
307265,10816,2025-12-18,2026-01-02,2026-01-02,1324835,1324835,Comptant
307266,19621,2025-12-17,2026-01-01,2026-01-02,312150,312150,Comptant
307267,5543,2025-12-19,2026-02-17,2026-02-14,418930,418930,60 j
307268,2784,2025-12-19,2026-01-03,2026-01-01,735660,735660,Comptant
307269,3954,2025-12-19,2026-01-03,2026-01-04,1286340,1286340,Comptant
307270,3467,2025-12-17,2026-01-01,2025-12-29,1110560,1110560,Comptant
307271,10721,2025-12-18,2026-01-02,2025-12-30,1354230,1354230,Comptant
307272,13527,2025-12-18,2026-01-02,2026-01-03,1138235,1138235,Comptant
307273,12520,2025-12-18,2026-01-02,2026-01-04,1293210,1293210,Comptant
307274,18482,2025-12-20,2026-01-04,2026-01-03,1481670,1481670,Comptant
307275,18975,2025-12-18,2026-01-17,,932630,0,30 j
307276,11836,2025-12-18,2026-01-02,2026-01-01,992440,992440,Comptant
307277,9623,2025-12-18,2026-01-02,2026-01-02,317445,317445,Comptant
307278,5159,2025-12-19,2026-01-18,2026-01-13,1505120,1505120,30 j
307279,9818,2025-12-19,2026-01-18,,1052200,0,30 j
307280,23044,2025-12-21,2026-01-05,2026-01-03,1706675,1706675,Comptant
307281,513,2025-12-20,2026-01-04,,1125065,0,Comptant
307282,22178,2025-12-21,2026-01-05,2025-12-31,587265,587265,Comptant
307283,10760,2025-12-20,2026-01-19,2026-01-14,570120,570120,30 j
307284,19187,2025-12-21,2026-01-05,,1305275,0,Comptant
307285,5010,2025-12-19,2026-02-17,2026-02-19,1085855,1085855,60 j
307286,23627,2025-12-20,2026-02-18,2026-02-13,1295765,1295765,60 j
307287,5694,2025-12-22,2026-01-21,2026-01-18,1331355,1331355,30 j
307288,22650,2025-12-21,2026-01-05,,716875,0,Comptant
307289,10609,2025-12-21,2026-02-19,2026-02-14,1640655,1640655,60 j
307290,20065,2025-12-22,2026-02-20,2026-02-25,270475,270475,60 j
307291,12030,2025-12-22,2026-01-21,2026-03-07,837450,837450,30 j
307292,185,2025-12-20,2026-01-19,2026-01-18,1239405,1239405,30 j
307293,17127,2025-12-23,2026-02-21,2026-02-26,1337650,1337650,60 j
307294,3039,2025-12-21,2026-01-20,2026-01-20,933685,933685,30 j
307295,7645,2025-12-21,2026-01-20,2026-01-15,1657425,1657425,30 j
307296,23748,2025-12-22,2026-01-06,,673715,0,Comptant
307297,18947,2025-12-23,2026-01-07,2026-01-07,1776855,1776855,Comptant
307298,21257,2025-12-21,2026-01-05,2026-02-19,1494620,1494620,Comptant
307299,22177,2025-12-21,2026-01-20,2026-01-19,921485,921485,30 j
307300,9560,2025-12-22,2026-01-06,2026-01-06,655925,655925,Comptant
307301,10996,2025-12-23,2026-02-21,,285250,0,60 j
307302,7264,2025-12-22,2026-01-06,2026-01-08,1283220,1283220,Comptant
307303,7374,2025-12-23,2026-01-22,,623295,0,30 j
307304,14774,2025-12-23,2026-01-22,2026-01-21,107600,107600,30 j
307305,2338,2025-12-22,2026-02-20,2026-02-19,1349585,1349585,60 j
307306,995,2025-12-22,2026-01-21,2026-01-16,804890,804890,30 j
307307,4182,2025-12-24,2026-01-23,2026-01-20,1718845,1718845,30 j
307308,1293,2025-12-25,2026-01-09,2026-01-06,638060,638060,Comptant
307309,21044,2025-12-23,2026-02-21,2026-02-16,1619800,1619800,60 j
307310,8915,2025-12-23,2026-01-07,2026-01-06,127525,127525,Comptant
307311,1945,2025-12-25,2026-01-09,2026-01-08,1168075,1168075,Comptant
307312,2005,2025-12-24,2026-01-08,2026-01-05,1349700,1349700,Comptant
307313,2074,2025-12-25,2026-01-24,2026-01-19,1397840,1397840,30 j
307314,21173,2025-12-24,2026-01-08,2026-01-03,1688170,1688170,Comptant
307315,3442,2025-12-24,2026-01-08,2026-01-06,476520,476520,Comptant
307316,15545,2025-12-26,2026-01-10,2026-01-09,600095,600095,Comptant
307317,3101,2025-12-25,2026-01-09,2026-01-07,635760,635760,Comptant
307318,19253,2025-12-26,2026-01-10,2026-01-05,1767470,1767470,Comptant
307319,8725,2025-12-24,2026-01-23,2026-01-22,808330,808330,30 j
307320,5473,2025-12-26,2026-01-10,2026-02-24,309780,309780,Comptant
307321,6042,2025-12-26,2026-01-10,,1354890,0,Comptant
307322,9855,2025-12-25,2026-02-23,2026-02-22,936830,936830,60 j
307323,22718,2025-12-26,2026-01-10,2026-02-24,332530,332530,Comptant
307324,8,2025-12-26,2026-01-10,2026-01-07,539975,539975,Comptant
307325,10971,2025-12-27,2026-01-11,2026-01-11,836350,836350,Comptant
307326,1119,2025-12-25,2026-01-09,2026-01-07,1077470,1077470,Comptant
307327,19719,2025-12-27,2026-01-11,2026-01-10,157955,157955,Comptant
307328,2881,2025-12-26,2026-01-25,,696055,0,30 j
307329,17375,2025-12-26,2026-01-10,2026-01-05,1691355,1691355,Comptant
307330,1579,2025-12-26,2026-01-10,2026-01-05,1410375,1410375,Comptant
307331,808,2025-12-26,2026-01-10,2026-01-15,1280130,1280130,Comptant
307332,3037,2025-12-28,2026-01-12,2026-01-07,1594835,1594835,Comptant
307333,3122,2025-12-28,2026-01-12,2026-01-10,1666600,1666600,Comptant
307334,18475,2025-12-28,2026-01-27,2026-01-27,901890,901890,30 j
307335,21050,2025-12-27,2026-01-11,2026-01-10,1296180,1296180,Comptant
307336,2888,2025-12-29,2026-01-13,2026-01-13,952645,952645,Comptant
307337,4780,2025-12-27,2026-02-25,2026-02-24,1301205,1301205,60 j
307338,4001,2025-12-28,2026-01-12,2026-01-07,706625,706625,Comptant
307339,16019,2025-12-29,2026-02-27,,66270,0,60 j
307340,13750,2025-12-29,2026-01-13,2026-01-10,1263065,1263065,Comptant
307341,2746,2025-12-30,2026-01-29,2026-01-28,338545,338545,30 j
307342,282,2025-12-29,2026-01-28,2026-01-26,1252100,1252100,30 j
307343,23268,2025-12-28,2026-01-12,2026-01-11,178830,178830,Comptant
307344,11260,2025-12-30,2026-01-14,2026-01-19,691345,691345,Comptant
307345,11174,2025-12-28,2026-01-27,2026-01-24,916765,916765,30 j
307346,9005,2025-12-29,2026-01-13,2026-01-11,1680710,1680710,Comptant
307347,4395,2025-12-31,2026-01-30,2026-01-30,1178505,1178505,30 j
307348,15705,2025-12-31,2026-01-30,2026-01-27,913145,913145,30 j
307349,225,2025-12-30,2026-01-14,,1415970,0,Comptant
307350,20357,2025-12-31,2026-01-15,2026-01-10,83855,83855,Comptant
307351,2261,2025-12-31,2026-01-15,,997470,0,Comptant
307352,5360,2025-12-29,2026-01-13,,1191295,0,Comptant
307353,21945,2025-12-29,2026-01-13,2026-01-11,657000,657000,Comptant
307354,7082,2025-12-31,2026-01-15,2026-01-15,1432305,1432305,Comptant
307355,176,2025-12-30,2026-01-29,,1252075,0,30 j
307356,12958,2026-01-01,2026-01-16,2026-01-13,718175,718175,Comptant
307357,8748,2026-01-01,2026-01-16,2026-01-15,353620,353620,Comptant
307358,19178,2025-12-30,2026-02-28,2026-03-05,836035,836035,60 j
307359,23886,2025-12-30,2026-01-14,,670945,0,Comptant
307360,18467,2025-12-31,2026-01-30,2026-01-30,1744465,1744465,30 j
307361,17982,2025-12-31,2026-01-15,2026-01-10,1687340,1687340,Comptant
307362,10409,2026-01-02,2026-02-01,,1229730,0,30 j
307363,9675,2025-12-31,2026-01-15,2026-01-12,1098155,1098155,Comptant
307364,10577,2026-01-01,2026-01-16,2026-01-11,1068735,1068735,Comptant
307365,18819,2025-12-31,2026-01-15,2026-01-13,68615,68615,Comptant
307366,9158,2026-01-02,2026-01-17,2026-01-14,1691890,1691890,Comptant
307367,13382,2026-01-01,2026-01-16,2026-01-14,1248785,1248785,Comptant
307368,11294,2026-01-02,2026-02-01,2026-02-11,638160,638160,30 j
307369,14454,2026-01-02,2026-01-17,2026-01-15,1002520,1002520,Comptant
307370,16429,2026-01-02,2026-01-17,,1328135,0,Comptant
307371,16735,2026-01-02,2026-02-01,2026-02-01,833910,833910,30 j
307372,6383,2026-01-03,2026-01-18,,1653880,0,Comptant
307373,22632,2026-01-02,2026-01-17,2026-01-14,682860,682860,Comptant
307374,7672,2026-01-04,2026-01-19,2026-01-17,1371155,1371155,Comptant
307375,7561,2026-01-04,2026-02-03,2026-02-05,1573950,1573950,30 j
307376,10418,2026-01-02,2026-02-01,2026-01-29,301910,301910,30 j
307377,7560,2026-01-03,2026-02-02,2026-01-31,1637835,1637835,30 j
307378,14310,2026-01-04,2026-03-05,,925785,0,60 j
307379,9328,2026-01-03,2026-02-02,2026-01-31,1462255,1462255,30 j
307380,11891,2026-01-02,2026-01-17,,897445,0,Comptant
307381,15633,2026-01-04,2026-01-19,2026-03-05,1427365,1427365,Comptant
307382,18030,2026-01-05,2026-01-20,2026-03-06,522605,522605,Comptant
307383,22604,2026-01-04,2026-01-19,2026-01-14,1143085,1143085,Comptant
307384,22992,2026-01-03,2026-02-02,2026-01-28,557350,557350,30 j
307385,7677,2026-01-03,2026-01-18,2026-01-15,1668320,1668320,Comptant
307386,15804,2026-01-04,2026-01-19,,1358200,0,Comptant
307387,18151,2026-01-04,2026-02-03,2026-01-29,555125,555125,30 j
307388,15758,2026-01-05,2026-01-20,2026-02-09,658445,658445,Comptant
307389,19225,2026-01-04,2026-01-19,2026-01-18,1306330,1306330,Comptant
307390,17648,2026-01-06,2026-01-21,2026-01-21,1487285,1487285,Comptant
307391,23135,2026-01-04,2026-01-19,2026-01-21,763780,763780,Comptant
307392,17356,2026-01-04,2026-01-19,2026-01-14,707080,707080,Comptant
307393,20118,2026-01-05,2026-01-20,2026-01-20,1111510,1111510,Comptant
307394,1330,2026-01-07,2026-01-22,2026-01-19,855145,855145,Comptant
307395,11543,2026-01-07,2026-02-06,,340905,0,30 j
307396,22760,2026-01-07,2026-02-06,2026-02-01,267120,267120,30 j
307397,9927,2026-01-07,2026-02-06,,483150,0,30 j
307398,6978,2026-01-07,2026-02-06,,819665,0,30 j
307399,21937,2026-01-06,2026-01-21,2026-01-21,1479520,1479520,Comptant
307400,5438,2026-01-05,2026-01-20,2026-01-15,386890,386890,Comptant
307401,22313,2026-01-07,2026-01-22,2026-01-22,1222720,1222720,Comptant
307402,2101,2026-01-08,2026-03-09,2026-03-07,932025,932025,60 j
307403,17660,2026-01-08,2026-01-23,,1647580,0,Comptant
307404,6550,2026-01-07,2026-01-22,2026-01-19,1152285,1152285,Comptant
307405,617,2026-01-06,2026-01-21,2026-01-16,842830,842830,Comptant
307406,22115,2026-01-07,2026-01-22,2026-01-17,278425,278425,Comptant
307407,14365,2026-01-06,2026-01-21,2026-01-20,1217600,1217600,Comptant
307408,22538,2026-01-09,2026-01-24,,208300,0,Comptant
307409,19337,2026-01-09,2026-01-24,2026-01-22,872360,872360,Comptant
307410,12838,2026-01-08,2026-01-23,2026-01-20,1759875,1759875,Comptant
307411,19531,2026-01-09,2026-01-24,2026-01-21,1250125,1250125,Comptant
307412,7768,2026-01-07,2026-02-06,2026-02-05,629665,629665,30 j
307413,4396,2026-01-08,2026-01-23,2026-01-18,1156265,1156265,Comptant
307414,17837,2026-01-09,2026-03-10,2026-03-05,1533310,1533310,60 j
307415,19466,2026-01-10,2026-01-25,2026-01-24,198055,198055,Comptant
307416,16720,2026-01-08,2026-01-23,2026-01-22,193380,193380,Comptant
307417,13243,2026-01-08,2026-01-23,2026-01-23,931225,931225,Comptant
307418,18245,2026-01-10,2026-02-09,2026-02-06,1090995,1090995,30 j
307419,11733,2026-01-09,2026-01-24,,1621130,0,Comptant
307420,5711,2026-01-10,2026-02-09,2026-02-07,1077890,1077890,30 j
307421,5817,2026-01-10,2026-02-09,2026-02-04,1534630,1534630,30 j
307422,8974,2026-01-10,2026-01-25,,1292185,0,Comptant
307423,8382,2026-01-10,2026-02-09,2026-02-09,1213050,1213050,30 j
307424,12274,2026-01-09,2026-01-24,2026-01-22,970685,970685,Comptant
307425,5142,2026-01-09,2026-01-24,2026-01-21,150140,150140,Comptant
307426,13357,2026-01-11,2026-03-12,2026-03-09,1573720,1573720,60 j
307427,17055,2026-01-10,2026-03-11,2026-03-21,1289830,1289830,60 j
307428,4783,2026-01-11,2026-01-26,,265960,0,Comptant
307429,2275,2026-01-11,2026-02-10,2026-02-09,871565,871565,30 j
307430,7000,2026-01-11,2026-03-12,2026-03-10,236470,236470,60 j
307431,19527,2026-01-10,2026-01-25,2026-01-20,1226635,1226635,Comptant
307432,12952,2026-01-12,2026-03-13,2026-03-12,487565,487565,60 j
307433,23907,2026-01-12,2026-01-27,,834605,0,Comptant
307434,262,2026-01-12,2026-02-11,2026-02-08,1526485,1526485,30 j
307435,11958,2026-01-13,2026-02-12,2026-02-12,1419430,1419430,30 j
307436,6392,2026-01-11,2026-01-26,2026-01-24,1397925,1397925,Comptant
307437,13581,2026-01-13,2026-01-28,2026-01-25,1696990,1696990,Comptant
307438,10575,2026-01-11,2026-01-26,,1661125,0,Comptant
307439,21310,2026-01-11,2026-01-26,2026-01-27,1409810,1409810,Comptant
307440,10568,2026-01-12,2026-02-11,2026-02-10,1658075,1658075,30 j
307441,15822,2026-01-14,2026-02-13,,626500,0,30 j
307442,12722,2026-01-14,2026-02-13,2026-02-10,554180,554180,30 j
307443,1318,2026-01-12,2026-03-13,2026-03-11,1053080,1053080,60 j
307444,18350,2026-01-12,2026-01-27,2026-01-26,1288895,1288895,Comptant
307445,419,2026-01-12,2026-02-11,2026-02-06,1665825,1665825,30 j
307446,4249,2026-01-12,2026-01-27,2026-01-27,974475,974475,Comptant
307447,17641,2026-01-14,2026-03-15,2026-03-17,395340,395340,60 j
307448,17882,2026-01-14,2026-02-13,2026-02-11,354400,354400,30 j
307449,20164,2026-01-13,2026-01-28,,889800,0,Comptant
307450,20644,2026-01-13,2026-01-28,2026-01-28,906855,906855,Comptant
307451,5543,2026-01-15,2026-03-16,2026-03-13,1281945,1281945,60 j
307452,465,2026-01-15,2026-01-30,2026-01-25,1377810,1377810,Comptant
307453,977,2026-01-13,2026-03-14,2026-04-28,396495,396495,60 j
307454,19120,2026-01-15,2026-02-14,2026-02-16,1436480,1436480,30 j
307455,8359,2026-01-15,2026-01-30,2026-01-27,721330,721330,Comptant
307456,4993,2026-01-15,2026-03-16,2026-03-13,1478530,1478530,60 j
307457,18801,2026-01-16,2026-01-31,2026-01-26,1045340,1045340,Comptant
307458,12874,2026-01-16,2026-01-31,2026-01-29,619205,619205,Comptant
307459,18720,2026-01-15,2026-01-30,2026-01-25,896130,896130,Comptant
307460,5920,2026-01-15,2026-02-14,2026-02-14,1414515,1414515,30 j
307461,12005,2026-01-15,2026-01-30,,1230215,0,Comptant
307462,21668,2026-01-15,2026-02-14,2026-02-19,672495,672495,30 j
307463,23699,2026-01-15,2026-01-30,2026-01-27,1006230,1006230,Comptant
307464,18212,2026-01-17,2026-02-16,2026-02-13,975020,975020,30 j
307465,17937,2026-01-15,2026-01-30,2026-01-28,450050,450050,Comptant
307466,14406,2026-01-16,2026-01-31,2026-01-30,876735,876735,Comptant
307467,21613,2026-01-16,2026-03-17,2026-03-15,743030,743030,60 j
307468,8250,2026-01-17,2026-02-16,2026-02-11,914430,914430,30 j
307469,14663,2026-01-17,2026-02-01,2026-01-27,230940,230940,Comptant
307470,3902,2026-01-16,2026-01-31,2026-01-28,683065,683065,Comptant
307471,3333,2026-01-16,2026-03-17,,797620,0,60 j
307472,3536,2026-01-18,2026-02-02,2026-02-01,1639030,1639030,Comptant
307473,21629,2026-01-16,2026-01-31,2026-01-26,797310,797310,Comptant
307474,7122,2026-01-17,2026-02-01,2026-01-27,190225,190225,Comptant
307475,1102,2026-01-18,2026-02-02,2026-02-22,771420,771420,Comptant
307476,6746,2026-01-18,2026-02-17,2026-02-12,924635,924635,30 j
307477,23577,2026-01-17,2026-02-01,2026-01-27,697000,697000,Comptant
307478,8558,2026-01-19,2026-02-18,2026-02-17,863685,863685,30 j
307479,22453,2026-01-18,2026-02-17,2026-02-12,1063425,1063425,30 j
307480,14342,2026-01-17,2026-02-16,,415160,0,30 j
307481,7422,2026-01-19,2026-02-18,2026-02-16,1570850,1570850,30 j
307482,6937,2026-01-19,2026-02-03,2026-02-01,1431655,1431655,Comptant
307483,17754,2026-01-18,2026-02-02,2026-01-28,1634485,1634485,Comptant
307484,20541,2026-01-19,2026-02-03,2026-02-03,118405,118405,Comptant
307485,17203,2026-01-18,2026-03-19,2026-03-16,426265,426265,60 j
307486,16495,2026-01-19,2026-02-03,2026-02-02,1668155,1668155,Comptant
307487,22129,2026-01-19,2026-02-03,2026-02-02,475965,475965,Comptant
307488,5835,2026-01-21,2026-02-05,2026-02-02,827795,827795,Comptant
307489,2644,2026-01-20,2026-02-04,2026-02-01,1096220,1096220,Comptant
307490,279,2026-01-21,2026-02-05,2026-02-04,175190,175190,Comptant
307491,20098,2026-01-19,2026-02-03,2026-02-01,420320,420320,Comptant
307492,16683,2026-01-21,2026-02-05,2026-02-15,1206090,1206090,Comptant
307493,23025,2026-01-20,2026-02-04,2026-02-04,763065,763065,Comptant
307494,2260,2026-01-21,2026-02-05,2026-01-31,1340615,1340615,Comptant
307495,1314,2026-01-21,2026-02-05,2026-02-05,1088630,1088630,Comptant
307496,22021,2026-01-22,2026-03-23,2026-03-22,1578995,1578995,60 j
307497,7918,2026-01-21,2026-02-20,,1022235,0,30 j
307498,2010,2026-01-20,2026-02-04,2026-02-04,256235,256235,Comptant
307499,4658,2026-01-21,2026-02-05,2026-02-04,117880,117880,Comptant
307500,19575,2026-01-20,2026-02-04,2026-01-30,1350065,1350065,Comptant
307501,13663,2026-01-20,2026-02-04,2026-02-03,1506890,1506890,Comptant
307502,6819,2026-01-23,2026-02-22,2026-02-21,916835,916835,30 j
307503,1002,2026-01-22,2026-02-21,2026-02-23,1157960,1157960,30 j
307504,21087,2026-01-21,2026-02-05,2026-02-07,265580,265580,Comptant
307505,2499,2026-01-21,2026-02-20,2026-02-20,574040,574040,30 j
307506,9412,2026-01-23,2026-02-07,2026-02-05,1495715,1495715,Comptant
307507,6294,2026-01-22,2026-02-06,2026-02-03,353610,353610,Comptant
307508,10640,2026-01-22,2026-02-21,,214740,0,30 j
307509,2331,2026-01-23,2026-02-07,2026-02-04,1787845,1787845,Comptant
307510,12232,2026-01-23,2026-02-22,2026-02-23,1604860,1604860,30 j
307511,11096,2026-01-22,2026-02-06,2026-02-04,87945,87945,Comptant
307512,19251,2026-01-22,2026-02-06,2026-02-16,1564670,1564670,Comptant
307513,16393,2026-01-24,2026-02-23,2026-03-15,1646660,1646660,30 j
307514,13863,2026-01-23,2026-02-07,2026-02-02,517805,517805,Comptant
307515,20802,2026-01-23,2026-02-22,,702965,0,30 j
307516,8108,2026-01-24,2026-02-08,,572610,0,Comptant
307517,23903,2026-01-24,2026-02-23,2026-02-23,1344400,1344400,30 j
307518,11213,2026-01-24,2026-02-23,2026-02-20,1264625,1264625,30 j
307519,15005,2026-01-25,2026-02-09,2026-02-04,105915,105915,Comptant
307520,19471,2026-01-24,2026-02-23,2026-02-18,408580,408580,30 j
307521,6259,2026-01-25,2026-02-09,2026-03-26,1179320,1179320,Comptant
307522,4907,2026-01-24,2026-02-08,,646920,0,Comptant
307523,10267,2026-01-26,2026-02-25,2026-02-24,1474320,1474320,30 j
307524,11271,2026-01-26,2026-02-25,2026-02-25,702835,702835,30 j
307525,20710,2026-01-25,2026-02-09,2026-02-06,706515,706515,Comptant
307526,22867,2026-01-25,2026-02-09,,1575080,0,Comptant
307527,14731,2026-01-26,2026-02-25,,474795,0,30 j
307528,9049,2026-01-25,2026-02-09,,786470,0,Comptant
307529,22906,2026-01-27,2026-02-11,2026-02-11,254440,254440,Comptant
307530,16717,2026-01-25,2026-02-24,2026-02-19,1291930,1291930,30 j
307531,14709,2026-01-27,2026-02-11,2026-03-03,719825,719825,Comptant
307532,22473,2026-01-25,2026-02-24,2026-02-22,859450,859450,30 j
307533,440,2026-01-26,2026-02-10,2026-02-09,1595615,1595615,Comptant
307534,13896,2026-01-26,2026-03-27,2026-03-22,1489090,1489090,60 j
307535,18803,2026-01-27,2026-02-11,,667710,0,Comptant
307536,12750,2026-01-26,2026-02-10,2026-02-05,1547925,1547925,Comptant
307537,6685,2026-01-27,2026-03-28,2026-03-30,918180,918180,60 j
307538,23304,2026-01-26,2026-03-27,,1037145,0,60 j
307539,8415,2026-01-28,2026-02-12,2026-02-09,542965,542965,Comptant
307540,12474,2026-01-26,2026-02-10,2026-02-08,1582270,1582270,Comptant
307541,15382,2026-01-26,2026-02-25,2026-02-24,1572615,1572615,30 j
307542,3089,2026-01-29,2026-02-13,2026-02-08,1149585,1149585,Comptant
307543,21557,2026-01-28,2026-02-27,2026-02-27,880690,880690,30 j
307544,12014,2026-01-29,2026-02-13,2026-02-08,111510,111510,Comptant
307545,23894,2026-01-28,2026-02-12,2026-02-10,1135455,1135455,Comptant
307546,23698,2026-01-28,2026-02-12,2026-02-09,229590,229590,Comptant
307547,20345,2026-01-27,2026-02-11,2026-02-08,527655,527655,Comptant
307548,8095,2026-01-29,2026-02-13,2026-02-11,499970,499970,Comptant
307549,1606,2026-01-29,2026-02-28,2026-03-02,1439050,1439050,30 j
307550,3808,2026-01-29,2026-02-13,2026-02-10,1386500,1386500,Comptant
307551,12859,2026-01-28,2026-03-29,2026-03-28,1735085,1735085,60 j
307552,3635,2026-01-30,2026-02-14,2026-02-11,1198345,1198345,Comptant
307553,22356,2026-01-30,2026-02-14,2026-02-12,1094540,1094540,Comptant
307554,4842,2026-01-29,2026-02-13,2026-02-08,1743730,1743730,Comptant
307555,12100,2026-01-31,2026-02-15,,187120,0,Comptant
307556,14412,2026-01-31,2026-02-15,2026-02-14,140385,140385,Comptant
307557,15207,2026-01-30,2026-02-14,2026-02-12,86060,86060,Comptant
307558,20706,2026-01-31,2026-02-15,,1108040,0,Comptant
307559,22070,2026-01-29,2026-02-13,2026-02-12,390240,390240,Comptant
307560,18336,2026-01-31,2026-02-15,2026-02-10,741860,741860,Comptant
307561,18512,2026-01-30,2026-02-14,2026-02-14,600655,600655,Comptant
307562,4953,2026-02-01,2026-02-16,2026-02-15,748015,748015,Comptant
307563,13003,2026-01-31,2026-03-02,,594605,0,30 j
307564,8806,2026-01-31,2026-03-02,,698080,0,30 j
307565,15137,2026-01-31,2026-03-02,2026-03-22,692860,692860,30 j
307566,22033,2026-02-01,2026-02-16,,721235,0,Comptant
307567,275,2026-02-01,2026-02-16,2026-02-13,579130,579130,Comptant
307568,16982,2026-02-01,2026-02-16,2026-02-13,210355,210355,Comptant
307569,20411,2026-01-31,2026-02-15,2026-02-14,186405,186405,Comptant
307570,12153,2026-02-01,2026-02-16,,97170,0,Comptant
307571,14061,2026-02-01,2026-02-16,2026-02-26,708945,708945,Comptant
307572,687,2026-02-02,2026-02-17,2026-02-12,741210,741210,Comptant
307573,19240,2026-02-02,2026-02-17,2026-02-19,1545735,1545735,Comptant
307574,12533,2026-02-01,2026-02-16,2026-02-11,687550,687550,Comptant
307575,13934,2026-02-01,2026-02-16,2026-02-11,1279375,1279375,Comptant
307576,1720,2026-02-03,2026-03-05,2026-02-28,118635,118635,30 j
307577,17567,2026-02-01,2026-02-16,2026-02-14,1696975,1696975,Comptant
307578,2755,2026-02-01,2026-02-16,,688095,0,Comptant
307579,13849,2026-02-02,2026-02-17,2026-02-16,1228035,1228035,Comptant
307580,4149,2026-02-03,2026-03-05,2026-03-05,1599755,1599755,30 j
307581,3327,2026-02-02,2026-02-17,2026-02-14,1303480,1303480,Comptant
307582,9694,2026-02-04,2026-02-19,2026-02-19,263570,263570,Comptant
307583,14452,2026-02-03,2026-02-18,2026-02-15,1297215,1297215,Comptant
307584,3010,2026-02-02,2026-02-17,2026-03-09,60215,60215,Comptant
307585,6953,2026-02-03,2026-02-18,2026-02-16,1077535,1077535,Comptant
307586,15447,2026-02-02,2026-03-04,2026-02-27,303205,303205,30 j
307587,7473,2026-02-02,2026-02-17,2026-02-16,117400,117400,Comptant
307588,1714,2026-02-02,2026-04-03,2026-04-04,1553985,1553985,60 j
307589,12547,2026-02-03,2026-03-05,2026-03-03,1253385,1253385,30 j
307590,23212,2026-02-03,2026-02-18,2026-02-18,881465,881465,Comptant
307591,8137,2026-02-04,2026-03-06,2026-03-05,1410310,1410310,30 j
307592,7406,2026-02-05,2026-02-20,2026-02-21,859050,859050,Comptant
307593,8341,2026-02-03,2026-02-18,2026-02-13,698200,698200,Comptant
307594,7297,2026-02-04,2026-03-06,2026-03-01,270165,270165,30 j
307595,22069,2026-02-03,2026-02-18,2026-02-17,1792025,1792025,Comptant
307596,14227,2026-02-05,2026-03-07,2026-03-05,1149485,1149485,30 j
307597,20429,2026-02-05,2026-02-20,2026-02-17,79085,79085,Comptant
307598,23239,2026-02-04,2026-03-06,2026-03-03,620295,620295,30 j
307599,20043,2026-02-06,2026-02-21,2026-02-16,900075,900075,Comptant
307600,22587,2026-02-04,2026-02-19,2026-02-19,783990,783990,Comptant
307601,22297,2026-02-06,2026-02-21,,1517065,0,Comptant
307602,18995,2026-02-05,2026-02-20,2026-02-17,374530,374530,Comptant
307603,5667,2026-02-05,2026-02-20,2026-02-19,569160,569160,Comptant
307604,10819,2026-02-05,2026-02-20,2026-02-19,1528420,1528420,Comptant
307605,8944,2026-02-07,2026-03-09,2026-04-23,1501750,1501750,30 j
307606,5791,2026-02-07,2026-03-09,2026-03-07,156100,156100,30 j
307607,20772,2026-02-06,2026-02-21,2026-02-18,1327235,1327235,Comptant
307608,17466,2026-02-07,2026-03-09,,469625,0,30 j
307609,5209,2026-02-06,2026-02-21,2026-02-19,594445,594445,Comptant
307610,5661,2026-02-06,2026-02-21,2026-02-20,506090,506090,Comptant
307611,12309,2026-02-07,2026-02-22,2026-02-20,103030,103030,Comptant
307612,18379,2026-02-07,2026-03-09,2026-03-04,1624530,1624530,30 j
307613,14792,2026-02-06,2026-02-21,2026-02-18,1609465,1609465,Comptant
307614,17625,2026-02-08,2026-02-23,,893960,0,Comptant
307615,18168,2026-02-06,2026-02-21,2026-02-23,821210,821210,Comptant
307616,20392,2026-02-08,2026-03-10,2026-03-10,1296585,1296585,30 j
307617,19426,2026-02-09,2026-03-11,2026-03-06,358670,358670,30 j
307618,11000,2026-02-09,2026-03-11,2026-03-11,563955,563955,30 j
307619,10907,2026-02-07,2026-02-22,2026-02-21,185750,185750,Comptant
307620,21154,2026-02-08,2026-03-10,2026-03-08,726115,726115,30 j
307621,9760,2026-02-07,2026-03-09,2026-03-04,439650,439650,30 j
307622,14422,2026-02-07,2026-04-08,2026-04-06,1661950,1661950,60 j
307623,8336,2026-02-10,2026-02-25,2026-02-20,1565905,1565905,Comptant
307624,23691,2026-02-08,2026-03-10,2026-03-09,287485,287485,30 j
307625,13596,2026-02-10,2026-02-25,2026-04-11,1407655,1407655,Comptant
307626,19715,2026-02-09,2026-02-24,2026-02-23,1131000,1131000,Comptant
307627,2702,2026-02-09,2026-02-24,2026-02-22,1241970,1241970,Comptant
307628,18861,2026-02-08,2026-03-10,2026-03-05,1597010,1597010,30 j
307629,13058,2026-02-10,2026-02-25,2026-02-20,1786955,1786955,Comptant
307630,10646,2026-02-11,2026-03-13,,1652940,0,30 j
307631,16467,2026-02-11,2026-03-13,2026-03-11,100980,100980,30 j
307632,18287,2026-02-11,2026-02-26,2026-02-26,342745,342745,Comptant
307633,2391,2026-02-09,2026-02-24,2026-02-21,216645,216645,Comptant
307634,18300,2026-02-09,2026-02-24,2026-02-21,1779550,1779550,Comptant
307635,509,2026-02-11,2026-03-13,2026-03-12,227605,227605,30 j
307636,22868,2026-02-10,2026-02-25,2026-02-23,694575,694575,Comptant
307637,1553,2026-02-12,2026-02-27,,1124515,0,Comptant
307638,20689,2026-02-12,2026-04-13,2026-04-12,851230,851230,60 j
307639,21392,2026-02-12,2026-03-14,2026-04-28,1273580,1273580,30 j
307640,21509,2026-02-11,2026-02-26,2026-02-27,72880,72880,Comptant
307641,3908,2026-02-12,2026-03-14,2026-03-14,1004365,1004365,30 j
307642,18347,2026-02-10,2026-04-11,,416855,0,60 j
307643,9536,2026-02-13,2026-02-28,2026-03-02,88140,88140,Comptant
307644,21332,2026-02-13,2026-02-28,2026-02-25,1097310,1097310,Comptant
307645,13549,2026-02-13,2026-02-28,2026-02-26,924640,924640,Comptant
307646,4756,2026-02-11,2026-02-26,2026-02-25,664940,664940,Comptant
307647,14838,2026-02-12,2026-02-27,2026-02-24,1656520,1656520,Comptant
307648,22839,2026-02-13,2026-02-28,2026-02-25,451340,451340,Comptant
307649,4343,2026-02-12,2026-02-27,2026-04-13,1190100,1190100,Comptant
307650,11240,2026-02-12,2026-02-27,2026-02-22,801140,801140,Comptant
307651,19198,2026-02-13,2026-04-14,2026-04-12,310870,310870,60 j
307652,9184,2026-02-13,2026-02-28,2026-02-26,267320,267320,Comptant
307653,12391,2026-02-12,2026-03-14,2026-03-14,1357240,1357240,30 j
307654,2483,2026-02-13,2026-03-15,2026-03-17,931400,931400,30 j
307655,21274,2026-02-14,2026-03-01,2026-02-26,670080,670080,Comptant
307656,12555,2026-02-13,2026-02-28,2026-02-28,66090,66090,Comptant
307657,21429,2026-02-13,2026-02-28,2026-02-23,1334875,1334875,Comptant
307658,6057,2026-02-15,2026-03-17,2026-03-16,336370,336370,30 j
307659,13947,2026-02-13,2026-02-28,2026-02-23,210170,210170,Comptant
307660,1069,2026-02-13,2026-03-15,2026-03-13,232290,232290,30 j
307661,21629,2026-02-13,2026-02-28,2026-02-26,183645,183645,Comptant
307662,22194,2026-02-15,2026-03-02,,993320,0,Comptant
307663,19970,2026-02-16,2026-03-18,2026-03-18,1612045,1612045,30 j
307664,16753,2026-02-16,2026-03-03,2026-03-04,1496805,1496805,Comptant
307665,18902,2026-02-15,2026-03-02,2026-02-28,626855,626855,Comptant
307666,5858,2026-02-15,2026-03-02,2026-03-01,619780,619780,Comptant
307667,12381,2026-02-15,2026-03-02,2026-02-27,1354290,1354290,Comptant
307668,1785,2026-02-14,2026-03-16,2026-03-16,715720,715720,30 j
307669,19003,2026-02-16,2026-04-17,2026-04-17,1369360,1369360,60 j
307670,9106,2026-02-17,2026-03-19,2026-03-17,470150,470150,30 j
307671,18561,2026-02-16,2026-03-03,2026-02-26,1402470,1402470,Comptant
307672,1435,2026-02-15,2026-03-02,2026-02-28,1109065,1109065,Comptant
307673,6435,2026-02-16,2026-03-03,2026-03-01,735665,735665,Comptant
307674,15639,2026-02-16,2026-03-03,2026-03-13,316445,316445,Comptant
307675,2273,2026-02-17,2026-03-04,2026-03-01,1529935,1529935,Comptant
307676,12555,2026-02-17,2026-03-04,2026-03-01,729435,729435,Comptant
307677,15520,2026-02-16,2026-03-03,2026-03-03,154920,154920,Comptant
307678,15050,2026-02-17,2026-03-04,2026-02-27,787410,787410,Comptant
307679,7675,2026-02-18,2026-03-05,2026-03-03,298780,298780,Comptant
307680,16109,2026-02-16,2026-03-18,2026-03-18,395450,395450,30 j
307681,722,2026-02-18,2026-03-05,2026-03-03,1011785,1011785,Comptant
307682,4357,2026-02-18,2026-03-20,,1176180,0,30 j
307683,23478,2026-02-17,2026-03-04,2026-02-27,578195,578195,Comptant
307684,7061,2026-02-19,2026-03-06,2026-03-06,1704665,1704665,Comptant
307685,19536,2026-02-19,2026-03-06,2026-03-04,1604965,1604965,Comptant
307686,14838,2026-02-17,2026-03-04,,114950,0,Comptant
307687,11887,2026-02-17,2026-04-18,2026-04-13,596905,596905,60 j
307688,18108,2026-02-17,2026-03-19,2026-03-19,1566250,1566250,30 j
307689,19525,2026-02-19,2026-03-06,2026-03-04,554775,554775,Comptant
307690,6126,2026-02-19,2026-03-21,2026-03-20,1110995,1110995,30 j
307691,11363,2026-02-20,2026-03-22,2026-03-20,489610,489610,30 j
307692,6450,2026-02-20,2026-03-07,2026-03-07,1591615,1591615,Comptant
307693,23237,2026-02-20,2026-03-07,2026-03-02,124865,124865,Comptant
307694,13158,2026-02-19,2026-03-06,2026-03-04,443745,443745,Comptant
307695,2703,2026-02-20,2026-03-07,2026-03-06,986920,986920,Comptant
307696,20444,2026-02-20,2026-03-22,2026-04-11,225930,225930,30 j
307697,20667,2026-02-20,2026-03-22,2026-03-17,348790,348790,30 j
307698,17473,2026-02-19,2026-03-06,2026-03-01,1060365,1060365,Comptant
307699,19958,2026-02-19,2026-03-06,2026-03-08,900085,900085,Comptant
307700,16903,2026-02-20,2026-03-22,2026-04-11,370385,370385,30 j
307701,14128,2026-02-20,2026-03-22,2026-03-22,587270,587270,30 j
307702,23312,2026-02-20,2026-03-07,2026-03-04,1411760,1411760,Comptant
307703,2815,2026-02-21,2026-03-08,2026-03-07,466790,466790,Comptant
307704,15428,2026-02-20,2026-03-22,2026-03-21,1247200,1247200,30 j
307705,19961,2026-02-21,2026-03-23,2026-03-21,471530,471530,30 j
307706,5809,2026-02-20,2026-03-22,2026-04-01,1558415,1558415,30 j
307707,14488,2026-02-21,2026-03-23,2026-03-22,563340,563340,30 j
307708,8905,2026-02-20,2026-03-07,2026-03-02,1448515,1448515,Comptant
307709,19954,2026-02-20,2026-03-07,2026-03-27,290040,290040,Comptant
307710,3919,2026-02-22,2026-03-09,2026-03-09,435945,435945,Comptant
307711,10786,2026-02-21,2026-03-08,2026-03-18,831450,831450,Comptant
307712,13693,2026-02-23,2026-04-24,2026-04-23,906190,906190,60 j
307713,20439,2026-02-22,2026-03-09,,1663355,0,Comptant
307714,185,2026-02-23,2026-03-25,2026-03-20,1484725,1484725,30 j
307715,9275,2026-02-23,2026-03-10,2026-03-05,1074585,1074585,Comptant
307716,761,2026-02-23,2026-03-10,2026-03-05,1050600,1050600,Comptant
307717,19235,2026-02-23,2026-03-10,2026-03-10,973355,973355,Comptant
307718,11201,2026-02-23,2026-03-25,2026-03-27,567250,567250,30 j
307719,11612,2026-02-23,2026-03-10,,891655,0,Comptant
307720,10536,2026-02-22,2026-03-09,,1354705,0,Comptant
307721,6920,2026-02-23,2026-03-10,2026-03-10,935635,935635,Comptant
307722,20004,2026-02-24,2026-04-25,2026-04-23,1290325,1290325,60 j
307723,16928,2026-02-23,2026-03-10,2026-03-30,1134915,1134915,Comptant
307724,2232,2026-02-25,2026-03-27,2026-03-24,576920,576920,30 j
307725,11692,2026-02-25,2026-03-12,2026-03-12,218205,218205,Comptant
307726,21308,2026-02-25,2026-03-12,2026-03-07,1227935,1227935,Comptant
307727,2907,2026-02-25,2026-03-27,2026-03-22,216485,216485,30 j
307728,3202,2026-02-24,2026-03-11,2026-03-10,911015,911015,Comptant
307729,22674,2026-02-24,2026-03-11,2026-03-31,291600,291600,Comptant
307730,22919,2026-02-25,2026-03-12,2026-03-10,854220,854220,Comptant
307731,21655,2026-02-26,2026-03-28,,78660,0,30 j
307732,1412,2026-02-25,2026-03-12,,1652235,0,Comptant
307733,11790,2026-02-26,2026-03-28,2026-03-27,243155,243155,30 j
307734,11927,2026-02-25,2026-03-27,2026-03-24,1744115,1744115,30 j
307735,8301,2026-02-24,2026-04-25,2026-04-20,1744015,1744015,60 j
307736,9847,2026-02-24,2026-03-26,2026-03-23,239925,239925,30 j
307737,7344,2026-02-27,2026-03-29,2026-03-28,634200,634200,30 j
307738,9877,2026-02-25,2026-03-12,2026-03-09,99720,99720,Comptant
307739,7884,2026-02-25,2026-04-26,2026-04-27,808795,808795,60 j
307740,21674,2026-02-26,2026-03-13,2026-03-08,1147620,1147620,Comptant
307741,10943,2026-02-27,2026-04-28,2026-04-25,1199285,1199285,60 j
307742,10772,2026-02-26,2026-03-13,2026-03-13,1274770,1274770,Comptant
307743,7045,2026-02-26,2026-04-27,,467520,0,60 j
307744,10956,2026-02-28,2026-03-15,2026-03-13,573580,573580,Comptant
307745,5675,2026-02-27,2026-03-14,2026-03-15,972620,972620,Comptant
307746,23101,2026-02-26,2026-03-28,,767725,0,30 j
307747,1992,2026-02-28,2026-03-15,2026-03-20,1117885,1117885,Comptant
307748,20219,2026-02-26,2026-03-13,,1573505,0,Comptant
307749,16247,2026-02-26,2026-03-28,2026-03-26,1481255,1481255,30 j
307750,19476,2026-02-27,2026-03-14,2026-03-11,1636320,1636320,Comptant
307751,1449,2026-02-28,2026-03-15,,1084565,0,Comptant
307752,21122,2026-02-27,2026-03-14,2026-03-19,231125,231125,Comptant
307753,23559,2026-03-01,2026-03-16,2026-03-15,585750,585750,Comptant
307754,13283,2026-03-01,2026-03-16,2026-03-13,1137665,1137665,Comptant
307755,3155,2026-03-01,2026-03-16,2026-03-16,126400,126400,Comptant
307756,16065,2026-02-27,2026-03-14,2026-03-11,628410,628410,Comptant
307757,10306,2026-03-01,2026-04-30,2026-04-29,1263170,1263170,60 j
307758,701,2026-02-28,2026-03-30,2026-03-28,720605,720605,30 j
307759,21945,2026-03-02,2026-03-17,2026-03-15,968025,968025,Comptant
307760,8196,2026-03-01,2026-03-16,2026-03-11,246610,246610,Comptant
307761,11872,2026-03-01,2026-03-31,2026-03-31,1433660,1433660,30 j
307762,3267,2026-03-01,2026-03-31,,1676640,0,30 j
307763,15031,2026-03-01,2026-03-16,2026-03-26,131345,131345,Comptant
307764,11255,2026-03-01,2026-03-16,2026-04-30,1545630,1545630,Comptant
307765,21009,2026-03-02,2026-04-01,,1057450,0,30 j
307766,7147,2026-03-03,2026-04-02,2026-03-28,223810,223810,30 j
307767,3801,2026-03-01,2026-03-16,2026-03-15,582580,582580,Comptant
307768,6818,2026-03-03,2026-04-02,2026-04-02,529150,529150,30 j
307769,5960,2026-03-03,2026-03-18,2026-03-15,857705,857705,Comptant
307770,16511,2026-03-03,2026-04-02,,495425,0,30 j
307771,20697,2026-03-02,2026-03-17,,215695,0,Comptant
307772,15150,2026-03-04,2026-05-03,2026-04-28,362540,362540,60 j
307773,8101,2026-03-03,2026-03-18,2026-03-13,339115,339115,Comptant
307774,9743,2026-03-03,2026-03-18,2026-03-18,1506625,1506625,Comptant
307775,23119,2026-03-02,2026-03-17,2026-03-14,191705,191705,Comptant
307776,4656,2026-03-02,2026-05-01,2026-04-29,1076860,1076860,60 j
307777,7886,2026-03-05,2026-05-04,,269280,0,60 j
307778,15330,2026-03-03,2026-03-18,,1226125,0,Comptant
307779,18914,2026-03-03,2026-03-18,2026-03-17,968860,968860,Comptant
307780,3799,2026-03-05,2026-03-20,2026-03-21,892895,892895,Comptant
307781,511,2026-03-03,2026-03-18,,239330,0,Comptant
307782,14007,2026-03-04,2026-03-19,2026-03-24,343930,343930,Comptant
307783,19388,2026-03-05,2026-03-20,2026-03-25,936465,936465,Comptant
307784,13830,2026-03-06,2026-03-21,2026-03-18,98860,98860,Comptant
307785,5817,2026-03-06,2026-04-05,2026-04-02,1150450,1150450,30 j
307786,18707,2026-03-05,2026-03-20,2026-03-18,1036515,1036515,Comptant
307787,15180,2026-03-05,2026-05-04,2026-05-04,820660,820660,60 j
307788,15915,2026-03-04,2026-05-03,2026-04-30,143945,143945,60 j
307789,317,2026-03-04,2026-05-03,2026-05-01,570855,570855,60 j
307790,14588,2026-03-05,2026-03-20,,859285,0,Comptant
307791,7503,2026-03-06,2026-03-21,2026-03-18,1073050,1073050,Comptant
307792,14027,2026-03-05,2026-03-20,2026-03-20,1174200,1174200,Comptant
307793,6145,2026-03-05,2026-03-20,2026-03-20,793010,793010,Comptant
307794,2059,2026-03-05,2026-03-20,2026-03-17,1091060,1091060,Comptant
307795,12137,2026-03-05,2026-04-04,2026-04-01,74755,74755,30 j
307796,8371,2026-03-05,2026-04-04,2026-04-02,1560335,1560335,30 j
307797,15875,2026-03-06,2026-03-21,,276210,0,Comptant
307798,7131,2026-03-06,2026-03-21,2026-03-21,486500,486500,Comptant
307799,1092,2026-03-08,2026-05-07,2026-05-04,488795,488795,60 j
307800,6052,2026-03-08,2026-04-07,,582540,0,30 j
307801,14545,2026-03-07,2026-03-22,2026-03-19,1775105,1775105,Comptant
307802,807,2026-03-08,2026-04-07,2026-04-02,1376290,1376290,30 j
307803,23439,2026-03-06,2026-04-05,,516600,0,30 j
307804,5761,2026-03-08,2026-03-23,2026-03-23,1477440,1477440,Comptant
307805,23682,2026-03-09,2026-03-24,2026-03-23,1261445,1261445,Comptant
307806,13923,2026-03-08,2026-03-23,2026-03-23,332895,332895,Comptant
307807,318,2026-03-07,2026-03-22,2026-03-24,1070385,1070385,Comptant
307808,2433,2026-03-08,2026-04-07,2026-04-02,828535,828535,30 j
307809,2921,2026-03-07,2026-03-22,2026-03-27,1752505,1752505,Comptant
307810,21882,2026-03-07,2026-03-22,2026-03-20,960515,960515,Comptant
307811,18589,2026-03-09,2026-03-24,2026-03-22,563070,563070,Comptant
307812,5272,2026-03-08,2026-04-07,2026-05-22,942755,942755,30 j
307813,8290,2026-03-10,2026-04-09,2026-04-04,1294050,1294050,30 j
307814,11406,2026-03-10,2026-03-25,2026-03-24,327040,327040,Comptant
307815,14317,2026-03-09,2026-03-24,2026-03-24,168575,168575,Comptant
307816,2105,2026-03-09,2026-03-24,2026-03-19,1103925,1103925,Comptant
307817,18129,2026-03-08,2026-04-07,2026-04-04,729940,729940,30 j
307818,21817,2026-03-10,2026-03-25,2026-03-22,607150,607150,Comptant
307819,14934,2026-03-09,2026-03-24,2026-03-23,483295,483295,Comptant
307820,19882,2026-03-11,2026-03-26,2026-03-26,64015,64015,Comptant
307821,12096,2026-03-09,2026-03-24,2026-03-23,120105,120105,Comptant
307822,6439,2026-03-11,2026-03-26,2026-03-21,1718790,1718790,Comptant
307823,13342,2026-03-10,2026-04-09,2026-04-19,1411810,1411810,30 j
307824,1204,2026-03-12,2026-04-11,2026-04-09,458695,458695,30 j
307825,16554,2026-03-10,2026-03-25,2026-03-30,1360345,1360345,Comptant
307826,22891,2026-03-11,2026-04-10,2026-04-08,962480,962480,30 j
307827,20691,2026-03-10,2026-03-25,2026-03-25,1471055,1471055,Comptant
307828,2301,2026-03-12,2026-04-11,2026-04-10,232985,232985,30 j
307829,18342,2026-03-10,2026-04-09,,1044780,0,30 j
307830,15815,2026-03-11,2026-05-10,2026-05-09,1326725,1326725,60 j
307831,1081,2026-03-12,2026-04-11,2026-04-06,1175885,1175885,30 j
307832,16538,2026-03-12,2026-04-11,2026-04-13,1478990,1478990,30 j
307833,15878,2026-03-11,2026-03-26,2026-03-21,1333760,1333760,Comptant
307834,14923,2026-03-12,2026-05-11,,1522995,0,60 j
307835,1707,2026-03-12,2026-03-27,2026-03-27,1748615,1748615,Comptant
307836,11099,2026-03-12,2026-03-27,2026-03-22,70125,70125,Comptant
307837,6513,2026-03-13,2026-04-12,2026-04-12,1760450,1760450,30 j
307838,11382,2026-03-12,2026-04-11,2026-04-11,1542055,1542055,30 j
307839,2770,2026-03-14,2026-04-13,2026-04-13,1105560,1105560,30 j
307840,17637,2026-03-13,2026-03-28,2026-03-27,1623385,1623385,Comptant
307841,19115,2026-03-14,2026-04-13,2026-04-10,756845,756845,30 j
307842,16072,2026-03-12,2026-03-27,2026-03-22,609490,609490,Comptant
307843,4536,2026-03-13,2026-04-12,2026-04-11,507510,507510,30 j
307844,20158,2026-03-14,2026-03-29,,455425,0,Comptant
307845,5728,2026-03-13,2026-03-28,2026-03-25,378470,378470,Comptant
307846,22122,2026-03-15,2026-03-30,2026-03-25,306905,306905,Comptant
307847,18431,2026-03-15,2026-03-30,2026-03-29,1417325,1417325,Comptant
307848,18925,2026-03-15,2026-03-30,2026-03-28,1129875,1129875,Comptant
307849,13583,2026-03-15,2026-03-30,,828135,0,Comptant
307850,2846,2026-03-14,2026-04-13,2026-04-10,1551885,1551885,30 j
307851,6470,2026-03-16,2026-03-31,,359420,0,Comptant
307852,17780,2026-03-16,2026-03-31,2026-03-30,1183170,1183170,Comptant
307853,15994,2026-03-16,2026-03-31,2026-03-30,541910,541910,Comptant
307854,10611,2026-03-14,2026-04-13,2026-04-11,1339300,1339300,30 j
307855,8057,2026-03-14,2026-04-13,2026-05-03,1577920,1577920,30 j
307856,3407,2026-03-16,2026-04-15,2026-04-10,523210,523210,30 j
307857,13286,2026-03-16,2026-04-15,2026-04-15,214015,214015,30 j
307858,13985,2026-03-16,2026-04-15,2026-04-16,1773330,1773330,30 j
307859,20367,2026-03-16,2026-03-31,2026-03-29,399235,399235,Comptant
307860,15089,2026-03-16,2026-03-31,2026-03-28,229000,229000,Comptant
307861,15829,2026-03-17,2026-04-16,2026-04-13,292730,292730,30 j
307862,14913,2026-03-17,2026-04-01,2026-03-27,1754400,1754400,Comptant
307863,1662,2026-03-16,2026-03-31,2026-03-28,1113325,1113325,Comptant
307864,430,2026-03-17,2026-04-01,2026-03-29,344890,344890,Comptant
307865,7725,2026-03-18,2026-04-02,2026-03-30,1116000,1116000,Comptant
307866,5021,2026-03-16,2026-03-31,2026-03-28,1028250,1028250,Comptant
307867,18053,2026-03-16,2026-04-15,2026-04-20,1093995,1093995,30 j
307868,436,2026-03-18,2026-04-17,,162885,0,30 j
307869,444,2026-03-18,2026-04-02,2026-04-01,418885,418885,Comptant
307870,5949,2026-03-17,2026-04-16,,1394450,0,30 j
307871,6754,2026-03-19,2026-04-03,2026-03-29,472740,472740,Comptant
307872,10863,2026-03-19,2026-04-03,,1785425,0,Comptant
307873,2301,2026-03-17,2026-04-16,2026-04-14,808860,808860,30 j
307874,12344,2026-03-18,2026-04-02,2026-03-30,1465155,1465155,Comptant
307875,16561,2026-03-19,2026-04-03,2026-04-03,1415370,1415370,Comptant
307876,7021,2026-03-18,2026-04-02,2026-04-22,671180,671180,Comptant
307877,23152,2026-03-17,2026-04-01,2026-03-30,869200,869200,Comptant
307878,22886,2026-03-18,2026-04-02,2026-03-31,1069610,1069610,Comptant
307879,10489,2026-03-18,2026-04-02,2026-03-28,1294765,1294765,Comptant
307880,11776,2026-03-18,2026-04-17,2026-05-07,578840,578840,30 j
307881,6771,2026-03-20,2026-04-04,2026-03-30,993215,993215,Comptant
307882,5093,2026-03-20,2026-04-04,2026-04-04,942515,942515,Comptant
307883,11579,2026-03-19,2026-04-03,2026-04-02,1507335,1507335,Comptant
307884,16109,2026-03-20,2026-04-19,2026-04-14,565825,565825,30 j
307885,6638,2026-03-19,2026-04-18,2026-04-17,1282695,1282695,30 j
307886,20696,2026-03-20,2026-04-04,2026-05-19,1730715,1730715,Comptant
307887,19715,2026-03-19,2026-04-03,2026-04-03,472155,472155,Comptant
307888,12698,2026-03-21,2026-04-05,2026-04-04,846415,846415,Comptant
307889,5729,2026-03-21,2026-04-05,2026-04-05,1798480,1798480,Comptant
307890,4247,2026-03-21,2026-05-20,2026-05-17,1548500,1548500,60 j
307891,5800,2026-03-21,2026-04-20,2026-04-15,362405,362405,30 j
307892,8630,2026-03-20,2026-04-04,2026-04-03,233660,233660,Comptant
307893,12436,2026-03-22,2026-04-06,2026-04-04,1224620,1224620,Comptant
307894,3216,2026-03-22,2026-04-21,,1432355,0,30 j
307895,17393,2026-03-21,2026-04-05,2026-04-03,633680,633680,Comptant
307896,943,2026-03-22,2026-04-06,,1222270,0,Comptant
307897,19643,2026-03-20,2026-04-19,2026-04-19,245000,245000,30 j
307898,20457,2026-03-21,2026-04-05,2026-04-05,586025,586025,Comptant
307899,16165,2026-03-21,2026-04-05,,1255120,0,Comptant
307900,2949,2026-03-22,2026-04-06,2026-04-05,492605,492605,Comptant
307901,9481,2026-03-23,2026-04-07,2026-04-08,904245,904245,Comptant
307902,2471,2026-03-22,2026-04-06,2026-04-16,1177435,1177435,Comptant
307903,8049,2026-03-22,2026-04-06,2026-04-03,1107635,1107635,Comptant
307904,21213,2026-03-21,2026-04-05,2026-04-03,82650,82650,Comptant
307905,9385,2026-03-24,2026-04-08,,687740,0,Comptant
307906,23084,2026-03-22,2026-04-06,2026-04-06,1608800,1608800,Comptant
307907,5358,2026-03-24,2026-04-08,2026-04-05,118015,118015,Comptant
307908,2841,2026-03-24,2026-04-08,2026-04-08,1661930,1661930,Comptant
307909,13478,2026-03-24,2026-04-23,2026-04-23,630130,630130,30 j
307910,13859,2026-03-22,2026-04-06,2026-04-03,1125855,1125855,Comptant
307911,9936,2026-03-24,2026-04-08,2026-04-08,1078580,1078580,Comptant
307912,17469,2026-03-23,2026-04-07,,77070,0,Comptant
307913,2108,2026-03-23,2026-05-22,2026-05-19,149010,149010,60 j
307914,1547,2026-03-25,2026-05-24,2026-05-24,1456200,1456200,60 j
307915,18283,2026-03-24,2026-04-08,,821315,0,Comptant
307916,15619,2026-03-25,2026-04-09,2026-04-14,86260,86260,Comptant
307917,21659,2026-03-24,2026-04-08,2026-04-07,637545,637545,Comptant
307918,4031,2026-03-25,2026-04-09,2026-04-10,1105965,1105965,Comptant
307919,20625,2026-03-25,2026-04-09,2026-04-09,1113785,1113785,Comptant
307920,12449,2026-03-25,2026-04-09,,650430,0,Comptant
307921,1016,2026-03-25,2026-04-09,2026-04-09,1497085,1497085,Comptant
307922,20291,2026-03-24,2026-04-23,2026-04-23,1205395,1205395,30 j
307923,4240,2026-03-26,2026-04-10,2026-04-10,105895,105895,Comptant
307924,21142,2026-03-25,2026-04-09,,877465,0,Comptant
307925,16507,2026-03-25,2026-04-09,2026-04-08,476495,476495,Comptant
307926,15230,2026-03-25,2026-04-09,2026-04-09,467595,467595,Comptant
307927,21054,2026-03-25,2026-04-09,2026-04-08,1767100,1767100,Comptant
307928,6656,2026-03-26,2026-04-10,2026-04-08,1473170,1473170,Comptant
307929,14640,2026-03-26,2026-04-10,2026-04-09,1787085,1787085,Comptant
307930,23603,2026-03-25,2026-04-24,2026-05-04,85525,85525,30 j
307931,19189,2026-03-27,2026-04-11,2026-04-11,1390605,1390605,Comptant
307932,21358,2026-03-27,2026-04-26,,1705615,0,30 j
307933,23543,2026-03-28,2026-04-12,2026-04-10,594960,594960,Comptant
307934,21431,2026-03-27,2026-04-26,2026-04-26,1437025,1437025,30 j
307935,18172,2026-03-27,2026-04-26,2026-04-26,1329835,1329835,30 j
307936,12110,2026-03-27,2026-04-26,2026-04-21,244485,244485,30 j
307937,14239,2026-03-26,2026-04-10,2026-04-09,1577300,1577300,Comptant
307938,14099,2026-03-27,2026-04-11,2026-04-09,78585,78585,Comptant
307939,11775,2026-03-28,2026-04-27,2026-04-27,1442550,1442550,30 j
307940,19994,2026-03-28,2026-04-12,2026-04-12,1529865,1529865,Comptant
307941,12544,2026-03-28,2026-04-12,2026-05-27,552870,552870,Comptant
307942,21977,2026-03-28,2026-04-12,2026-04-07,1586165,1586165,Comptant
307943,1068,2026-03-27,2026-04-11,,1201185,0,Comptant
307944,17581,2026-03-27,2026-04-11,2026-04-11,841670,841670,Comptant
307945,8750,2026-03-28,2026-04-12,2026-04-10,1351920,1351920,Comptant
307946,17443,2026-03-30,2026-04-14,2026-04-12,1092070,1092070,Comptant
307947,3647,2026-03-29,2026-04-13,2026-04-12,1175065,1175065,Comptant
307948,6841,2026-03-30,2026-04-14,2026-04-11,320190,320190,Comptant
307949,4528,2026-03-28,2026-04-27,2026-04-22,711505,711505,30 j
307950,21941,2026-03-29,2026-04-13,2026-04-11,1268045,1268045,Comptant
307951,17082,2026-03-29,2026-04-13,2026-04-12,1196245,1196245,Comptant
307952,5511,2026-03-31,2026-05-30,2026-05-29,959120,959120,60 j
307953,9335,2026-03-31,2026-04-15,2026-04-12,629505,629505,Comptant
307954,9679,2026-03-30,2026-04-14,2026-04-09,1267800,1267800,Comptant
307955,3149,2026-03-29,2026-04-13,2026-04-08,1141445,1141445,Comptant
307956,17572,2026-03-31,2026-04-15,2026-04-15,356410,356410,Comptant
307957,12839,2026-03-30,2026-04-14,2026-04-11,440855,440855,Comptant
307958,21174,2026-03-29,2026-04-13,2026-04-13,1673530,1673530,Comptant
307959,1476,2026-04-01,2026-05-01,2026-05-06,1426960,1426960,30 j
307960,15099,2026-04-01,2026-04-16,2026-04-14,1010070,1010070,Comptant
307961,17132,2026-03-30,2026-04-14,2026-04-14,579045,579045,Comptant
307962,20340,2026-03-31,2026-04-15,2026-04-17,953595,953595,Comptant
307963,9780,2026-03-31,2026-04-30,,314665,0,30 j
307964,22121,2026-03-31,2026-04-30,,1416555,0,30 j
307965,6555,2026-03-31,2026-04-15,,264795,0,Comptant
307966,16914,2026-04-02,2026-04-17,,831615,0,Comptant
307967,426,2026-04-02,2026-04-17,,1174520,0,Comptant
307968,21180,2026-04-01,2026-05-01,2026-04-26,895225,895225,30 j
307969,10771,2026-03-31,2026-04-15,2026-04-13,546800,546800,Comptant
307970,21630,2026-04-01,2026-05-01,2026-04-29,896100,896100,30 j
307971,18957,2026-03-31,2026-04-15,2026-04-13,960705,960705,Comptant
307972,12786,2026-04-01,2026-04-16,2026-04-13,1087780,1087780,Comptant
307973,11619,2026-04-02,2026-05-02,2026-05-02,226450,226450,30 j
307974,22510,2026-04-03,2026-04-18,,922565,0,Comptant
307975,20027,2026-04-02,2026-04-17,2026-04-14,1239745,1239745,Comptant
307976,11393,2026-04-03,2026-04-18,2026-04-15,379255,379255,Comptant
307977,21144,2026-04-01,2026-04-16,2026-04-13,1299565,1299565,Comptant
307978,4086,2026-04-02,2026-04-17,2026-04-12,1498815,1498815,Comptant
307979,8054,2026-04-02,2026-06-01,2026-05-30,554255,554255,60 j
307980,16428,2026-04-03,2026-04-18,2026-04-15,1432720,1432720,Comptant
307981,11680,2026-04-04,2026-04-19,,1545730,0,Comptant
307982,4187,2026-04-03,2026-04-18,2026-04-18,189830,189830,Comptant
307983,11502,2026-04-04,2026-04-19,2026-04-19,808350,808350,Comptant
307984,8509,2026-04-03,2026-05-03,2026-05-02,446370,446370,30 j
307985,5518,2026-04-04,2026-05-04,2026-05-24,288340,288340,30 j
307986,17133,2026-04-04,2026-04-19,2026-04-14,1515725,1515725,Comptant
307987,12538,2026-04-04,2026-04-19,2026-04-17,567455,567455,Comptant
307988,22086,2026-04-05,2026-04-20,2026-04-19,351185,351185,Comptant
307989,14760,2026-04-05,2026-04-20,2026-06-04,1575255,1575255,Comptant
307990,7533,2026-04-03,2026-06-02,2026-05-28,273680,273680,60 j
307991,7289,2026-04-04,2026-04-19,2026-04-16,218110,218110,Comptant
307992,542,2026-04-05,2026-04-20,2026-05-10,853320,853320,Comptant
307993,4885,2026-04-05,2026-04-20,2026-06-04,1421725,1421725,Comptant
307994,13564,2026-04-04,2026-05-04,2026-05-04,1600010,1600010,30 j
307995,665,2026-04-04,2026-05-04,2026-05-01,339695,339695,30 j
307996,1024,2026-04-06,2026-04-21,2026-06-05,326770,326770,Comptant
307997,19514,2026-04-04,2026-04-19,2026-04-20,212180,212180,Comptant
307998,23085,2026-04-06,2026-04-21,2026-04-16,1410815,1410815,Comptant
307999,18050,2026-04-07,2026-05-07,2026-05-04,756605,756605,30 j
308000,14263,2026-04-06,2026-05-06,2026-05-01,234655,234655,30 j
308001,6532,2026-04-06,2026-05-06,2026-05-04,1302665,1302665,30 j
308002,8537,2026-04-06,2026-04-21,2026-04-20,347050,347050,Comptant
308003,15709,2026-04-07,2026-04-22,2026-04-17,1277155,1277155,Comptant
308004,8175,2026-04-05,2026-05-05,2026-05-05,478125,478125,30 j
308005,14300,2026-04-06,2026-04-21,,285050,0,Comptant
308006,125,2026-04-07,2026-05-07,2026-05-05,1316345,1316345,30 j
308007,447,2026-04-08,2026-04-23,,1655950,0,Comptant
308008,19856,2026-04-08,2026-04-23,2026-05-03,1555335,1555335,Comptant
308009,608,2026-04-08,2026-06-07,2026-06-05,1062390,1062390,60 j
308010,15406,2026-04-07,2026-04-22,2026-05-12,1289170,1289170,Comptant
308011,10343,2026-04-07,2026-05-07,2026-05-06,1774625,1774625,30 j
308012,6963,2026-04-09,2026-04-24,2026-04-23,1598425,1598425,Comptant
308013,5327,2026-04-08,2026-04-23,2026-04-22,429830,429830,Comptant
308014,10141,2026-04-09,2026-04-24,2026-04-23,1745125,1745125,Comptant
308015,21256,2026-04-09,2026-05-09,2026-05-19,171835,171835,30 j
308016,1033,2026-04-09,2026-05-09,2026-05-07,388800,388800,30 j
308017,17236,2026-04-07,2026-04-22,2026-04-19,717670,717670,Comptant
308018,22479,2026-04-08,2026-06-07,2026-07-22,1244260,1244260,60 j
308019,16685,2026-04-10,2026-04-25,2026-04-24,1261095,1261095,Comptant
308020,6341,2026-04-10,2026-05-10,2026-05-07,484850,484850,30 j
308021,8728,2026-04-10,2026-05-10,2026-05-07,334850,334850,30 j
308022,11920,2026-04-08,2026-04-23,2026-04-23,1787770,1787770,Comptant
308023,13989,2026-04-10,2026-04-25,,755105,0,Comptant
308024,6262,2026-04-10,2026-04-25,2026-04-22,767355,767355,Comptant
308025,12036,2026-04-10,2026-04-25,2026-05-15,912520,912520,Comptant
308026,379,2026-04-11,2026-04-26,2026-04-21,742685,742685,Comptant
308027,9974,2026-04-11,2026-05-11,2026-05-08,1029575,1029575,30 j
308028,20802,2026-04-09,2026-05-09,2026-05-04,1757945,1757945,30 j
308029,9011,2026-04-10,2026-04-25,2026-04-24,1166375,1166375,Comptant
308030,7552,2026-04-10,2026-06-09,2026-06-14,721125,721125,60 j
308031,3738,2026-04-11,2026-04-26,2026-04-24,1307765,1307765,Comptant
308032,10305,2026-04-10,2026-04-25,2026-04-24,732430,732430,Comptant
308033,7348,2026-04-10,2026-04-25,2026-04-24,740175,740175,Comptant
308034,17503,2026-04-12,2026-04-27,2026-04-26,1230720,1230720,Comptant
308035,1685,2026-04-11,2026-04-26,2026-04-26,452565,452565,Comptant
308036,1237,2026-04-11,2026-05-11,2026-05-08,1264080,1264080,30 j
308037,7772,2026-04-12,2026-05-12,2026-05-10,1361015,1361015,30 j
308038,20966,2026-04-11,2026-04-26,2026-06-10,1653555,1653555,Comptant
308039,21349,2026-04-13,2026-06-12,2026-06-22,247670,247670,60 j
308040,14348,2026-04-13,2026-04-28,2026-04-23,384810,384810,Comptant
308041,23711,2026-04-13,2026-06-12,2026-06-07,712445,712445,60 j
308042,17863,2026-04-12,2026-04-27,2026-04-27,699695,699695,Comptant
308043,14652,2026-04-12,2026-04-27,,1449215,0,Comptant
308044,14375,2026-04-12,2026-04-27,,358675,0,Comptant
308045,4383,2026-04-13,2026-04-28,2026-04-26,279315,279315,Comptant
308046,8853,2026-04-13,2026-06-12,2026-06-09,300190,300190,60 j
308047,14192,2026-04-12,2026-04-27,,108255,0,Comptant
308048,22514,2026-04-12,2026-04-27,2026-05-17,1461125,1461125,Comptant
308049,11968,2026-04-13,2026-05-13,2026-05-12,366075,366075,30 j
308050,4155,2026-04-12,2026-04-27,2026-04-25,1343210,1343210,Comptant
308051,23489,2026-04-12,2026-04-27,2026-04-27,448330,448330,Comptant
308052,15568,2026-04-14,2026-04-29,2026-04-24,1216455,1216455,Comptant
308053,2347,2026-04-15,2026-04-30,,1663145,0,Comptant
308054,196,2026-04-13,2026-05-13,2026-05-13,1553170,1553170,30 j
308055,17300,2026-04-15,2026-04-30,2026-04-27,334135,334135,Comptant
308056,8354,2026-04-13,2026-04-28,,476160,0,Comptant
308057,12674,2026-04-14,2026-04-29,2026-04-24,1352990,1352990,Comptant
308058,3422,2026-04-14,2026-04-29,2026-04-29,179950,179950,Comptant
308059,14178,2026-04-14,2026-05-14,2026-05-13,350245,350245,30 j
308060,23064,2026-04-16,2026-06-15,2026-06-13,453815,453815,60 j
308061,10180,2026-04-14,2026-04-29,2026-05-19,1711555,1711555,Comptant
308062,12361,2026-04-14,2026-06-13,2026-06-18,296155,296155,60 j
308063,23109,2026-04-15,2026-05-15,2026-05-10,1528460,1528460,30 j
308064,12871,2026-04-15,2026-04-30,2026-04-29,964405,964405,Comptant
308065,20759,2026-04-15,2026-04-30,2026-04-25,1559870,1559870,Comptant
308066,4214,2026-04-16,2026-05-01,2026-05-21,163475,163475,Comptant
308067,294,2026-04-17,2026-05-02,2026-05-07,1464035,1464035,Comptant
308068,21414,2026-04-15,2026-04-30,,157765,0,Comptant
308069,4808,2026-04-17,2026-05-02,2026-05-01,285655,285655,Comptant
308070,20473,2026-04-17,2026-05-02,2026-05-02,1284375,1284375,Comptant
308071,732,2026-04-16,2026-06-15,2026-06-17,639515,639515,60 j
308072,21754,2026-04-15,2026-05-15,2026-05-13,948770,948770,30 j
308073,6213,2026-04-18,2026-05-18,2026-05-17,1387925,1387925,30 j
308074,4062,2026-04-16,2026-05-01,2026-04-28,1253270,1253270,Comptant
308075,18588,2026-04-16,2026-05-01,2026-04-28,1672450,1672450,Comptant
308076,21848,2026-04-17,2026-05-02,2026-04-27,1662985,1662985,Comptant
308077,4017,2026-04-16,2026-05-16,2026-05-13,1225120,1225120,30 j
308078,17140,2026-04-17,2026-06-16,2026-06-14,975845,975845,60 j
308079,21253,2026-04-18,2026-05-03,2026-04-28,1671660,1671660,Comptant
308080,8957,2026-04-19,2026-05-04,2026-05-03,1358145,1358145,Comptant
308081,7484,2026-04-19,2026-05-19,2026-05-14,1075815,1075815,30 j
308082,23548,2026-04-17,2026-05-17,2026-05-14,559055,559055,30 j
308083,12816,2026-04-19,2026-06-18,,1527265,0,60 j
308084,12402,2026-04-17,2026-06-16,2026-06-14,611125,611125,60 j
308085,1396,2026-04-18,2026-05-03,,1643735,0,Comptant
308086,14265,2026-04-18,2026-05-03,2026-05-01,133480,133480,Comptant
308087,17487,2026-04-19,2026-05-04,2026-05-02,1598670,1598670,Comptant
308088,4938,2026-04-20,2026-05-05,2026-04-30,215670,215670,Comptant
308089,8277,2026-04-19,2026-05-04,,1133225,0,Comptant
308090,19032,2026-04-20,2026-05-05,,1232410,0,Comptant
308091,20128,2026-04-19,2026-05-04,2026-04-29,233995,233995,Comptant
308092,12049,2026-04-18,2026-06-17,2026-06-12,511710,511710,60 j
308093,4312,2026-04-19,2026-05-04,2026-05-01,1690700,1690700,Comptant
308094,7742,2026-04-20,2026-05-20,2026-05-15,885170,885170,30 j
308095,18367,2026-04-21,2026-05-06,2026-05-07,1663595,1663595,Comptant
308096,6637,2026-04-21,2026-05-21,2026-05-18,1321335,1321335,30 j
308097,16831,2026-04-21,2026-05-06,2026-05-06,1145445,1145445,Comptant
308098,14853,2026-04-20,2026-05-05,,237305,0,Comptant
308099,11820,2026-04-21,2026-05-06,2026-05-03,1126480,1126480,Comptant
308100,23499,2026-04-20,2026-05-05,2026-05-02,794675,794675,Comptant
308101,16805,2026-04-20,2026-05-20,2026-05-20,411325,411325,30 j
308102,20138,2026-04-21,2026-05-06,2026-05-07,645470,645470,Comptant
308103,12039,2026-04-22,2026-05-07,2026-05-09,1436735,1436735,Comptant
308104,19096,2026-04-22,2026-05-22,2026-05-17,920295,920295,30 j
308105,12262,2026-04-21,2026-05-21,,1756115,0,30 j
308106,1311,2026-04-22,2026-05-22,2026-05-21,915520,915520,30 j
308107,12881,2026-04-22,2026-05-07,2026-05-02,1116350,1116350,Comptant
308108,11989,2026-04-21,2026-05-06,2026-05-01,906035,906035,Comptant
308109,18111,2026-04-22,2026-05-07,2026-05-04,1321945,1321945,Comptant
308110,5205,2026-04-22,2026-05-07,2026-05-06,1320050,1320050,Comptant
308111,6608,2026-04-22,2026-05-22,2026-05-19,1506215,1506215,30 j
308112,18389,2026-04-21,2026-05-06,2026-05-06,1139670,1139670,Comptant
308113,5298,2026-04-22,2026-05-07,2026-05-12,641845,641845,Comptant
308114,7940,2026-04-22,2026-05-07,2026-05-02,891400,891400,Comptant
308115,3257,2026-04-22,2026-05-22,2026-05-19,585010,585010,30 j
308116,10975,2026-04-24,2026-05-09,2026-05-07,1159550,1159550,Comptant
308117,20310,2026-04-23,2026-06-22,2026-06-17,811185,811185,60 j
308118,7621,2026-04-24,2026-05-09,2026-05-11,1299325,1299325,Comptant
308119,1424,2026-04-22,2026-05-22,,564765,0,30 j
308120,15604,2026-04-25,2026-05-25,2026-05-22,848485,848485,30 j
308121,22165,2026-04-23,2026-05-08,2026-05-03,1734140,1734140,Comptant
308122,3403,2026-04-24,2026-05-24,2026-05-22,904100,904100,30 j
308123,6353,2026-04-24,2026-05-09,2026-05-04,182535,182535,Comptant
308124,13685,2026-04-24,2026-05-09,2026-05-10,587050,587050,Comptant
308125,2091,2026-04-23,2026-05-08,2026-05-07,457500,457500,Comptant
308126,23170,2026-04-23,2026-05-23,,1301360,0,30 j
308127,15263,2026-04-25,2026-05-10,2026-05-15,514525,514525,Comptant
308128,18068,2026-04-24,2026-05-09,2026-05-08,1639580,1639580,Comptant
308129,5244,2026-04-25,2026-05-25,2026-05-23,992350,992350,30 j
308130,2654,2026-04-25,2026-05-10,,806435,0,Comptant
308131,12051,2026-04-24,2026-05-24,2026-05-24,214450,214450,30 j
308132,5806,2026-04-25,2026-05-25,2026-05-22,1060190,1060190,30 j
308133,20284,2026-04-27,2026-06-26,2026-06-23,451700,451700,60 j
308134,7172,2026-04-27,2026-05-27,2026-05-24,200220,200220,30 j
308135,7302,2026-04-27,2026-05-12,2026-05-10,955740,955740,Comptant
308136,13313,2026-04-27,2026-05-12,2026-05-07,1060080,1060080,Comptant
308137,916,2026-04-26,2026-05-11,2026-05-10,1433505,1433505,Comptant
308138,19802,2026-04-26,2026-05-11,2026-05-09,1523580,1523580,Comptant
308139,21335,2026-04-26,2026-05-11,2026-05-12,406675,406675,Comptant
308140,11424,2026-04-27,2026-05-12,2026-06-01,136790,136790,Comptant
308141,5147,2026-04-27,2026-05-27,2026-05-24,1647890,1647890,30 j
308142,781,2026-04-28,2026-05-28,2026-06-07,794825,794825,30 j
308143,6015,2026-04-28,2026-05-13,2026-05-12,857595,857595,Comptant
308144,873,2026-04-26,2026-06-25,,461770,0,60 j
308145,13417,2026-04-27,2026-05-12,2026-05-22,92165,92165,Comptant
308146,3543,2026-04-26,2026-05-11,2026-05-08,578880,578880,Comptant
308147,12061,2026-04-27,2026-05-12,2026-06-01,805450,805450,Comptant
308148,4152,2026-04-29,2026-05-29,2026-05-26,138490,138490,30 j
308149,22446,2026-04-27,2026-05-12,2026-05-07,399040,399040,Comptant
308150,3067,2026-04-28,2026-05-28,2026-05-28,255185,255185,30 j
308151,18107,2026-04-29,2026-05-14,2026-05-13,1143255,1143255,Comptant
308152,19396,2026-04-28,2026-05-13,2026-05-12,478085,478085,Comptant
308153,22290,2026-04-28,2026-05-13,,847730,0,Comptant
308154,21981,2026-04-30,2026-06-29,2026-06-29,336240,336240,60 j
308155,1422,2026-04-29,2026-05-14,2026-05-14,812270,812270,Comptant
308156,13379,2026-04-30,2026-05-30,2026-05-28,1350085,1350085,30 j
308157,8648,2026-04-30,2026-05-15,2026-05-14,99600,99600,Comptant
308158,15155,2026-04-29,2026-05-29,2026-05-30,672215,672215,30 j
308159,3387,2026-04-29,2026-05-14,2026-05-11,521235,521235,Comptant
308160,9212,2026-05-01,2026-05-16,2026-05-13,705925,705925,Comptant
308161,6957,2026-04-30,2026-05-15,2026-05-10,1111860,1111860,Comptant
308162,1496,2026-04-29,2026-05-29,,1321685,0,30 j
308163,11234,2026-04-30,2026-05-15,,395795,0,Comptant
308164,5111,2026-04-29,2026-05-14,2026-05-09,999830,999830,Comptant
308165,14063,2026-04-29,2026-06-28,2026-06-28,405165,405165,60 j
308166,8181,2026-05-01,2026-05-31,2026-05-30,1558850,1558850,30 j
308167,11041,2026-05-01,2026-06-30,2026-06-29,1375380,1375380,60 j
308168,10613,2026-05-01,2026-05-16,2026-05-14,1438365,1438365,Comptant
308169,5353,2026-05-01,2026-05-16,2026-05-16,585905,585905,Comptant
308170,2725,2026-05-01,2026-05-16,2026-05-13,921755,921755,Comptant
308171,13667,2026-04-30,2026-05-15,2026-05-13,300095,300095,Comptant
308172,3273,2026-05-01,2026-05-16,2026-06-30,1211965,1211965,Comptant
308173,17033,2026-04-30,2026-05-15,2026-05-10,578150,578150,Comptant
308174,20178,2026-05-03,2026-05-18,2026-05-16,923460,923460,Comptant
308175,15178,2026-05-01,2026-05-16,2026-05-14,1664820,1664820,Comptant
308176,22897,2026-05-02,2026-05-17,,1601495,0,Comptant
308177,19778,2026-05-02,2026-05-17,2026-05-12,195175,195175,Comptant
308178,14107,2026-05-02,2026-06-01,2026-05-29,1296010,1296010,30 j
308179,8048,2026-05-02,2026-05-17,2026-05-27,492340,492340,Comptant
308180,8085,2026-05-02,2026-05-17,,973630,0,Comptant
308181,13512,2026-05-04,2026-05-19,2026-05-17,1779175,1779175,Comptant
308182,15226,2026-05-02,2026-06-01,2026-05-30,1366305,1366305,30 j
308183,4323,2026-05-03,2026-07-02,2026-06-29,1484720,1484720,60 j
308184,15549,2026-05-04,2026-05-19,,1109495,0,Comptant
308185,16637,2026-05-02,2026-06-01,2026-05-27,583365,583365,30 j
308186,1655,2026-05-04,2026-05-19,2026-06-08,1332895,1332895,Comptant
308187,16273,2026-05-05,2026-07-04,2026-07-03,508915,508915,60 j
308188,6969,2026-05-03,2026-05-18,2026-05-15,527570,527570,Comptant
308189,1248,2026-05-04,2026-05-19,2026-05-17,265820,265820,Comptant
308190,7492,2026-05-05,2026-06-04,2026-06-04,1506495,1506495,30 j
308191,17701,2026-05-04,2026-06-03,2026-06-02,467725,467725,30 j
308192,20174,2026-05-04,2026-07-03,2026-07-01,1130710,1130710,60 j
308193,987,2026-05-03,2026-07-02,2026-06-27,1076930,1076930,60 j
308194,797,2026-05-04,2026-07-03,2026-06-28,653860,653860,60 j
308195,22134,2026-05-05,2026-07-04,2026-07-01,1600305,1600305,60 j
308196,14235,2026-05-04,2026-05-19,2026-05-21,1706140,1706140,Comptant
308197,3184,2026-05-06,2026-06-05,2026-06-03,65110,65110,30 j
308198,19281,2026-05-04,2026-05-19,2026-05-29,1441360,1441360,Comptant
308199,3227,2026-05-06,2026-06-05,2026-06-03,155860,155860,30 j
308200,1908,2026-05-06,2026-06-05,2026-05-31,323150,323150,30 j
308201,19923,2026-05-07,2026-06-06,2026-06-04,1769500,1769500,30 j
308202,7090,2026-05-06,2026-07-05,2026-06-30,910910,910910,60 j
308203,2981,2026-05-07,2026-06-06,2026-06-05,994715,994715,30 j
308204,19239,2026-05-06,2026-06-05,,889240,0,30 j
308205,9971,2026-05-05,2026-05-20,2026-05-18,329655,329655,Comptant
308206,18742,2026-05-06,2026-06-05,2026-06-05,1468315,1468315,30 j
308207,15575,2026-05-06,2026-05-21,2026-05-20,1277485,1277485,Comptant
308208,4332,2026-05-06,2026-05-21,2026-05-20,417630,417630,Comptant
308209,1448,2026-05-07,2026-05-22,2026-05-22,473395,473395,Comptant
308210,5321,2026-05-06,2026-05-21,2026-05-21,1079765,1079765,Comptant
308211,13784,2026-05-08,2026-06-07,2026-06-04,127895,127895,30 j
308212,905,2026-05-06,2026-05-21,2026-07-05,1460950,1460950,Comptant
308213,18205,2026-05-07,2026-06-06,2026-06-04,345200,345200,30 j
308214,16895,2026-05-07,2026-05-22,2026-05-17,1780705,1780705,Comptant
308215,22635,2026-05-09,2026-06-08,2026-06-07,383960,383960,30 j
308216,15939,2026-05-08,2026-06-07,2026-06-12,1643520,1643520,30 j
308217,12866,2026-05-09,2026-06-08,2026-06-09,1146485,1146485,30 j
308218,19782,2026-05-07,2026-05-22,2026-05-20,466935,466935,Comptant
308219,11696,2026-05-07,2026-05-22,2026-05-17,773370,773370,Comptant
308220,16637,2026-05-08,2026-06-07,2026-06-17,167435,167435,30 j
308221,21364,2026-05-09,2026-05-24,2026-05-22,1374115,1374115,Comptant
308222,14157,2026-05-10,2026-05-25,2026-07-09,1753855,1753855,Comptant
308223,21922,2026-05-10,2026-05-25,2026-05-20,244685,244685,Comptant
308224,22551,2026-05-09,2026-05-24,2026-05-21,809600,809600,Comptant
308225,9950,2026-05-08,2026-05-23,2026-05-18,181480,181480,Comptant
308226,11515,2026-05-09,2026-06-08,2026-06-08,340195,340195,30 j
308227,8776,2026-05-10,2026-05-25,,714060,0,Comptant
308228,12128,2026-05-10,2026-05-25,2026-05-23,357625,357625,Comptant
308229,18523,2026-05-11,2026-05-26,2026-07-10,1273900,1273900,Comptant
308230,18509,2026-05-10,2026-06-09,2026-06-06,1618550,1618550,30 j
308231,1078,2026-05-11,2026-06-10,,1435415,0,30 j
308232,8050,2026-05-09,2026-05-24,2026-05-22,1244870,1244870,Comptant
308233,1626,2026-05-11,2026-07-10,2026-07-07,480305,480305,60 j
308234,15998,2026-05-11,2026-05-26,2026-05-23,271700,271700,Comptant
308235,783,2026-05-10,2026-05-25,2026-07-09,1328820,1328820,Comptant
308236,212,2026-05-10,2026-05-25,2026-05-20,1317705,1317705,Comptant
308237,15645,2026-05-10,2026-07-09,,633860,0,60 j
308238,18620,2026-05-12,2026-06-11,2026-06-09,592250,592250,30 j
308239,17723,2026-05-10,2026-05-25,2026-05-24,550605,550605,Comptant
308240,1995,2026-05-12,2026-05-27,2026-05-24,767440,767440,Comptant
308241,10952,2026-05-12,2026-05-27,2026-05-22,1258360,1258360,Comptant
308242,14061,2026-05-11,2026-05-26,2026-05-24,1499095,1499095,Comptant
308243,4589,2026-05-13,2026-06-12,2026-06-22,1231130,1231130,30 j
308244,13139,2026-05-11,2026-05-26,2026-05-25,991750,991750,Comptant
308245,7699,2026-05-13,2026-05-28,2026-05-26,113435,113435,Comptant
308246,23280,2026-05-12,2026-05-27,2026-05-28,953665,953665,Comptant
308247,12804,2026-05-11,2026-05-26,2026-05-24,1524265,1524265,Comptant
308248,10217,2026-05-12,2026-05-27,2026-05-26,468715,468715,Comptant
308249,12089,2026-05-14,2026-05-29,,996500,0,Comptant
308250,4718,2026-05-13,2026-06-12,2026-06-09,420945,420945,30 j
308251,10382,2026-05-14,2026-05-29,,410945,0,Comptant
308252,14314,2026-05-12,2026-06-11,2026-06-10,735905,735905,30 j
308253,16789,2026-05-12,2026-07-11,2026-07-11,1055365,1055365,60 j
308254,11723,2026-05-14,2026-07-13,2026-07-13,154350,154350,60 j
308255,6488,2026-05-13,2026-06-12,2026-06-10,1541295,1541295,30 j
308256,2108,2026-05-13,2026-07-12,2026-07-12,978200,978200,60 j
308257,10668,2026-05-15,2026-05-30,2026-05-31,1606865,1606865,Comptant
308258,7070,2026-05-13,2026-05-28,2026-06-17,721600,721600,Comptant
308259,3636,2026-05-14,2026-05-29,2026-05-29,1294075,1294075,Comptant
308260,22774,2026-05-15,2026-06-14,2026-06-12,87000,87000,30 j
308261,17552,2026-05-14,2026-05-29,2026-05-26,807105,807105,Comptant
308262,9174,2026-05-14,2026-05-29,2026-05-24,199195,199195,Comptant
308263,14839,2026-05-16,2026-05-31,2026-05-30,867055,867055,Comptant
308264,18483,2026-05-15,2026-05-30,2026-05-27,1142250,1142250,Comptant
308265,21217,2026-05-15,2026-06-14,2026-06-11,644460,644460,30 j
308266,6175,2026-05-15,2026-05-30,,448105,0,Comptant
308267,16868,2026-05-16,2026-05-31,2026-05-28,1294230,1294230,Comptant
308268,14582,2026-05-17,2026-06-01,,821000,0,Comptant
308269,13434,2026-05-17,2026-06-01,2026-05-27,937180,937180,Comptant
308270,17368,2026-05-17,2026-06-16,2026-06-15,1536765,1536765,30 j
308271,1338,2026-05-15,2026-05-30,,639540,0,Comptant
308272,19259,2026-05-16,2026-06-15,2026-06-14,1164675,1164675,30 j
308273,19873,2026-05-17,2026-06-16,2026-06-13,774830,774830,30 j
308274,8905,2026-05-17,2026-06-01,2026-06-01,981685,981685,Comptant
308275,9937,2026-05-18,2026-06-17,2026-06-15,291905,291905,30 j
308276,6585,2026-05-18,2026-06-02,2026-06-03,1246335,1246335,Comptant
308277,12210,2026-05-16,2026-05-31,2026-05-28,884950,884950,Comptant
308278,78,2026-05-16,2026-05-31,2026-05-29,1712710,1712710,Comptant
308279,5234,2026-05-16,2026-06-15,2026-06-14,1315460,1315460,30 j
308280,23880,2026-05-17,2026-06-01,2026-05-27,1296665,1296665,Comptant
308281,6929,2026-05-18,2026-06-02,2026-05-30,153335,153335,Comptant
308282,16636,2026-05-17,2026-06-01,2026-05-27,1513830,1513830,Comptant
308283,10939,2026-05-17,2026-06-16,,1280800,0,30 j
308284,9499,2026-05-17,2026-06-01,2026-06-01,1224585,1224585,Comptant
308285,19868,2026-05-18,2026-06-02,2026-06-01,1442555,1442555,Comptant
308286,17553,2026-05-17,2026-06-01,2026-05-30,727445,727445,Comptant
308287,10304,2026-05-19,2026-06-18,2026-06-15,1740830,1740830,30 j
308288,7585,2026-05-18,2026-06-02,2026-06-02,782475,782475,Comptant
308289,23756,2026-05-19,2026-06-03,2026-06-03,1797060,1797060,Comptant
308290,14836,2026-05-20,2026-06-19,2026-06-17,628170,628170,30 j
308291,9754,2026-05-19,2026-06-03,2026-06-03,212155,212155,Comptant
308292,12666,2026-05-19,2026-06-18,2026-06-18,997660,997660,30 j
308293,1213,2026-05-19,2026-07-18,2026-07-15,1230330,1230330,60 j
308294,15437,2026-05-20,2026-06-04,2026-06-04,1671605,1671605,Comptant
308295,18393,2026-05-21,2026-06-05,2026-06-04,482690,482690,Comptant
308296,5518,2026-05-21,2026-06-20,2026-06-15,1641205,1641205,30 j
308297,15242,2026-05-19,2026-06-18,2026-06-18,1306640,1306640,30 j
308298,4759,2026-05-21,2026-06-05,2026-06-03,1608210,1608210,Comptant
308299,22755,2026-05-21,2026-06-05,2026-06-05,122395,122395,Comptant
308300,9705,2026-05-21,2026-06-05,2026-06-04,149905,149905,Comptant
308301,13350,2026-05-20,2026-06-04,2026-06-06,499025,499025,Comptant
308302,19419,2026-05-22,2026-06-21,2026-06-20,762005,762005,30 j
308303,3568,2026-05-20,2026-06-19,2026-06-14,924305,924305,30 j
308304,20555,2026-05-21,2026-06-05,2026-06-05,348895,348895,Comptant
308305,15786,2026-05-22,2026-06-21,2026-06-20,1436305,1436305,30 j
308306,19770,2026-05-20,2026-06-19,2026-06-29,1287670,1287670,30 j
308307,20246,2026-05-20,2026-06-19,2026-06-16,877530,877530,30 j
308308,13244,2026-05-23,2026-06-07,2026-06-04,649085,649085,Comptant
308309,3093,2026-05-23,2026-06-22,2026-06-17,324590,324590,30 j
308310,7549,2026-05-21,2026-07-20,2026-07-18,1634365,1634365,60 j
308311,20881,2026-05-23,2026-06-22,2026-06-22,803515,803515,30 j
308312,19031,2026-05-22,2026-06-06,2026-06-06,566620,566620,Comptant
308313,22273,2026-05-22,2026-06-06,2026-06-05,1003180,1003180,Comptant
308314,6455,2026-05-21,2026-06-20,2026-06-18,657875,657875,30 j
308315,14358,2026-05-24,2026-06-23,2026-06-22,421950,421950,30 j
308316,18594,2026-05-22,2026-07-21,2026-07-21,1189750,1189750,60 j
308317,1738,2026-05-23,2026-06-07,2026-06-27,329325,329325,Comptant
308318,4191,2026-05-23,2026-06-07,,115875,0,Comptant
308319,17519,2026-05-23,2026-06-07,2026-06-07,956200,956200,Comptant
308320,2264,2026-05-24,2026-06-23,2026-06-22,1535045,1535045,30 j
308321,6735,2026-05-24,2026-06-08,,1692510,0,Comptant
308322,10150,2026-05-25,2026-06-09,2026-06-08,877170,877170,Comptant
308323,4816,2026-05-25,2026-06-09,2026-06-09,355825,355825,Comptant
308324,13311,2026-05-24,2026-06-23,2026-06-24,1515040,1515040,30 j
308325,4473,2026-05-23,2026-06-07,2026-06-05,371585,371585,Comptant
308326,16253,2026-05-23,2026-07-22,2026-07-21,208525,208525,60 j
308327,1746,2026-05-24,2026-06-08,2026-06-03,691410,691410,Comptant
308328,7812,2026-05-26,2026-06-10,2026-06-10,798225,798225,Comptant
308329,22132,2026-05-25,2026-06-24,2026-06-19,927655,927655,30 j
308330,19758,2026-05-24,2026-07-23,2026-07-25,1134835,1134835,60 j
308331,18720,2026-05-24,2026-06-08,2026-06-06,1292935,1292935,Comptant
308332,1443,2026-05-24,2026-07-23,2026-07-18,227045,227045,60 j
308333,14212,2026-05-26,2026-06-10,2026-06-08,745415,745415,Comptant
308334,13115,2026-05-24,2026-06-08,2026-06-18,1374910,1374910,Comptant
308335,12654,2026-05-25,2026-06-24,2026-06-19,729340,729340,30 j
308336,3333,2026-05-26,2026-07-25,2026-07-22,292905,292905,60 j
308337,1286,2026-05-25,2026-06-09,,504375,0,Comptant
308338,19258,2026-05-25,2026-07-24,2026-07-24,126385,126385,60 j
308339,18690,2026-05-26,2026-06-10,2026-06-09,776105,776105,Comptant
308340,19765,2026-05-25,2026-06-24,2026-06-21,63840,63840,30 j
308341,20731,2026-05-25,2026-06-24,2026-06-19,524305,524305,30 j
308342,4953,2026-05-28,2026-06-12,2026-06-09,1223815,1223815,Comptant
308343,11864,2026-05-28,2026-06-27,2026-06-27,1503565,1503565,30 j
308344,19842,2026-05-28,2026-06-12,2026-06-07,1782715,1782715,Comptant
308345,15611,2026-05-27,2026-06-11,2026-06-09,936240,936240,Comptant
308346,1383,2026-05-28,2026-06-12,2026-06-10,1404955,1404955,Comptant
308347,9102,2026-05-27,2026-06-11,2026-06-10,878870,878870,Comptant
308348,10360,2026-05-27,2026-06-26,2026-07-01,130785,130785,30 j
308349,15853,2026-05-27,2026-06-11,2026-06-11,856400,856400,Comptant
308350,17471,2026-05-28,2026-07-27,2026-07-26,157120,157120,60 j
308351,2671,2026-05-29,2026-06-13,2026-06-18,442440,442440,Comptant
308352,6776,2026-05-28,2026-06-27,,1716215,0,30 j
308353,7493,2026-05-28,2026-06-12,2026-06-09,847550,847550,Comptant
308354,12044,2026-05-28,2026-06-12,2026-06-09,628625,628625,Comptant
308355,16438,2026-05-28,2026-06-27,2026-06-28,1589250,1589250,30 j
308356,6667,2026-05-28,2026-06-12,2026-06-07,1578760,1578760,Comptant
308357,15684,2026-05-28,2026-06-27,2026-06-27,150535,150535,30 j
308358,6390,2026-05-28,2026-06-12,2026-06-11,673935,673935,Comptant
308359,7918,2026-05-30,2026-06-29,2026-06-26,251100,251100,30 j
308360,18264,2026-05-29,2026-06-28,2026-06-23,520210,520210,30 j
308361,17726,2026-05-29,2026-06-28,2026-06-23,231245,231245,30 j
308362,16904,2026-05-29,2026-06-13,2026-06-13,205855,205855,Comptant
308363,10020,2026-05-29,2026-06-13,2026-06-08,1730150,1730150,Comptant
308364,3589,2026-05-29,2026-06-13,,1525490,0,Comptant
308365,5869,2026-05-29,2026-06-13,2026-06-13,1329210,1329210,Comptant
308366,18067,2026-05-30,2026-06-29,2026-06-30,235415,235415,30 j
308367,8694,2026-05-29,2026-06-13,,441940,0,Comptant
308368,22523,2026-05-29,2026-06-13,2026-06-13,1339950,1339950,Comptant
308369,11255,2026-05-30,2026-06-14,2026-06-14,1327660,1327660,Comptant
308370,10435,2026-05-31,2026-07-30,2026-07-25,295630,295630,60 j
308371,19203,2026-05-31,2026-06-15,2026-06-12,1151610,1151610,Comptant
308372,8659,2026-05-30,2026-06-29,2026-06-28,173655,173655,30 j
308373,21410,2026-06-01,2026-06-16,2026-06-13,368500,368500,Comptant
308374,9024,2026-06-01,2026-06-16,2026-07-06,1539540,1539540,Comptant
308375,11034,2026-05-31,2026-06-15,2026-06-10,1736810,1736810,Comptant
308376,1447,2026-06-01,2026-07-01,2026-06-28,1218495,1218495,30 j
308377,11107,2026-05-31,2026-06-30,2026-06-29,1533280,1533280,30 j
308378,6103,2026-06-01,2026-07-01,2026-07-02,921065,921065,30 j
308379,12752,2026-06-01,2026-07-01,2026-06-30,1767240,1767240,30 j
308380,23175,2026-05-31,2026-07-30,2026-07-28,1620590,1620590,60 j
308381,1097,2026-06-02,2026-06-17,2026-06-15,605230,605230,Comptant
308382,22530,2026-06-02,2026-08-01,,1220305,0,60 j
308383,3543,2026-06-02,2026-06-17,2026-06-16,1639650,1639650,Comptant
308384,13138,2026-06-01,2026-07-01,2026-06-29,89980,89980,30 j
308385,19900,2026-06-03,2026-06-18,2026-06-15,705105,705105,Comptant
308386,10660,2026-06-02,2026-06-17,2026-06-14,1738840,1738840,Comptant
308387,4008,2026-06-02,2026-07-02,2026-07-01,1569380,1569380,30 j
308388,1509,2026-06-01,2026-06-16,2026-06-16,561230,561230,Comptant
308389,10995,2026-06-04,2026-06-19,2026-06-17,938745,938745,Comptant
308390,21649,2026-06-03,2026-08-02,2026-07-28,798930,798930,60 j
308391,22899,2026-06-03,2026-08-02,2026-07-31,1449505,1449505,60 j
308392,21669,2026-06-04,2026-06-19,2026-06-14,1401230,1401230,Comptant
308393,4940,2026-06-02,2026-07-02,,623775,0,30 j
308394,394,2026-06-04,2026-06-19,2026-06-16,553010,553010,Comptant
308395,4272,2026-06-04,2026-07-04,,1433700,0,30 j
308396,21688,2026-06-03,2026-07-03,,864410,0,30 j
308397,15703,2026-06-04,2026-07-04,2026-07-03,925320,925320,30 j
308398,11154,2026-06-05,2026-07-05,2026-07-25,472770,472770,30 j
308399,12366,2026-06-05,2026-07-05,2026-07-04,466150,466150,30 j
308400,13953,2026-06-05,2026-06-20,2026-06-19,361330,361330,Comptant
308401,17273,2026-06-05,2026-06-20,2026-06-20,162000,162000,Comptant
308402,8492,2026-06-05,2026-06-20,2026-06-20,258975,258975,Comptant
308403,8654,2026-06-05,2026-06-20,2026-06-18,303110,303110,Comptant
308404,212,2026-06-04,2026-06-19,2026-07-09,585745,585745,Comptant
308405,5350,2026-06-06,2026-07-06,2026-07-01,886615,886615,30 j
308406,16638,2026-06-06,2026-06-21,2026-06-16,123955,123955,Comptant
308407,5888,2026-06-06,2026-07-06,2026-07-07,193795,193795,30 j
308408,14738,2026-06-06,2026-06-21,2026-06-16,1106505,1106505,Comptant
308409,174,2026-06-06,2026-07-06,2026-07-01,595670,595670,30 j
308410,5419,2026-06-05,2026-06-20,2026-06-18,72305,72305,Comptant
308411,2011,2026-06-07,2026-06-22,2026-06-22,151025,151025,Comptant
308412,14450,2026-06-06,2026-06-21,2026-06-19,1003420,1003420,Comptant
308413,21131,2026-06-06,2026-07-06,2026-07-06,984115,984115,30 j
308414,5145,2026-06-06,2026-06-21,2026-06-21,1486805,1486805,Comptant
308415,4518,2026-06-06,2026-07-06,2026-07-06,1551615,1551615,30 j
308416,7508,2026-06-06,2026-06-21,2026-06-16,1629760,1629760,Comptant
308417,12717,2026-06-07,2026-07-07,2026-07-04,1384735,1384735,30 j
308418,7900,2026-06-07,2026-06-22,2026-06-19,341495,341495,Comptant
308419,11600,2026-06-06,2026-06-21,2026-06-16,539725,539725,Comptant
308420,13257,2026-06-06,2026-06-21,2026-06-20,1600785,1600785,Comptant
308421,21020,2026-06-07,2026-07-07,2026-07-05,345590,345590,30 j
308422,19982,2026-06-08,2026-08-07,2026-08-02,204345,204345,60 j
308423,16311,2026-06-08,2026-06-23,2026-06-18,805495,805495,Comptant
308424,20478,2026-06-09,2026-06-24,2026-06-21,1608970,1608970,Comptant
308425,4140,2026-06-07,2026-06-22,2026-06-21,130425,130425,Comptant
308426,10899,2026-06-08,2026-07-08,,807805,0,30 j
308427,21787,2026-06-09,2026-07-09,2026-07-07,1752600,1752600,30 j
308428,21576,2026-06-09,2026-07-09,2026-07-06,157090,157090,30 j
308429,19207,2026-06-10,2026-06-25,2026-06-22,1130400,1130400,Comptant
308430,18230,2026-06-08,2026-06-23,2026-06-21,1691965,1691965,Comptant
308431,10031,2026-06-08,2026-07-08,2026-07-08,1593325,1593325,30 j
308432,10438,2026-06-09,2026-06-24,2026-07-04,369830,369830,Comptant
308433,1379,2026-06-10,2026-06-25,,70865,0,Comptant
308434,18237,2026-06-10,2026-06-25,,189845,0,Comptant
308435,3662,2026-06-09,2026-06-24,2026-06-22,955290,955290,Comptant
308436,8888,2026-06-10,2026-07-10,2026-07-10,68290,68290,30 j
308437,1795,2026-06-10,2026-06-25,2026-06-23,1008530,1008530,Comptant
308438,19032,2026-06-09,2026-06-24,2026-06-22,1433065,1433065,Comptant
308439,12292,2026-06-10,2026-07-10,2026-07-15,1031305,1031305,30 j
308440,12124,2026-06-10,2026-07-10,2026-07-09,1742700,1742700,30 j
308441,3958,2026-06-10,2026-06-25,2026-06-20,1493465,1493465,Comptant
308442,15768,2026-06-10,2026-06-25,,856280,0,Comptant
308443,13019,2026-06-11,2026-06-26,2026-06-23,1626270,1626270,Comptant
308444,19042,2026-06-10,2026-06-25,2026-06-20,826555,826555,Comptant
308445,4210,2026-06-10,2026-06-25,2026-06-25,1551915,1551915,Comptant
308446,21204,2026-06-11,2026-06-26,,675480,0,Comptant
308447,21990,2026-06-11,2026-06-26,2026-06-24,188650,188650,Comptant
308448,9230,2026-06-10,2026-07-10,2026-07-09,410050,410050,30 j
308449,11884,2026-06-12,2026-06-27,2026-07-02,1198095,1198095,Comptant
308450,3409,2026-06-12,2026-06-27,2026-06-24,1047200,1047200,Comptant
308451,20459,2026-06-13,2026-06-28,2026-07-08,1377515,1377515,Comptant
308452,17435,2026-06-11,2026-06-26,2026-06-21,1035195,1035195,Comptant
308453,7299,2026-06-11,2026-06-26,2026-06-23,334210,334210,Comptant
308454,19726,2026-06-12,2026-06-27,2026-07-02,1384645,1384645,Comptant
308455,9116,2026-06-11,2026-07-11,2026-07-10,1744200,1744200,30 j
308456,20341,2026-06-12,2026-06-27,2026-06-27,1548675,1548675,Comptant
308457,13807,2026-06-12,2026-06-27,2026-06-27,1419460,1419460,Comptant
308458,19363,2026-06-14,2026-07-14,2026-07-19,1775295,1775295,30 j
308459,13813,2026-06-12,2026-06-27,2026-06-27,781950,781950,Comptant
308460,5152,2026-06-12,2026-06-27,2026-06-22,1530940,1530940,Comptant
308461,4078,2026-06-14,2026-06-29,2026-06-28,638250,638250,Comptant
308462,14281,2026-06-12,2026-06-27,2026-06-25,797425,797425,Comptant
308463,12691,2026-06-13,2026-08-12,2026-08-12,993510,993510,60 j
308464,20067,2026-06-13,2026-07-13,2026-07-14,1342770,1342770,30 j
308465,8261,2026-06-14,2026-07-14,,1488605,0,30 j
308466,22855,2026-06-13,2026-06-28,,1530205,0,Comptant
308467,17759,2026-06-15,2026-06-30,2026-06-30,1531390,1531390,Comptant
308468,4879,2026-06-13,2026-06-28,2026-06-23,1615630,1615630,Comptant
308469,9176,2026-06-14,2026-08-13,2026-08-11,1494885,1494885,60 j
308470,22624,2026-06-14,2026-06-29,2026-06-24,73515,73515,Comptant
308471,18422,2026-06-15,2026-06-30,2026-06-28,801415,801415,Comptant
308472,2976,2026-06-16,2026-07-01,2026-06-28,1586430,1586430,Comptant
308473,10100,2026-06-15,2026-08-14,2026-08-19,1681420,1681420,60 j
308474,14169,2026-06-15,2026-07-15,2026-07-13,378280,378280,30 j
308475,18530,2026-06-16,2026-07-16,2026-07-13,328925,328925,30 j
308476,11184,2026-06-17,2026-07-17,2026-07-15,1644360,1644360,30 j
308477,22652,2026-06-16,2026-07-01,2026-06-28,1525175,1525175,Comptant
308478,21103,2026-06-17,2026-07-17,2026-07-16,1738260,1738260,30 j
308479,20235,2026-06-15,2026-07-15,2026-08-29,519650,519650,30 j
308480,11630,2026-06-16,2026-07-01,2026-07-11,567695,567695,Comptant
308481,1784,2026-06-16,2026-07-01,2026-06-29,618875,618875,Comptant
308482,11870,2026-06-16,2026-07-16,2026-07-11,1662670,1662670,30 j
308483,13465,2026-06-16,2026-08-15,2026-08-14,704245,704245,60 j
308484,20114,2026-06-16,2026-07-16,2026-07-21,1618435,1618435,30 j
308485,13442,2026-06-18,2026-07-03,2026-07-02,1683095,1683095,Comptant
308486,14243,2026-06-18,2026-07-03,2026-06-28,1157145,1157145,Comptant
308487,8102,2026-06-18,2026-07-18,,1624040,0,30 j
308488,463,2026-06-16,2026-07-16,,137930,0,30 j
308489,22603,2026-06-17,2026-07-02,2026-06-29,757110,757110,Comptant
308490,7492,2026-06-17,2026-07-17,,1176845,0,30 j
308491,11628,2026-06-19,2026-07-19,2026-07-17,221460,221460,30 j
308492,14068,2026-06-18,2026-07-03,2026-07-01,439710,439710,Comptant
308493,18345,2026-06-19,2026-07-04,2026-07-04,1623760,1623760,Comptant
308494,14932,2026-06-17,2026-07-02,2026-06-30,1299745,1299745,Comptant
308495,1810,2026-06-18,2026-08-17,2026-08-16,805020,805020,60 j
308496,13848,2026-06-18,2026-07-03,2026-06-30,1392545,1392545,Comptant
308497,17284,2026-06-20,2026-07-20,2026-07-18,1371780,1371780,30 j
308498,6034,2026-06-19,2026-07-19,2026-07-19,803340,803340,30 j
308499,19814,2026-06-19,2026-07-04,2026-07-03,1448830,1448830,Comptant
308500,12196,2026-06-18,2026-07-18,2026-07-17,1230250,1230250,30 j
308501,7821,2026-06-20,2026-07-05,2026-07-05,1353000,1353000,Comptant
308502,5448,2026-06-18,2026-07-18,,519245,0,30 j
308503,18111,2026-06-21,2026-07-06,2026-07-05,256590,256590,Comptant
308504,22642,2026-06-20,2026-07-20,2026-07-21,1638410,1638410,30 j
308505,4337,2026-06-21,2026-07-06,2026-07-26,1492835,1492835,Comptant
308506,2363,2026-06-19,2026-07-04,2026-07-01,719695,719695,Comptant
308507,6762,2026-06-21,2026-07-21,2026-07-19,1036100,1036100,30 j
308508,14288,2026-06-20,2026-07-05,2026-07-03,529160,529160,Comptant
308509,10027,2026-06-20,2026-07-05,,806090,0,Comptant
308510,4274,2026-06-20,2026-07-05,2026-07-02,1220655,1220655,Comptant
308511,20588,2026-06-21,2026-07-06,,574860,0,Comptant
308512,5352,2026-06-21,2026-07-21,2026-07-19,1361955,1361955,30 j
308513,16345,2026-06-20,2026-07-20,,217815,0,30 j
308514,17446,2026-06-21,2026-07-06,2026-07-03,440540,440540,Comptant
308515,14911,2026-06-21,2026-08-20,2026-08-19,1594130,1594130,60 j
308516,15871,2026-06-22,2026-07-22,,1216590,0,30 j
308517,19245,2026-06-23,2026-07-23,2026-07-22,1374495,1374495,30 j
308518,8905,2026-06-23,2026-07-08,2026-07-07,127195,127195,Comptant
308519,17711,2026-06-21,2026-07-21,2026-07-16,1651030,1651030,30 j
308520,23214,2026-06-21,2026-07-21,2026-07-20,738190,738190,30 j
308521,21328,2026-06-22,2026-07-22,2026-07-20,1235415,1235415,30 j
308522,23063,2026-06-22,2026-07-07,,257040,0,Comptant
308523,16213,2026-06-24,2026-08-23,,1505390,0,60 j
308524,16785,2026-06-24,2026-07-24,2026-07-22,637235,637235,30 j
308525,2023,2026-06-23,2026-07-23,2026-07-18,1791435,1791435,30 j
308526,18489,2026-06-23,2026-07-23,2026-07-21,759950,759950,30 j
308527,7613,2026-06-22,2026-07-07,2026-07-06,842930,842930,Comptant
308528,19298,2026-06-24,2026-07-24,,283530,0,30 j
308529,20795,2026-06-23,2026-07-08,2026-07-09,1797490,1797490,Comptant
308530,16705,2026-06-25,2026-07-25,2026-07-24,484975,484975,30 j
308531,4463,2026-06-25,2026-07-10,2026-07-07,1442275,1442275,Comptant
308532,1989,2026-06-25,2026-07-25,2026-07-25,1184315,1184315,30 j
308533,6021,2026-06-24,2026-07-09,2026-07-08,741710,741710,Comptant
308534,14936,2026-06-23,2026-07-08,2026-07-07,991475,991475,Comptant
308535,22637,2026-06-24,2026-07-09,,975630,0,Comptant
308536,13635,2026-06-24,2026-07-09,2026-07-06,629810,629810,Comptant
308537,15944,2026-06-24,2026-07-24,2026-07-19,410965,410965,30 j
308538,18476,2026-06-25,2026-07-10,2026-07-07,1408880,1408880,Comptant
308539,6462,2026-06-25,2026-07-25,2026-07-22,1617060,1617060,30 j
308540,3317,2026-06-24,2026-07-09,2026-07-04,1343725,1343725,Comptant
308541,9497,2026-06-24,2026-07-24,2026-09-07,181090,181090,30 j
308542,14741,2026-06-25,2026-07-25,2026-07-25,1679815,1679815,30 j
308543,8478,2026-06-27,2026-07-27,2026-07-22,173225,173225,30 j
308544,13316,2026-06-25,2026-07-10,2026-07-08,1466935,1466935,Comptant
308545,12263,2026-06-25,2026-07-10,2026-07-10,1214300,1214300,Comptant
308546,19775,2026-06-26,2026-07-11,2026-07-31,725705,725705,Comptant
308547,11782,2026-06-27,2026-07-12,2026-07-10,313970,313970,Comptant
308548,3230,2026-06-27,2026-08-26,2026-08-26,1118485,1118485,60 j
308549,6635,2026-06-27,2026-07-12,2026-07-12,1507275,1507275,Comptant
308550,7528,2026-06-27,2026-07-27,2026-07-27,257110,257110,30 j
308551,154,2026-06-28,2026-08-27,,768285,0,60 j
308552,5907,2026-06-27,2026-07-27,2026-07-25,841815,841815,30 j
308553,863,2026-06-26,2026-07-26,2026-07-23,1469745,1469745,30 j
308554,23573,2026-06-26,2026-07-26,2026-07-25,265755,265755,30 j
308555,15236,2026-06-27,2026-07-27,,1748040,0,30 j
308556,23115,2026-06-28,2026-08-27,2026-08-24,1576945,1576945,60 j
308557,8827,2026-06-28,2026-07-28,,521525,0,30 j
308558,10584,2026-06-29,2026-07-29,2026-07-24,965810,965810,30 j
308559,17451,2026-06-27,2026-07-12,2026-07-07,917590,917590,Comptant
308560,2902,2026-06-27,2026-07-12,2026-07-09,256355,256355,Comptant
308561,21459,2026-06-29,2026-07-29,2026-07-24,370000,370000,30 j
308562,11655,2026-06-29,2026-07-29,2026-07-27,124685,124685,30 j
308563,15063,2026-06-28,2026-07-13,2026-07-12,1443515,1443515,Comptant
308564,12960,2026-06-29,2026-07-29,2026-07-26,1620990,1620990,30 j
308565,11439,2026-06-30,2026-07-15,2026-07-17,1737275,1737275,Comptant
308566,12259,2026-06-28,2026-07-13,,715170,0,Comptant
308567,9959,2026-06-28,2026-07-13,2026-07-11,73490,73490,Comptant
308568,267,2026-06-28,2026-07-28,2026-09-11,1364050,1364050,30 j
308569,501,2026-06-29,2026-07-29,2026-07-29,156795,156795,30 j
308570,7007,2026-06-29,2026-07-14,2026-07-09,179055,179055,Comptant
308571,21453,2026-07-01,2026-07-16,2026-07-11,1625530,1625530,Comptant
308572,7285,2026-06-30,2026-07-30,2026-07-25,1696300,1696300,30 j
308573,22622,2026-06-29,2026-07-29,2026-07-27,1468345,1468345,30 j
308574,5208,2026-07-01,2026-08-30,2026-08-27,1401445,1401445,60 j
308575,1134,2026-07-01,2026-07-31,2026-07-26,654110,654110,30 j
308576,9881,2026-06-29,2026-07-14,2026-07-12,826140,826140,Comptant
308577,10376,2026-07-02,2026-07-17,2026-07-16,1467370,1467370,Comptant
308578,6145,2026-07-01,2026-07-16,2026-07-13,1545140,1545140,Comptant
308579,14158,2026-07-01,2026-07-16,2026-07-11,1303430,1303430,Comptant
308580,898,2026-07-02,2026-07-17,2026-07-17,225465,225465,Comptant
308581,3805,2026-06-30,2026-07-15,2026-07-15,140505,140505,Comptant
308582,7107,2026-07-01,2026-07-16,,1226455,0,Comptant
308583,11615,2026-07-01,2026-07-16,2026-07-13,922585,922585,Comptant
308584,1494,2026-07-03,2026-07-18,2026-07-15,150910,150910,Comptant
308585,11782,2026-07-01,2026-07-16,2026-07-13,1722270,1722270,Comptant
308586,14446,2026-07-01,2026-07-16,2026-07-14,1754610,1754610,Comptant
308587,7835,2026-07-02,2026-08-01,2026-07-31,1533380,1533380,30 j
308588,20620,2026-07-02,2026-08-31,2026-08-30,621390,621390,60 j
308589,13482,2026-07-02,2026-07-17,2026-07-12,318270,318270,Comptant
308590,3039,2026-07-03,2026-08-02,2026-07-28,624765,624765,30 j
308591,14225,2026-07-04,2026-08-03,2026-07-31,556500,556500,30 j
308592,12101,2026-07-03,2026-09-01,2026-09-01,605045,605045,60 j
308593,11419,2026-07-03,2026-07-18,2026-07-28,1647800,1647800,Comptant
308594,5706,2026-07-04,2026-07-19,2026-07-19,71185,71185,Comptant
308595,10449,2026-07-04,2026-07-19,2026-07-16,1269150,1269150,Comptant
308596,6165,2026-07-04,2026-07-19,2026-07-19,1476125,1476125,Comptant
308597,1213,2026-07-04,2026-09-02,2026-09-07,1321395,1321395,60 j
308598,3373,2026-07-03,2026-08-02,2026-07-28,1448050,1448050,30 j
308599,16336,2026-07-05,2026-07-20,,999680,0,Comptant
308600,13419,2026-07-04,2026-07-19,2026-07-17,1101555,1101555,Comptant
308601,11941,2026-07-04,2026-07-19,2026-07-20,1047845,1047845,Comptant
308602,10715,2026-07-04,2026-07-19,2026-07-17,773300,773300,Comptant
308603,22121,2026-07-05,2026-08-04,2026-08-06,1018845,1018845,30 j
308604,14502,2026-07-04,2026-07-19,2026-07-14,924185,924185,Comptant
308605,13626,2026-07-04,2026-08-03,2026-08-02,1270300,1270300,30 j
308606,6835,2026-07-04,2026-07-19,,724360,0,Comptant
308607,5964,2026-07-06,2026-09-04,2026-08-30,1309840,1309840,60 j
308608,13205,2026-07-04,2026-07-19,2026-07-20,985045,985045,Comptant
308609,17096,2026-07-06,2026-07-21,2026-07-18,1315735,1315735,Comptant
308610,5258,2026-07-06,2026-07-21,2026-07-18,503140,503140,Comptant
308611,18498,2026-07-06,2026-08-05,2026-07-31,735360,735360,30 j
308612,7185,2026-07-07,2026-07-22,2026-09-05,1665170,1665170,Comptant
308613,4140,2026-07-05,2026-07-20,,1342350,0,Comptant
308614,21526,2026-07-06,2026-07-21,2026-07-21,262760,262760,Comptant
308615,6761,2026-07-05,2026-07-20,2026-07-18,791180,791180,Comptant
308616,14147,2026-07-07,2026-09-05,,171180,0,60 j
308617,9746,2026-07-08,2026-07-23,2026-07-18,1182515,1182515,Comptant
308618,4588,2026-07-07,2026-07-22,,159355,0,Comptant
308619,7891,2026-07-06,2026-08-05,2026-08-04,1311620,1311620,30 j
308620,1968,2026-07-07,2026-07-22,2026-07-23,471095,471095,Comptant
308621,488,2026-07-06,2026-07-21,2026-07-16,907045,907045,Comptant
308622,229,2026-07-08,2026-07-23,,1060980,0,Comptant
308623,16611,2026-07-07,2026-07-22,2026-07-21,861430,861430,Comptant
308624,4662,2026-07-08,2026-07-23,2026-07-21,218525,218525,Comptant
308625,5229,2026-07-09,2026-07-24,2026-07-22,1347105,1347105,Comptant
308626,12718,2026-07-08,2026-08-07,2026-08-02,1766185,1766185,30 j
308627,9272,2026-07-07,2026-07-22,2026-07-22,889515,889515,Comptant
308628,19908,2026-07-09,2026-08-08,2026-08-03,987540,987540,30 j
308629,17710,2026-07-08,2026-07-23,,721020,0,Comptant
308630,5426,2026-07-07,2026-09-05,2026-08-31,1228100,1228100,60 j
308631,22994,2026-07-08,2026-07-23,2026-09-06,1648905,1648905,Comptant
308632,14981,2026-07-09,2026-07-24,,1556375,0,Comptant
308633,5901,2026-07-09,2026-07-24,2026-07-19,212120,212120,Comptant
308634,19654,2026-07-10,2026-07-25,2026-07-22,262665,262665,Comptant
308635,16286,2026-07-08,2026-07-23,2026-07-18,156035,156035,Comptant
308636,20903,2026-07-10,2026-07-25,2026-07-20,798830,798830,Comptant
308637,6256,2026-07-10,2026-07-25,2026-07-22,468155,468155,Comptant
308638,16770,2026-07-11,2026-08-10,2026-08-09,361860,361860,30 j
308639,3390,2026-07-11,2026-07-26,2026-07-26,1474695,1474695,Comptant
308640,22268,2026-07-10,2026-07-25,2026-07-22,346345,346345,Comptant
308641,23279,2026-07-10,2026-07-25,2026-07-24,1794805,1794805,Comptant
308642,20529,2026-07-10,2026-08-09,,922335,0,30 j
308643,23496,2026-07-10,2026-07-25,2026-07-22,1184375,1184375,Comptant
308644,6963,2026-07-10,2026-07-25,2026-07-20,884695,884695,Comptant
308645,4599,2026-07-12,2026-07-27,2026-07-22,749205,749205,Comptant
308646,4637,2026-07-11,2026-07-26,2026-07-21,1129840,1129840,Comptant
308647,19976,2026-07-11,2026-07-26,2026-07-26,744715,744715,Comptant
308648,10932,2026-07-10,2026-07-25,2026-07-20,931950,931950,Comptant
308649,4382,2026-07-10,2026-07-25,2026-07-20,828925,828925,Comptant
308650,17121,2026-07-11,2026-07-26,2026-08-15,1168475,1168475,Comptant
308651,18584,2026-07-11,2026-07-26,2026-07-26,1619000,1619000,Comptant
308652,20126,2026-07-12,2026-09-10,2026-09-09,350220,350220,60 j
308653,15286,2026-07-13,2026-07-28,2026-07-25,1597100,1597100,Comptant
308654,513,2026-07-13,2026-07-28,2026-07-28,355435,355435,Comptant
308655,18439,2026-07-13,2026-08-12,2026-08-07,831240,831240,30 j
308656,8120,2026-07-11,2026-07-26,2026-07-23,320165,320165,Comptant
308657,6999,2026-07-12,2026-08-11,,417965,0,30 j
308658,22815,2026-07-12,2026-07-27,,889190,0,Comptant
308659,16556,2026-07-13,2026-07-28,2026-07-28,498085,498085,Comptant
308660,3448,2026-07-13,2026-07-28,2026-07-28,1109580,1109580,Comptant
308661,6542,2026-07-14,2026-08-13,2026-08-12,1650710,1650710,30 j
308662,2941,2026-07-12,2026-08-11,,1155210,0,30 j
308663,2249,2026-07-12,2026-07-27,2026-07-25,1059800,1059800,Comptant
308664,19119,2026-07-15,2026-08-14,,1138695,0,30 j
308665,23007,2026-07-15,2026-07-30,2026-07-27,1519820,1519820,Comptant
308666,16048,2026-07-13,2026-07-28,2026-07-29,993910,993910,Comptant
308667,21965,2026-07-14,2026-08-13,2026-08-13,370485,370485,30 j
308668,23085,2026-07-14,2026-07-29,2026-07-28,91200,91200,Comptant
308669,14589,2026-07-15,2026-09-13,2026-09-08,1683990,1683990,60 j
308670,5691,2026-07-15,2026-07-30,2026-07-28,224610,224610,Comptant
308671,1773,2026-07-16,2026-08-15,,1444950,0,30 j
308672,17720,2026-07-14,2026-07-29,2026-07-29,807300,807300,Comptant
308673,17232,2026-07-14,2026-07-29,2026-07-26,1422495,1422495,Comptant
308674,22989,2026-07-15,2026-07-30,2026-07-25,1302775,1302775,Comptant
308675,10842,2026-07-15,2026-09-13,,1555890,0,60 j
308676,13857,2026-07-14,2026-07-29,2026-07-29,668755,668755,Comptant
308677,4553,2026-07-15,2026-07-30,2026-07-30,536260,536260,Comptant
308678,23087,2026-07-15,2026-07-30,2026-07-27,1504780,1504780,Comptant
308679,20126,2026-07-17,2026-09-15,2026-09-10,151705,151705,60 j
308680,16559,2026-07-17,2026-08-01,2026-07-30,1211685,1211685,Comptant
308681,13989,2026-07-16,2026-07-31,2026-07-31,747080,747080,Comptant
308682,2267,2026-07-16,2026-07-31,2026-07-28,635970,635970,Comptant
308683,21853,2026-07-16,2026-07-31,,942050,0,Comptant
308684,10803,2026-07-15,2026-07-30,2026-07-25,1070580,1070580,Comptant
308685,9076,2026-07-18,2026-08-02,2026-08-02,68365,68365,Comptant
308686,17620,2026-07-17,2026-08-01,2026-08-01,153665,153665,Comptant
308687,11929,2026-07-17,2026-08-16,2026-08-14,1281970,1281970,30 j
308688,21680,2026-07-16,2026-07-31,2026-07-31,132710,132710,Comptant
308689,10187,2026-07-16,2026-08-15,,929985,0,30 j
308690,23795,2026-07-16,2026-07-31,2026-07-29,1361840,1361840,Comptant
308691,13198,2026-07-19,2026-08-18,2026-08-18,862295,862295,30 j
308692,1704,2026-07-18,2026-08-02,2026-07-28,356945,356945,Comptant
308693,187,2026-07-17,2026-08-01,2026-08-01,715555,715555,Comptant
308694,7694,2026-07-18,2026-08-02,2026-08-01,1022655,1022655,Comptant
308695,5979,2026-07-17,2026-08-01,2026-07-27,696645,696645,Comptant
308696,5504,2026-07-19,2026-08-18,,1782165,0,30 j
308697,7956,2026-07-18,2026-08-02,2026-08-01,1073380,1073380,Comptant
308698,15221,2026-07-20,2026-08-04,2026-08-04,1424570,1424570,Comptant
308699,1789,2026-07-20,2026-09-18,2026-09-17,958530,958530,60 j
308700,12757,2026-07-18,2026-08-17,2026-08-17,1598885,1598885,30 j
308701,18327,2026-07-19,2026-08-18,2026-08-19,1729395,1729395,30 j
308702,911,2026-07-18,2026-08-17,2026-08-12,1249915,1249915,30 j
308703,8959,2026-07-20,2026-08-04,2026-08-03,243995,243995,Comptant
308704,7059,2026-07-19,2026-08-18,2026-08-16,532845,532845,30 j
308705,9525,2026-07-19,2026-08-03,2026-08-04,1227240,1227240,Comptant
308706,132,2026-07-21,2026-08-05,,1072580,0,Comptant
308707,11130,2026-07-19,2026-08-03,2026-08-02,190265,190265,Comptant
308708,5882,2026-07-20,2026-08-19,2026-08-16,403475,403475,30 j
308709,1553,2026-07-20,2026-08-04,2026-09-18,798320,798320,Comptant
308710,16380,2026-07-21,2026-08-05,2026-08-02,1672975,1672975,Comptant
308711,10372,2026-07-20,2026-08-04,2026-08-03,1437430,1437430,Comptant
308712,13824,2026-07-22,2026-08-06,2026-08-04,944780,944780,Comptant
308713,11645,2026-07-21,2026-08-20,,405485,0,30 j
308714,17120,2026-07-20,2026-08-19,2026-08-14,467630,467630,30 j
308715,18522,2026-07-20,2026-09-18,2026-09-16,1257845,1257845,60 j
308716,10322,2026-07-20,2026-08-04,,1153730,0,Comptant
308717,2196,2026-07-22,2026-09-20,,623115,0,60 j
308718,4173,2026-07-22,2026-08-06,2026-08-01,863780,863780,Comptant
308719,7395,2026-07-21,2026-08-05,2026-08-06,1088285,1088285,Comptant
308720,626,2026-07-21,2026-09-19,,117980,0,60 j
308721,20912,2026-07-22,2026-08-06,,634660,0,Comptant
308722,23542,2026-07-21,2026-09-19,2026-09-20,822870,822870,60 j
308723,17460,2026-07-22,2026-09-20,2026-09-18,74020,74020,60 j
308724,6730,2026-07-22,2026-08-06,2026-08-01,267945,267945,Comptant
308725,117,2026-07-22,2026-09-20,2026-09-18,109185,109185,60 j
308726,17456,2026-07-22,2026-08-21,,574615,0,30 j
308727,14831,2026-07-24,2026-08-23,2026-08-21,696285,696285,30 j
308728,9211,2026-07-22,2026-08-21,2026-08-16,258450,258450,30 j
308729,12064,2026-07-24,2026-08-08,2026-08-03,646890,646890,Comptant
308730,4806,2026-07-23,2026-08-07,2026-09-21,686320,686320,Comptant
308731,8588,2026-07-22,2026-08-06,,1523515,0,Comptant
308732,23375,2026-07-23,2026-08-07,2026-08-06,1531515,1531515,Comptant
308733,13540,2026-07-25,2026-08-24,2026-08-22,687760,687760,30 j
308734,4951,2026-07-24,2026-08-08,2026-09-22,1738940,1738940,Comptant
308735,18764,2026-07-25,2026-09-23,2026-09-18,1387515,1387515,60 j
308736,16184,2026-07-24,2026-08-23,2026-08-22,950655,950655,30 j
308737,21381,2026-07-25,2026-08-24,2026-08-22,283100,283100,30 j
308738,5631,2026-07-24,2026-08-08,,1407135,0,Comptant
308739,22273,2026-07-24,2026-08-08,,183540,0,Comptant
308740,23883,2026-07-24,2026-08-23,2026-08-28,323220,323220,30 j
308741,21693,2026-07-26,2026-08-10,2026-08-09,516100,516100,Comptant
308742,10926,2026-07-26,2026-08-25,2026-08-20,762315,762315,30 j
308743,12379,2026-07-26,2026-08-10,2026-08-05,866955,866955,Comptant
308744,9217,2026-07-26,2026-09-24,2026-09-24,1738790,1738790,60 j
308745,5541,2026-07-27,2026-08-26,2026-08-21,1134280,1134280,30 j
308746,11735,2026-07-27,2026-08-26,,340625,0,30 j
308747,6434,2026-07-25,2026-09-23,2026-09-23,1488945,1488945,60 j
308748,16534,2026-07-25,2026-08-09,,1497235,0,Comptant
308749,3646,2026-07-27,2026-09-25,2026-09-25,600385,600385,60 j
308750,18446,2026-07-27,2026-08-11,,1239055,0,Comptant
308751,14833,2026-07-27,2026-08-26,,274330,0,30 j
308752,1621,2026-07-26,2026-08-25,,265645,0,30 j
308753,14928,2026-07-26,2026-08-10,2026-08-08,94090,94090,Comptant
308754,10490,2026-07-26,2026-08-10,2026-08-20,1077205,1077205,Comptant
308755,2475,2026-07-26,2026-08-10,2026-08-10,1320090,1320090,Comptant
308756,5948,2026-07-27,2026-08-26,2026-08-24,1170270,1170270,30 j
308757,23354,2026-07-28,2026-08-12,2026-08-10,1078830,1078830,Comptant
308758,6727,2026-07-28,2026-08-27,,1599940,0,30 j
308759,11305,2026-07-29,2026-08-13,2026-08-08,753885,753885,Comptant
308760,20043,2026-07-29,2026-08-13,2026-08-11,806820,806820,Comptant
308761,9596,2026-07-27,2026-08-11,2026-08-09,336230,336230,Comptant
308762,5231,2026-07-27,2026-08-11,,168405,0,Comptant
308763,4995,2026-07-27,2026-08-11,2026-08-10,143455,143455,Comptant
308764,18323,2026-07-27,2026-08-26,2026-08-31,1140805,1140805,30 j
308765,22997,2026-07-29,2026-08-13,2026-08-12,786035,786035,Comptant
308766,12591,2026-07-29,2026-08-28,,1450780,0,30 j
308767,8690,2026-07-30,2026-08-14,2026-08-13,914660,914660,Comptant
308768,13162,2026-07-30,2026-09-28,,1679895,0,60 j
308769,5071,2026-07-28,2026-08-12,2026-08-07,252980,252980,Comptant
308770,8436,2026-07-29,2026-08-13,2026-08-10,115095,115095,Comptant
308771,19049,2026-07-30,2026-08-14,2026-08-11,1134160,1134160,Comptant
308772,11471,2026-07-29,2026-08-28,,1344935,0,30 j
308773,692,2026-07-31,2026-08-15,,550500,0,Comptant
308774,16207,2026-07-31,2026-08-30,2026-08-25,1021895,1021895,30 j
308775,13219,2026-07-31,2026-08-15,2026-08-12,634470,634470,Comptant
308776,9901,2026-07-29,2026-08-13,,814260,0,Comptant
308777,14060,2026-07-31,2026-08-30,2026-08-27,538080,538080,30 j
308778,17901,2026-07-30,2026-08-14,,1067985,0,Comptant
308779,15070,2026-07-30,2026-08-29,2026-08-24,1309415,1309415,30 j
308780,635,2026-08-01,2026-08-16,2026-08-15,360705,360705,Comptant
308781,1293,2026-08-01,2026-08-16,2026-08-21,1076490,1076490,Comptant
308782,7554,2026-08-01,2026-09-30,2026-09-29,865980,865980,60 j
308783,14843,2026-07-31,2026-08-30,2026-08-27,1473925,1473925,30 j
308784,18125,2026-07-30,2026-08-29,2026-08-24,1294690,1294690,30 j
308785,11139,2026-08-01,2026-08-31,,627690,0,30 j
308786,8432,2026-07-31,2026-08-15,2026-08-10,995000,995000,Comptant
308787,11889,2026-07-31,2026-08-15,2026-08-14,1264745,1264745,Comptant
308788,19814,2026-07-31,2026-08-15,2026-08-10,1292025,1292025,Comptant
308789,13139,2026-08-02,2026-08-17,2026-08-14,1472675,1472675,Comptant
308790,15973,2026-08-02,2026-09-01,,1251625,0,30 j
308791,20272,2026-08-02,2026-09-01,2026-08-31,1120320,1120320,30 j
308792,17398,2026-08-01,2026-08-16,,1682080,0,Comptant
308793,22104,2026-08-03,2026-08-18,,1209730,0,Comptant
308794,3454,2026-08-03,2026-08-18,2026-08-17,1458980,1458980,Comptant
308795,22514,2026-08-03,2026-08-18,2026-08-13,159785,159785,Comptant
308796,19843,2026-08-02,2026-09-01,2026-09-01,1293115,1293115,30 j
308797,10631,2026-08-02,2026-10-01,2026-09-29,1279715,1279715,60 j
308798,22066,2026-08-02,2026-08-17,2026-09-06,653425,653425,Comptant
308799,19374,2026-08-04,2026-10-03,2026-09-28,783055,783055,60 j
308800,20877,2026-08-02,2026-10-01,2026-09-28,222285,222285,60 j
308801,14593,2026-08-02,2026-09-01,,1242075,0,30 j
308802,17468,2026-08-04,2026-08-19,2026-08-16,74960,74960,Comptant
308803,7665,2026-08-03,2026-08-18,2026-08-16,289995,289995,Comptant
308804,1955,2026-08-03,2026-09-02,2026-09-01,165540,165540,30 j
308805,7360,2026-08-04,2026-09-03,2026-09-01,598620,598620,30 j
308806,5259,2026-08-03,2026-08-18,2026-08-15,309580,309580,Comptant
308807,23344,2026-08-03,2026-08-18,2026-09-07,362340,362340,Comptant
308808,4,2026-08-05,2026-09-04,2026-09-01,105895,105895,30 j
308809,22830,2026-08-05,2026-08-20,2026-10-04,1484535,1484535,Comptant
308810,17804,2026-08-05,2026-08-20,2026-08-15,1651065,1651065,Comptant
308811,15766,2026-08-05,2026-08-20,2026-08-18,1419145,1419145,Comptant
308812,16842,2026-08-04,2026-09-03,2026-08-31,1692475,1692475,30 j
308813,13228,2026-08-05,2026-08-20,2026-08-20,1428005,1428005,Comptant
308814,16929,2026-08-05,2026-08-20,2026-08-21,699920,699920,Comptant
308815,11309,2026-08-04,2026-08-19,2026-08-16,695020,695020,Comptant
308816,8709,2026-08-05,2026-08-20,2026-08-22,1172345,1172345,Comptant
308817,18317,2026-08-04,2026-08-19,2026-08-17,1674865,1674865,Comptant
308818,776,2026-08-05,2026-10-04,2026-10-24,946840,946840,60 j
308819,5805,2026-08-07,2026-10-06,2026-10-03,217675,217675,60 j
308820,15334,2026-08-06,2026-08-21,2026-08-19,1442035,1442035,Comptant
308821,21816,2026-08-06,2026-08-21,2026-08-18,423445,423445,Comptant
308822,22156,2026-08-07,2026-09-06,2026-09-06,1575375,1575375,30 j
308823,583,2026-08-05,2026-09-04,2026-09-01,1644120,1644120,30 j
308824,2346,2026-08-06,2026-08-21,2026-08-21,100265,100265,Comptant
308825,15291,2026-08-06,2026-09-05,2026-09-25,1285765,1285765,30 j
308826,21433,2026-08-06,2026-08-21,,1266445,0,Comptant
308827,4637,2026-08-06,2026-08-21,,542395,0,Comptant
308828,3837,2026-08-07,2026-09-06,2026-09-06,177865,177865,30 j
308829,7115,2026-08-06,2026-08-21,2026-08-21,290560,290560,Comptant
308830,22510,2026-08-07,2026-08-22,,1285545,0,Comptant
308831,3387,2026-08-08,2026-08-23,2026-08-20,1626345,1626345,Comptant
308832,6894,2026-08-09,2026-08-24,2026-08-19,1479615,1479615,Comptant
308833,21664,2026-08-07,2026-08-22,2026-08-21,434050,434050,Comptant
308834,7557,2026-08-09,2026-10-08,2026-10-05,263900,263900,60 j
308835,16854,2026-08-09,2026-08-24,2026-08-23,1559000,1559000,Comptant
308836,23095,2026-08-08,2026-08-23,2026-08-18,1576605,1576605,Comptant
308837,19902,2026-08-07,2026-09-06,2026-09-03,435675,435675,30 j
308838,10375,2026-08-07,2026-08-22,2026-08-22,1365730,1365730,Comptant
308839,5427,2026-08-10,2026-08-25,,1297665,0,Comptant
308840,393,2026-08-10,2026-08-25,,1561390,0,Comptant
308841,23393,2026-08-08,2026-09-07,2026-09-05,919795,919795,30 j
308842,17505,2026-08-08,2026-10-07,2026-10-02,1203475,1203475,60 j
308843,21290,2026-08-09,2026-08-24,2026-08-24,159490,159490,Comptant
308844,12136,2026-08-09,2026-10-08,2026-10-06,1060615,1060615,60 j
308845,15297,2026-08-09,2026-09-08,2026-09-07,1223510,1223510,30 j
308846,3971,2026-08-11,2026-09-10,2026-09-30,1306600,1306600,30 j
308847,13619,2026-08-11,2026-08-26,2026-08-31,1080005,1080005,Comptant
308848,21329,2026-08-09,2026-08-24,2026-08-25,535795,535795,Comptant
308849,22163,2026-08-10,2026-08-25,2026-08-26,486655,486655,Comptant
308850,21880,2026-08-09,2026-08-24,,1542835,0,Comptant
308851,12855,2026-08-09,2026-08-24,2026-08-23,1221310,1221310,Comptant
308852,20568,2026-08-11,2026-08-26,2026-08-21,1794480,1794480,Comptant
308853,14774,2026-08-10,2026-09-09,2026-10-24,803080,803080,30 j
308854,9093,2026-08-12,2026-08-27,2026-08-22,414495,414495,Comptant
308855,19553,2026-08-10,2026-08-25,2026-08-23,1488125,1488125,Comptant
308856,3682,2026-08-11,2026-08-26,2026-08-25,1419660,1419660,Comptant
308857,21307,2026-08-11,2026-08-26,2026-08-24,987505,987505,Comptant
308858,15338,2026-08-11,2026-09-10,,250180,0,30 j
308859,21688,2026-08-12,2026-09-11,2026-09-08,328910,328910,30 j
308860,5459,2026-08-11,2026-10-10,2026-10-10,843020,843020,60 j
308861,5529,2026-08-12,2026-08-27,2026-08-27,285415,285415,Comptant
308862,14690,2026-08-13,2026-09-12,2026-09-07,1421645,1421645,30 j
308863,5410,2026-08-13,2026-08-28,2026-08-25,1130180,1130180,Comptant
308864,20631,2026-08-13,2026-08-28,2026-08-25,1240050,1240050,Comptant
308865,23824,2026-08-11,2026-08-26,2026-08-21,1284410,1284410,Comptant
308866,7674,2026-08-12,2026-08-27,,1783625,0,Comptant
308867,10847,2026-08-14,2026-08-29,2026-08-28,825170,825170,Comptant
308868,7234,2026-08-12,2026-08-27,2026-08-25,1749550,1749550,Comptant
308869,17146,2026-08-14,2026-09-13,2026-09-13,904530,904530,30 j
308870,22580,2026-08-12,2026-10-11,2026-10-12,1295200,1295200,60 j
308871,21461,2026-08-14,2026-09-13,,185260,0,30 j
308872,22734,2026-08-12,2026-08-27,2026-08-27,265960,265960,Comptant
308873,16686,2026-08-15,2026-10-14,2026-10-11,423375,423375,60 j
308874,23862,2026-08-15,2026-08-30,2026-08-28,162070,162070,Comptant
308875,23022,2026-08-14,2026-08-29,2026-08-27,75660,75660,Comptant
308876,15970,2026-08-14,2026-08-29,,714020,0,Comptant
308877,22720,2026-08-13,2026-08-28,2026-08-28,1152640,1152640,Comptant
308878,20141,2026-08-14,2026-10-13,2026-10-08,1189860,1189860,60 j
308879,8900,2026-08-14,2026-09-13,2026-09-10,438060,438060,30 j
308880,21248,2026-08-15,2026-08-30,2026-08-30,1445515,1445515,Comptant
308881,15419,2026-08-14,2026-09-13,2026-09-13,632760,632760,30 j
308882,4405,2026-08-15,2026-08-30,2026-08-27,931395,931395,Comptant
308883,15376,2026-08-15,2026-08-30,2026-08-28,1678545,1678545,Comptant
308884,5611,2026-08-15,2026-10-14,2026-10-13,1427715,1427715,60 j
308885,713,2026-08-16,2026-09-15,,1743235,0,30 j
308886,12596,2026-08-15,2026-08-30,2026-08-30,340950,340950,Comptant
308887,8595,2026-08-16,2026-09-15,2026-09-14,1630910,1630910,30 j
308888,21764,2026-08-15,2026-08-30,,1764300,0,Comptant
308889,11251,2026-08-15,2026-08-30,2026-08-28,819655,819655,Comptant
308890,7192,2026-08-15,2026-08-30,2026-08-25,787605,787605,Comptant
308891,22246,2026-08-17,2026-09-01,2026-08-30,947885,947885,Comptant
308892,1633,2026-08-15,2026-08-30,2026-08-28,1730315,1730315,Comptant
308893,8047,2026-08-18,2026-09-02,2026-09-03,1650060,1650060,Comptant
308894,11068,2026-08-18,2026-09-02,2026-08-31,886520,886520,Comptant
308895,9806,2026-08-16,2026-09-15,2026-09-14,803445,803445,30 j
308896,15882,2026-08-16,2026-08-31,2026-08-29,1227450,1227450,Comptant
308897,17360,2026-08-17,2026-09-16,,85435,0,30 j
308898,9826,2026-08-17,2026-09-01,2026-08-27,465990,465990,Comptant
308899,21918,2026-08-16,2026-08-31,2026-10-15,856670,856670,Comptant
308900,13542,2026-08-18,2026-09-17,2026-09-16,209875,209875,30 j
308901,3882,2026-08-17,2026-09-01,2026-08-31,1550030,1550030,Comptant
308902,15049,2026-08-19,2026-10-18,2026-10-18,275695,275695,60 j
308903,16540,2026-08-19,2026-09-03,2026-09-23,695445,695445,Comptant
308904,8507,2026-08-17,2026-10-16,2026-10-15,836395,836395,60 j
308905,19385,2026-08-18,2026-09-02,2026-09-01,1560985,1560985,Comptant
308906,16908,2026-08-18,2026-09-02,2026-09-04,1008605,1008605,Comptant
308907,7724,2026-08-18,2026-09-17,2026-09-17,988815,988815,30 j
308908,6943,2026-08-20,2026-09-19,2026-09-14,485540,485540,30 j
308909,14794,2026-08-20,2026-09-04,2026-08-30,97910,97910,Comptant
308910,4194,2026-08-19,2026-09-03,2026-08-31,671185,671185,Comptant
308911,9245,2026-08-19,2026-09-18,2026-09-15,1734210,1734210,30 j
308912,5060,2026-08-19,2026-09-03,2026-09-08,820835,820835,Comptant
308913,3335,2026-08-19,2026-09-18,2026-09-16,1310700,1310700,30 j
308914,10762,2026-08-20,2026-09-04,,1213880,0,Comptant
308915,17977,2026-08-21,2026-09-05,,453265,0,Comptant
308916,20593,2026-08-19,2026-10-18,2026-10-16,739310,739310,60 j
308917,2377,2026-08-19,2026-09-18,,382745,0,30 j
308918,16842,2026-08-21,2026-09-20,2026-09-17,765405,765405,30 j
308919,19928,2026-08-19,2026-10-18,2026-10-15,195655,195655,60 j
308920,10063,2026-08-22,2026-09-21,2026-09-20,1531700,1531700,30 j
308921,15244,2026-08-22,2026-09-06,2026-09-01,930430,930430,Comptant
308922,2805,2026-08-21,2026-09-05,2026-08-31,1246290,1246290,Comptant
308923,507,2026-08-22,2026-09-06,2026-09-05,1330305,1330305,Comptant
308924,20101,2026-08-21,2026-09-05,2026-08-31,381970,381970,Comptant
308925,7877,2026-08-20,2026-09-04,,1182685,0,Comptant
308926,2968,2026-08-21,2026-09-05,2026-09-03,243015,243015,Comptant
308927,1425,2026-08-23,2026-09-07,,1149250,0,Comptant
308928,2102,2026-08-22,2026-09-21,2026-09-18,1505520,1505520,30 j
308929,23636,2026-08-21,2026-09-05,2026-09-10,1613380,1613380,Comptant
308930,20378,2026-08-23,2026-09-07,2026-09-06,1503270,1503270,Comptant
308931,20238,2026-08-23,2026-09-07,2026-09-04,396550,396550,Comptant
308932,14819,2026-08-21,2026-09-20,2026-09-17,1612870,1612870,30 j
308933,9475,2026-08-23,2026-09-07,2026-09-05,65920,65920,Comptant
308934,20786,2026-08-23,2026-09-07,2026-09-06,343920,343920,Comptant
308935,20247,2026-08-24,2026-10-23,2026-11-02,169835,169835,60 j
308936,23733,2026-08-24,2026-09-08,2026-09-09,640015,640015,Comptant
308937,16068,2026-08-24,2026-09-08,2026-09-05,903205,903205,Comptant
308938,1660,2026-08-24,2026-09-23,,1007500,0,30 j
308939,786,2026-08-23,2026-09-22,2026-09-21,689230,689230,30 j
308940,14823,2026-08-23,2026-10-22,2026-10-20,479480,479480,60 j
308941,5494,2026-08-23,2026-09-22,2026-10-12,431620,431620,30 j
308942,15672,2026-08-23,2026-09-22,2026-11-06,1644580,1644580,30 j
308943,125,2026-08-25,2026-09-24,,858205,0,30 j
308944,21993,2026-08-24,2026-09-08,2026-09-06,709655,709655,Comptant
308945,10118,2026-08-24,2026-09-08,2026-09-10,1182535,1182535,Comptant
308946,7505,2026-08-23,2026-09-07,2026-09-05,916360,916360,Comptant
308947,22568,2026-08-26,2026-09-10,2026-09-07,1608815,1608815,Comptant
308948,7744,2026-08-24,2026-09-08,2026-09-05,220615,220615,Comptant
308949,21219,2026-08-24,2026-09-08,,724510,0,Comptant
308950,3791,2026-08-26,2026-09-10,2026-09-05,1533925,1533925,Comptant
308951,20225,2026-08-24,2026-09-23,,640245,0,30 j
308952,19205,2026-08-24,2026-09-23,2026-09-28,345960,345960,30 j
308953,19417,2026-08-26,2026-09-25,,692800,0,30 j
308954,23432,2026-08-27,2026-09-11,2026-09-06,435995,435995,Comptant
308955,302,2026-08-27,2026-09-11,2026-09-13,432635,432635,Comptant
308956,3961,2026-08-26,2026-10-25,2026-10-22,797335,797335,60 j
308957,8253,2026-08-27,2026-09-26,2026-09-23,1026530,1026530,30 j
308958,19560,2026-08-25,2026-09-24,2026-09-19,86770,86770,30 j
308959,5996,2026-08-26,2026-09-10,,761825,0,Comptant
308960,16086,2026-08-26,2026-09-10,2026-09-10,1777840,1777840,Comptant
308961,18234,2026-08-26,2026-09-10,2026-09-07,661430,661430,Comptant
308962,11276,2026-08-26,2026-09-10,2026-09-10,133470,133470,Comptant
308963,13419,2026-08-27,2026-09-11,2026-09-08,944625,944625,Comptant
308964,566,2026-08-28,2026-10-27,2026-10-25,791610,791610,60 j
308965,1191,2026-08-26,2026-09-10,2026-09-10,262140,262140,Comptant
308966,23445,2026-08-28,2026-09-12,2026-09-09,827735,827735,Comptant
308967,11471,2026-08-27,2026-09-26,2026-09-23,228395,228395,30 j
308968,1091,2026-08-27,2026-09-26,,339135,0,30 j
308969,23893,2026-08-29,2026-09-13,,1366880,0,Comptant
308970,1235,2026-08-28,2026-09-27,2026-09-22,520550,520550,30 j
308971,12457,2026-08-27,2026-09-26,2026-09-21,329960,329960,30 j
308972,1083,2026-08-29,2026-09-13,2026-09-08,1321365,1321365,Comptant
308973,20647,2026-08-29,2026-09-13,,1263125,0,Comptant
308974,21078,2026-08-30,2026-09-14,,1254795,0,Comptant
308975,12319,2026-08-28,2026-09-12,2026-09-09,1156165,1156165,Comptant
308976,6997,2026-08-28,2026-09-12,2026-09-22,76220,76220,Comptant
308977,11326,2026-08-29,2026-09-13,2026-10-03,1695945,1695945,Comptant
308978,8875,2026-08-30,2026-09-14,2026-09-14,662325,662325,Comptant
308979,22969,2026-08-30,2026-09-29,2026-10-09,697420,697420,30 j
308980,9893,2026-08-29,2026-09-13,,1104050,0,Comptant
308981,10576,2026-08-30,2026-09-14,2026-09-11,790555,790555,Comptant
308982,22376,2026-08-30,2026-09-14,2026-09-12,461420,461420,Comptant
308983,4728,2026-08-29,2026-10-28,2026-10-26,1705525,1705525,60 j
308984,1837,2026-08-29,2026-09-13,2026-09-14,702750,702750,Comptant
308985,14598,2026-08-31,2026-09-30,,1114850,0,30 j
308986,8855,2026-08-30,2026-09-14,,1502095,0,Comptant
308987,20770,2026-09-01,2026-09-16,2026-09-15,1119315,1119315,Comptant
308988,21263,2026-08-30,2026-09-14,2026-09-11,457320,457320,Comptant
308989,22892,2026-09-01,2026-09-16,2026-09-16,332595,332595,Comptant
308990,21533,2026-08-31,2026-09-15,2026-09-13,342660,342660,Comptant
308991,16410,2026-09-01,2026-09-16,2026-09-14,361655,361655,Comptant
308992,16238,2026-09-01,2026-09-16,2026-09-15,1288125,1288125,Comptant
308993,4047,2026-08-31,2026-10-30,2026-10-27,1709350,1709350,60 j
308994,14266,2026-08-31,2026-09-15,2026-09-14,1737525,1737525,Comptant
308995,14199,2026-09-01,2026-09-16,2026-09-14,150285,150285,Comptant
308996,2819,2026-08-31,2026-09-30,2026-09-30,512260,512260,30 j
308997,3446,2026-09-01,2026-09-16,2026-09-13,1629715,1629715,Comptant
308998,14856,2026-09-02,2026-09-17,2026-09-12,913160,913160,Comptant
308999,4490,2026-08-31,2026-09-30,2026-11-14,1294210,1294210,30 j
