id_produit,mois,entrees_unites,stock_moyen_unites,couverture_mois
1,2023-01,575,648,1.23
1,2023-02,380,455,1.17
1,2023-03,595,648,1.11
1,2023-04,740,888,1.30
1,2023-05,311,411,1.23
1,2023-06,315,367,1.17
1,2023-07,390,424,1.11
1,2023-08,374,441,1.30
1,2023-09,355,493,1.23
1,2023-10,526,686,1.17
1,2023-11,496,576,1.11
1,2023-12,627,759,1.30
1,2024-01,426,486,1.23
1,2024-02,392,503,1.17
1,2024-03,786,793,1.11
1,2024-04,711,921,1.30
1,2024-05,603,668,1.23
1,2024-06,303,320,1.17
1,2024-07,257,317,1.11
1,2024-08,400,468,1.30
1,2024-09,507,629,1.23
1,2024-10,655,835,1.17
1,2024-11,564,632,1.11
1,2024-12,419,609,1.30
1,2025-01,520,605,1.23
1,2025-02,501,580,1.17
1,2025-03,784,961,1.11
1,2025-04,480,670,1.30
1,2025-05,461,567,1.23
1,2025-06,482,528,1.17
1,2025-07,469,551,1.11
1,2025-08,303,437,1.30
1,2025-09,445,568,1.23
1,2025-10,658,858,1.17
1,2025-11,602,697,1.11
1,2025-12,533,638,1.30
1,2026-01,441,588,1.23
1,2026-02,493,605,1.17
1,2026-03,740,771,1.11
1,2026-04,542,760,1.30
1,2026-05,558,758,1.23
1,2026-06,409,508,1.17
1,2026-07,424,459,1.11
1,2026-08,506,629,1.30
2,2023-01,467,502,1.12
2,2023-02,251,298,1.06
2,2023-03,549,585,1.01
2,2023-04,349,457,1.19
2,2023-05,288,318,1.12
2,2023-06,370,406,1.06
2,2023-07,328,312,1.01
2,2023-08,324,378,1.19
2,2023-09,390,428,1.12
2,2023-10,395,456,1.06
2,2023-11,511,511,1.01
2,2023-12,505,669,1.19
2,2024-01,336,417,1.12
2,2024-02,419,410,1.06
2,2024-03,478,524,1.01
2,2024-04,586,790,1.19
2,2024-05,590,629,1.12
2,2024-06,234,269,1.06
2,2024-07,370,393,1.01
2,2024-08,314,365,1.19
2,2024-09,605,613,1.12
2,2024-10,417,500,1.06
2,2024-11,489,477,1.01
2,2024-12,426,569,1.19
2,2025-01,607,638,1.12
2,2025-02,491,539,1.06
2,2025-03,451,506,1.01
2,2025-04,628,765,1.19
2,2025-05,408,442,1.12
2,2025-06,405,472,1.06
2,2025-07,422,438,1.01
2,2025-08,431,479,1.19
2,2025-09,760,791,1.12
2,2025-10,630,634,1.06
2,2025-11,513,522,1.01
2,2025-12,652,736,1.19
2,2026-01,496,607,1.12
2,2026-02,531,580,1.06
2,2026-03,570,603,1.01
2,2026-04,527,685,1.19
2,2026-05,548,690,1.12
2,2026-06,334,397,1.06
2,2026-07,470,426,1.01
2,2026-08,392,479,1.19
3,2023-01,451,645,1.37
3,2023-02,276,345,1.30
3,2023-03,484,567,1.23
3,2023-04,550,728,1.45
3,2023-05,407,507,1.37
3,2023-06,286,416,1.30
3,2023-07,459,604,1.23
3,2023-08,456,678,1.45
3,2023-09,384,552,1.37
3,2023-10,503,644,1.30
3,2023-11,439,578,1.23
3,2023-12,549,726,1.45
3,2024-01,491,701,1.37
3,2024-02,451,535,1.30
3,2024-03,785,879,1.23
3,2024-04,472,658,1.45
3,2024-05,315,456,1.37
3,2024-06,404,587,1.30
3,2024-07,453,500,1.23
3,2024-08,544,716,1.45
3,2024-09,585,803,1.37
3,2024-10,365,530,1.30
3,2024-11,523,607,1.23
3,2024-12,493,752,1.45
3,2025-01,330,459,1.37
3,2025-02,585,682,1.30
3,2025-03,691,775,1.23
3,2025-04,530,709,1.45
3,2025-05,559,852,1.37
3,2025-06,502,629,1.30
3,2025-07,296,357,1.23
3,2025-08,393,542,1.45
3,2025-09,519,804,1.37
3,2025-10,759,897,1.30
3,2025-11,625,838,1.23
3,2025-12,604,994,1.45
3,2026-01,448,592,1.37
3,2026-02,560,688,1.30
3,2026-03,771,905,1.23
3,2026-04,589,948,1.45
3,2026-05,438,641,1.37
3,2026-06,371,477,1.30
3,2026-07,482,580,1.23
3,2026-08,473,648,1.45
4,2023-01,411,573,1.23
4,2023-02,416,469,1.17
4,2023-03,503,600,1.11
4,2023-04,295,400,1.30
4,2023-05,394,530,1.23
4,2023-06,299,349,1.17
4,2023-07,231,272,1.11
4,2023-08,378,479,1.30
4,2023-09,504,655,1.23
4,2023-10,476,612,1.17
4,2023-11,549,636,1.11
4,2023-12,420,575,1.30
4,2024-01,316,409,1.23
4,2024-02,587,614,1.17
4,2024-03,642,698,1.11
4,2024-04,769,922,1.30
4,2024-05,586,699,1.23
4,2024-06,539,565,1.17
4,2024-07,243,271,1.11
4,2024-08,311,408,1.30
4,2024-09,509,665,1.23
4,2024-10,614,766,1.17
4,2024-11,731,740,1.11
4,2024-12,558,732,1.30
4,2025-01,461,549,1.23
4,2025-02,449,476,1.17
4,2025-03,576,636,1.11
4,2025-04,513,725,1.30
4,2025-05,492,578,1.23
4,2025-06,436,476,1.17
4,2025-07,344,346,1.11
4,2025-08,292,387,1.30
4,2025-09,513,695,1.23
4,2025-10,620,694,1.17
4,2025-11,628,652,1.11
4,2025-12,515,754,1.30
4,2026-01,714,819,1.23
4,2026-02,642,694,1.17
4,2026-03,416,516,1.11
4,2026-04,711,901,1.30
4,2026-05,355,483,1.23
4,2026-06,352,409,1.17
4,2026-07,285,348,1.11
4,2026-08,494,633,1.30
5,2023-01,441,410,0.88
5,2023-02,360,301,0.83
5,2023-03,647,499,0.79
5,2023-04,643,561,0.93
5,2023-05,444,395,0.88
5,2023-06,441,402,0.83
5,2023-07,374,310,0.79
5,2023-08,379,361,0.93
5,2023-09,298,273,0.88
5,2023-10,526,473,0.83
5,2023-11,511,363,0.79
5,2023-12,558,539,0.93
5,2024-01,357,357,0.88
5,2024-02,360,320,0.83
5,2024-03,797,594,0.79
5,2024-04,603,534,0.93
5,2024-05,279,247,0.88
5,2024-06,411,385,0.83
5,2024-07,305,252,0.79
5,2024-08,535,454,0.93
5,2024-09,366,353,0.88
5,2024-10,625,579,0.83
5,2024-11,566,455,0.79
5,2024-12,451,474,0.93
5,2025-01,504,404,0.88
5,2025-02,661,512,0.83
5,2025-03,582,503,0.79
5,2025-04,527,451,0.93
5,2025-05,435,343,0.88
5,2025-06,398,312,0.83
5,2025-07,184,137,0.79
5,2025-08,301,308,0.93
5,2025-09,421,395,0.88
5,2025-10,731,614,0.83
5,2025-11,551,473,0.79
5,2025-12,632,545,0.93
5,2026-01,591,535,0.88
5,2026-02,446,360,0.83
5,2026-03,600,488,0.79
5,2026-04,673,564,0.93
5,2026-05,378,348,0.88
5,2026-06,493,379,0.83
5,2026-07,301,219,0.79
5,2026-08,442,399,0.93
6,2023-01,346,793,2.05
6,2023-02,484,853,1.95
6,2023-03,490,985,1.85
6,2023-04,516,1248,2.17
6,2023-05,436,826,2.05
6,2023-06,260,547,1.95
6,2023-07,289,602,1.85
6,2023-08,393,785,2.17
6,2023-09,703,1311,2.05
6,2023-10,491,994,1.95
6,2023-11,584,1120,1.85
6,2023-12,549,1130,2.17
6,2024-01,466,908,2.05
6,2024-02,524,1077,1.95
6,2024-03,509,1054,1.85
6,2024-04,633,1511,2.17
6,2024-05,454,986,2.05
6,2024-06,287,631,1.95
6,2024-07,482,846,1.85
6,2024-08,478,1070,2.17
6,2024-09,399,814,2.05
6,2024-10,540,1118,1.95
6,2024-11,504,961,1.85
6,2024-12,548,1137,2.17
6,2025-01,487,916,2.05
6,2025-02,548,990,1.95
6,2025-03,695,1283,1.85
6,2025-04,893,1793,2.17
6,2025-05,548,1184,2.05
6,2025-06,378,715,1.95
6,2025-07,327,639,1.85
6,2025-08,521,1035,2.17
6,2025-09,471,995,2.05
6,2025-10,572,1255,1.95
6,2025-11,599,1041,1.85
6,2025-12,444,1054,2.17
6,2026-01,663,1255,2.05
6,2026-02,674,1218,1.95
6,2026-03,614,1043,1.85
6,2026-04,525,1278,2.17
6,2026-05,489,1052,2.05
6,2026-06,352,769,1.95
6,2026-07,306,639,1.85
6,2026-08,439,970,2.17
7,2023-01,463,508,1.12
7,2023-02,346,413,1.06
7,2023-03,542,525,1.01
7,2023-04,483,592,1.19
7,2023-05,333,408,1.12
7,2023-06,307,317,1.06
7,2023-07,277,285,1.01
7,2023-08,282,346,1.19
7,2023-09,631,638,1.12
7,2023-10,667,696,1.06
7,2023-11,484,504,1.01
7,2023-12,755,886,1.19
7,2024-01,498,505,1.12
7,2024-02,479,554,1.06
7,2024-03,715,691,1.01
7,2024-04,606,649,1.19
7,2024-05,365,393,1.12
7,2024-06,249,292,1.06
7,2024-07,469,442,1.01
7,2024-08,420,496,1.19
7,2024-09,523,634,1.12
7,2024-10,639,647,1.06
7,2024-11,661,612,1.01
7,2024-12,732,823,1.19
7,2025-01,560,566,1.12
7,2025-02,562,651,1.06
7,2025-03,564,509,1.01
7,2025-04,682,743,1.19
7,2025-05,596,692,1.12
7,2025-06,292,307,1.06
7,2025-07,376,352,1.01
7,2025-08,473,529,1.19
7,2025-09,711,795,1.12
7,2025-10,536,614,1.06
7,2025-11,575,581,1.01
7,2025-12,710,764,1.19
7,2026-01,757,779,1.12
7,2026-02,565,640,1.06
7,2026-03,626,709,1.01
7,2026-04,622,751,1.19
7,2026-05,511,558,1.12
7,2026-06,392,377,1.06
7,2026-07,420,386,1.01
7,2026-08,517,605,1.19
8,2023-01,439,477,1.03
8,2023-02,439,399,0.97
8,2023-03,426,389,0.93
8,2023-04,452,545,1.09
8,2023-05,524,545,1.03
8,2023-06,329,313,0.97
8,2023-07,371,350,0.93
8,2023-08,362,387,1.09
8,2023-09,487,470,1.03
8,2023-10,626,555,0.97
8,2023-11,521,475,0.93
8,2023-12,439,522,1.09
8,2024-01,566,522,1.03
8,2024-02,447,406,0.97
8,2024-03,597,556,0.93
8,2024-04,647,702,1.09
8,2024-05,369,341,1.03
8,2024-06,222,242,0.97
8,2024-07,270,242,0.93
8,2024-08,288,313,1.09
8,2024-09,583,536,1.03
8,2024-10,448,473,0.97
8,2024-11,692,581,0.93
8,2024-12,451,530,1.09
8,2025-01,476,505,1.03
8,2025-02,496,445,0.97
8,2025-03,638,606,0.93
8,2025-04,404,473,1.09
8,2025-05,470,509,1.03
8,2025-06,343,338,0.97
8,2025-07,281,287,0.93
8,2025-08,309,302,1.09
8,2025-09,556,572,1.03
8,2025-10,509,516,0.97
8,2025-11,695,611,0.93
8,2025-12,773,826,1.09
8,2026-01,709,770,1.03
8,2026-02,495,431,0.97
8,2026-03,871,775,0.93
8,2026-04,597,676,1.09
8,2026-05,653,601,1.03
8,2026-06,398,369,0.97
8,2026-07,320,318,0.93
8,2026-08,508,509,1.09
9,2023-01,543,955,1.76
9,2023-02,318,566,1.67
9,2023-03,524,911,1.59
9,2023-04,505,868,1.86
9,2023-05,382,734,1.76
9,2023-06,336,534,1.67
9,2023-07,395,629,1.59
9,2023-08,228,458,1.86
9,2023-09,426,750,1.76
9,2023-10,541,1019,1.67
9,2023-11,554,886,1.59
9,2023-12,406,853,1.86
9,2024-01,589,1059,1.76
9,2024-02,384,723,1.67
9,2024-03,604,889,1.59
9,2024-04,382,669,1.86
9,2024-05,424,819,1.76
9,2024-06,333,501,1.67
9,2024-07,356,525,1.59
9,2024-08,327,661,1.86
9,2024-09,570,1011,1.76
9,2024-10,514,840,1.67
9,2024-11,514,746,1.59
9,2024-12,397,805,1.86
9,2025-01,705,1161,1.76
9,2025-02,451,768,1.67
9,2025-03,463,817,1.59
9,2025-04,638,1248,1.86
9,2025-05,404,771,1.76
9,2025-06,535,817,1.67
9,2025-07,350,511,1.59
9,2025-08,291,598,1.86
9,2025-09,624,990,1.76
9,2025-10,858,1351,1.67
9,2025-11,570,848,1.59
9,2025-12,573,995,1.86
9,2026-01,696,1138,1.76
9,2026-02,442,671,1.67
9,2026-03,880,1390,1.59
9,2026-04,695,1168,1.86
9,2026-05,483,766,1.76
9,2026-06,608,930,1.67
9,2026-07,371,619,1.59
9,2026-08,479,818,1.86
10,2023-01,531,811,1.54
10,2023-02,325,485,1.46
10,2023-03,477,606,1.39
10,2023-04,387,693,1.63
10,2023-05,345,536,1.54
10,2023-06,311,487,1.46
10,2023-07,230,293,1.39
10,2023-08,338,492,1.63
10,2023-09,594,865,1.54
10,2023-10,444,618,1.46
10,2023-11,552,746,1.39
10,2023-12,359,598,1.63
10,2024-01,447,687,1.54
10,2024-02,430,605,1.46
10,2024-03,541,685,1.39
10,2024-04,375,673,1.63
10,2024-05,437,672,1.54
10,2024-06,432,694,1.46
10,2024-07,339,503,1.39
10,2024-08,551,832,1.63
10,2024-09,352,518,1.54
10,2024-10,564,909,1.46
10,2024-11,610,815,1.39
10,2024-12,559,1014,1.63
10,2025-01,310,538,1.54
10,2025-02,728,979,1.46
10,2025-03,591,792,1.39
10,2025-04,609,990,1.63
10,2025-05,519,718,1.54
10,2025-06,556,792,1.46
10,2025-07,494,664,1.39
10,2025-08,371,616,1.63
10,2025-09,575,858,1.54
10,2025-10,812,1072,1.46
10,2025-11,723,949,1.39
10,2025-12,603,920,1.63
10,2026-01,816,1125,1.54
10,2026-02,560,736,1.46
10,2026-03,606,900,1.39
10,2026-04,768,1161,1.63
10,2026-05,588,811,1.54
10,2026-06,456,643,1.46
10,2026-07,297,458,1.39
10,2026-08,469,696,1.63
11,2023-01,409,538,1.23
11,2023-02,427,466,1.17
11,2023-03,603,743,1.11
11,2023-04,399,517,1.30
11,2023-05,477,536,1.23
11,2023-06,221,251,1.17
11,2023-07,287,344,1.11
11,2023-08,399,494,1.30
11,2023-09,383,448,1.23
11,2023-10,592,636,1.17
11,2023-11,575,687,1.11
11,2023-12,504,593,1.30
11,2024-01,392,452,1.23
11,2024-02,417,535,1.17
11,2024-03,506,623,1.11
11,2024-04,442,655,1.30
11,2024-05,688,808,1.23
11,2024-06,482,593,1.17
11,2024-07,270,306,1.11
11,2024-08,397,489,1.30
11,2024-09,457,579,1.23
11,2024-10,471,584,1.17
11,2024-11,565,654,1.11
11,2024-12,724,965,1.30
11,2025-01,527,616,1.23
11,2025-02,478,560,1.17
11,2025-03,656,751,1.11
11,2025-04,424,500,1.30
11,2025-05,629,793,1.23
11,2025-06,625,757,1.17
11,2025-07,247,261,1.11
11,2025-08,524,702,1.30
11,2025-09,446,530,1.23
11,2025-10,927,970,1.17
11,2025-11,503,601,1.11
11,2025-12,640,768,1.30
11,2026-01,552,663,1.23
11,2026-02,463,553,1.17
11,2026-03,678,819,1.11
11,2026-04,602,723,1.30
11,2026-05,622,783,1.23
11,2026-06,521,554,1.17
11,2026-07,366,373,1.11
11,2026-08,320,464,1.30
12,2023-01,428,461,1.12
12,2023-02,283,307,1.06
12,2023-03,579,577,1.01
12,2023-04,428,569,1.19
12,2023-05,409,494,1.12
12,2023-06,416,502,1.06
12,2023-07,230,258,1.01
12,2023-08,338,376,1.19
12,2023-09,389,455,1.12
12,2023-10,459,506,1.06
12,2023-11,377,353,1.01
12,2023-12,385,491,1.19
12,2024-01,433,436,1.12
12,2024-02,454,540,1.06
12,2024-03,637,724,1.01
12,2024-04,528,596,1.19
12,2024-05,463,522,1.12
12,2024-06,480,509,1.06
12,2024-07,258,273,1.01
12,2024-08,450,483,1.19
12,2024-09,600,662,1.12
12,2024-10,523,623,1.06
12,2024-11,516,503,1.01
12,2024-12,517,567,1.19
12,2025-01,538,542,1.12
12,2025-02,516,495,1.06
12,2025-03,759,696,1.01
12,2025-04,496,549,1.19
12,2025-05,472,596,1.12
12,2025-06,361,359,1.06
12,2025-07,316,328,1.01
12,2025-08,502,620,1.19
12,2025-09,437,540,1.12
12,2025-10,554,599,1.06
12,2025-11,479,506,1.01
12,2025-12,578,729,1.19
12,2026-01,497,517,1.12
12,2026-02,463,495,1.06
12,2026-03,730,708,1.01
12,2026-04,543,708,1.19
12,2026-05,352,382,1.12
12,2026-06,607,609,1.06
12,2026-07,321,338,1.01
12,2026-08,480,626,1.19
13,2023-01,235,363,1.37
13,2023-02,252,329,1.30
13,2023-03,282,364,1.23
13,2023-04,277,449,1.45
13,2023-05,335,440,1.37
13,2023-06,261,319,1.30
13,2023-07,183,221,1.23
13,2023-08,308,483,1.45
13,2023-09,389,566,1.37
13,2023-10,337,449,1.30
13,2023-11,292,396,1.23
13,2023-12,511,725,1.45
13,2024-01,373,508,1.37
13,2024-02,351,413,1.30
13,2024-03,351,409,1.23
13,2024-04,448,671,1.45
13,2024-05,236,299,1.37
13,2024-06,184,255,1.30
13,2024-07,292,354,1.23
13,2024-08,219,336,1.45
13,2024-09,406,526,1.37
13,2024-10,503,591,1.30
13,2024-11,511,599,1.23
13,2024-12,476,736,1.45
13,2025-01,265,393,1.37
13,2025-02,326,388,1.30
13,2025-03,429,574,1.23
13,2025-04,483,738,1.45
13,2025-05,359,504,1.37
13,2025-06,192,273,1.30
13,2025-07,215,262,1.23
13,2025-08,208,342,1.45
13,2025-09,361,529,1.37
13,2025-10,432,526,1.30
13,2025-11,403,483,1.23
13,2025-12,349,464,1.45
13,2026-01,267,386,1.37
13,2026-02,355,516,1.30
13,2026-03,403,494,1.23
13,2026-04,507,784,1.45
13,2026-05,372,564,1.37
13,2026-06,268,356,1.30
13,2026-07,409,559,1.23
13,2026-08,321,487,1.45
14,2023-01,347,473,1.23
14,2023-02,249,305,1.17
14,2023-03,365,418,1.11
14,2023-04,556,659,1.30
14,2023-05,247,302,1.23
14,2023-06,245,275,1.17
14,2023-07,228,271,1.11
14,2023-08,227,265,1.30
14,2023-09,387,446,1.23
14,2023-10,340,428,1.17
14,2023-11,366,460,1.11
14,2023-12,286,407,1.30
14,2024-01,380,482,1.23
14,2024-02,292,325,1.17
14,2024-03,372,440,1.11
14,2024-04,287,420,1.30
14,2024-05,369,497,1.23
14,2024-06,269,319,1.17
14,2024-07,202,209,1.11
14,2024-08,261,329,1.30
14,2024-09,346,414,1.23
14,2024-10,349,368,1.17
14,2024-11,241,267,1.11
14,2024-12,512,704,1.30
14,2025-01,441,538,1.23
14,2025-02,293,382,1.17
14,2025-03,358,449,1.11
14,2025-04,566,686,1.30
14,2025-05,365,411,1.23
14,2025-06,213,229,1.17
14,2025-07,286,321,1.11
14,2025-08,267,363,1.30
14,2025-09,345,451,1.23
14,2025-10,382,421,1.17
14,2025-11,437,530,1.11
14,2025-12,462,680,1.30
14,2026-01,298,408,1.23
14,2026-02,335,383,1.17
14,2026-03,561,592,1.11
14,2026-04,360,484,1.30
14,2026-05,416,545,1.23
14,2026-06,365,397,1.17
14,2026-07,439,457,1.11
14,2026-08,366,500,1.30
15,2023-01,317,430,1.37
15,2023-02,275,342,1.30
15,2023-03,529,675,1.23
15,2023-04,352,577,1.45
15,2023-05,179,267,1.37
15,2023-06,244,351,1.30
15,2023-07,226,301,1.23
15,2023-08,275,372,1.45
15,2023-09,256,314,1.37
15,2023-10,581,713,1.30
15,2023-11,433,502,1.23
15,2023-12,462,678,1.45
15,2024-01,295,426,1.37
15,2024-02,281,336,1.30
15,2024-03,531,617,1.23
15,2024-04,378,491,1.45
15,2024-05,377,497,1.37
15,2024-06,284,391,1.30
15,2024-07,178,248,1.23
15,2024-08,374,522,1.45
15,2024-09,398,530,1.37
15,2024-10,390,505,1.30
15,2024-11,369,427,1.23
15,2024-12,373,557,1.45
15,2025-01,388,536,1.37
15,2025-02,409,504,1.30
15,2025-03,359,428,1.23
15,2025-04,497,726,1.45
15,2025-05,243,363,1.37
15,2025-06,136,187,1.30
15,2025-07,334,419,1.23
15,2025-08,408,661,1.45
15,2025-09,469,648,1.37
15,2025-10,570,717,1.30
15,2025-11,417,520,1.23
15,2025-12,382,555,1.45
15,2026-01,347,438,1.37
15,2026-02,470,609,1.30
15,2026-03,454,547,1.23
15,2026-04,246,333,1.45
15,2026-05,438,567,1.37
15,2026-06,382,474,1.30
15,2026-07,383,457,1.23
15,2026-08,293,446,1.45
16,2023-01,393,450,1.23
16,2023-02,338,420,1.17
16,2023-03,374,427,1.11
16,2023-04,575,678,1.30
16,2023-05,246,298,1.23
16,2023-06,264,284,1.17
16,2023-07,189,212,1.11
16,2023-08,153,214,1.30
16,2023-09,279,324,1.23
16,2023-10,329,392,1.17
16,2023-11,302,320,1.11
16,2023-12,382,552,1.30
16,2024-01,457,529,1.23
16,2024-02,403,438,1.17
16,2024-03,220,267,1.11
16,2024-04,334,447,1.30
16,2024-05,403,480,1.23
16,2024-06,247,295,1.17
16,2024-07,187,226,1.11
16,2024-08,231,335,1.30
16,2024-09,269,354,1.23
16,2024-10,352,454,1.17
16,2024-11,327,377,1.11
16,2024-12,501,586,1.30
16,2025-01,373,423,1.23
16,2025-02,318,378,1.17
16,2025-03,334,346,1.11
16,2025-04,445,566,1.30
16,2025-05,439,518,1.23
16,2025-06,328,408,1.17
16,2025-07,280,336,1.11
16,2025-08,312,374,1.30
16,2025-09,659,793,1.23
16,2025-10,396,500,1.17
16,2025-11,273,290,1.11
16,2025-12,418,601,1.30
16,2026-01,437,499,1.23
16,2026-02,290,369,1.17
16,2026-03,518,632,1.11
16,2026-04,349,473,1.30
16,2026-05,534,678,1.23
16,2026-06,354,388,1.17
16,2026-07,202,240,1.11
16,2026-08,292,374,1.30
17,2023-01,332,336,1.12
17,2023-02,265,310,1.06
17,2023-03,515,510,1.01
17,2023-04,332,420,1.19
17,2023-05,155,185,1.12
17,2023-06,291,290,1.06
17,2023-07,302,283,1.01
17,2023-08,193,260,1.19
17,2023-09,353,448,1.12
17,2023-10,425,470,1.06
17,2023-11,368,352,1.01
17,2023-12,425,490,1.19
17,2024-01,444,491,1.12
17,2024-02,307,296,1.06
17,2024-03,462,422,1.01
17,2024-04,333,377,1.19
17,2024-05,348,442,1.12
17,2024-06,279,298,1.06
17,2024-07,330,301,1.01
17,2024-08,208,238,1.19
17,2024-09,288,303,1.12
17,2024-10,356,410,1.06
17,2024-11,346,320,1.01
17,2024-12,305,360,1.19
17,2025-01,542,634,1.12
17,2025-02,417,400,1.06
17,2025-03,500,468,1.01
17,2025-04,262,343,1.19
17,2025-05,442,509,1.12
17,2025-06,451,466,1.06
17,2025-07,215,224,1.01
17,2025-08,330,353,1.19
17,2025-09,284,344,1.12
17,2025-10,600,579,1.06
17,2025-11,542,588,1.01
17,2025-12,442,470,1.19
17,2026-01,414,511,1.12
17,2026-02,453,470,1.06
17,2026-03,470,485,1.01
17,2026-04,407,483,1.19
17,2026-05,417,424,1.12
17,2026-06,304,354,1.06
17,2026-07,263,297,1.01
17,2026-08,254,339,1.19
18,2023-01,309,317,1.03
18,2023-02,242,228,0.97
18,2023-03,382,344,0.93
18,2023-04,487,558,1.09
18,2023-05,344,382,1.03
18,2023-06,337,293,0.97
18,2023-07,220,187,0.93
18,2023-08,177,187,1.09
18,2023-09,351,384,1.03
18,2023-10,360,384,0.97
18,2023-11,267,246,0.93
18,2023-12,405,464,1.09
18,2024-01,242,266,1.03
18,2024-02,266,233,0.97
18,2024-03,426,372,0.93
18,2024-04,545,592,1.09
18,2024-05,264,304,1.03
18,2024-06,186,185,0.97
18,2024-07,307,293,0.93
18,2024-08,255,264,1.09
18,2024-09,281,290,1.03
18,2024-10,479,529,0.97
18,2024-11,349,344,0.93
18,2024-12,305,332,1.09
18,2025-01,324,373,1.03
18,2025-02,246,248,0.97
18,2025-03,550,514,0.93
18,2025-04,276,308,1.09
18,2025-05,451,492,1.03
18,2025-06,352,344,0.97
18,2025-07,217,201,0.93
18,2025-08,379,438,1.09
18,2025-09,250,277,1.03
18,2025-10,365,378,0.97
18,2025-11,444,369,0.93
18,2025-12,318,327,1.09
18,2026-01,265,255,1.03
18,2026-02,315,337,0.97
18,2026-03,372,319,0.93
18,2026-04,432,513,1.09
18,2026-05,391,443,1.03
18,2026-06,311,323,0.97
18,2026-07,345,301,0.93
18,2026-08,292,285,1.09
19,2023-01,320,441,1.37
19,2023-02,342,423,1.30
19,2023-03,330,437,1.23
19,2023-04,383,509,1.45
19,2023-05,337,432,1.37
19,2023-06,259,312,1.30
19,2023-07,194,248,1.23
19,2023-08,220,355,1.45
19,2023-09,374,552,1.37
19,2023-10,445,601,1.30
19,2023-11,370,491,1.23
19,2023-12,418,643,1.45
19,2024-01,421,553,1.37
19,2024-02,302,388,1.30
19,2024-03,362,433,1.23
19,2024-04,402,557,1.45
19,2024-05,344,495,1.37
19,2024-06,304,392,1.30
19,2024-07,276,341,1.23
19,2024-08,302,420,1.45
19,2024-09,241,340,1.37
19,2024-10,397,494,1.30
19,2024-11,386,502,1.23
19,2024-12,466,654,1.45
19,2025-01,431,593,1.37
19,2025-02,343,490,1.30
19,2025-03,294,411,1.23
19,2025-04,336,509,1.45
19,2025-05,411,592,1.37
19,2025-06,271,325,1.30
19,2025-07,315,411,1.23
19,2025-08,342,445,1.45
19,2025-09,361,448,1.37
19,2025-10,472,619,1.30
19,2025-11,511,601,1.23
19,2025-12,350,475,1.45
19,2026-01,581,714,1.37
19,2026-02,275,383,1.30
19,2026-03,327,388,1.23
19,2026-04,374,594,1.45
19,2026-05,346,433,1.37
19,2026-06,249,332,1.30
19,2026-07,256,358,1.23
19,2026-08,368,545,1.45
20,2023-01,272,324,1.23
20,2023-02,520,556,1.17
20,2023-03,277,286,1.11
20,2023-04,285,390,1.30
20,2023-05,287,360,1.23
20,2023-06,145,171,1.17
20,2023-07,191,191,1.11
20,2023-08,402,475,1.30
20,2023-09,389,434,1.23
20,2023-10,384,442,1.17
20,2023-11,375,373,1.11
20,2023-12,314,464,1.30
20,2024-01,287,369,1.23
20,2024-02,443,505,1.17
20,2024-03,514,511,1.11
20,2024-04,258,374,1.30
20,2024-05,281,311,1.23
20,2024-06,299,333,1.17
20,2024-07,307,340,1.11
20,2024-08,218,304,1.30
20,2024-09,241,284,1.23
20,2024-10,532,650,1.17
20,2024-11,496,544,1.11
20,2024-12,353,437,1.30
20,2025-01,269,349,1.23
20,2025-02,322,360,1.17
20,2025-03,572,642,1.11
20,2025-04,412,513,1.30
20,2025-05,288,339,1.23
20,2025-06,286,360,1.17
20,2025-07,241,252,1.11
20,2025-08,298,425,1.30
20,2025-09,400,471,1.23
20,2025-10,392,515,1.17
20,2025-11,366,436,1.11
20,2025-12,501,600,1.30
20,2026-01,295,359,1.23
20,2026-02,392,441,1.17
20,2026-03,499,597,1.11
20,2026-04,427,565,1.30
20,2026-05,429,545,1.23
20,2026-06,347,395,1.17
20,2026-07,274,279,1.11
20,2026-08,205,287,1.30
21,2023-01,273,351,1.37
21,2023-02,316,429,1.30
21,2023-03,390,542,1.23
21,2023-04,168,255,1.45
21,2023-05,211,321,1.37
21,2023-06,179,214,1.30
21,2023-07,330,372,1.23
21,2023-08,337,458,1.45
21,2023-09,318,403,1.37
21,2023-10,374,544,1.30
21,2023-11,265,360,1.23
21,2023-12,406,658,1.45
21,2024-01,314,462,1.37
21,2024-02,259,366,1.30
21,2024-03,411,475,1.23
21,2024-04,376,609,1.45
21,2024-05,289,408,1.37
21,2024-06,286,345,1.30
21,2024-07,257,330,1.23
21,2024-08,238,309,1.45
21,2024-09,353,530,1.37
21,2024-10,335,429,1.30
21,2024-11,384,475,1.23
21,2024-12,500,784,1.45
21,2025-01,228,323,1.37
21,2025-02,479,600,1.30
21,2025-03,239,315,1.23
21,2025-04,377,577,1.45
21,2025-05,313,397,1.37
21,2025-06,251,296,1.30
21,2025-07,234,269,1.23
21,2025-08,308,478,1.45
21,2025-09,369,533,1.37
21,2025-10,417,583,1.30
21,2025-11,429,523,1.23
21,2025-12,385,562,1.45
21,2026-01,304,440,1.37
21,2026-02,432,526,1.30
21,2026-03,591,694,1.23
21,2026-04,582,836,1.45
21,2026-05,309,407,1.37
21,2026-06,217,264,1.30
21,2026-07,229,285,1.23
21,2026-08,363,551,1.45
22,2023-01,289,393,1.23
22,2023-02,228,297,1.17
22,2023-03,360,392,1.11
22,2023-04,387,490,1.30
22,2023-05,324,392,1.23
22,2023-06,292,359,1.17
22,2023-07,281,293,1.11
22,2023-08,413,498,1.30
22,2023-09,357,406,1.23
22,2023-10,220,282,1.17
22,2023-11,423,514,1.11
22,2023-12,405,554,1.30
22,2024-01,383,428,1.23
22,2024-02,377,479,1.17
22,2024-03,268,300,1.11
22,2024-04,434,535,1.30
22,2024-05,438,515,1.23
22,2024-06,327,365,1.17
22,2024-07,300,326,1.11
22,2024-08,227,333,1.30
22,2024-09,320,401,1.23
22,2024-10,460,589,1.17
22,2024-11,354,390,1.11
22,2024-12,586,716,1.30
22,2025-01,359,452,1.23
22,2025-02,475,536,1.17
22,2025-03,421,504,1.11
22,2025-04,408,549,1.30
22,2025-05,410,541,1.23
22,2025-06,299,342,1.17
22,2025-07,313,328,1.11
22,2025-08,348,498,1.30
22,2025-09,247,324,1.23
22,2025-10,546,600,1.17
22,2025-11,415,506,1.11
22,2025-12,476,639,1.30
22,2026-01,366,486,1.23
22,2026-02,456,562,1.17
22,2026-03,420,498,1.11
22,2026-04,421,506,1.30
22,2026-05,275,314,1.23
22,2026-06,373,438,1.17
22,2026-07,238,279,1.11
22,2026-08,203,288,1.30
23,2023-01,203,379,1.76
23,2023-02,200,366,1.67
23,2023-03,268,444,1.59
23,2023-04,241,453,1.86
23,2023-05,210,402,1.76
23,2023-06,135,244,1.67
23,2023-07,130,214,1.59
23,2023-08,135,261,1.86
23,2023-09,195,333,1.76
23,2023-10,311,468,1.67
23,2023-11,239,341,1.59
23,2023-12,216,395,1.86
23,2024-01,171,335,1.76
23,2024-02,250,389,1.67
23,2024-03,267,481,1.59
23,2024-04,254,481,1.86
23,2024-05,147,269,1.76
23,2024-06,174,324,1.67
23,2024-07,133,216,1.59
23,2024-08,212,393,1.86
23,2024-09,286,486,1.76
23,2024-10,232,434,1.67
23,2024-11,253,430,1.59
23,2024-12,228,455,1.86
23,2025-01,244,409,1.76
23,2025-02,246,379,1.67
23,2025-03,294,457,1.59
23,2025-04,319,632,1.86
23,2025-05,245,409,1.76
23,2025-06,257,421,1.67
23,2025-07,156,271,1.59
23,2025-08,168,291,1.86
23,2025-09,248,435,1.76
23,2025-10,315,511,1.67
23,2025-11,272,400,1.59
23,2025-12,300,600,1.86
23,2026-01,279,514,1.76
23,2026-02,330,521,1.67
23,2026-03,237,395,1.59
23,2026-04,391,656,1.86
23,2026-05,277,498,1.76
23,2026-06,281,427,1.67
23,2026-07,147,233,1.59
23,2026-08,159,313,1.86
24,2023-01,168,293,1.54
24,2023-02,210,330,1.46
24,2023-03,270,344,1.39
24,2023-04,175,297,1.63
24,2023-05,260,362,1.54
24,2023-06,167,224,1.46
24,2023-07,99,149,1.39
24,2023-08,216,333,1.63
24,2023-09,211,354,1.54
24,2023-10,297,402,1.46
24,2023-11,271,339,1.39
24,2023-12,209,386,1.63
24,2024-01,223,385,1.54
24,2024-02,233,319,1.46
24,2024-03,258,351,1.39
24,2024-04,324,476,1.63
24,2024-05,156,256,1.54
24,2024-06,239,316,1.46
24,2024-07,160,200,1.39
24,2024-08,122,215,1.63
24,2024-09,194,291,1.54
24,2024-10,282,378,1.46
24,2024-11,246,335,1.39
24,2024-12,324,532,1.63
24,2025-01,239,364,1.54
24,2025-02,254,381,1.46
24,2025-03,353,449,1.39
24,2025-04,232,365,1.63
24,2025-05,288,418,1.54
24,2025-06,216,298,1.46
24,2025-07,100,142,1.39
24,2025-08,180,287,1.63
24,2025-09,333,490,1.54
24,2025-10,265,406,1.46
24,2025-11,174,269,1.39
24,2025-12,351,572,1.63
24,2026-01,261,427,1.54
24,2026-02,287,399,1.46
24,2026-03,356,479,1.39
24,2026-04,267,435,1.63
24,2026-05,207,311,1.54
24,2026-06,229,324,1.46
24,2026-07,277,362,1.39
24,2026-08,253,416,1.63
25,2023-01,168,219,1.37
25,2023-02,208,261,1.30
25,2023-03,345,398,1.23
25,2023-04,228,367,1.45
25,2023-05,176,253,1.37
25,2023-06,226,279,1.30
25,2023-07,117,156,1.23
25,2023-08,171,258,1.45
25,2023-09,205,278,1.37
25,2023-10,370,475,1.30
25,2023-11,223,310,1.23
25,2023-12,305,400,1.45
25,2024-01,217,326,1.37
25,2024-02,191,248,1.30
25,2024-03,273,316,1.23
25,2024-04,224,336,1.45
25,2024-05,227,301,1.37
25,2024-06,217,297,1.30
25,2024-07,155,193,1.23
25,2024-08,186,294,1.45
25,2024-09,156,221,1.37
25,2024-10,267,343,1.30
25,2024-11,215,281,1.23
25,2024-12,256,381,1.45
25,2025-01,223,340,1.37
25,2025-02,182,252,1.30
25,2025-03,301,405,1.23
25,2025-04,284,380,1.45
25,2025-05,208,264,1.37
25,2025-06,198,261,1.30
25,2025-07,195,220,1.23
25,2025-08,231,301,1.45
25,2025-09,218,327,1.37
25,2025-10,349,470,1.30
25,2025-11,225,309,1.23
25,2025-12,248,352,1.45
25,2026-01,243,334,1.37
25,2026-02,219,261,1.30
25,2026-03,317,398,1.23
25,2026-04,218,357,1.45
25,2026-05,224,308,1.37
25,2026-06,209,278,1.30
25,2026-07,175,210,1.23
25,2026-08,253,351,1.45
26,2023-01,306,349,1.23
26,2023-02,149,182,1.17
26,2023-03,232,233,1.11
26,2023-04,238,322,1.30
26,2023-05,202,233,1.23
26,2023-06,205,220,1.17
26,2023-07,172,181,1.11
26,2023-08,191,223,1.30
26,2023-09,254,337,1.23
26,2023-10,304,352,1.17
26,2023-11,287,309,1.11
26,2023-12,243,335,1.30
26,2024-01,177,229,1.23
26,2024-02,240,269,1.17
26,2024-03,330,334,1.11
26,2024-04,234,325,1.30
26,2024-05,180,232,1.23
26,2024-06,161,214,1.17
26,2024-07,196,226,1.11
26,2024-08,163,201,1.30
26,2024-09,317,376,1.23
26,2024-10,319,341,1.17
26,2024-11,307,352,1.11
26,2024-12,228,327,1.30
26,2025-01,328,406,1.23
26,2025-02,202,262,1.17
26,2025-03,226,234,1.11
26,2025-04,242,342,1.30
26,2025-05,345,409,1.23
26,2025-06,178,224,1.17
26,2025-07,251,259,1.11
26,2025-08,178,224,1.30
26,2025-09,362,399,1.23
26,2025-10,328,406,1.17
26,2025-11,292,313,1.11
26,2025-12,249,363,1.30
26,2026-01,310,349,1.23
26,2026-02,210,275,1.17
26,2026-03,336,346,1.11
26,2026-04,311,417,1.30
26,2026-05,257,306,1.23
26,2026-06,158,205,1.17
26,2026-07,192,214,1.11
26,2026-08,208,253,1.30
27,2023-01,155,165,0.95
27,2023-02,230,206,0.90
27,2023-03,280,257,0.85
27,2023-04,259,243,1.00
27,2023-05,198,201,0.95
27,2023-06,124,100,0.90
27,2023-07,122,109,0.85
27,2023-08,201,189,1.00
27,2023-09,193,177,0.95
27,2023-10,188,185,0.90
27,2023-11,284,251,0.85
27,2023-12,233,256,1.00
27,2024-01,172,182,0.95
27,2024-02,218,201,0.90
27,2024-03,303,236,0.85
27,2024-04,248,257,1.00
27,2024-05,225,199,0.95
27,2024-06,143,129,0.90
27,2024-07,194,177,0.85
27,2024-08,154,172,1.00
27,2024-09,245,212,0.95
27,2024-10,307,280,0.90
27,2024-11,325,279,0.85
27,2024-12,373,371,1.00
27,2025-01,267,227,0.95
27,2025-02,247,220,0.90
27,2025-03,242,221,0.85
27,2025-04,266,250,1.00
27,2025-05,227,221,0.95
27,2025-06,205,179,0.90
27,2025-07,163,145,0.85
27,2025-08,225,210,1.00
27,2025-09,226,212,0.95
27,2025-10,385,342,0.90
27,2025-11,314,262,0.85
27,2025-12,210,237,1.00
27,2026-01,292,249,0.95
27,2026-02,246,236,0.90
27,2026-03,250,238,0.85
27,2026-04,284,300,1.00
27,2026-05,364,309,0.95
27,2026-06,190,174,0.90
27,2026-07,209,185,0.85
27,2026-08,194,212,1.00
28,2023-01,218,189,0.88
28,2023-02,142,123,0.83
28,2023-03,186,155,0.79
28,2023-04,272,266,0.93
28,2023-05,216,173,0.88
28,2023-06,132,111,0.83
28,2023-07,217,165,0.79
28,2023-08,237,198,0.93
28,2023-09,204,178,0.88
28,2023-10,205,180,0.83
28,2023-11,263,221,0.79
28,2023-12,248,211,0.93
28,2024-01,156,155,0.88
28,2024-02,189,150,0.83
28,2024-03,287,231,0.79
28,2024-04,193,184,0.93
28,2024-05,337,297,0.88
28,2024-06,155,138,0.83
28,2024-07,112,95,0.79
28,2024-08,171,154,0.93
28,2024-09,237,201,0.88
28,2024-10,282,257,0.83
28,2024-11,203,171,0.79
28,2024-12,311,306,0.93
28,2025-01,218,211,0.88
28,2025-02,183,147,0.83
28,2025-03,178,155,0.79
28,2025-04,222,221,0.93
28,2025-05,248,198,0.88
28,2025-06,156,118,0.83
28,2025-07,228,200,0.79
28,2025-08,141,124,0.93
28,2025-09,245,202,0.88
28,2025-10,238,196,0.83
28,2025-11,364,296,0.79
28,2025-12,323,314,0.93
28,2026-01,211,187,0.88
28,2026-02,228,188,0.83
28,2026-03,323,240,0.79
28,2026-04,305,284,0.93
28,2026-05,262,207,0.88
28,2026-06,231,174,0.83
28,2026-07,236,169,0.79
28,2026-08,218,214,0.93
29,2023-01,118,170,1.54
29,2023-02,176,256,1.46
29,2023-03,300,468,1.39
29,2023-04,254,440,1.63
29,2023-05,185,282,1.54
29,2023-06,131,186,1.46
29,2023-07,120,158,1.39
29,2023-08,199,349,1.63
29,2023-09,230,345,1.54
29,2023-10,288,386,1.46
29,2023-11,218,321,1.39
29,2023-12,213,382,1.63
29,2024-01,130,219,1.54
29,2024-02,184,302,1.46
29,2024-03,275,397,1.39
29,2024-04,320,527,1.63
29,2024-05,192,287,1.54
29,2024-06,183,275,1.46
29,2024-07,185,292,1.39
29,2024-08,133,205,1.63
29,2024-09,244,356,1.54
29,2024-10,325,476,1.46
29,2024-11,309,417,1.39
29,2024-12,383,611,1.63
29,2025-01,220,341,1.54
29,2025-02,203,266,1.46
29,2025-03,229,297,1.39
29,2025-04,311,512,1.63
29,2025-05,155,217,1.54
29,2025-06,147,197,1.46
29,2025-07,263,403,1.39
29,2025-08,120,215,1.63
29,2025-09,344,559,1.54
29,2025-10,352,551,1.46
29,2025-11,288,447,1.39
29,2025-12,360,572,1.63
29,2026-01,281,410,1.54
29,2026-02,180,276,1.46
29,2026-03,378,558,1.39
29,2026-04,291,426,1.63
29,2026-05,185,293,1.54
29,2026-06,270,365,1.46
29,2026-07,345,468,1.39
29,2026-08,162,282,1.63
30,2023-01,222,314,1.37
30,2023-02,184,256,1.30
30,2023-03,266,307,1.23
30,2023-04,198,287,1.45
30,2023-05,222,303,1.37
30,2023-06,106,123,1.30
30,2023-07,171,231,1.23
30,2023-08,173,249,1.45
30,2023-09,262,323,1.37
30,2023-10,176,249,1.30
30,2023-11,199,274,1.23
30,2023-12,122,190,1.45
30,2024-01,165,230,1.37
30,2024-02,253,342,1.30
30,2024-03,269,348,1.23
30,2024-04,352,491,1.45
30,2024-05,209,271,1.37
30,2024-06,178,213,1.30
30,2024-07,119,164,1.23
30,2024-08,152,206,1.45
30,2024-09,219,310,1.37
30,2024-10,301,403,1.30
30,2024-11,232,322,1.23
30,2024-12,185,251,1.45
30,2025-01,174,249,1.37
30,2025-02,227,317,1.30
30,2025-03,339,375,1.23
30,2025-04,226,307,1.45
30,2025-05,233,296,1.37
30,2025-06,156,183,1.30
30,2025-07,170,214,1.23
30,2025-08,322,422,1.45
30,2025-09,283,429,1.37
30,2025-10,194,248,1.30
30,2025-11,249,321,1.23
30,2025-12,222,329,1.45
30,2026-01,249,353,1.37
30,2026-02,141,190,1.30
30,2026-03,219,273,1.23
30,2026-04,270,354,1.45
30,2026-05,316,479,1.37
30,2026-06,212,264,1.30
30,2026-07,209,268,1.23
30,2026-08,176,248,1.45
31,2023-01,142,147,0.95
31,2023-02,221,186,0.90
31,2023-03,224,201,0.85
31,2023-04,217,213,1.00
31,2023-05,123,127,0.95
31,2023-06,131,106,0.90
31,2023-07,74,71,0.85
31,2023-08,200,186,1.00
31,2023-09,91,91,0.95
31,2023-10,278,265,0.90
31,2023-11,237,217,0.85
31,2023-12,154,149,1.00
31,2024-01,146,152,0.95
31,2024-02,158,129,0.90
31,2024-03,255,199,0.85
31,2024-04,182,202,1.00
31,2024-05,135,142,0.95
31,2024-06,189,171,0.90
31,2024-07,268,232,0.85
31,2024-08,229,207,1.00
31,2024-09,267,284,0.95
31,2024-10,384,346,0.90
31,2024-11,271,251,0.85
31,2024-12,378,346,1.00
31,2025-01,307,297,0.95
31,2025-02,212,182,0.90
31,2025-03,304,238,0.85
31,2025-04,251,261,1.00
31,2025-05,145,155,0.95
31,2025-06,244,242,0.90
31,2025-07,195,174,0.85
31,2025-08,240,233,1.00
31,2025-09,212,182,0.95
31,2025-10,236,232,0.90
31,2025-11,257,230,0.85
31,2025-12,400,363,1.00
31,2026-01,205,201,0.95
31,2026-02,243,221,0.90
31,2026-03,203,191,0.85
31,2026-04,240,222,1.00
31,2026-05,243,249,0.95
31,2026-06,98,93,0.90
31,2026-07,130,110,0.85
31,2026-08,181,206,1.00
32,2023-01,178,143,0.88
32,2023-02,123,112,0.83
32,2023-03,282,228,0.79
32,2023-04,162,161,0.93
32,2023-05,189,178,0.88
32,2023-06,90,74,0.83
32,2023-07,135,114,0.79
32,2023-08,297,263,0.93
32,2023-09,233,210,0.88
32,2023-10,214,167,0.83
32,2023-11,334,240,0.79
32,2023-12,265,226,0.93
32,2024-01,322,266,0.88
32,2024-02,157,145,0.83
32,2024-03,230,196,0.79
32,2024-04,377,334,0.93
32,2024-05,234,199,0.88
32,2024-06,121,114,0.83
32,2024-07,177,137,0.79
32,2024-08,222,225,0.93
32,2024-09,190,189,0.88
32,2024-10,286,263,0.83
32,2024-11,222,194,0.79
32,2024-12,311,260,0.93
32,2025-01,234,188,0.88
32,2025-02,289,265,0.83
32,2025-03,270,213,0.79
32,2025-04,334,330,0.93
32,2025-05,215,215,0.88
32,2025-06,183,169,0.83
32,2025-07,144,119,0.79
32,2025-08,141,146,0.93
32,2025-09,339,277,0.88
32,2025-10,263,244,0.83
32,2025-11,398,283,0.79
32,2025-12,354,306,0.93
32,2026-01,325,274,0.88
32,2026-02,297,260,0.83
32,2026-03,303,221,0.79
32,2026-04,285,243,0.93
32,2026-05,142,129,0.88
32,2026-06,186,144,0.83
32,2026-07,135,103,0.79
32,2026-08,189,170,0.93
33,2023-01,175,403,2.05
33,2023-02,170,374,1.95
33,2023-03,292,567,1.85
33,2023-04,169,407,2.17
33,2023-05,140,282,2.05
33,2023-06,90,185,1.95
33,2023-07,122,209,1.85
33,2023-08,231,457,2.17
33,2023-09,245,551,2.05
33,2023-10,205,392,1.95
33,2023-11,236,393,1.85
33,2023-12,139,320,2.17
33,2024-01,266,510,2.05
33,2024-02,158,321,1.95
33,2024-03,325,591,1.85
33,2024-04,205,498,2.17
33,2024-05,234,434,2.05
33,2024-06,209,432,1.95
33,2024-07,228,443,1.85
33,2024-08,130,272,2.17
33,2024-09,259,561,2.05
33,2024-10,264,581,1.95
33,2024-11,250,437,1.85
33,2024-12,143,322,2.17
33,2025-01,258,584,2.05
33,2025-02,204,415,1.95
33,2025-03,245,450,1.85
33,2025-04,260,617,2.17
33,2025-05,155,316,2.05
33,2025-06,271,579,1.95
33,2025-07,90,150,1.85
33,2025-08,225,465,2.17
33,2025-09,150,323,2.05
33,2025-10,324,594,1.95
33,2025-11,311,570,1.85
33,2025-12,281,648,2.17
33,2026-01,283,526,2.05
33,2026-02,306,581,1.95
33,2026-03,258,467,1.85
33,2026-04,302,717,2.17
33,2026-05,277,557,2.05
33,2026-06,112,220,1.95
33,2026-07,226,387,1.85
33,2026-08,145,352,2.17
34,2023-01,173,324,1.76
34,2023-02,209,347,1.67
34,2023-03,278,427,1.59
34,2023-04,308,594,1.86
34,2023-05,207,363,1.76
34,2023-06,228,391,1.67
34,2023-07,257,368,1.59
34,2023-08,98,203,1.86
34,2023-09,189,342,1.76
34,2023-10,163,255,1.67
34,2023-11,153,257,1.59
34,2023-12,183,386,1.86
34,2024-01,266,444,1.76
34,2024-02,149,277,1.67
34,2024-03,218,389,1.59
34,2024-04,216,384,1.86
34,2024-05,254,444,1.76
34,2024-06,121,214,1.67
34,2024-07,190,278,1.59
34,2024-08,241,402,1.86
34,2024-09,142,284,1.76
34,2024-10,223,374,1.67
34,2024-11,221,383,1.59
34,2024-12,182,335,1.86
34,2025-01,281,467,1.76
34,2025-02,219,369,1.67
34,2025-03,365,584,1.59
34,2025-04,319,598,1.86
34,2025-05,205,336,1.76
34,2025-06,209,327,1.67
34,2025-07,137,197,1.59
34,2025-08,259,460,1.86
34,2025-09,257,454,1.76
34,2025-10,305,463,1.67
34,2025-11,245,419,1.59
34,2025-12,275,533,1.86
34,2026-01,194,315,1.76
34,2026-02,146,242,1.67
34,2026-03,290,510,1.59
34,2026-04,365,613,1.86
34,2026-05,204,340,1.76
34,2026-06,189,332,1.67
34,2026-07,119,187,1.59
34,2026-08,270,535,1.86
35,2023-01,276,219,0.88
35,2023-02,203,165,0.83
35,2023-03,247,191,0.79
35,2023-04,318,270,0.93
35,2023-05,180,178,0.88
35,2023-06,157,141,0.83
35,2023-07,127,93,0.79
35,2023-08,104,108,0.93
35,2023-09,249,200,0.88
35,2023-10,221,190,0.83
35,2023-11,175,158,0.79
35,2023-12,227,219,0.93
35,2024-01,181,172,0.88
35,2024-02,266,230,0.83
35,2024-03,330,239,0.79
35,2024-04,334,294,0.93
35,2024-05,274,219,0.88
35,2024-06,286,220,0.83
35,2024-07,186,151,0.79
35,2024-08,239,210,0.93
35,2024-09,194,187,0.88
35,2024-10,244,194,0.83
35,2024-11,284,205,0.79
35,2024-12,318,280,0.93
35,2025-01,149,149,0.88
35,2025-02,217,179,0.83
35,2025-03,275,209,0.79
35,2025-04,243,211,0.93
35,2025-05,174,151,0.88
35,2025-06,217,165,0.83
35,2025-07,199,146,0.79
35,2025-08,182,187,0.93
35,2025-09,234,188,0.88
35,2025-10,357,309,0.83
35,2025-11,227,169,0.79
35,2025-12,257,261,0.93
35,2026-01,226,208,0.88
35,2026-02,280,233,0.83
35,2026-03,255,221,0.79
35,2026-04,212,224,0.93
35,2026-05,300,271,0.88
35,2026-06,131,114,0.83
35,2026-07,217,171,0.79
35,2026-08,149,144,0.93
36,2023-01,251,514,2.05
36,2023-02,159,335,1.95
36,2023-03,279,467,1.85
36,2023-04,238,585,2.17
36,2023-05,214,450,2.05
36,2023-06,197,397,1.95
36,2023-07,220,381,1.85
36,2023-08,121,263,2.17
36,2023-09,249,458,2.05
36,2023-10,175,358,1.95
36,2023-11,300,533,1.85
36,2023-12,151,317,2.17
36,2024-01,197,372,2.05
36,2024-02,175,321,1.95
36,2024-03,196,404,1.85
36,2024-04,263,528,2.17
36,2024-05,251,493,2.05
36,2024-06,141,273,1.95
36,2024-07,161,328,1.85
36,2024-08,202,415,2.17
36,2024-09,215,417,2.05
36,2024-10,264,561,1.95
36,2024-11,246,489,1.85
36,2024-12,241,576,2.17
36,2025-01,159,333,2.05
36,2025-02,188,345,1.95
36,2025-03,209,435,1.85
36,2025-04,446,909,2.17
36,2025-05,231,516,2.05
36,2025-06,91,201,1.95
36,2025-07,138,233,1.85
36,2025-08,232,487,2.17
36,2025-09,221,503,2.05
36,2025-10,311,639,1.95
36,2025-11,221,459,1.85
36,2025-12,215,502,2.17
36,2026-01,293,647,2.05
36,2026-02,207,401,1.95
36,2026-03,210,383,1.85
36,2026-04,244,502,2.17
36,2026-05,284,522,2.05
36,2026-06,199,415,1.95
36,2026-07,127,265,1.85
36,2026-08,148,324,2.17
37,2023-01,224,423,1.76
37,2023-02,163,296,1.67
37,2023-03,320,530,1.59
37,2023-04,274,516,1.86
37,2023-05,210,349,1.76
37,2023-06,242,426,1.67
37,2023-07,168,286,1.59
37,2023-08,169,306,1.86
37,2023-09,183,345,1.76
37,2023-10,294,511,1.67
37,2023-11,224,351,1.59
37,2023-12,172,360,1.86
37,2024-01,198,379,1.76
37,2024-02,230,402,1.67
37,2024-03,220,343,1.59
37,2024-04,162,328,1.86
37,2024-05,315,535,1.76
37,2024-06,98,179,1.67
37,2024-07,179,305,1.59
37,2024-08,146,285,1.86
37,2024-09,338,623,1.76
37,2024-10,286,528,1.67
37,2024-11,154,256,1.59
37,2024-12,189,369,1.86
37,2025-01,256,470,1.76
37,2025-02,201,317,1.67
37,2025-03,429,652,1.59
37,2025-04,199,410,1.86
37,2025-05,321,609,1.76
37,2025-06,126,209,1.67
37,2025-07,112,163,1.59
37,2025-08,209,427,1.86
37,2025-09,232,451,1.76
37,2025-10,222,401,1.67
37,2025-11,194,324,1.59
37,2025-12,235,425,1.86
37,2026-01,177,340,1.76
37,2026-02,210,382,1.67
37,2026-03,285,492,1.59
37,2026-04,339,617,1.86
37,2026-05,198,343,1.76
37,2026-06,157,249,1.67
37,2026-07,166,237,1.59
37,2026-08,256,512,1.86
38,2023-01,149,216,1.54
38,2023-02,148,218,1.46
38,2023-03,167,228,1.39
38,2023-04,308,484,1.63
38,2023-05,258,404,1.54
38,2023-06,160,218,1.46
38,2023-07,203,289,1.39
38,2023-08,109,192,1.63
38,2023-09,185,271,1.54
38,2023-10,434,590,1.46
38,2023-11,188,239,1.39
38,2023-12,241,360,1.63
38,2024-01,216,345,1.54
38,2024-02,198,273,1.46
38,2024-03,328,412,1.39
38,2024-04,265,416,1.63
38,2024-05,185,277,1.54
38,2024-06,111,175,1.46
38,2024-07,205,265,1.39
38,2024-08,216,355,1.63
38,2024-09,171,293,1.54
38,2024-10,274,362,1.46
38,2024-11,314,403,1.39
38,2024-12,232,426,1.63
38,2025-01,357,601,1.54
38,2025-02,152,251,1.46
38,2025-03,310,456,1.39
38,2025-04,305,536,1.63
38,2025-05,285,441,1.54
38,2025-06,183,245,1.46
38,2025-07,215,290,1.39
38,2025-08,145,246,1.63
38,2025-09,247,342,1.54
38,2025-10,311,501,1.46
38,2025-11,230,333,1.39
38,2025-12,249,364,1.63
38,2026-01,292,432,1.54
38,2026-02,203,289,1.46
38,2026-03,218,312,1.39
38,2026-04,254,403,1.63
38,2026-05,247,396,1.54
38,2026-06,234,371,1.46
38,2026-07,140,183,1.39
38,2026-08,235,347,1.63
39,2023-01,174,196,1.03
39,2023-02,220,198,0.97
39,2023-03,273,237,0.93
39,2023-04,131,152,1.09
39,2023-05,87,89,1.03
39,2023-06,164,171,0.97
39,2023-07,134,112,0.93
39,2023-08,127,127,1.09
39,2023-09,184,177,1.03
39,2023-10,206,183,0.97
39,2023-11,237,233,0.93
39,2023-12,198,242,1.09
39,2024-01,172,190,1.03
39,2024-02,179,175,0.97
39,2024-03,234,220,0.93
39,2024-04,194,212,1.09
39,2024-05,256,275,1.03
39,2024-06,118,115,0.97
39,2024-07,107,106,0.93
39,2024-08,183,221,1.09
39,2024-09,149,157,1.03
39,2024-10,260,238,0.97
39,2024-11,316,307,0.93
39,2024-12,347,363,1.09
39,2025-01,118,136,1.03
39,2025-02,192,201,0.97
39,2025-03,319,327,0.93
39,2025-04,222,238,1.09
39,2025-05,149,157,1.03
39,2025-06,146,160,0.97
39,2025-07,151,152,0.93
39,2025-08,197,203,1.09
39,2025-09,204,208,1.03
39,2025-10,313,298,0.97
39,2025-11,205,180,0.93
39,2025-12,287,297,1.09
39,2026-01,230,212,1.03
39,2026-02,210,215,0.97
39,2026-03,453,400,0.93
39,2026-04,355,365,1.09
39,2026-05,187,205,1.03
39,2026-06,157,156,0.97
39,2026-07,238,223,0.93
39,2026-08,263,268,1.09
40,2023-01,156,148,0.95
40,2023-02,194,165,0.90
40,2023-03,389,298,0.85
40,2023-04,204,184,1.00
40,2023-05,226,227,0.95
40,2023-06,120,115,0.90
40,2023-07,93,79,0.85
40,2023-08,102,93,1.00
40,2023-09,215,203,0.95
40,2023-10,189,192,0.90
40,2023-11,238,189,0.85
40,2023-12,213,199,1.00
40,2024-01,224,203,0.95
40,2024-02,273,239,0.90
40,2024-03,265,204,0.85
40,2024-04,254,239,1.00
40,2024-05,209,200,0.95
40,2024-06,192,189,0.90
40,2024-07,202,156,0.85
40,2024-08,218,197,1.00
40,2024-09,173,181,0.95
40,2024-10,260,215,0.90
40,2024-11,257,232,0.85
40,2024-12,315,351,1.00
40,2025-01,246,211,0.95
40,2025-02,205,186,0.90
40,2025-03,290,225,0.85
40,2025-04,328,295,1.00
40,2025-05,221,201,0.95
40,2025-06,302,245,0.90
40,2025-07,129,102,0.85
40,2025-08,262,291,1.00
40,2025-09,259,239,0.95
40,2025-10,254,217,0.90
40,2025-11,395,335,0.85
40,2025-12,273,277,1.00
40,2026-01,259,234,0.95
40,2026-02,202,165,0.90
40,2026-03,335,302,0.85
40,2026-04,325,361,1.00
40,2026-05,259,230,0.95
40,2026-06,171,164,0.90
40,2026-07,212,174,0.85
40,2026-08,180,190,1.00
41,2023-01,259,288,1.23
41,2023-02,195,235,1.17
41,2023-03,217,218,1.11
41,2023-04,222,290,1.30
41,2023-05,227,256,1.23
41,2023-06,160,207,1.17
41,2023-07,166,181,1.11
41,2023-08,140,190,1.30
41,2023-09,240,277,1.23
41,2023-10,251,327,1.17
41,2023-11,279,333,1.11
41,2023-12,187,223,1.30
41,2024-01,145,196,1.23
41,2024-02,310,340,1.17
41,2024-03,289,337,1.11
41,2024-04,319,464,1.30
41,2024-05,224,264,1.23
41,2024-06,163,194,1.17
41,2024-07,164,179,1.11
41,2024-08,151,201,1.30
41,2024-09,208,276,1.23
41,2024-10,381,416,1.17
41,2024-11,267,300,1.11
41,2024-12,170,243,1.30
41,2025-01,253,323,1.23
41,2025-02,327,387,1.17
41,2025-03,306,330,1.11
41,2025-04,216,320,1.30
41,2025-05,260,314,1.23
41,2025-06,117,152,1.17
41,2025-07,174,192,1.11
41,2025-08,219,292,1.30
41,2025-09,224,301,1.23
41,2025-10,205,226,1.17
41,2025-11,279,327,1.11
41,2025-12,309,361,1.30
41,2026-01,198,276,1.23
41,2026-02,186,200,1.17
41,2026-03,426,488,1.11
41,2026-04,152,215,1.30
41,2026-05,303,355,1.23
41,2026-06,269,297,1.17
41,2026-07,246,300,1.11
41,2026-08,310,402,1.30
42,2023-01,83,86,1.12
42,2023-02,198,192,1.06
42,2023-03,315,326,1.01
42,2023-04,200,248,1.19
42,2023-05,144,167,1.12
42,2023-06,198,219,1.06
42,2023-07,176,183,1.01
42,2023-08,110,129,1.19
42,2023-09,329,342,1.12
42,2023-10,170,182,1.06
42,2023-11,313,311,1.01
42,2023-12,296,324,1.19
42,2024-01,196,242,1.12
42,2024-02,300,294,1.06
42,2024-03,362,336,1.01
42,2024-04,268,333,1.19
42,2024-05,258,270,1.12
42,2024-06,130,152,1.06
42,2024-07,212,208,1.01
42,2024-08,161,208,1.19
42,2024-09,196,211,1.12
42,2024-10,298,324,1.06
42,2024-11,236,231,1.01
42,2024-12,208,226,1.19
42,2025-01,215,241,1.12
42,2025-02,139,141,1.06
42,2025-03,258,234,1.01
42,2025-04,261,311,1.19
42,2025-05,231,288,1.12
42,2025-06,107,125,1.06
42,2025-07,154,144,1.01
42,2025-08,160,215,1.19
42,2025-09,256,326,1.12
42,2025-10,302,355,1.06
42,2025-11,247,248,1.01
42,2025-12,276,334,1.19
42,2026-01,250,260,1.12
42,2026-02,315,301,1.06
42,2026-03,299,306,1.01
42,2026-04,404,449,1.19
42,2026-05,189,213,1.12
42,2026-06,200,198,1.06
42,2026-07,198,206,1.01
42,2026-08,207,277,1.19
43,2023-01,267,341,1.37
43,2023-02,251,327,1.30
43,2023-03,265,321,1.23
43,2023-04,185,264,1.45
43,2023-05,209,312,1.37
43,2023-06,147,171,1.30
43,2023-07,136,183,1.23
43,2023-08,223,307,1.45
43,2023-09,206,282,1.37
43,2023-10,368,488,1.30
43,2023-11,283,327,1.23
43,2023-12,279,387,1.45
43,2024-01,266,349,1.37
43,2024-02,153,216,1.30
43,2024-03,260,296,1.23
43,2024-04,339,494,1.45
43,2024-05,258,330,1.37
43,2024-06,111,162,1.30
43,2024-07,126,151,1.23
43,2024-08,178,287,1.45
43,2024-09,192,241,1.37
43,2024-10,239,332,1.30
43,2024-11,277,383,1.23
43,2024-12,289,445,1.45
43,2025-01,190,259,1.37
43,2025-02,232,330,1.30
43,2025-03,259,286,1.23
43,2025-04,236,312,1.45
43,2025-05,243,303,1.37
43,2025-06,89,125,1.30
43,2025-07,174,211,1.23
43,2025-08,123,199,1.45
43,2025-09,181,248,1.37
43,2025-10,262,351,1.30
43,2025-11,334,398,1.23
43,2025-12,294,433,1.45
43,2026-01,263,401,1.37
43,2026-02,275,368,1.30
43,2026-03,271,375,1.23
43,2026-04,250,388,1.45
43,2026-05,195,259,1.37
43,2026-06,192,270,1.30
43,2026-07,202,264,1.23
43,2026-08,230,301,1.45
44,2023-01,163,216,1.23
44,2023-02,184,240,1.17
44,2023-03,224,276,1.11
44,2023-04,181,233,1.30
44,2023-05,209,282,1.23
44,2023-06,128,145,1.17
44,2023-07,118,122,1.11
44,2023-08,135,158,1.30
44,2023-09,238,279,1.23
44,2023-10,313,387,1.17
44,2023-11,370,376,1.11
44,2023-12,348,416,1.30
44,2024-01,292,355,1.23
44,2024-02,188,222,1.17
44,2024-03,239,243,1.11
44,2024-04,230,338,1.30
44,2024-05,168,226,1.23
44,2024-06,250,291,1.17
44,2024-07,172,189,1.11
44,2024-08,157,197,1.30
44,2024-09,156,213,1.23
44,2024-10,338,387,1.17
44,2024-11,173,172,1.11
44,2024-12,177,248,1.30
44,2025-01,152,186,1.23
44,2025-02,211,256,1.17
44,2025-03,284,321,1.11
44,2025-04,252,350,1.30
44,2025-05,232,255,1.23
44,2025-06,213,247,1.17
44,2025-07,222,250,1.11
44,2025-08,223,300,1.30
44,2025-09,279,356,1.23
44,2025-10,287,341,1.17
44,2025-11,287,326,1.11
44,2025-12,400,479,1.30
44,2026-01,179,213,1.23
44,2026-02,256,268,1.17
44,2026-03,345,381,1.11
44,2026-04,325,458,1.30
44,2026-05,285,342,1.23
44,2026-06,205,252,1.17
44,2026-07,195,204,1.11
44,2026-08,124,147,1.30
45,2023-01,165,166,1.03
45,2023-02,95,97,0.97
45,2023-03,188,174,0.93
45,2023-04,221,249,1.09
45,2023-05,168,192,1.03
45,2023-06,254,265,0.97
45,2023-07,114,104,0.93
45,2023-08,113,111,1.09
45,2023-09,261,260,1.03
45,2023-10,294,260,0.97
45,2023-11,316,271,0.93
45,2023-12,169,177,1.09
45,2024-01,233,271,1.03
45,2024-02,177,181,0.97
45,2024-03,198,195,0.93
45,2024-04,270,315,1.09
45,2024-05,199,185,1.03
45,2024-06,127,122,0.97
45,2024-07,178,163,0.93
45,2024-08,194,221,1.09
45,2024-09,279,302,1.03
45,2024-10,271,259,0.97
45,2024-11,276,249,0.93
45,2024-12,251,263,1.09
45,2025-01,195,223,1.03
45,2025-02,181,177,0.97
45,2025-03,239,243,0.93
45,2025-04,282,299,1.09
45,2025-05,212,230,1.03
45,2025-06,140,130,0.97
45,2025-07,183,152,0.93
45,2025-08,190,187,1.09
45,2025-09,182,193,1.03
45,2025-10,367,321,0.97
45,2025-11,226,227,0.93
45,2025-12,224,266,1.09
45,2026-01,204,193,1.03
45,2026-02,346,311,0.97
45,2026-03,253,260,0.93
45,2026-04,285,309,1.09
45,2026-05,359,347,1.03
45,2026-06,219,191,0.97
45,2026-07,234,245,0.93
45,2026-08,219,233,1.09
46,2023-01,140,139,0.95
46,2023-02,139,139,0.90
46,2023-03,231,185,0.85
46,2023-04,243,224,1.00
46,2023-05,195,167,0.95
46,2023-06,136,138,0.90
46,2023-07,161,156,0.85
46,2023-08,101,103,1.00
46,2023-09,263,233,0.95
46,2023-10,138,134,0.90
46,2023-11,328,268,0.85
46,2023-12,217,220,1.00
46,2024-01,170,177,0.95
46,2024-02,169,137,0.90
46,2024-03,262,221,0.85
46,2024-04,255,280,1.00
46,2024-05,156,157,0.95
46,2024-06,223,183,0.90
46,2024-07,212,197,0.85
46,2024-08,206,220,1.00
46,2024-09,199,183,0.95
46,2024-10,296,294,0.90
46,2024-11,281,224,0.85
46,2024-12,182,195,1.00
46,2025-01,203,211,0.95
46,2025-02,161,147,0.90
46,2025-03,237,185,0.85
46,2025-04,264,257,1.00
46,2025-05,270,240,0.95
46,2025-06,197,178,0.90
46,2025-07,140,133,0.85
46,2025-08,147,168,1.00
46,2025-09,282,240,0.95
46,2025-10,162,138,0.90
46,2025-11,269,252,0.85
46,2025-12,317,328,1.00
46,2026-01,130,131,0.95
46,2026-02,252,249,0.90
46,2026-03,553,503,0.85
46,2026-04,256,269,1.00
46,2026-05,212,211,0.95
46,2026-06,161,156,0.90
46,2026-07,154,132,0.85
46,2026-08,179,203,1.00
47,2023-01,192,290,1.37
47,2023-02,183,229,1.30
47,2023-03,240,290,1.23
47,2023-04,175,270,1.45
47,2023-05,183,263,1.37
47,2023-06,154,190,1.30
47,2023-07,165,200,1.23
47,2023-08,142,217,1.45
47,2023-09,250,333,1.37
47,2023-10,273,355,1.30
47,2023-11,305,353,1.23
47,2023-12,196,261,1.45
47,2024-01,204,256,1.37
47,2024-02,209,248,1.30
47,2024-03,270,343,1.23
47,2024-04,262,351,1.45
47,2024-05,193,259,1.37
47,2024-06,150,191,1.30
47,2024-07,180,214,1.23
47,2024-08,134,200,1.45
47,2024-09,182,262,1.37
47,2024-10,232,316,1.30
47,2024-11,209,285,1.23
47,2024-12,233,378,1.45
47,2025-01,198,289,1.37
47,2025-02,238,301,1.30
47,2025-03,218,248,1.23
47,2025-04,196,306,1.45
47,2025-05,169,245,1.37
47,2025-06,150,177,1.30
47,2025-07,162,201,1.23
47,2025-08,205,294,1.45
47,2025-09,210,266,1.37
47,2025-10,222,278,1.30
47,2025-11,248,325,1.23
47,2025-12,239,365,1.45
47,2026-01,222,336,1.37
47,2026-02,195,281,1.30
47,2026-03,292,388,1.23
47,2026-04,381,494,1.45
47,2026-05,294,362,1.37
47,2026-06,205,252,1.30
47,2026-07,166,209,1.23
47,2026-08,342,454,1.45
48,2023-01,163,216,1.23
48,2023-02,92,115,1.17
48,2023-03,227,276,1.11
48,2023-04,199,245,1.30
48,2023-05,171,211,1.23
48,2023-06,218,286,1.17
48,2023-07,63,79,1.11
48,2023-08,148,183,1.30
48,2023-09,205,264,1.23
48,2023-10,278,334,1.17
48,2023-11,346,423,1.11
48,2023-12,200,284,1.30
48,2024-01,267,367,1.23
48,2024-02,315,355,1.17
48,2024-03,257,320,1.11
48,2024-04,331,390,1.30
48,2024-05,264,297,1.23
48,2024-06,149,192,1.17
48,2024-07,123,140,1.11
48,2024-08,177,247,1.30
48,2024-09,207,290,1.23
48,2024-10,391,507,1.17
48,2024-11,191,192,1.11
48,2024-12,335,425,1.30
48,2025-01,237,317,1.23
48,2025-02,140,185,1.17
48,2025-03,321,329,1.11
48,2025-04,329,443,1.30
48,2025-05,224,288,1.23
48,2025-06,236,261,1.17
48,2025-07,162,172,1.11
48,2025-08,137,193,1.30
48,2025-09,134,163,1.23
48,2025-10,363,409,1.17
48,2025-11,256,302,1.11
48,2025-12,287,346,1.30
48,2026-01,213,250,1.23
48,2026-02,211,265,1.17
48,2026-03,264,323,1.11
48,2026-04,251,318,1.30
48,2026-05,241,290,1.23
48,2026-06,186,235,1.17
48,2026-07,124,141,1.11
48,2026-08,218,322,1.30
49,2023-01,194,300,1.37
49,2023-02,144,213,1.30
49,2023-03,256,352,1.23
49,2023-04,221,294,1.45
49,2023-05,177,216,1.37
49,2023-06,193,227,1.30
49,2023-07,163,217,1.23
49,2023-08,84,119,1.45
49,2023-09,209,288,1.37
49,2023-10,238,329,1.30
49,2023-11,187,227,1.23
49,2023-12,244,328,1.45
49,2024-01,238,301,1.37
49,2024-02,206,248,1.30
49,2024-03,369,441,1.23
49,2024-04,195,261,1.45
49,2024-05,280,397,1.37
49,2024-06,270,383,1.30
49,2024-07,79,101,1.23
49,2024-08,123,164,1.45
49,2024-09,218,293,1.37
49,2024-10,375,484,1.30
49,2024-11,224,312,1.23
49,2024-12,141,232,1.45
49,2025-01,270,378,1.37
49,2025-02,235,296,1.30
49,2025-03,211,243,1.23
49,2025-04,285,452,1.45
49,2025-05,274,382,1.37
49,2025-06,202,240,1.30
49,2025-07,159,189,1.23
49,2025-08,189,310,1.45
49,2025-09,184,277,1.37
49,2025-10,314,438,1.30
49,2025-11,233,316,1.23
49,2025-12,241,362,1.45
49,2026-01,335,481,1.37
49,2026-02,361,431,1.30
49,2026-03,264,357,1.23
49,2026-04,220,304,1.45
49,2026-05,228,296,1.37
49,2026-06,301,371,1.30
49,2026-07,158,180,1.23
49,2026-08,150,213,1.45
50,2023-01,183,210,1.23
50,2023-02,284,318,1.17
50,2023-03,270,312,1.11
50,2023-04,241,352,1.30
50,2023-05,165,198,1.23
50,2023-06,153,199,1.17
50,2023-07,121,129,1.11
50,2023-08,229,327,1.30
50,2023-09,281,371,1.23
50,2023-10,206,229,1.17
50,2023-11,266,292,1.11
50,2023-12,157,227,1.30
50,2024-01,266,328,1.23
50,2024-02,239,265,1.17
50,2024-03,332,336,1.11
50,2024-04,196,267,1.30
50,2024-05,294,329,1.23
50,2024-06,273,292,1.17
50,2024-07,132,136,1.11
50,2024-08,167,240,1.30
50,2024-09,185,212,1.23
50,2024-10,277,309,1.17
50,2024-11,256,284,1.11
50,2024-12,391,467,1.30
50,2025-01,253,316,1.23
50,2025-02,138,152,1.17
50,2025-03,356,363,1.11
50,2025-04,287,339,1.30
50,2025-05,245,288,1.23
50,2025-06,180,214,1.17
50,2025-07,241,276,1.11
50,2025-08,308,437,1.30
50,2025-09,258,344,1.23
50,2025-10,210,275,1.17
50,2025-11,309,326,1.11
50,2025-12,317,458,1.30
50,2026-01,264,306,1.23
50,2026-02,240,302,1.17
50,2026-03,370,416,1.11
50,2026-04,237,344,1.30
50,2026-05,315,354,1.23
50,2026-06,129,169,1.17
50,2026-07,179,196,1.11
50,2026-08,236,287,1.30
51,2023-01,197,191,0.95
51,2023-02,291,260,0.90
51,2023-03,168,145,0.85
51,2023-04,165,161,1.00
51,2023-05,216,211,0.95
51,2023-06,172,152,0.90
51,2023-07,120,115,0.85
51,2023-08,168,162,1.00
51,2023-09,221,219,0.95
51,2023-10,183,161,0.90
51,2023-11,236,202,0.85
51,2023-12,265,283,1.00
51,2024-01,218,210,0.95
51,2024-02,159,155,0.90
51,2024-03,254,195,0.85
51,2024-04,250,231,1.00
51,2024-05,151,162,0.95
51,2024-06,181,157,0.90
51,2024-07,132,115,0.85
51,2024-08,133,138,1.00
51,2024-09,245,234,0.95
51,2024-10,285,269,0.90
51,2024-11,283,236,0.85
51,2024-12,177,167,1.00
51,2025-01,171,167,0.95
51,2025-02,172,169,0.90
51,2025-03,292,243,0.85
51,2025-04,302,300,1.00
51,2025-05,383,358,0.95
51,2025-06,175,171,0.90
51,2025-07,195,164,0.85
51,2025-08,181,181,1.00
51,2025-09,455,420,0.95
51,2025-10,292,286,0.90
51,2025-11,199,185,0.85
51,2025-12,374,376,1.00
51,2026-01,279,263,0.95
51,2026-02,205,171,0.90
51,2026-03,233,214,0.85
51,2026-04,201,209,1.00
51,2026-05,305,266,0.95
51,2026-06,207,192,0.90
51,2026-07,154,136,0.85
51,2026-08,187,186,1.00
52,2023-01,165,131,0.88
52,2023-02,209,157,0.83
52,2023-03,154,120,0.79
52,2023-04,188,184,0.93
52,2023-05,100,80,0.88
52,2023-06,106,99,0.83
52,2023-07,128,112,0.79
52,2023-08,167,169,0.93
52,2023-09,115,95,0.88
52,2023-10,267,205,0.83
52,2023-11,224,192,0.79
52,2023-12,188,171,0.93
52,2024-01,263,258,0.88
52,2024-02,232,179,0.83
52,2024-03,427,368,0.79
52,2024-04,178,176,0.93
52,2024-05,158,134,0.88
52,2024-06,139,124,0.83
52,2024-07,206,172,0.79
52,2024-08,202,211,0.93
52,2024-09,220,181,0.88
52,2024-10,351,281,0.83
52,2024-11,270,208,0.79
52,2024-12,318,303,0.93
52,2025-01,180,169,0.88
52,2025-02,187,169,0.83
52,2025-03,317,228,0.79
52,2025-04,224,196,0.93
52,2025-05,239,225,0.88
52,2025-06,207,156,0.83
52,2025-07,220,164,0.79
52,2025-08,179,153,0.93
52,2025-09,275,259,0.88
52,2025-10,378,323,0.83
52,2025-11,298,224,0.79
52,2025-12,271,239,0.93
52,2026-01,282,232,0.88
52,2026-02,392,295,0.83
52,2026-03,376,267,0.79
52,2026-04,332,293,0.93
52,2026-05,254,232,0.88
52,2026-06,196,168,0.83
52,2026-07,251,217,0.79
52,2026-08,186,175,0.93
53,2023-01,173,215,1.23
53,2023-02,178,196,1.17
53,2023-03,206,210,1.11
53,2023-04,238,322,1.30
53,2023-05,170,226,1.23
53,2023-06,175,195,1.17
53,2023-07,127,158,1.11
53,2023-08,233,273,1.30
53,2023-09,224,249,1.23
53,2023-10,328,347,1.17
53,2023-11,172,212,1.11
53,2023-12,276,359,1.30
53,2024-01,268,343,1.23
53,2024-02,196,224,1.17
53,2024-03,238,297,1.11
53,2024-04,261,343,1.30
53,2024-05,221,269,1.23
53,2024-06,116,129,1.17
53,2024-07,156,166,1.11
53,2024-08,212,252,1.30
53,2024-09,259,355,1.23
53,2024-10,244,300,1.17
53,2024-11,304,324,1.11
53,2024-12,175,219,1.30
53,2025-01,267,339,1.23
53,2025-02,197,217,1.17
53,2025-03,287,298,1.11
53,2025-04,223,301,1.30
53,2025-05,255,306,1.23
53,2025-06,196,209,1.17
53,2025-07,206,207,1.11
53,2025-08,144,210,1.30
53,2025-09,296,345,1.23
53,2025-10,250,296,1.17
53,2025-11,290,333,1.11
53,2025-12,293,398,1.30
53,2026-01,232,318,1.23
53,2026-02,329,399,1.17
53,2026-03,369,412,1.11
53,2026-04,298,399,1.30
53,2026-05,224,249,1.23
53,2026-06,189,205,1.17
53,2026-07,130,152,1.11
53,2026-08,150,220,1.30
54,2023-01,142,175,1.12
54,2023-02,217,213,1.06
54,2023-03,293,274,1.01
54,2023-04,204,238,1.19
54,2023-05,273,333,1.12
54,2023-06,117,131,1.06
54,2023-07,116,130,1.01
54,2023-08,86,96,1.19
54,2023-09,166,175,1.12
54,2023-10,158,187,1.06
54,2023-11,262,269,1.01
54,2023-12,278,342,1.19
54,2024-01,250,271,1.12
54,2024-02,203,220,1.06
54,2024-03,338,333,1.01
54,2024-04,164,217,1.19
54,2024-05,387,419,1.12
54,2024-06,241,234,1.06
54,2024-07,211,197,1.01
54,2024-08,133,174,1.19
54,2024-09,120,145,1.12
54,2024-10,344,390,1.06
54,2024-11,281,261,1.01
54,2024-12,424,468,1.19
54,2025-01,242,273,1.12
54,2025-02,241,285,1.06
54,2025-03,321,325,1.01
54,2025-04,290,356,1.19
54,2025-05,239,271,1.12
54,2025-06,233,242,1.06
54,2025-07,149,138,1.01
54,2025-08,118,128,1.19
54,2025-09,381,383,1.12
54,2025-10,286,292,1.06
54,2025-11,258,252,1.01
54,2025-12,256,293,1.19
54,2026-01,162,167,1.12
54,2026-02,233,270,1.06
54,2026-03,243,228,1.01
54,2026-04,562,703,1.19
54,2026-05,229,267,1.12
54,2026-06,191,193,1.06
54,2026-07,182,175,1.01
54,2026-08,220,249,1.19
55,2023-01,218,429,2.05
55,2023-02,142,284,1.95
55,2023-03,191,320,1.85
55,2023-04,172,380,2.17
55,2023-05,186,345,2.05
55,2023-06,147,263,1.95
55,2023-07,151,276,1.85
55,2023-08,124,246,2.17
55,2023-09,163,355,2.05
55,2023-10,207,388,1.95
55,2023-11,188,356,1.85
55,2023-12,165,343,2.17
55,2024-01,332,660,2.05
55,2024-02,278,563,1.95
55,2024-03,314,550,1.85
55,2024-04,217,463,2.17
55,2024-05,178,335,2.05
55,2024-06,260,522,1.95
55,2024-07,166,344,1.85
55,2024-08,204,480,2.17
55,2024-09,278,540,2.05
55,2024-10,290,545,1.95
55,2024-11,183,326,1.85
55,2024-12,255,530,2.17
55,2025-01,166,318,2.05
55,2025-02,194,401,1.95
55,2025-03,381,637,1.85
55,2025-04,337,761,2.17
55,2025-05,231,432,2.05
55,2025-06,195,358,1.95
55,2025-07,161,339,1.85
55,2025-08,130,270,2.17
55,2025-09,240,516,2.05
55,2025-10,376,806,1.95
55,2025-11,344,617,1.85
55,2025-12,287,683,2.17
55,2026-01,319,645,2.05
55,2026-02,274,569,1.95
55,2026-03,283,578,1.85
55,2026-04,313,652,2.17
55,2026-05,221,432,2.05
55,2026-06,150,265,1.95
55,2026-07,103,207,1.85
55,2026-08,198,474,2.17
56,2023-01,328,520,1.76
56,2023-02,181,306,1.67
56,2023-03,160,227,1.59
56,2023-04,187,339,1.86
56,2023-05,210,379,1.76
56,2023-06,134,202,1.67
56,2023-07,134,238,1.59
56,2023-08,196,386,1.86
56,2023-09,260,505,1.76
56,2023-10,174,329,1.67
56,2023-11,265,440,1.59
56,2023-12,272,457,1.86
56,2024-01,197,312,1.76
56,2024-02,97,180,1.67
56,2024-03,279,432,1.59
56,2024-04,264,501,1.86
56,2024-05,200,324,1.76
56,2024-06,272,451,1.67
56,2024-07,101,175,1.59
56,2024-08,179,337,1.86
56,2024-09,263,514,1.76
56,2024-10,299,456,1.67
56,2024-11,247,390,1.59
56,2024-12,334,572,1.86
56,2025-01,158,262,1.76
56,2025-02,141,244,1.67
56,2025-03,176,287,1.59
56,2025-04,309,542,1.86
56,2025-05,206,386,1.76
56,2025-06,219,367,1.67
56,2025-07,110,167,1.59
56,2025-08,163,335,1.86
56,2025-09,400,692,1.76
56,2025-10,258,426,1.67
56,2025-11,152,270,1.59
56,2025-12,375,686,1.86
56,2026-01,310,507,1.76
56,2026-02,213,386,1.67
56,2026-03,299,522,1.59
56,2026-04,413,766,1.86
56,2026-05,193,340,1.76
56,2026-06,182,272,1.67
56,2026-07,210,329,1.59
56,2026-08,227,382,1.86
57,2023-01,244,268,1.03
57,2023-02,203,181,0.97
57,2023-03,225,191,0.93
57,2023-04,153,178,1.09
57,2023-05,364,353,1.03
57,2023-06,117,122,0.97
57,2023-07,104,106,0.93
57,2023-08,162,190,1.09
57,2023-09,137,151,1.03
57,2023-10,263,253,0.97
57,2023-11,392,344,0.93
57,2023-12,258,315,1.09
57,2024-01,241,239,1.03
57,2024-02,233,249,0.97
57,2024-03,232,199,0.93
57,2024-04,407,403,1.09
57,2024-05,169,181,1.03
57,2024-06,175,182,0.97
57,2024-07,127,121,0.93
57,2024-08,213,239,1.09
57,2024-09,227,265,1.03
57,2024-10,305,317,0.97
57,2024-11,227,201,0.93
57,2024-12,224,240,1.09
57,2025-01,146,148,1.03
57,2025-02,279,264,0.97
57,2025-03,261,218,0.93
57,2025-04,336,350,1.09
57,2025-05,213,216,1.03
57,2025-06,143,143,0.97
57,2025-07,212,184,0.93
57,2025-08,201,224,1.09
57,2025-09,312,288,1.03
57,2025-10,258,241,0.97
57,2025-11,170,172,0.93
57,2025-12,263,282,1.09
57,2026-01,370,397,1.03
57,2026-02,316,281,0.97
57,2026-03,279,235,0.93
57,2026-04,284,278,1.09
57,2026-05,229,245,1.03
57,2026-06,237,239,0.97
57,2026-07,146,141,0.93
57,2026-08,295,312,1.09
58,2023-01,218,213,0.95
58,2023-02,241,206,0.90
58,2023-03,187,178,0.85
58,2023-04,266,279,1.00
58,2023-05,138,147,0.95
58,2023-06,109,89,0.90
58,2023-07,166,149,0.85
58,2023-08,160,180,1.00
58,2023-09,194,173,0.95
58,2023-10,138,136,0.90
58,2023-11,272,240,0.85
58,2023-12,266,243,1.00
58,2024-01,199,172,0.95
58,2024-02,215,210,0.90
58,2024-03,286,231,0.85
58,2024-04,279,302,1.00
58,2024-05,131,120,0.95
58,2024-06,198,171,0.90
58,2024-07,171,162,0.85
58,2024-08,205,228,1.00
58,2024-09,102,101,0.95
58,2024-10,320,322,0.90
58,2024-11,276,252,0.85
58,2024-12,367,342,1.00
58,2025-01,212,219,0.95
58,2025-02,235,231,0.90
58,2025-03,484,401,0.85
58,2025-04,339,321,1.00
58,2025-05,128,122,0.95
58,2025-06,148,148,0.90
58,2025-07,173,152,0.85
58,2025-08,242,269,1.00
58,2025-09,324,304,0.95
58,2025-10,269,228,0.90
58,2025-11,427,346,0.85
58,2025-12,284,305,1.00
58,2026-01,287,307,0.95
58,2026-02,328,268,0.90
58,2026-03,357,274,0.85
58,2026-04,308,344,1.00
58,2026-05,162,159,0.95
58,2026-06,292,243,0.90
58,2026-07,152,144,0.85
58,2026-08,160,166,1.00
59,2023-01,173,165,0.95
59,2023-02,174,152,0.90
59,2023-03,201,169,0.85
59,2023-04,255,236,1.00
59,2023-05,202,192,0.95
59,2023-06,120,110,0.90
59,2023-07,192,158,0.85
59,2023-08,157,147,1.00
59,2023-09,300,260,0.95
59,2023-10,267,247,0.90
59,2023-11,313,244,0.85
59,2023-12,222,231,1.00
59,2024-01,348,303,0.95
59,2024-02,136,113,0.90
59,2024-03,278,223,0.85
59,2024-04,185,185,1.00
59,2024-05,270,272,0.95
59,2024-06,192,168,0.90
59,2024-07,97,91,0.85
59,2024-08,240,270,1.00
59,2024-09,152,154,0.95
59,2024-10,377,314,0.90
59,2024-11,284,256,0.85
59,2024-12,234,242,1.00
59,2025-01,177,164,0.95
59,2025-02,267,234,0.90
59,2025-03,262,208,0.85
59,2025-04,351,351,1.00
59,2025-05,271,241,0.95
59,2025-06,149,129,0.90
59,2025-07,160,137,0.85
59,2025-08,198,208,1.00
59,2025-09,224,240,0.95
59,2025-10,405,339,0.90
59,2025-11,262,251,0.85
59,2025-12,209,217,1.00
59,2026-01,131,126,0.95
59,2026-02,182,173,0.90
59,2026-03,317,261,0.85
59,2026-04,255,235,1.00
59,2026-05,291,264,0.95
59,2026-06,284,239,0.90
59,2026-07,224,177,0.85
59,2026-08,172,163,1.00
60,2023-01,228,190,0.88
60,2023-02,216,189,0.83
60,2023-03,245,190,0.79
60,2023-04,276,245,0.93
60,2023-05,172,147,0.88
60,2023-06,166,138,0.83
60,2023-07,233,165,0.79
60,2023-08,230,203,0.93
60,2023-09,133,132,0.88
60,2023-10,159,140,0.83
60,2023-11,217,195,0.79
60,2023-12,295,249,0.93
60,2024-01,260,214,0.88
60,2024-02,239,205,0.83
60,2024-03,267,239,0.79
60,2024-04,284,240,0.93
60,2024-05,126,116,0.88
60,2024-06,88,83,0.83
60,2024-07,153,136,0.79
60,2024-08,271,244,0.93
60,2024-09,160,128,0.88
60,2024-10,145,130,0.83
60,2024-11,339,248,0.79
60,2024-12,267,249,0.93
60,2025-01,214,189,0.88
60,2025-02,156,118,0.83
60,2025-03,293,250,0.79
60,2025-04,329,322,0.93
60,2025-05,193,163,0.88
60,2025-06,151,143,0.83
60,2025-07,160,140,0.79
60,2025-08,202,182,0.93
60,2025-09,214,181,0.88
60,2025-10,365,336,0.83
60,2025-11,287,239,0.79
60,2025-12,361,309,0.93
60,2026-01,153,130,0.88
60,2026-02,318,247,0.83
60,2026-03,271,207,0.79
60,2026-04,248,239,0.93
60,2026-05,185,149,0.88
60,2026-06,250,210,0.83
60,2026-07,159,120,0.79
60,2026-08,140,139,0.93
61,2023-01,145,139,1.03
61,2023-02,167,150,0.97
61,2023-03,166,144,0.93
61,2023-04,164,182,1.09
61,2023-05,103,106,1.03
61,2023-06,226,223,0.97
61,2023-07,112,95,0.93
61,2023-08,170,201,1.09
61,2023-09,112,119,1.03
61,2023-10,190,172,0.97
61,2023-11,292,256,0.93
61,2023-12,139,143,1.09
61,2024-01,159,158,1.03
61,2024-02,136,135,0.97
61,2024-03,182,158,0.93
61,2024-04,328,326,1.09
61,2024-05,144,148,1.03
61,2024-06,204,186,0.97
61,2024-07,143,127,0.93
61,2024-08,102,123,1.09
61,2024-09,140,132,1.03
61,2024-10,162,173,0.97
61,2024-11,266,223,0.93
61,2024-12,86,95,1.09
61,2025-01,218,209,1.03
61,2025-02,142,150,0.97
61,2025-03,160,152,0.93
61,2025-04,170,184,1.09
61,2025-05,215,229,1.03
61,2025-06,166,172,0.97
61,2025-07,159,159,0.93
61,2025-08,122,150,1.09
61,2025-09,182,167,1.03
61,2025-10,193,189,0.97
61,2025-11,107,111,0.93
61,2025-12,154,151,1.09
61,2026-01,326,300,1.03
61,2026-02,161,149,0.97
61,2026-03,260,234,0.93
61,2026-04,274,270,1.09
61,2026-05,194,203,1.03
61,2026-06,149,161,0.97
61,2026-07,116,116,0.93
61,2026-08,220,249,1.09
62,2023-01,162,142,0.95
62,2023-02,142,138,0.90
62,2023-03,224,203,0.85
62,2023-04,83,85,1.00
62,2023-05,115,121,0.95
62,2023-06,145,146,0.90
62,2023-07,67,64,0.85
62,2023-08,78,84,1.00
62,2023-09,243,232,0.95
62,2023-10,196,199,0.90
62,2023-11,289,243,0.85
62,2023-12,129,139,1.00
62,2024-01,235,211,0.95
62,2024-02,136,110,0.90
62,2024-03,222,207,0.85
62,2024-04,105,105,1.00
62,2024-05,134,126,0.95
62,2024-06,119,114,0.90
62,2024-07,112,96,0.85
62,2024-08,273,311,1.00
62,2024-09,158,139,0.95
62,2024-10,119,118,0.90
62,2024-11,206,168,0.85
62,2024-12,136,126,1.00
62,2025-01,113,117,0.95
62,2025-02,118,108,0.90
62,2025-03,193,153,0.85
62,2025-04,136,136,1.00
62,2025-05,217,193,0.95
62,2025-06,118,96,0.90
62,2025-07,106,88,0.85
62,2025-08,106,108,1.00
62,2025-09,158,165,0.95
62,2025-10,222,195,0.90
62,2025-11,184,158,0.85
62,2025-12,114,120,1.00
62,2026-01,194,173,0.95
62,2026-02,195,163,0.90
62,2026-03,242,189,0.85
62,2026-04,201,185,1.00
62,2026-05,201,201,0.95
62,2026-06,59,52,0.90
62,2026-07,97,84,0.85
62,2026-08,127,131,1.00
63,2023-01,153,186,1.12
63,2023-02,180,200,1.06
63,2023-03,259,238,1.01
63,2023-04,146,164,1.19
63,2023-05,74,94,1.12
63,2023-06,119,121,1.06
63,2023-07,127,116,1.01
63,2023-08,113,127,1.19
63,2023-09,277,291,1.12
63,2023-10,148,165,1.06
63,2023-11,178,177,1.01
63,2023-12,171,226,1.19
63,2024-01,151,157,1.12
63,2024-02,197,188,1.06
63,2024-03,226,215,1.01
63,2024-04,178,213,1.19
63,2024-05,233,240,1.12
63,2024-06,103,122,1.06
63,2024-07,192,207,1.01
63,2024-08,152,180,1.19
63,2024-09,172,191,1.12
63,2024-10,185,221,1.06
63,2024-11,145,166,1.01
63,2024-12,251,295,1.19
63,2025-01,174,176,1.12
63,2025-02,110,130,1.06
63,2025-03,193,194,1.01
63,2025-04,222,291,1.19
63,2025-05,126,130,1.12
63,2025-06,203,193,1.06
63,2025-07,111,107,1.01
63,2025-08,221,288,1.19
63,2025-09,268,269,1.12
63,2025-10,167,185,1.06
63,2025-11,188,197,1.01
63,2025-12,175,223,1.19
63,2026-01,286,322,1.12
63,2026-02,221,235,1.06
63,2026-03,259,252,1.01
63,2026-04,179,191,1.19
63,2026-05,157,160,1.12
63,2026-06,135,143,1.06
63,2026-07,203,186,1.01
63,2026-08,166,217,1.19
64,2023-01,160,162,1.03
64,2023-02,118,116,0.97
64,2023-03,209,193,0.93
64,2023-04,197,192,1.09
64,2023-05,101,113,1.03
64,2023-06,109,107,0.97
64,2023-07,88,86,0.93
64,2023-08,107,116,1.09
64,2023-09,139,133,1.03
64,2023-10,175,167,0.97
64,2023-11,151,131,0.93
64,2023-12,182,182,1.09
64,2024-01,131,125,1.03
64,2024-02,173,160,0.97
64,2024-03,206,184,0.93
64,2024-04,268,325,1.09
64,2024-05,226,218,1.03
64,2024-06,111,101,0.97
64,2024-07,123,102,0.93
64,2024-08,174,188,1.09
64,2024-09,202,205,1.03
64,2024-10,142,154,0.97
64,2024-11,211,185,0.93
64,2024-12,119,143,1.09
64,2025-01,67,75,1.03
64,2025-02,186,170,0.97
64,2025-03,200,196,0.93
64,2025-04,121,139,1.09
64,2025-05,196,182,1.03
64,2025-06,86,86,0.97
64,2025-07,112,113,0.93
64,2025-08,174,205,1.09
64,2025-09,91,102,1.03
64,2025-10,227,226,0.97
64,2025-11,143,119,0.93
64,2025-12,157,167,1.09
64,2026-01,225,234,1.03
64,2026-02,179,156,0.97
64,2026-03,275,258,0.93
64,2026-04,175,205,1.09
64,2026-05,133,151,1.03
64,2026-06,271,238,0.97
64,2026-07,172,152,0.93
64,2026-08,153,151,1.09
65,2023-01,76,128,1.54
65,2023-02,133,206,1.46
65,2023-03,180,229,1.39
65,2023-04,168,302,1.63
65,2023-05,130,185,1.54
65,2023-06,99,142,1.46
65,2023-07,86,122,1.39
65,2023-08,129,189,1.63
65,2023-09,135,196,1.54
65,2023-10,153,244,1.46
65,2023-11,106,156,1.39
65,2023-12,291,430,1.63
65,2024-01,132,194,1.54
65,2024-02,200,288,1.46
65,2024-03,166,239,1.39
65,2024-04,154,269,1.63
65,2024-05,54,92,1.54
65,2024-06,85,129,1.46
65,2024-07,135,188,1.39
65,2024-08,161,254,1.63
65,2024-09,158,233,1.54
65,2024-10,182,283,1.46
65,2024-11,196,307,1.39
65,2024-12,280,460,1.63
65,2025-01,131,208,1.54
65,2025-02,148,229,1.46
65,2025-03,114,175,1.39
65,2025-04,126,214,1.63
65,2025-05,188,308,1.54
65,2025-06,103,156,1.46
65,2025-07,159,239,1.39
65,2025-08,112,165,1.63
65,2025-09,200,334,1.54
65,2025-10,133,210,1.46
65,2025-11,186,274,1.39
65,2025-12,153,253,1.63
65,2026-01,185,271,1.54
65,2026-02,215,335,1.46
65,2026-03,219,288,1.39
65,2026-04,250,391,1.63
65,2026-05,207,305,1.54
65,2026-06,91,140,1.46
65,2026-07,91,139,1.39
65,2026-08,199,308,1.63
66,2023-01,85,119,1.37
66,2023-02,211,264,1.30
66,2023-03,152,181,1.23
66,2023-04,171,226,1.45
66,2023-05,114,173,1.37
66,2023-06,101,132,1.30
66,2023-07,165,183,1.23
66,2023-08,75,107,1.45
66,2023-09,152,189,1.37
66,2023-10,263,358,1.30
66,2023-11,94,131,1.23
66,2023-12,227,296,1.45
66,2024-01,189,253,1.37
66,2024-02,154,191,1.30
66,2024-03,92,122,1.23
66,2024-04,132,212,1.45
66,2024-05,145,193,1.37
66,2024-06,139,162,1.30
66,2024-07,61,84,1.23
66,2024-08,132,174,1.45
66,2024-09,139,193,1.37
66,2024-10,246,299,1.30
66,2024-11,140,164,1.23
66,2024-12,158,243,1.45
66,2025-01,110,155,1.37
66,2025-02,100,131,1.30
66,2025-03,180,252,1.23
66,2025-04,150,232,1.45
66,2025-05,166,232,1.37
66,2025-06,80,114,1.30
66,2025-07,121,151,1.23
66,2025-08,152,233,1.45
66,2025-09,122,186,1.37
66,2025-10,213,269,1.30
66,2025-11,276,357,1.23
66,2025-12,327,433,1.45
66,2026-01,207,297,1.37
66,2026-02,324,426,1.30
66,2026-03,368,414,1.23
66,2026-04,298,433,1.45
66,2026-05,115,179,1.37
66,2026-06,142,173,1.30
66,2026-07,113,127,1.23
66,2026-08,193,267,1.45
67,2023-01,209,238,1.23
67,2023-02,128,145,1.17
67,2023-03,220,274,1.11
67,2023-04,136,162,1.30
67,2023-05,116,142,1.23
67,2023-06,111,132,1.17
67,2023-07,155,174,1.11
67,2023-08,136,176,1.30
67,2023-09,190,248,1.23
67,2023-10,201,215,1.17
67,2023-11,124,144,1.11
67,2023-12,147,180,1.30
67,2024-01,98,131,1.23
67,2024-02,131,162,1.17
67,2024-03,195,221,1.11
67,2024-04,186,228,1.30
67,2024-05,91,118,1.23
67,2024-06,83,106,1.17
67,2024-07,133,160,1.11
67,2024-08,111,160,1.30
67,2024-09,190,244,1.23
67,2024-10,290,344,1.17
67,2024-11,218,269,1.11
67,2024-12,193,275,1.30
67,2025-01,233,275,1.23
67,2025-02,154,167,1.17
67,2025-03,174,219,1.11
67,2025-04,220,258,1.30
67,2025-05,146,191,1.23
67,2025-06,102,116,1.17
67,2025-07,162,162,1.11
67,2025-08,111,129,1.30
67,2025-09,201,261,1.23
67,2025-10,199,234,1.17
67,2025-11,223,224,1.11
67,2025-12,188,232,1.30
67,2026-01,248,337,1.23
67,2026-02,174,217,1.17
67,2026-03,252,257,1.11
67,2026-04,168,209,1.30
67,2026-05,159,217,1.23
67,2026-06,169,188,1.17
67,2026-07,98,98,1.11
67,2026-08,178,227,1.30
68,2023-01,209,210,1.12
68,2023-02,127,145,1.06
68,2023-03,190,191,1.01
68,2023-04,102,115,1.19
68,2023-05,118,149,1.12
68,2023-06,97,94,1.06
68,2023-07,116,122,1.01
68,2023-08,174,231,1.19
68,2023-09,120,129,1.12
68,2023-10,295,295,1.06
68,2023-11,175,194,1.01
68,2023-12,189,200,1.19
68,2024-01,134,138,1.12
68,2024-02,89,101,1.06
68,2024-03,162,165,1.01
68,2024-04,169,210,1.19
68,2024-05,183,214,1.12
68,2024-06,101,101,1.06
68,2024-07,124,129,1.01
68,2024-08,90,107,1.19
68,2024-09,125,143,1.12
68,2024-10,119,114,1.06
68,2024-11,158,158,1.01
68,2024-12,139,185,1.19
68,2025-01,154,175,1.12
68,2025-02,110,122,1.06
68,2025-03,170,187,1.01
68,2025-04,241,313,1.19
68,2025-05,148,159,1.12
68,2025-06,145,139,1.06
68,2025-07,180,173,1.01
68,2025-08,120,142,1.19
68,2025-09,148,169,1.12
68,2025-10,218,243,1.06
68,2025-11,200,200,1.01
68,2025-12,237,263,1.19
68,2026-01,225,257,1.12
68,2026-02,191,214,1.06
68,2026-03,139,138,1.01
68,2026-04,192,238,1.19
68,2026-05,210,226,1.12
68,2026-06,165,175,1.06
68,2026-07,108,106,1.01
68,2026-08,204,217,1.19
69,2023-01,114,113,0.88
69,2023-02,85,70,0.83
69,2023-03,238,179,0.79
69,2023-04,103,101,0.93
69,2023-05,117,103,0.88
69,2023-06,152,129,0.83
69,2023-07,65,53,0.79
69,2023-08,136,126,0.93
69,2023-09,171,149,0.88
69,2023-10,152,134,0.83
69,2023-11,291,248,0.79
69,2023-12,153,153,0.93
69,2024-01,128,111,0.88
69,2024-02,131,119,0.83
69,2024-03,178,144,0.79
69,2024-04,166,140,0.93
69,2024-05,166,162,0.88
69,2024-06,116,100,0.83
69,2024-07,59,46,0.79
69,2024-08,148,143,0.93
69,2024-09,211,169,0.88
69,2024-10,227,203,0.83
69,2024-11,81,70,0.79
69,2024-12,205,198,0.93
69,2025-01,144,114,0.88
69,2025-02,249,193,0.83
69,2025-03,177,156,0.79
69,2025-04,200,167,0.93
69,2025-05,100,93,0.88
69,2025-06,221,171,0.83
69,2025-07,72,52,0.79
69,2025-08,221,205,0.93
69,2025-09,258,228,0.88
69,2025-10,208,185,0.83
69,2025-11,147,125,0.79
69,2025-12,189,195,0.93
69,2026-01,152,126,0.88
69,2026-02,130,119,0.83
69,2026-03,209,151,0.79
69,2026-04,162,146,0.93
69,2026-05,166,141,0.88
69,2026-06,137,112,0.83
69,2026-07,162,144,0.79
69,2026-08,130,116,0.93
70,2023-01,125,286,2.05
70,2023-02,155,327,1.95
70,2023-03,161,298,1.85
70,2023-04,89,209,2.17
70,2023-05,143,271,2.05
70,2023-06,100,210,1.95
70,2023-07,103,198,1.85
70,2023-08,68,143,2.17
70,2023-09,130,245,2.05
70,2023-10,284,544,1.95
70,2023-11,175,307,1.85
70,2023-12,197,483,2.17
70,2024-01,150,298,2.05
70,2024-02,134,259,1.95
70,2024-03,250,424,1.85
70,2024-04,148,346,2.17
70,2024-05,114,220,2.05
70,2024-06,106,208,1.95
70,2024-07,145,248,1.85
70,2024-08,176,357,2.17
70,2024-09,145,310,2.05
70,2024-10,179,360,1.95
70,2024-11,240,491,1.85
70,2024-12,290,659,2.17
70,2025-01,120,255,2.05
70,2025-02,147,314,1.95
70,2025-03,184,322,1.85
70,2025-04,237,489,2.17
70,2025-05,131,261,2.05
70,2025-06,109,234,1.95
70,2025-07,139,246,1.85
70,2025-08,105,254,2.17
70,2025-09,230,522,2.05
70,2025-10,317,614,1.95
70,2025-11,297,543,1.85
70,2025-12,172,424,2.17
70,2026-01,261,497,2.05
70,2026-02,49,97,1.95
70,2026-03,184,343,1.85
70,2026-04,244,498,2.17
70,2026-05,134,312,2.05
70,2026-06,130,255,1.95
70,2026-07,70,143,1.85
70,2026-08,155,352,2.17
71,2023-01,171,184,0.95
71,2023-02,110,107,0.90
71,2023-03,259,250,0.85
71,2023-04,97,89,1.00
71,2023-05,118,119,0.95
71,2023-06,98,84,0.90
71,2023-07,82,77,0.85
71,2023-08,103,109,1.00
71,2023-09,82,83,0.95
71,2023-10,227,195,0.90
71,2023-11,175,168,0.85
71,2023-12,211,195,1.00
71,2024-01,254,218,0.95
71,2024-02,102,91,0.90
71,2024-03,145,138,0.85
71,2024-04,187,212,1.00
71,2024-05,132,128,0.95
71,2024-06,84,74,0.90
71,2024-07,90,83,0.85
71,2024-08,136,124,1.00
71,2024-09,137,142,0.95
71,2024-10,246,240,0.90
71,2024-11,290,234,0.85
71,2024-12,113,122,1.00
71,2025-01,144,128,0.95
71,2025-02,171,147,0.90
71,2025-03,220,202,0.85
71,2025-04,245,228,1.00
71,2025-05,99,86,0.95
71,2025-06,116,103,0.90
71,2025-07,126,111,0.85
71,2025-08,148,149,1.00
71,2025-09,138,139,0.95
71,2025-10,275,226,0.90
71,2025-11,146,117,0.85
71,2025-12,207,206,1.00
71,2026-01,240,208,0.95
71,2026-02,217,194,0.90
71,2026-03,130,109,0.85
71,2026-04,157,175,1.00
71,2026-05,235,218,0.95
71,2026-06,117,107,0.90
71,2026-07,87,76,0.85
71,2026-08,168,163,1.00
72,2023-01,201,166,0.88
72,2023-02,166,135,0.83
72,2023-03,157,124,0.79
72,2023-04,124,125,0.93
72,2023-05,106,88,0.88
72,2023-06,161,138,0.83
72,2023-07,126,113,0.79
72,2023-08,133,112,0.93
72,2023-09,149,141,0.88
72,2023-10,131,102,0.83
72,2023-11,121,104,0.79
72,2023-12,190,169,0.93
72,2024-01,57,51,0.88
72,2024-02,182,159,0.83
72,2024-03,309,231,0.79
72,2024-04,221,189,0.93
72,2024-05,116,116,0.88
72,2024-06,125,96,0.83
72,2024-07,73,60,0.79
72,2024-08,173,154,0.93
72,2024-09,192,184,0.88
72,2024-10,198,149,0.83
72,2024-11,178,136,0.79
72,2024-12,154,150,0.93
72,2025-01,140,112,0.88
72,2025-02,201,172,0.83
72,2025-03,140,117,0.79
72,2025-04,187,178,0.93
72,2025-05,108,106,0.88
72,2025-06,106,82,0.83
72,2025-07,79,56,0.79
72,2025-08,68,65,0.93
72,2025-09,178,154,0.88
72,2025-10,285,262,0.83
72,2025-11,193,137,0.79
72,2025-12,145,151,0.93
72,2026-01,101,88,0.88
72,2026-02,148,117,0.83
72,2026-03,205,170,0.79
72,2026-04,201,171,0.93
72,2026-05,196,159,0.88
72,2026-06,159,139,0.83
72,2026-07,140,112,0.79
72,2026-08,159,137,0.93
73,2023-01,270,437,1.76
73,2023-02,178,267,1.67
73,2023-03,188,290,1.59
73,2023-04,225,451,1.86
73,2023-05,124,222,1.76
73,2023-06,48,90,1.67
73,2023-07,86,124,1.59
73,2023-08,80,155,1.86
73,2023-09,150,285,1.76
73,2023-10,201,319,1.67
73,2023-11,155,233,1.59
73,2023-12,233,399,1.86
73,2024-01,142,280,1.76
73,2024-02,196,299,1.67
73,2024-03,173,268,1.59
73,2024-04,162,330,1.86
73,2024-05,248,402,1.76
73,2024-06,21,33,1.67
73,2024-07,189,300,1.59
73,2024-08,198,350,1.86
73,2024-09,147,232,1.76
73,2024-10,173,272,1.67
73,2024-11,180,321,1.59
73,2024-12,173,306,1.86
73,2025-01,250,409,1.76
73,2025-02,102,159,1.67
73,2025-03,200,349,1.59
73,2025-04,239,445,1.86
73,2025-05,160,296,1.76
73,2025-06,148,257,1.67
73,2025-07,79,137,1.59
73,2025-08,113,239,1.86
73,2025-09,192,319,1.76
73,2025-10,188,296,1.67
73,2025-11,240,340,1.59
73,2025-12,196,386,1.86
73,2026-01,145,273,1.76
73,2026-02,163,252,1.67
73,2026-03,233,351,1.59
73,2026-04,227,380,1.86
73,2026-05,243,403,1.76
73,2026-06,187,319,1.67
73,2026-07,109,168,1.59
73,2026-08,175,332,1.86
74,2023-01,177,247,1.54
74,2023-02,122,183,1.46
74,2023-03,197,253,1.39
74,2023-04,117,189,1.63
74,2023-05,202,296,1.54
74,2023-06,123,168,1.46
74,2023-07,72,108,1.39
74,2023-08,127,217,1.63
74,2023-09,118,199,1.54
74,2023-10,318,427,1.46
74,2023-11,264,342,1.39
74,2023-12,153,284,1.63
74,2024-01,160,273,1.54
74,2024-02,126,200,1.46
74,2024-03,164,244,1.39
74,2024-04,143,259,1.63
74,2024-05,299,411,1.54
74,2024-06,143,193,1.46
74,2024-07,179,226,1.39
74,2024-08,195,300,1.63
74,2024-09,165,282,1.54
74,2024-10,167,257,1.46
74,2024-11,149,199,1.39
74,2024-12,195,349,1.63
74,2025-01,169,273,1.54
74,2025-02,269,359,1.46
74,2025-03,257,346,1.39
74,2025-04,214,352,1.63
74,2025-05,120,200,1.54
74,2025-06,199,301,1.46
74,2025-07,142,212,1.39
74,2025-08,101,179,1.63
74,2025-09,193,313,1.54
74,2025-10,207,321,1.46
74,2025-11,161,249,1.39
74,2025-12,178,261,1.63
74,2026-01,252,401,1.54
74,2026-02,147,234,1.46
74,2026-03,343,499,1.39
74,2026-04,133,218,1.63
74,2026-05,224,338,1.54
74,2026-06,203,297,1.46
74,2026-07,88,119,1.39
74,2026-08,120,212,1.63
75,2023-01,100,112,1.12
75,2023-02,170,176,1.06
75,2023-03,127,130,1.01
75,2023-04,123,139,1.19
75,2023-05,172,182,1.12
75,2023-06,76,83,1.06
75,2023-07,110,114,1.01
75,2023-08,130,158,1.19
75,2023-09,134,150,1.12
75,2023-10,264,272,1.06
75,2023-11,165,178,1.01
75,2023-12,149,197,1.19
75,2024-01,104,123,1.12
75,2024-02,219,247,1.06
75,2024-03,190,205,1.01
75,2024-04,188,223,1.19
75,2024-05,206,207,1.12
75,2024-06,143,164,1.06
75,2024-07,115,117,1.01
75,2024-08,113,139,1.19
75,2024-09,136,170,1.12
75,2024-10,157,181,1.06
75,2024-11,194,189,1.01
75,2024-12,191,213,1.19
75,2025-01,229,254,1.12
75,2025-02,126,149,1.06
75,2025-03,204,194,1.01
75,2025-04,228,250,1.19
75,2025-05,130,159,1.12
75,2025-06,143,139,1.06
75,2025-07,80,91,1.01
75,2025-08,158,175,1.19
75,2025-09,180,182,1.12
75,2025-10,149,152,1.06
75,2025-11,159,162,1.01
75,2025-12,214,282,1.19
75,2026-01,136,171,1.12
75,2026-02,154,149,1.06
75,2026-03,265,271,1.01
75,2026-04,193,248,1.19
75,2026-05,201,208,1.12
75,2026-06,133,126,1.06
75,2026-07,244,241,1.01
75,2026-08,186,197,1.19
76,2023-01,220,208,1.03
76,2023-02,70,68,0.97
76,2023-03,197,199,0.93
76,2023-04,180,182,1.09
76,2023-05,192,201,1.03
76,2023-06,165,151,0.97
76,2023-07,83,81,0.93
76,2023-08,145,177,1.09
76,2023-09,111,115,1.03
76,2023-10,196,173,0.97
76,2023-11,193,191,0.93
76,2023-12,175,173,1.09
76,2024-01,135,130,1.03
76,2024-02,185,169,0.97
76,2024-03,175,170,0.93
76,2024-04,164,174,1.09
76,2024-05,188,181,1.03
76,2024-06,98,94,0.97
76,2024-07,178,174,0.93
76,2024-08,107,108,1.09
76,2024-09,217,240,1.03
76,2024-10,273,257,0.97
76,2024-11,154,136,0.93
76,2024-12,208,214,1.09
76,2025-01,131,146,1.03
76,2025-02,208,198,0.97
76,2025-03,161,165,0.93
76,2025-04,199,198,1.09
76,2025-05,184,198,1.03
76,2025-06,137,123,0.97
76,2025-07,91,81,0.93
76,2025-08,175,204,1.09
76,2025-09,180,170,1.03
76,2025-10,170,155,0.97
76,2025-11,152,148,0.93
76,2025-12,158,161,1.09
76,2026-01,196,190,1.03
76,2026-02,221,216,0.97
76,2026-03,214,208,0.93
76,2026-04,308,301,1.09
76,2026-05,133,138,1.03
76,2026-06,159,164,0.97
76,2026-07,64,65,0.93
76,2026-08,192,192,1.09
77,2023-01,136,168,1.23
77,2023-02,133,164,1.17
77,2023-03,183,187,1.11
77,2023-04,180,210,1.30
77,2023-05,171,191,1.23
77,2023-06,136,158,1.17
77,2023-07,92,111,1.11
77,2023-08,66,87,1.30
77,2023-09,180,227,1.23
77,2023-10,200,219,1.17
77,2023-11,155,154,1.11
77,2023-12,105,142,1.30
77,2024-01,114,138,1.23
77,2024-02,114,137,1.17
77,2024-03,164,174,1.11
77,2024-04,161,219,1.30
77,2024-05,102,122,1.23
77,2024-06,130,143,1.17
77,2024-07,41,42,1.11
77,2024-08,88,125,1.30
77,2024-09,229,264,1.23
77,2024-10,209,231,1.17
77,2024-11,176,214,1.11
77,2024-12,181,267,1.30
77,2025-01,117,153,1.23
77,2025-02,177,217,1.17
77,2025-03,212,253,1.11
77,2025-04,152,210,1.30
77,2025-05,230,306,1.23
77,2025-06,186,203,1.17
77,2025-07,133,139,1.11
77,2025-08,76,90,1.30
77,2025-09,176,221,1.23
77,2025-10,205,244,1.17
77,2025-11,313,356,1.11
77,2025-12,188,273,1.30
77,2026-01,143,180,1.23
77,2026-02,228,275,1.17
77,2026-03,150,188,1.11
77,2026-04,206,292,1.30
77,2026-05,187,256,1.23
77,2026-06,196,212,1.17
77,2026-07,198,228,1.11
77,2026-08,118,158,1.30
78,2023-01,226,263,1.12
78,2023-02,183,201,1.06
78,2023-03,191,183,1.01
78,2023-04,130,149,1.19
78,2023-05,107,111,1.12
78,2023-06,57,64,1.06
78,2023-07,95,87,1.01
78,2023-08,113,145,1.19
78,2023-09,136,140,1.12
78,2023-10,98,101,1.06
78,2023-11,176,189,1.01
78,2023-12,170,194,1.19
78,2024-01,111,117,1.12
78,2024-02,172,179,1.06
78,2024-03,160,169,1.01
78,2024-04,281,302,1.19
78,2024-05,115,145,1.12
78,2024-06,89,95,1.06
78,2024-07,69,75,1.01
78,2024-08,111,140,1.19
78,2024-09,188,189,1.12
78,2024-10,188,225,1.06
78,2024-11,120,121,1.01
78,2024-12,345,377,1.19
78,2025-01,161,177,1.12
78,2025-02,124,147,1.06
78,2025-03,243,270,1.01
78,2025-04,226,283,1.19
78,2025-05,184,203,1.12
78,2025-06,142,146,1.06
78,2025-07,53,48,1.01
78,2025-08,96,102,1.19
78,2025-09,139,163,1.12
78,2025-10,207,208,1.06
78,2025-11,170,158,1.01
78,2025-12,208,240,1.19
78,2026-01,182,189,1.12
78,2026-02,190,207,1.06
78,2026-03,188,199,1.01
78,2026-04,212,276,1.19
78,2026-05,149,171,1.12
78,2026-06,77,89,1.06
78,2026-07,73,72,1.01
78,2026-08,261,309,1.19
79,2023-01,105,195,1.76
79,2023-02,79,144,1.67
79,2023-03,110,168,1.59
79,2023-04,129,235,1.86
79,2023-05,145,262,1.76
79,2023-06,82,152,1.67
79,2023-07,153,224,1.59
79,2023-08,97,203,1.86
79,2023-09,180,298,1.76
79,2023-10,235,404,1.67
79,2023-11,130,205,1.59
79,2023-12,116,220,1.86
79,2024-01,65,127,1.76
79,2024-02,143,227,1.67
79,2024-03,87,157,1.59
79,2024-04,220,391,1.86
79,2024-05,115,208,1.76
79,2024-06,80,145,1.67
79,2024-07,217,310,1.59
79,2024-08,113,214,1.86
79,2024-09,96,178,1.76
79,2024-10,135,229,1.67
79,2024-11,123,208,1.59
79,2024-12,173,319,1.86
79,2025-01,123,236,1.76
79,2025-02,275,446,1.67
79,2025-03,137,211,1.59
79,2025-04,227,397,1.86
79,2025-05,120,236,1.76
79,2025-06,116,194,1.67
79,2025-07,132,202,1.59
79,2025-08,285,477,1.86
79,2025-09,185,324,1.76
79,2025-10,258,411,1.67
79,2025-11,314,483,1.59
79,2025-12,305,553,1.86
79,2026-01,188,321,1.76
79,2026-02,135,204,1.67
79,2026-03,110,198,1.59
79,2026-04,217,414,1.86
79,2026-05,95,180,1.76
79,2026-06,176,276,1.67
79,2026-07,158,260,1.59
79,2026-08,123,218,1.86
80,2023-01,165,233,1.54
80,2023-02,252,392,1.46
80,2023-03,129,169,1.39
80,2023-04,216,320,1.63
80,2023-05,93,156,1.54
80,2023-06,145,216,1.46
80,2023-07,131,169,1.39
80,2023-08,126,209,1.63
80,2023-09,178,245,1.54
80,2023-10,128,202,1.46
80,2023-11,144,203,1.39
80,2023-12,126,218,1.63
80,2024-01,168,242,1.54
80,2024-02,85,130,1.46
80,2024-03,285,436,1.39
80,2024-04,423,633,1.63
80,2024-05,144,223,1.54
80,2024-06,83,123,1.46
80,2024-07,105,162,1.39
80,2024-08,186,307,1.63
80,2024-09,123,177,1.54
80,2024-10,322,468,1.46
80,2024-11,195,307,1.39
80,2024-12,244,355,1.63
80,2025-01,156,254,1.54
80,2025-02,213,348,1.46
80,2025-03,189,242,1.39
80,2025-04,245,388,1.63
80,2025-05,131,180,1.54
80,2025-06,216,288,1.46
80,2025-07,125,165,1.39
80,2025-08,181,271,1.63
80,2025-09,103,179,1.54
80,2025-10,369,517,1.46
80,2025-11,134,168,1.39
80,2025-12,210,331,1.63
80,2026-01,261,376,1.54
80,2026-02,167,244,1.46
80,2026-03,136,186,1.39
80,2026-04,161,259,1.63
80,2026-05,178,262,1.54
80,2026-06,129,171,1.46
80,2026-07,187,233,1.39
80,2026-08,153,266,1.63
81,2023-01,171,257,1.54
81,2023-02,83,110,1.46
81,2023-03,110,146,1.39
81,2023-04,106,183,1.63
81,2023-05,30,45,1.54
81,2023-06,107,172,1.46
81,2023-07,148,203,1.39
81,2023-08,158,254,1.63
81,2023-09,135,227,1.54
81,2023-10,170,231,1.46
81,2023-11,219,322,1.39
81,2023-12,251,403,1.63
81,2024-01,102,149,1.54
81,2024-02,140,184,1.46
81,2024-03,129,200,1.39
81,2024-04,321,507,1.63
81,2024-05,155,264,1.54
81,2024-06,161,247,1.46
81,2024-07,137,193,1.39
81,2024-08,186,293,1.63
81,2024-09,153,227,1.54
81,2024-10,280,392,1.46
81,2024-11,75,114,1.39
81,2024-12,175,258,1.63
81,2025-01,169,273,1.54
81,2025-02,168,221,1.46
81,2025-03,166,224,1.39
81,2025-04,242,357,1.63
81,2025-05,213,361,1.54
81,2025-06,112,148,1.46
81,2025-07,61,89,1.39
81,2025-08,99,150,1.63
81,2025-09,246,348,1.54
81,2025-10,166,218,1.46
81,2025-11,220,290,1.39
81,2025-12,283,457,1.63
81,2026-01,201,317,1.54
81,2026-02,160,215,1.46
81,2026-03,178,242,1.39
81,2026-04,285,435,1.63
81,2026-05,136,222,1.54
81,2026-06,185,248,1.46
81,2026-07,144,189,1.39
81,2026-08,152,230,1.63
82,2023-01,167,226,1.37
82,2023-02,150,186,1.30
82,2023-03,109,135,1.23
82,2023-04,153,216,1.45
82,2023-05,168,258,1.37
82,2023-06,154,225,1.30
82,2023-07,111,131,1.23
82,2023-08,206,297,1.45
82,2023-09,168,244,1.37
82,2023-10,179,253,1.30
82,2023-11,109,138,1.23
82,2023-12,121,178,1.45
82,2024-01,149,205,1.37
82,2024-02,218,258,1.30
82,2024-03,227,309,1.23
82,2024-04,222,341,1.45
82,2024-05,105,142,1.37
82,2024-06,105,144,1.30
82,2024-07,183,247,1.23
82,2024-08,151,209,1.45
82,2024-09,172,221,1.37
82,2024-10,215,292,1.30
82,2024-11,288,379,1.23
82,2024-12,191,286,1.45
82,2025-01,135,195,1.37
82,2025-02,144,168,1.30
82,2025-03,146,167,1.23
82,2025-04,320,474,1.45
82,2025-05,123,177,1.37
82,2025-06,73,87,1.30
82,2025-07,246,283,1.23
82,2025-08,138,203,1.45
82,2025-09,160,226,1.37
82,2025-10,212,291,1.30
82,2025-11,215,237,1.23
82,2025-12,221,345,1.45
82,2026-01,185,278,1.37
82,2026-02,155,203,1.30
82,2026-03,177,210,1.23
82,2026-04,282,416,1.45
82,2026-05,288,359,1.37
82,2026-06,123,158,1.30
82,2026-07,110,148,1.23
82,2026-08,166,248,1.45
83,2023-01,130,147,1.23
83,2023-02,153,166,1.17
83,2023-03,172,181,1.11
83,2023-04,152,187,1.30
83,2023-05,164,184,1.23
83,2023-06,162,173,1.17
83,2023-07,131,144,1.11
83,2023-08,88,129,1.30
83,2023-09,78,102,1.23
83,2023-10,149,162,1.17
83,2023-11,136,154,1.11
83,2023-12,134,166,1.30
83,2024-01,162,215,1.23
83,2024-02,154,181,1.17
83,2024-03,146,156,1.11
83,2024-04,189,230,1.30
83,2024-05,153,176,1.23
83,2024-06,149,176,1.17
83,2024-07,108,136,1.11
83,2024-08,125,158,1.30
83,2024-09,127,163,1.23
83,2024-10,406,432,1.17
83,2024-11,182,206,1.11
83,2024-12,109,137,1.30
83,2025-01,89,99,1.23
83,2025-02,158,171,1.17
83,2025-03,265,268,1.11
83,2025-04,136,172,1.30
83,2025-05,242,285,1.23
83,2025-06,66,74,1.17
83,2025-07,117,140,1.11
83,2025-08,164,214,1.30
83,2025-09,253,317,1.23
83,2025-10,146,178,1.17
83,2025-11,222,236,1.11
83,2025-12,172,215,1.30
83,2026-01,226,265,1.23
83,2026-02,139,174,1.17
83,2026-03,196,231,1.11
83,2026-04,237,290,1.30
83,2026-05,108,144,1.23
83,2026-06,150,162,1.17
83,2026-07,86,87,1.11
83,2026-08,98,119,1.30
84,2023-01,104,128,1.12
84,2023-02,136,149,1.06
84,2023-03,257,241,1.01
84,2023-04,245,282,1.19
84,2023-05,253,309,1.12
84,2023-06,57,61,1.06
84,2023-07,135,142,1.01
84,2023-08,118,148,1.19
84,2023-09,213,220,1.12
84,2023-10,143,171,1.06
84,2023-11,86,81,1.01
84,2023-12,256,317,1.19
84,2024-01,224,261,1.12
84,2024-02,178,177,1.06
84,2024-03,229,214,1.01
84,2024-04,145,161,1.19
84,2024-05,102,108,1.12
84,2024-06,184,220,1.06
84,2024-07,109,110,1.01
84,2024-08,99,104,1.19
84,2024-09,139,159,1.12
84,2024-10,153,163,1.06
84,2024-11,125,130,1.01
84,2024-12,131,173,1.19
84,2025-01,217,270,1.12
84,2025-02,176,189,1.06
84,2025-03,195,214,1.01
84,2025-04,162,183,1.19
84,2025-05,151,160,1.12
84,2025-06,134,147,1.06
84,2025-07,159,151,1.01
84,2025-08,87,100,1.19
84,2025-09,117,122,1.12
84,2025-10,197,223,1.06
84,2025-11,165,178,1.01
84,2025-12,206,218,1.19
84,2026-01,141,175,1.12
84,2026-02,140,145,1.06
84,2026-03,204,223,1.01
84,2026-04,213,235,1.19
84,2026-05,99,114,1.12
84,2026-06,134,135,1.06
84,2026-07,160,160,1.01
84,2026-08,116,134,1.19
85,2023-01,129,149,1.03
85,2023-02,137,129,0.97
85,2023-03,162,144,0.93
85,2023-04,198,224,1.09
85,2023-05,126,128,1.03
85,2023-06,159,153,0.97
85,2023-07,89,89,0.93
85,2023-08,102,124,1.09
85,2023-09,161,148,1.03
85,2023-10,92,94,0.97
85,2023-11,196,164,0.93
85,2023-12,165,174,1.09
85,2024-01,109,104,1.03
85,2024-02,119,118,0.97
85,2024-03,187,176,0.93
85,2024-04,100,107,1.09
85,2024-05,124,128,1.03
85,2024-06,92,81,0.97
85,2024-07,82,74,0.93
85,2024-08,135,151,1.09
85,2024-09,114,117,1.03
85,2024-10,124,134,0.97
85,2024-11,189,194,0.93
85,2024-12,143,162,1.09
85,2025-01,104,115,1.03
85,2025-02,152,153,0.97
85,2025-03,180,175,0.93
85,2025-04,158,155,1.09
85,2025-05,168,188,1.03
85,2025-06,107,107,0.97
85,2025-07,145,128,0.93
85,2025-08,79,96,1.09
85,2025-09,184,177,1.03
85,2025-10,150,134,0.97
85,2025-11,102,98,0.93
85,2025-12,98,108,1.09
85,2026-01,70,79,1.03
85,2026-02,142,131,0.97
85,2026-03,226,193,0.93
85,2026-04,205,214,1.09
85,2026-05,203,211,1.03
85,2026-06,146,128,0.97
85,2026-07,122,103,0.93
85,2026-08,156,157,1.09
86,2023-01,97,86,0.95
86,2023-02,85,76,0.90
86,2023-03,179,157,0.85
86,2023-04,192,212,1.00
86,2023-05,86,88,0.95
86,2023-06,63,54,0.90
86,2023-07,100,79,0.85
86,2023-08,90,93,1.00
86,2023-09,172,165,0.95
86,2023-10,179,155,0.90
86,2023-11,90,84,0.85
86,2023-12,107,118,1.00
86,2024-01,136,117,0.95
86,2024-02,90,90,0.90
86,2024-03,106,81,0.85
86,2024-04,194,179,1.00
86,2024-05,77,78,0.95
86,2024-06,163,131,0.90
86,2024-07,76,62,0.85
86,2024-08,93,102,1.00
86,2024-09,145,127,0.95
86,2024-10,175,144,0.90
86,2024-11,137,130,0.85
86,2024-12,127,142,1.00
86,2025-01,76,77,0.95
86,2025-02,89,76,0.90
86,2025-03,76,68,0.85
86,2025-04,132,134,1.00
86,2025-05,86,84,0.95
86,2025-06,119,118,0.90
86,2025-07,73,65,0.85
86,2025-08,137,124,1.00
86,2025-09,156,144,0.95
86,2025-10,116,102,0.90
86,2025-11,172,133,0.85
86,2025-12,111,101,1.00
86,2026-01,179,161,0.95
86,2026-02,186,188,0.90
86,2026-03,143,115,0.85
86,2026-04,117,127,1.00
86,2026-05,137,147,0.95
86,2026-06,133,132,0.90
86,2026-07,90,80,0.85
86,2026-08,136,148,1.00
87,2023-01,85,77,0.88
87,2023-02,122,98,0.83
87,2023-03,91,72,0.79
87,2023-04,222,186,0.93
87,2023-05,116,95,0.88
87,2023-06,114,90,0.83
87,2023-07,80,61,0.79
87,2023-08,189,180,0.93
87,2023-09,84,70,0.88
87,2023-10,140,112,0.83
87,2023-11,225,172,0.79
87,2023-12,174,146,0.93
87,2024-01,99,79,0.88
87,2024-02,68,54,0.83
87,2024-03,153,127,0.79
87,2024-04,134,137,0.93
87,2024-05,88,88,0.88
87,2024-06,75,64,0.83
87,2024-07,229,171,0.79
87,2024-08,126,112,0.93
87,2024-09,88,75,0.88
87,2024-10,81,71,0.83
87,2024-11,125,107,0.79
87,2024-12,143,151,0.93
87,2025-01,130,128,0.88
87,2025-02,136,115,0.83
87,2025-03,190,148,0.79
87,2025-04,145,130,0.93
87,2025-05,172,137,0.88
87,2025-06,112,85,0.83
87,2025-07,127,95,0.79
87,2025-08,90,94,0.93
87,2025-09,115,111,0.88
87,2025-10,333,313,0.83
87,2025-11,108,92,0.79
87,2025-12,157,151,0.93
87,2026-01,132,107,0.88
87,2026-02,151,138,0.83
87,2026-03,109,98,0.79
87,2026-04,136,138,0.93
87,2026-05,210,168,0.88
87,2026-06,159,126,0.83
87,2026-07,201,176,0.79
87,2026-08,114,114,0.93
88,2023-01,64,132,2.05
88,2023-02,99,175,1.95
88,2023-03,172,313,1.85
88,2023-04,135,265,2.17
88,2023-05,93,197,2.05
88,2023-06,109,230,1.95
88,2023-07,86,159,1.85
88,2023-08,193,428,2.17
88,2023-09,190,390,2.05
88,2023-10,143,273,1.95
88,2023-11,153,302,1.85
88,2023-12,108,257,2.17
88,2024-01,162,358,2.05
88,2024-02,36,62,1.95
88,2024-03,129,224,1.85
88,2024-04,129,270,2.17
88,2024-05,70,156,2.05
88,2024-06,144,277,1.95
88,2024-07,99,167,1.85
88,2024-08,143,304,2.17
88,2024-09,147,306,2.05
88,2024-10,160,286,1.95
88,2024-11,114,215,1.85
88,2024-12,130,283,2.17
88,2025-01,150,325,2.05
88,2025-02,96,175,1.95
88,2025-03,169,281,1.85
88,2025-04,179,430,2.17
88,2025-05,217,425,2.05
88,2025-06,85,168,1.95
88,2025-07,50,98,1.85
88,2025-08,118,248,2.17
88,2025-09,117,257,2.05
88,2025-10,155,318,1.95
88,2025-11,225,422,1.85
88,2025-12,204,417,2.17
88,2026-01,143,275,2.05
88,2026-02,132,253,1.95
88,2026-03,244,407,1.85
88,2026-04,144,330,2.17
88,2026-05,189,429,2.05
88,2026-06,164,306,1.95
88,2026-07,54,102,1.85
88,2026-08,112,233,2.17
89,2023-01,129,168,1.37
89,2023-02,118,162,1.30
89,2023-03,198,231,1.23
89,2023-04,141,197,1.45
89,2023-05,70,92,1.37
89,2023-06,96,131,1.30
89,2023-07,107,137,1.23
89,2023-08,72,99,1.45
89,2023-09,252,366,1.37
89,2023-10,132,161,1.30
89,2023-11,180,209,1.23
89,2023-12,275,372,1.45
89,2024-01,162,205,1.37
89,2024-02,84,100,1.30
89,2024-03,210,233,1.23
89,2024-04,184,251,1.45
89,2024-05,137,185,1.37
89,2024-06,48,57,1.30
89,2024-07,115,148,1.23
89,2024-08,65,86,1.45
89,2024-09,164,221,1.37
89,2024-10,94,125,1.30
89,2024-11,149,169,1.23
89,2024-12,156,216,1.45
89,2025-01,131,173,1.37
89,2025-02,110,157,1.30
89,2025-03,138,194,1.23
89,2025-04,146,225,1.45
89,2025-05,127,192,1.37
89,2025-06,97,138,1.30
89,2025-07,123,172,1.23
89,2025-08,164,239,1.45
89,2025-09,158,208,1.37
89,2025-10,206,291,1.30
89,2025-11,135,162,1.23
89,2025-12,189,264,1.45
89,2026-01,154,196,1.37
89,2026-02,119,144,1.30
89,2026-03,189,214,1.23
89,2026-04,49,72,1.45
89,2026-05,105,162,1.37
89,2026-06,89,117,1.30
89,2026-07,80,101,1.23
89,2026-08,229,312,1.45
90,2023-01,142,158,1.23
90,2023-02,55,65,1.17
90,2023-03,179,206,1.11
90,2023-04,85,113,1.30
90,2023-05,93,129,1.23
90,2023-06,85,95,1.17
90,2023-07,47,57,1.11
90,2023-08,96,112,1.30
90,2023-09,50,69,1.23
90,2023-10,142,168,1.17
90,2023-11,109,116,1.11
90,2023-12,134,173,1.30
90,2024-01,110,133,1.23
90,2024-02,111,141,1.17
90,2024-03,212,239,1.11
90,2024-04,213,284,1.30
90,2024-05,81,90,1.23
90,2024-06,90,95,1.17
90,2024-07,104,119,1.11
90,2024-08,238,288,1.30
90,2024-09,119,141,1.23
90,2024-10,155,162,1.17
90,2024-11,196,242,1.11
90,2024-12,222,301,1.30
90,2025-01,126,173,1.23
90,2025-02,149,159,1.17
90,2025-03,245,277,1.11
90,2025-04,89,125,1.30
90,2025-05,79,88,1.23
90,2025-06,85,110,1.17
90,2025-07,71,74,1.11
90,2025-08,84,108,1.30
90,2025-09,127,153,1.23
90,2025-10,146,160,1.17
90,2025-11,143,151,1.11
90,2025-12,160,196,1.30
90,2026-01,129,173,1.23
90,2026-02,183,213,1.17
90,2026-03,211,216,1.11
90,2026-04,149,215,1.30
90,2026-05,139,180,1.23
90,2026-06,39,50,1.17
90,2026-07,168,170,1.11
90,2026-08,68,98,1.30
91,2023-01,131,113,0.95
91,2023-02,65,58,0.90
91,2023-03,71,55,0.85
91,2023-04,94,101,1.00
91,2023-05,145,151,0.95
91,2023-06,28,28,0.90
91,2023-07,51,42,0.85
91,2023-08,58,55,1.00
91,2023-09,108,98,0.95
91,2023-10,149,139,0.90
91,2023-11,168,162,0.85
91,2023-12,151,170,1.00
91,2024-01,96,96,0.95
91,2024-02,115,116,0.90
91,2024-03,210,163,0.85
91,2024-04,156,165,1.00
91,2024-05,141,124,0.95
91,2024-06,93,89,0.90
91,2024-07,117,108,0.85
91,2024-08,94,102,1.00
91,2024-09,130,131,0.95
91,2024-10,116,116,0.90
91,2024-11,185,145,0.85
91,2024-12,113,107,1.00
91,2025-01,124,116,0.95
91,2025-02,234,202,0.90
91,2025-03,218,167,0.85
91,2025-04,96,90,1.00
91,2025-05,80,68,0.95
91,2025-06,137,138,0.90
91,2025-07,55,49,0.85
91,2025-08,83,81,1.00
91,2025-09,255,217,0.95
91,2025-10,192,172,0.90
91,2025-11,168,140,0.85
91,2025-12,152,156,1.00
91,2026-01,174,162,0.95
91,2026-02,127,110,0.90
91,2026-03,231,195,0.85
91,2026-04,185,200,1.00
91,2026-05,95,82,0.95
91,2026-06,248,209,0.90
91,2026-07,150,122,0.85
91,2026-08,128,140,1.00
92,2023-01,57,47,0.88
92,2023-02,74,62,0.83
92,2023-03,72,52,0.79
92,2023-04,112,106,0.93
92,2023-05,171,153,0.88
92,2023-06,200,149,0.83
92,2023-07,69,56,0.79
92,2023-08,159,137,0.93
92,2023-09,99,95,0.88
92,2023-10,125,98,0.83
92,2023-11,168,136,0.79
92,2023-12,146,122,0.93
92,2024-01,108,100,0.88
92,2024-02,124,107,0.83
92,2024-03,251,202,0.79
92,2024-04,149,147,0.93
92,2024-05,84,84,0.88
92,2024-06,152,132,0.83
92,2024-07,78,69,0.79
92,2024-08,98,96,0.93
92,2024-09,104,88,0.88
92,2024-10,165,134,0.83
92,2024-11,158,125,0.79
92,2024-12,170,155,0.93
92,2025-01,119,98,0.88
92,2025-02,106,87,0.83
92,2025-03,240,192,0.79
92,2025-04,104,108,0.93
92,2025-05,150,132,0.88
92,2025-06,76,69,0.83
92,2025-07,160,140,0.79
92,2025-08,152,147,0.93
92,2025-09,165,130,0.88
92,2025-10,117,97,0.83
92,2025-11,152,125,0.79
92,2025-12,212,184,0.93
92,2026-01,166,136,0.88
92,2026-02,84,67,0.83
92,2026-03,202,163,0.79
92,2026-04,155,144,0.93
92,2026-05,150,144,0.88
92,2026-06,114,86,0.83
92,2026-07,70,62,0.79
92,2026-08,117,98,0.93
93,2023-01,117,102,0.95
93,2023-02,202,170,0.90
93,2023-03,158,141,0.85
93,2023-04,114,125,1.00
93,2023-05,108,104,0.95
93,2023-06,43,37,0.90
93,2023-07,44,39,0.85
93,2023-08,86,78,1.00
93,2023-09,51,50,0.95
93,2023-10,109,110,0.90
93,2023-11,210,177,0.85
93,2023-12,184,170,1.00
93,2024-01,190,162,0.95
93,2024-02,55,54,0.90
93,2024-03,112,91,0.85
93,2024-04,139,135,1.00
93,2024-05,116,103,0.95
93,2024-06,35,33,0.90
93,2024-07,101,83,0.85
93,2024-08,103,101,1.00
93,2024-09,110,94,0.95
93,2024-10,141,114,0.90
93,2024-11,175,138,0.85
93,2024-12,126,139,1.00
93,2025-01,298,267,0.95
93,2025-02,77,67,0.90
93,2025-03,110,92,0.85
93,2025-04,171,190,1.00
93,2025-05,109,117,0.95
93,2025-06,102,87,0.90
93,2025-07,79,66,0.85
93,2025-08,72,76,1.00
93,2025-09,92,86,0.95
93,2025-10,131,127,0.90
93,2025-11,175,156,0.85
93,2025-12,175,185,1.00
93,2026-01,114,120,0.95
93,2026-02,160,142,0.90
93,2026-03,104,99,0.85
93,2026-04,176,172,1.00
93,2026-05,177,164,0.95
93,2026-06,120,115,0.90
93,2026-07,111,89,0.85
93,2026-08,119,115,1.00
94,2023-01,102,100,0.88
94,2023-02,122,109,0.83
94,2023-03,151,109,0.79
94,2023-04,57,48,0.93
94,2023-05,179,151,0.88
94,2023-06,101,77,0.83
94,2023-07,64,52,0.79
94,2023-08,140,116,0.93
94,2023-09,105,100,0.88
94,2023-10,182,142,0.83
94,2023-11,111,87,0.79
94,2023-12,169,155,0.93
94,2024-01,122,109,0.88
94,2024-02,76,59,0.83
94,2024-03,135,120,0.79
94,2024-04,192,160,0.93
94,2024-05,151,136,0.88
94,2024-06,75,60,0.83
94,2024-07,97,83,0.79
94,2024-08,115,102,0.93
94,2024-09,102,102,0.88
94,2024-10,165,129,0.83
94,2024-11,66,52,0.79
94,2024-12,179,184,0.93
94,2025-01,70,63,0.88
94,2025-02,136,104,0.83
94,2025-03,128,106,0.79
94,2025-04,145,151,0.93
94,2025-05,127,126,0.88
94,2025-06,73,59,0.83
94,2025-07,83,66,0.79
94,2025-08,152,127,0.93
94,2025-09,71,63,0.88
94,2025-10,130,120,0.83
94,2025-11,137,101,0.79
94,2025-12,122,103,0.93
94,2026-01,194,173,0.88
94,2026-02,103,92,0.83
94,2026-03,135,102,0.79
94,2026-04,66,64,0.93
94,2026-05,141,114,0.88
94,2026-06,68,63,0.83
94,2026-07,103,88,0.79
94,2026-08,73,61,0.93
95,2023-01,223,505,2.05
95,2023-02,80,162,1.95
95,2023-03,158,261,1.85
95,2023-04,97,239,2.17
95,2023-05,172,366,2.05
95,2023-06,28,49,1.95
95,2023-07,105,200,1.85
95,2023-08,87,202,2.17
95,2023-09,75,152,2.05
95,2023-10,126,265,1.95
95,2023-11,111,215,1.85
95,2023-12,95,217,2.17
95,2024-01,82,183,2.05
95,2024-02,85,169,1.95
95,2024-03,118,235,1.85
95,2024-04,197,393,2.17
95,2024-05,81,183,2.05
95,2024-06,132,238,1.95
95,2024-07,66,135,1.85
95,2024-08,159,335,2.17
95,2024-09,73,142,2.05
95,2024-10,167,339,1.95
95,2024-11,210,439,1.85
95,2024-12,208,417,2.17
95,2025-01,117,249,2.05
95,2025-02,96,185,1.95
95,2025-03,185,372,1.85
95,2025-04,186,404,2.17
95,2025-05,129,279,2.05
95,2025-06,159,316,1.95
95,2025-07,113,235,1.85
95,2025-08,82,180,2.17
95,2025-09,131,296,2.05
95,2025-10,116,251,1.95
95,2025-11,111,217,1.85
95,2025-12,188,396,2.17
95,2026-01,184,376,2.05
95,2026-02,118,212,1.95
95,2026-03,226,391,1.85
95,2026-04,83,193,2.17
95,2026-05,138,257,2.05
95,2026-06,180,392,1.95
95,2026-07,87,169,1.85
95,2026-08,91,200,2.17
96,2023-01,44,81,1.76
96,2023-02,114,197,1.67
96,2023-03,99,162,1.59
96,2023-04,173,360,1.86
96,2023-05,96,181,1.76
96,2023-06,108,169,1.67
96,2023-07,55,95,1.59
96,2023-08,58,97,1.86
96,2023-09,65,106,1.76
96,2023-10,179,302,1.67
96,2023-11,132,189,1.59
96,2023-12,115,205,1.86
96,2024-01,177,291,1.76
96,2024-02,93,154,1.67
96,2024-03,83,124,1.59
96,2024-04,103,173,1.86
96,2024-05,143,278,1.76
96,2024-06,37,63,1.67
96,2024-07,85,124,1.59
96,2024-08,117,203,1.86
96,2024-09,161,266,1.76
96,2024-10,119,222,1.67
96,2024-11,121,173,1.59
96,2024-12,96,164,1.86
96,2025-01,127,225,1.76
96,2025-02,143,249,1.67
96,2025-03,247,394,1.59
96,2025-04,170,293,1.86
96,2025-05,109,176,1.76
96,2025-06,102,160,1.67
96,2025-07,32,46,1.59
96,2025-08,114,227,1.86
96,2025-09,187,319,1.76
96,2025-10,169,262,1.67
96,2025-11,192,317,1.59
96,2025-12,132,268,1.86
96,2026-01,116,227,1.76
96,2026-02,121,184,1.67
96,2026-03,167,243,1.59
96,2026-04,144,274,1.86
96,2026-05,89,157,1.76
96,2026-06,106,159,1.67
96,2026-07,87,154,1.59
96,2026-08,117,212,1.86
97,2023-01,127,197,1.54
97,2023-02,156,234,1.46
97,2023-03,255,338,1.39
97,2023-04,177,271,1.63
97,2023-05,160,233,1.54
97,2023-06,55,82,1.46
97,2023-07,66,89,1.39
97,2023-08,71,111,1.63
97,2023-09,96,163,1.54
97,2023-10,170,263,1.46
97,2023-11,126,161,1.39
97,2023-12,95,153,1.63
97,2024-01,92,146,1.54
97,2024-02,153,219,1.46
97,2024-03,166,261,1.39
97,2024-04,133,220,1.63
97,2024-05,102,174,1.54
97,2024-06,63,83,1.46
97,2024-07,85,114,1.39
97,2024-08,102,170,1.63
97,2024-09,105,170,1.54
97,2024-10,226,345,1.46
97,2024-11,109,151,1.39
97,2024-12,175,259,1.63
97,2025-01,88,143,1.54
97,2025-02,141,228,1.46
97,2025-03,112,151,1.39
97,2025-04,116,202,1.63
97,2025-05,224,316,1.54
97,2025-06,100,156,1.46
97,2025-07,58,86,1.39
97,2025-08,108,178,1.63
97,2025-09,97,160,1.54
97,2025-10,94,149,1.46
97,2025-11,120,150,1.39
97,2025-12,141,232,1.63
97,2026-01,199,311,1.54
97,2026-02,150,206,1.46
97,2026-03,217,303,1.39
97,2026-04,141,207,1.63
97,2026-05,95,153,1.54
97,2026-06,78,117,1.46
97,2026-07,119,150,1.39
97,2026-08,84,130,1.63
98,2023-01,77,114,1.37
98,2023-02,99,117,1.30
98,2023-03,196,233,1.23
98,2023-04,59,87,1.45
98,2023-05,60,79,1.37
98,2023-06,59,84,1.30
98,2023-07,112,126,1.23
98,2023-08,51,75,1.45
98,2023-09,76,107,1.37
98,2023-10,124,178,1.30
98,2023-11,103,130,1.23
98,2023-12,132,199,1.45
98,2024-01,179,253,1.37
98,2024-02,117,136,1.30
98,2024-03,129,174,1.23
98,2024-04,135,199,1.45
98,2024-05,168,247,1.37
98,2024-06,83,112,1.30
98,2024-07,159,195,1.23
98,2024-08,50,75,1.45
98,2024-09,120,151,1.37
98,2024-10,207,243,1.30
98,2024-11,118,153,1.23
98,2024-12,113,170,1.45
98,2025-01,169,255,1.37
98,2025-02,100,117,1.30
98,2025-03,179,214,1.23
98,2025-04,235,335,1.45
98,2025-05,122,160,1.37
98,2025-06,106,142,1.30
98,2025-07,118,154,1.23
98,2025-08,112,158,1.45
98,2025-09,150,212,1.37
98,2025-10,133,179,1.30
98,2025-11,154,196,1.23
98,2025-12,182,258,1.45
98,2026-01,147,181,1.37
98,2026-02,71,103,1.30
98,2026-03,204,260,1.23
98,2026-04,164,219,1.45
98,2026-05,88,137,1.37
98,2026-06,108,142,1.30
98,2026-07,108,125,1.23
98,2026-08,137,197,1.45
99,2023-01,62,113,1.76
99,2023-02,71,120,1.67
99,2023-03,101,176,1.59
99,2023-04,109,207,1.86
99,2023-05,187,356,1.76
99,2023-06,72,119,1.67
99,2023-07,113,183,1.59
99,2023-08,41,71,1.86
99,2023-09,53,104,1.76
99,2023-10,134,232,1.67
99,2023-11,119,170,1.59
99,2023-12,99,209,1.86
99,2024-01,209,382,1.76
99,2024-02,132,210,1.67
99,2024-03,224,330,1.59
99,2024-04,144,268,1.86
99,2024-05,89,176,1.76
99,2024-06,60,97,1.67
99,2024-07,53,92,1.59
99,2024-08,66,129,1.86
99,2024-09,105,171,1.76
99,2024-10,106,194,1.67
99,2024-11,131,210,1.59
99,2024-12,232,399,1.86
99,2025-01,87,153,1.76
99,2025-02,57,88,1.67
99,2025-03,239,400,1.59
99,2025-04,124,216,1.86
99,2025-05,119,215,1.76
99,2025-06,97,170,1.67
99,2025-07,99,144,1.59
99,2025-08,144,278,1.86
99,2025-09,122,197,1.76
99,2025-10,138,255,1.67
99,2025-11,292,432,1.59
99,2025-12,113,212,1.86
99,2026-01,180,306,1.76
99,2026-02,104,187,1.67
99,2026-03,127,225,1.59
99,2026-04,110,188,1.86
99,2026-05,91,144,1.76
99,2026-06,88,160,1.67
99,2026-07,123,178,1.59
99,2026-08,91,183,1.86
100,2023-01,54,79,1.54
100,2023-02,116,165,1.46
100,2023-03,162,228,1.39
100,2023-04,145,243,1.63
100,2023-05,115,186,1.54
100,2023-06,95,143,1.46
100,2023-07,59,81,1.39
100,2023-08,50,90,1.63
100,2023-09,163,254,1.54
100,2023-10,169,253,1.46
100,2023-11,155,228,1.39
100,2023-12,189,303,1.63
100,2024-01,139,200,1.54
100,2024-02,165,232,1.46
100,2024-03,169,236,1.39
100,2024-04,135,238,1.63
100,2024-05,88,146,1.54
100,2024-06,114,161,1.46
100,2024-07,54,85,1.39
100,2024-08,47,85,1.63
100,2024-09,132,197,1.54
100,2024-10,147,234,1.46
100,2024-11,124,193,1.39
100,2024-12,118,215,1.63
100,2025-01,149,253,1.54
100,2025-02,84,123,1.46
100,2025-03,112,175,1.39
100,2025-04,152,223,1.63
100,2025-05,187,299,1.54
100,2025-06,181,240,1.46
100,2025-07,57,82,1.39
100,2025-08,120,218,1.63
100,2025-09,74,122,1.54
100,2025-10,188,250,1.46
100,2025-11,119,168,1.39
100,2025-12,108,176,1.63
100,2026-01,226,361,1.54
100,2026-02,203,291,1.46
100,2026-03,281,390,1.39
100,2026-04,133,245,1.63
100,2026-05,185,270,1.54
100,2026-06,84,121,1.46
100,2026-07,137,190,1.39
100,2026-08,111,199,1.63
101,2023-01,95,128,1.23
101,2023-02,113,118,1.17
101,2023-03,109,110,1.11
101,2023-04,109,151,1.30
101,2023-05,33,43,1.23
101,2023-06,189,227,1.17
101,2023-07,127,134,1.11
101,2023-08,110,142,1.30
101,2023-09,83,104,1.23
101,2023-10,147,155,1.17
101,2023-11,200,200,1.11
101,2023-12,61,74,1.30
101,2024-01,169,228,1.23
101,2024-02,91,115,1.17
101,2024-03,112,122,1.11
101,2024-04,112,132,1.30
101,2024-05,123,150,1.23
101,2024-06,105,123,1.17
101,2024-07,83,88,1.11
101,2024-08,91,119,1.30
101,2024-09,117,153,1.23
101,2024-10,126,145,1.17
101,2024-11,135,158,1.11
101,2024-12,177,254,1.30
101,2025-01,80,100,1.23
101,2025-02,42,53,1.17
101,2025-03,146,150,1.11
101,2025-04,153,207,1.30
101,2025-05,154,181,1.23
101,2025-06,63,75,1.17
101,2025-07,56,66,1.11
101,2025-08,92,133,1.30
101,2025-09,89,104,1.23
101,2025-10,156,194,1.17
101,2025-11,158,164,1.11
101,2025-12,146,187,1.30
101,2026-01,128,142,1.23
101,2026-02,226,236,1.17
101,2026-03,148,173,1.11
101,2026-04,144,187,1.30
101,2026-05,113,131,1.23
101,2026-06,159,182,1.17
101,2026-07,85,91,1.11
101,2026-08,128,176,1.30
102,2023-01,84,85,1.12
102,2023-02,101,100,1.06
102,2023-03,255,233,1.01
102,2023-04,109,125,1.19
102,2023-05,61,71,1.12
102,2023-06,105,109,1.06
102,2023-07,29,29,1.01
102,2023-08,95,110,1.19
102,2023-09,182,210,1.12
102,2023-10,153,168,1.06
102,2023-11,119,131,1.01
102,2023-12,171,193,1.19
102,2024-01,64,75,1.12
102,2024-02,143,146,1.06
102,2024-03,150,157,1.01
102,2024-04,91,110,1.19
102,2024-05,128,136,1.12
102,2024-06,50,53,1.06
102,2024-07,86,81,1.01
102,2024-08,87,97,1.19
102,2024-09,87,110,1.12
102,2024-10,135,140,1.06
102,2024-11,227,220,1.01
102,2024-12,275,313,1.19
102,2025-01,179,198,1.12
102,2025-02,110,126,1.06
102,2025-03,220,204,1.01
102,2025-04,135,180,1.19
102,2025-05,75,91,1.12
102,2025-06,79,81,1.06
102,2025-07,54,51,1.01
102,2025-08,73,83,1.19
102,2025-09,154,179,1.12
102,2025-10,144,171,1.06
102,2025-11,190,188,1.01
102,2025-12,276,314,1.19
102,2026-01,96,100,1.12
102,2026-02,149,164,1.06
102,2026-03,247,262,1.01
102,2026-04,128,166,1.19
102,2026-05,99,102,1.12
102,2026-06,110,108,1.06
102,2026-07,156,168,1.01
102,2026-08,112,125,1.19
103,2023-01,92,181,1.76
103,2023-02,135,234,1.67
103,2023-03,100,149,1.59
103,2023-04,108,196,1.86
103,2023-05,94,183,1.76
103,2023-06,58,87,1.67
103,2023-07,89,141,1.59
103,2023-08,161,287,1.86
103,2023-09,47,88,1.76
103,2023-10,200,329,1.67
103,2023-11,156,225,1.59
103,2023-12,137,237,1.86
103,2024-01,156,261,1.76
103,2024-02,129,242,1.67
103,2024-03,108,165,1.59
103,2024-04,204,401,1.86
103,2024-05,161,275,1.76
103,2024-06,46,75,1.67
103,2024-07,91,143,1.59
103,2024-08,76,153,1.86
103,2024-09,137,264,1.76
103,2024-10,147,229,1.67
103,2024-11,138,225,1.59
103,2024-12,157,304,1.86
103,2025-01,122,227,1.76
103,2025-02,70,125,1.67
103,2025-03,168,290,1.59
103,2025-04,239,438,1.86
103,2025-05,143,236,1.76
103,2025-06,142,212,1.67
103,2025-07,148,216,1.59
103,2025-08,77,134,1.86
103,2025-09,142,269,1.76
103,2025-10,133,209,1.67
103,2025-11,164,283,1.59
103,2025-12,127,229,1.86
103,2026-01,131,215,1.76
103,2026-02,73,114,1.67
103,2026-03,221,321,1.59
103,2026-04,187,361,1.86
103,2026-05,144,250,1.76
103,2026-06,141,234,1.67
103,2026-07,73,105,1.59
103,2026-08,53,110,1.86
104,2023-01,151,222,1.54
104,2023-02,146,235,1.46
104,2023-03,88,119,1.39
104,2023-04,156,258,1.63
104,2023-05,83,133,1.54
104,2023-06,100,139,1.46
104,2023-07,58,86,1.39
104,2023-08,180,292,1.63
104,2023-09,122,186,1.54
104,2023-10,133,174,1.46
104,2023-11,125,190,1.39
104,2023-12,123,210,1.63
104,2024-01,94,156,1.54
104,2024-02,119,169,1.46
104,2024-03,124,185,1.39
104,2024-04,150,276,1.63
104,2024-05,51,82,1.54
104,2024-06,54,85,1.46
104,2024-07,85,119,1.39
104,2024-08,82,129,1.63
104,2024-09,129,200,1.54
104,2024-10,105,155,1.46
104,2024-11,154,228,1.39
104,2024-12,88,132,1.63
104,2025-01,62,97,1.54
104,2025-02,60,98,1.46
104,2025-03,140,206,1.39
104,2025-04,118,196,1.63
104,2025-05,120,173,1.54
104,2025-06,76,123,1.46
104,2025-07,55,76,1.39
104,2025-08,135,222,1.63
104,2025-09,132,205,1.54
104,2025-10,190,304,1.46
104,2025-11,191,257,1.39
104,2025-12,177,269,1.63
104,2026-01,232,321,1.54
104,2026-02,193,276,1.46
104,2026-03,233,360,1.39
104,2026-04,207,328,1.63
104,2026-05,140,207,1.54
104,2026-06,97,158,1.46
104,2026-07,97,125,1.39
104,2026-08,127,196,1.63
105,2023-01,96,92,1.03
105,2023-02,44,40,0.97
105,2023-03,123,114,0.93
105,2023-04,98,110,1.09
105,2023-05,78,86,1.03
105,2023-06,95,94,0.97
105,2023-07,59,61,0.93
105,2023-08,79,83,1.09
105,2023-09,147,139,1.03
105,2023-10,123,133,0.97
105,2023-11,87,79,0.93
105,2023-12,260,272,1.09
105,2024-01,79,76,1.03
105,2024-02,204,222,0.97
105,2024-03,85,74,0.93
105,2024-04,142,148,1.09
105,2024-05,69,69,1.03
105,2024-06,71,64,0.97
105,2024-07,92,87,0.93
105,2024-08,47,47,1.09
105,2024-09,175,161,1.03
105,2024-10,76,70,0.97
105,2024-11,190,180,0.93
105,2024-12,146,162,1.09
105,2025-01,69,73,1.03
105,2025-02,179,194,0.97
105,2025-03,128,121,0.93
105,2025-04,166,172,1.09
105,2025-05,131,146,1.03
105,2025-06,56,53,0.97
105,2025-07,45,44,0.93
105,2025-08,60,67,1.09
105,2025-09,147,137,1.03
105,2025-10,154,154,0.97
105,2025-11,112,105,0.93
105,2025-12,224,253,1.09
105,2026-01,79,84,1.03
105,2026-02,101,99,0.97
105,2026-03,154,128,0.93
105,2026-04,148,152,1.09
105,2026-05,185,189,1.03
105,2026-06,93,101,0.97
105,2026-07,151,137,0.93
105,2026-08,137,158,1.09
106,2023-01,70,67,0.95
106,2023-02,47,40,0.90
106,2023-03,166,138,0.85
106,2023-04,88,99,1.00
106,2023-05,103,101,0.95
106,2023-06,90,80,0.90
106,2023-07,82,78,0.85
106,2023-08,69,73,1.00
106,2023-09,223,208,0.95
106,2023-10,133,107,0.90
106,2023-11,157,151,0.85
106,2023-12,69,66,1.00
106,2024-01,98,90,0.95
106,2024-02,111,100,0.90
106,2024-03,128,100,0.85
106,2024-04,135,134,1.00
106,2024-05,139,143,0.95
106,2024-06,122,102,0.90
106,2024-07,103,80,0.85
106,2024-08,83,93,1.00
106,2024-09,85,80,0.95
106,2024-10,274,221,0.90
106,2024-11,83,77,0.85
106,2024-12,120,121,1.00
106,2025-01,147,132,0.95
106,2025-02,166,133,0.90
106,2025-03,150,135,0.85
106,2025-04,123,139,1.00
106,2025-05,58,51,0.95
106,2025-06,63,59,0.90
106,2025-07,105,85,0.85
106,2025-08,89,82,1.00
106,2025-09,157,143,0.95
106,2025-10,175,144,0.90
106,2025-11,177,153,0.85
106,2025-12,181,180,1.00
106,2026-01,124,123,0.95
106,2026-02,225,204,0.90
106,2026-03,214,184,0.85
106,2026-04,160,162,1.00
106,2026-05,123,106,0.95
106,2026-06,170,164,0.90
106,2026-07,84,68,0.85
106,2026-08,193,176,1.00
107,2023-01,109,109,0.95
107,2023-02,103,103,0.90
107,2023-03,219,191,0.85
107,2023-04,198,220,1.00
107,2023-05,105,96,0.95
107,2023-06,78,74,0.90
107,2023-07,103,97,0.85
107,2023-08,115,105,1.00
107,2023-09,118,113,0.95
107,2023-10,119,117,0.90
107,2023-11,165,160,0.85
107,2023-12,209,223,1.00
107,2024-01,127,118,0.95
107,2024-02,165,153,0.90
107,2024-03,163,147,0.85
107,2024-04,132,140,1.00
107,2024-05,127,115,0.95
107,2024-06,75,65,0.90
107,2024-07,48,46,0.85
107,2024-08,77,74,1.00
107,2024-09,120,110,0.95
107,2024-10,121,122,0.90
107,2024-11,166,148,0.85
107,2024-12,225,245,1.00
107,2025-01,101,92,0.95
107,2025-02,97,93,0.90
107,2025-03,134,126,0.85
107,2025-04,124,127,1.00
107,2025-05,322,312,0.95
107,2025-06,65,58,0.90
107,2025-07,75,61,0.85
107,2025-08,120,111,1.00
107,2025-09,132,135,0.95
107,2025-10,154,154,0.90
107,2025-11,128,123,0.85
107,2025-12,103,93,1.00
107,2026-01,113,119,0.95
107,2026-02,126,120,0.90
107,2026-03,169,162,0.85
107,2026-04,146,149,1.00
107,2026-05,142,145,0.95
107,2026-06,148,124,0.90
107,2026-07,103,87,0.85
107,2026-08,107,114,1.00
108,2023-01,92,85,0.88
108,2023-02,94,75,0.83
108,2023-03,114,102,0.79
108,2023-04,115,114,0.93
108,2023-05,85,79,0.88
108,2023-06,78,71,0.83
108,2023-07,123,99,0.79
108,2023-08,81,78,0.93
108,2023-09,126,114,0.88
108,2023-10,131,118,0.83
108,2023-11,171,151,0.79
108,2023-12,150,130,0.93
108,2024-01,102,81,0.88
108,2024-02,138,129,0.83
108,2024-03,93,82,0.79
108,2024-04,162,139,0.93
108,2024-05,97,77,0.88
108,2024-06,38,34,0.83
108,2024-07,99,80,0.79
108,2024-08,87,79,0.93
108,2024-09,210,166,0.88
108,2024-10,156,127,0.83
108,2024-11,105,86,0.79
108,2024-12,185,165,0.93
108,2025-01,110,91,0.88
108,2025-02,143,109,0.83
108,2025-03,192,145,0.79
108,2025-04,168,148,0.93
108,2025-05,65,64,0.88
108,2025-06,193,174,0.83
108,2025-07,102,90,0.79
108,2025-08,42,43,0.93
108,2025-09,152,147,0.88
108,2025-10,169,134,0.83
108,2025-11,82,67,0.79
108,2025-12,158,166,0.93
108,2026-01,195,159,0.88
108,2026-02,134,117,0.83
108,2026-03,152,110,0.79
108,2026-04,81,81,0.93
108,2026-05,156,147,0.88
108,2026-06,43,36,0.83
108,2026-07,104,76,0.79
108,2026-08,105,107,0.93
109,2023-01,116,197,1.76
109,2023-02,120,210,1.67
109,2023-03,97,156,1.59
109,2023-04,178,369,1.86
109,2023-05,104,195,1.76
109,2023-06,86,145,1.67
109,2023-07,98,162,1.59
109,2023-08,116,212,1.86
109,2023-09,82,159,1.76
109,2023-10,125,204,1.67
109,2023-11,127,197,1.59
109,2023-12,174,358,1.86
109,2024-01,167,301,1.76
109,2024-02,134,250,1.67
109,2024-03,120,186,1.59
109,2024-04,96,186,1.86
109,2024-05,139,231,1.76
109,2024-06,141,212,1.67
109,2024-07,76,137,1.59
109,2024-08,102,188,1.86
109,2024-09,119,203,1.76
109,2024-10,189,294,1.67
109,2024-11,102,165,1.59
109,2024-12,131,272,1.86
109,2025-01,136,254,1.76
109,2025-02,96,172,1.67
109,2025-03,142,221,1.59
109,2025-04,76,147,1.86
109,2025-05,140,250,1.76
109,2025-06,132,214,1.67
109,2025-07,132,237,1.59
109,2025-08,104,184,1.86
109,2025-09,240,396,1.76
109,2025-10,254,399,1.67
109,2025-11,166,292,1.59
109,2025-12,111,199,1.86
109,2026-01,108,206,1.76
109,2026-02,85,139,1.67
109,2026-03,168,270,1.59
109,2026-04,146,253,1.86
109,2026-05,145,278,1.76
109,2026-06,172,269,1.67
109,2026-07,66,106,1.59
109,2026-08,69,119,1.86
110,2023-01,33,52,1.54
110,2023-02,88,140,1.46
110,2023-03,174,217,1.39
110,2023-04,169,266,1.63
110,2023-05,141,223,1.54
110,2023-06,97,139,1.46
110,2023-07,43,65,1.39
110,2023-08,99,148,1.63
110,2023-09,66,97,1.54
110,2023-10,93,143,1.46
110,2023-11,153,208,1.39
110,2023-12,166,261,1.63
110,2024-01,105,151,1.54
110,2024-02,167,257,1.46
110,2024-03,131,182,1.39
110,2024-04,157,238,1.63
110,2024-05,142,220,1.54
110,2024-06,145,193,1.46
110,2024-07,37,49,1.39
110,2024-08,84,148,1.63
110,2024-09,121,205,1.54
110,2024-10,111,148,1.46
110,2024-11,189,269,1.39
110,2024-12,184,311,1.63
110,2025-01,85,122,1.54
110,2025-02,82,134,1.46
110,2025-03,183,236,1.39
110,2025-04,124,218,1.63
110,2025-05,116,162,1.54
110,2025-06,46,61,1.46
110,2025-07,80,103,1.39
110,2025-08,90,139,1.63
110,2025-09,96,139,1.54
110,2025-10,179,251,1.46
110,2025-11,196,246,1.39
110,2025-12,201,329,1.63
110,2026-01,144,203,1.54
110,2026-02,107,172,1.46
110,2026-03,183,231,1.39
110,2026-04,147,251,1.63
110,2026-05,143,216,1.54
110,2026-06,186,275,1.46
110,2026-07,170,212,1.39
110,2026-08,170,264,1.63
111,2023-01,122,124,1.03
111,2023-02,59,55,0.97
111,2023-03,126,120,0.93
111,2023-04,108,130,1.09
111,2023-05,126,145,1.03
111,2023-06,95,100,0.97
111,2023-07,45,43,0.93
111,2023-08,83,89,1.09
111,2023-09,125,126,1.03
111,2023-10,165,150,0.97
111,2023-11,117,106,0.93
111,2023-12,141,146,1.09
111,2024-01,149,172,1.03
111,2024-02,113,124,0.97
111,2024-03,150,131,0.93
111,2024-04,166,177,1.09
111,2024-05,84,90,1.03
111,2024-06,124,136,0.97
111,2024-07,37,38,0.93
111,2024-08,130,140,1.09
111,2024-09,77,74,1.03
111,2024-10,187,178,0.97
111,2024-11,126,122,0.93
111,2024-12,266,270,1.09
111,2025-01,73,82,1.03
111,2025-02,113,113,0.97
111,2025-03,137,137,0.93
111,2025-04,156,167,1.09
111,2025-05,140,153,1.03
111,2025-06,139,151,0.97
111,2025-07,76,66,0.93
111,2025-08,122,138,1.09
111,2025-09,217,201,1.03
111,2025-10,190,176,0.97
111,2025-11,118,121,0.93
111,2025-12,113,123,1.09
111,2026-01,134,139,1.03
111,2026-02,89,97,0.97
111,2026-03,156,152,0.93
111,2026-04,218,225,1.09
111,2026-05,110,106,1.03
111,2026-06,89,81,0.97
111,2026-07,90,79,0.93
111,2026-08,108,122,1.09
112,2023-01,56,59,0.95
112,2023-02,147,135,0.90
112,2023-03,119,106,0.85
112,2023-04,148,164,1.00
112,2023-05,99,86,0.95
112,2023-06,26,25,0.90
112,2023-07,17,16,0.85
112,2023-08,34,31,1.00
112,2023-09,93,88,0.95
112,2023-10,100,100,0.90
112,2023-11,128,113,0.85
112,2023-12,142,154,1.00
112,2024-01,99,102,0.95
112,2024-02,153,137,0.90
112,2024-03,175,162,0.85
112,2024-04,114,110,1.00
112,2024-05,64,64,0.95
112,2024-06,79,64,0.90
112,2024-07,64,56,0.85
112,2024-08,104,99,1.00
112,2024-09,91,84,0.95
112,2024-10,69,70,0.90
112,2024-11,136,132,0.85
112,2024-12,173,185,1.00
112,2025-01,126,107,0.95
112,2025-02,118,98,0.90
112,2025-03,171,137,0.85
112,2025-04,99,90,1.00
112,2025-05,169,148,0.95
112,2025-06,94,93,0.90
112,2025-07,39,37,0.85
112,2025-08,107,111,1.00
112,2025-09,101,102,0.95
112,2025-10,137,137,0.90
112,2025-11,79,71,0.85
112,2025-12,283,294,1.00
112,2026-01,112,117,0.95
112,2026-02,132,116,0.90
112,2026-03,138,109,0.85
112,2026-04,154,165,1.00
112,2026-05,157,143,0.95
112,2026-06,96,91,0.90
112,2026-07,48,40,0.85
112,2026-08,177,183,1.00
113,2023-01,340,271,0.88
113,2023-02,231,197,0.83
113,2023-03,267,198,0.79
113,2023-04,369,311,0.93
113,2023-05,318,256,0.88
113,2023-06,283,260,0.83
113,2023-07,134,102,0.79
113,2023-08,181,188,0.93
113,2023-09,423,348,0.88
113,2023-10,404,309,0.83
113,2023-11,401,358,0.79
113,2023-12,410,400,0.93
113,2024-01,230,216,0.88
113,2024-02,399,307,0.83
113,2024-03,371,326,0.79
113,2024-04,460,394,0.93
113,2024-05,320,319,0.88
113,2024-06,158,141,0.83
113,2024-07,192,152,0.79
113,2024-08,475,436,0.93
113,2024-09,282,255,0.88
113,2024-10,404,356,0.83
113,2024-11,292,212,0.79
113,2024-12,375,335,0.93
113,2025-01,239,203,0.88
113,2025-02,283,241,0.83
113,2025-03,295,240,0.79
113,2025-04,260,267,0.93
113,2025-05,187,184,0.88
113,2025-06,169,142,0.83
113,2025-07,96,85,0.79
113,2025-08,217,209,0.93
113,2025-09,320,307,0.88
113,2025-10,600,483,0.83
113,2025-11,333,278,0.79
113,2025-12,286,297,0.93
113,2026-01,354,299,0.88
113,2026-02,328,247,0.83
113,2026-03,456,404,0.79
113,2026-04,386,374,0.93
113,2026-05,293,265,0.88
113,2026-06,379,321,0.83
113,2026-07,424,323,0.79
113,2026-08,203,180,0.93
114,2023-01,350,803,2.05
114,2023-02,348,619,1.95
114,2023-03,212,441,1.85
114,2023-04,235,478,2.17
114,2023-05,275,618,2.05
114,2023-06,356,680,1.95
114,2023-07,181,330,1.85
114,2023-08,212,441,2.17
114,2023-09,207,384,2.05
114,2023-10,195,384,1.95
114,2023-11,325,609,1.85
114,2023-12,407,850,2.17
114,2024-01,235,471,2.05
114,2024-02,207,438,1.95
114,2024-03,364,654,1.85
114,2024-04,204,480,2.17
114,2024-05,177,380,2.05
114,2024-06,180,353,1.95
114,2024-07,237,443,1.85
114,2024-08,286,598,2.17
114,2024-09,319,664,2.05
114,2024-10,408,773,1.95
114,2024-11,350,643,1.85
114,2024-12,585,1396,2.17
114,2025-01,358,808,2.05
114,2025-02,484,1060,1.95
114,2025-03,483,998,1.85
114,2025-04,396,787,2.17
114,2025-05,366,773,2.05
114,2025-06,440,789,1.95
114,2025-07,301,578,1.85
114,2025-08,205,485,2.17
114,2025-09,368,822,2.05
114,2025-10,589,1218,1.95
114,2025-11,409,743,1.85
114,2025-12,172,402,2.17
114,2026-01,405,863,2.05
114,2026-02,295,600,1.95
114,2026-03,488,989,1.85
114,2026-04,274,539,2.17
114,2026-05,510,1138,2.05
114,2026-06,158,290,1.95
114,2026-07,330,656,1.85
114,2026-08,335,770,2.17
115,2023-01,411,436,1.12
115,2023-02,367,366,1.06
115,2023-03,288,280,1.01
115,2023-04,342,364,1.19
115,2023-05,241,268,1.12
115,2023-06,222,226,1.06
115,2023-07,169,191,1.01
115,2023-08,294,319,1.19
115,2023-09,239,281,1.12
115,2023-10,382,425,1.06
115,2023-11,420,462,1.01
115,2023-12,252,291,1.19
115,2024-01,242,306,1.12
115,2024-02,180,203,1.06
115,2024-03,580,529,1.01
115,2024-04,420,474,1.19
115,2024-05,325,373,1.12
115,2024-06,379,380,1.06
115,2024-07,254,261,1.01
115,2024-08,182,226,1.19
115,2024-09,251,281,1.12
115,2024-10,217,234,1.06
115,2024-11,353,338,1.01
115,2024-12,306,402,1.19
115,2025-01,397,420,1.12
115,2025-02,288,323,1.06
115,2025-03,482,502,1.01
115,2025-04,439,496,1.19
115,2025-05,155,194,1.12
115,2025-06,295,319,1.06
115,2025-07,229,225,1.01
115,2025-08,327,364,1.19
115,2025-09,163,196,1.12
115,2025-10,349,407,1.06
115,2025-11,290,298,1.01
115,2025-12,291,363,1.19
115,2026-01,364,448,1.12
115,2026-02,358,427,1.06
115,2026-03,304,332,1.01
115,2026-04,466,619,1.19
115,2026-05,386,438,1.12
115,2026-06,420,479,1.06
115,2026-07,288,295,1.01
115,2026-08,373,407,1.19
116,2023-01,174,168,1.03
116,2023-02,271,289,0.97
116,2023-03,376,318,0.93
116,2023-04,298,343,1.09
116,2023-05,187,193,1.03
116,2023-06,149,164,0.97
116,2023-07,233,236,0.93
116,2023-08,206,237,1.09
116,2023-09,384,421,1.03
116,2023-10,310,301,0.97
116,2023-11,486,422,0.93
116,2023-12,634,625,1.09
116,2024-01,319,357,1.03
116,2024-02,340,331,0.97
116,2024-03,390,390,0.93
116,2024-04,351,400,1.09
116,2024-05,339,354,1.03
116,2024-06,211,199,0.97
116,2024-07,396,339,0.93
116,2024-08,202,239,1.09
116,2024-09,189,219,1.03
116,2024-10,284,298,0.97
116,2024-11,246,209,0.93
116,2024-12,306,361,1.09
116,2025-01,289,280,1.03
116,2025-02,406,408,0.97
116,2025-03,470,404,0.93
116,2025-04,441,497,1.09
116,2025-05,437,505,1.03
116,2025-06,228,234,0.97
116,2025-07,321,294,0.93
116,2025-08,177,216,1.09
116,2025-09,273,311,1.03
116,2025-10,429,460,0.97
116,2025-11,436,390,0.93
116,2025-12,480,478,1.09
116,2026-01,392,377,1.03
116,2026-02,311,318,0.97
116,2026-03,369,340,0.93
116,2026-04,454,465,1.09
116,2026-05,484,520,1.03
116,2026-06,334,331,0.97
116,2026-07,368,326,0.93
116,2026-08,229,274,1.09
117,2023-01,212,181,0.88
117,2023-02,538,412,0.83
117,2023-03,440,344,0.79
117,2023-04,322,280,0.93
117,2023-05,244,229,0.88
117,2023-06,364,295,0.83
117,2023-07,192,139,0.79
117,2023-08,276,254,0.93
117,2023-09,363,336,0.88
117,2023-10,330,271,0.83
117,2023-11,244,218,0.79
117,2023-12,275,280,0.93
117,2024-01,412,352,0.88
117,2024-02,409,346,0.83
117,2024-03,638,530,0.79
117,2024-04,322,323,0.93
117,2024-05,419,334,0.88
117,2024-06,188,149,0.83
117,2024-07,181,141,0.79
117,2024-08,177,161,0.93
117,2024-09,277,238,0.88
117,2024-10,354,273,0.83
117,2024-11,445,322,0.79
117,2024-12,277,245,0.93
117,2025-01,395,336,0.88
117,2025-02,248,205,0.83
117,2025-03,272,213,0.79
117,2025-04,350,318,0.93
117,2025-05,316,269,0.88
117,2025-06,225,184,0.83
117,2025-07,223,163,0.79
117,2025-08,412,404,0.93
117,2025-09,357,333,0.88
117,2025-10,518,422,0.83
117,2025-11,285,227,0.79
117,2025-12,609,513,0.93
117,2026-01,436,396,0.88
117,2026-02,390,318,0.83
117,2026-03,417,355,0.79
117,2026-04,325,300,0.93
117,2026-05,265,240,0.88
117,2026-06,214,167,0.83
117,2026-07,169,136,0.79
117,2026-08,393,339,0.93
118,2023-01,241,512,2.05
118,2023-02,294,557,1.95
118,2023-03,389,678,1.85
118,2023-04,333,700,2.17
118,2023-05,179,403,2.05
118,2023-06,331,727,1.95
118,2023-07,174,304,1.85
118,2023-08,254,524,2.17
118,2023-09,232,432,2.05
118,2023-10,590,1112,1.95
118,2023-11,302,513,1.85
118,2023-12,415,878,2.17
118,2024-01,227,508,2.05
118,2024-02,353,703,1.95
118,2024-03,506,1061,1.85
118,2024-04,420,965,2.17
118,2024-05,222,440,2.05
118,2024-06,321,653,1.95
118,2024-07,169,337,1.85
118,2024-08,405,898,2.17
118,2024-09,188,397,2.05
118,2024-10,516,923,1.95
118,2024-11,288,598,1.85
118,2024-12,217,522,2.17
118,2025-01,251,520,2.05
118,2025-02,230,456,1.95
118,2025-03,408,843,1.85
118,2025-04,336,730,2.17
118,2025-05,288,532,2.05
118,2025-06,187,347,1.95
118,2025-07,375,667,1.85
118,2025-08,423,878,2.17
118,2025-09,319,686,2.05
118,2025-10,394,725,1.95
118,2025-11,223,450,1.85
118,2025-12,276,641,2.17
118,2026-01,281,612,2.05
118,2026-02,350,756,1.95
118,2026-03,383,672,1.85
118,2026-04,416,865,2.17
118,2026-05,380,711,2.05
118,2026-06,315,549,1.95
118,2026-07,93,193,1.85
118,2026-08,290,639,2.17
119,2023-01,245,279,1.12
119,2023-02,123,126,1.06
119,2023-03,417,458,1.01
119,2023-04,315,349,1.19
119,2023-05,79,90,1.12
119,2023-06,175,203,1.06
119,2023-07,174,192,1.01
119,2023-08,174,210,1.19
119,2023-09,291,369,1.12
119,2023-10,212,237,1.06
119,2023-11,520,483,1.01
119,2023-12,272,326,1.19
119,2024-01,483,596,1.12
119,2024-02,271,275,1.06
119,2024-03,472,476,1.01
119,2024-04,425,548,1.19
119,2024-05,168,193,1.12
119,2024-06,199,196,1.06
119,2024-07,418,380,1.01
119,2024-08,163,203,1.19
119,2024-09,330,402,1.12
119,2024-10,406,447,1.06
119,2024-11,464,447,1.01
119,2024-12,458,543,1.19
119,2025-01,295,334,1.12
119,2025-02,284,292,1.06
119,2025-03,349,390,1.01
119,2025-04,313,344,1.19
119,2025-05,172,183,1.12
119,2025-06,223,228,1.06
119,2025-07,267,251,1.01
119,2025-08,318,414,1.19
119,2025-09,347,430,1.12
119,2025-10,200,234,1.06
119,2025-11,318,319,1.01
119,2025-12,324,362,1.19
119,2026-01,395,416,1.12
119,2026-02,571,555,1.06
119,2026-03,293,301,1.01
119,2026-04,627,706,1.19
119,2026-05,306,313,1.12
119,2026-06,248,296,1.06
119,2026-07,202,193,1.01
119,2026-08,218,244,1.19
120,2023-01,315,353,1.03
120,2023-02,194,177,0.97
120,2023-03,389,344,0.93
120,2023-04,157,184,1.09
120,2023-05,296,278,1.03
120,2023-06,167,168,0.97
120,2023-07,94,88,0.93
120,2023-08,354,432,1.09
120,2023-09,276,293,1.03
120,2023-10,333,356,0.97
120,2023-11,594,527,0.93
120,2023-12,282,304,1.09
120,2024-01,222,215,1.03
120,2024-02,284,249,0.97
120,2024-03,410,373,0.93
120,2024-04,241,249,1.09
120,2024-05,269,286,1.03
120,2024-06,169,167,0.97
120,2024-07,220,229,0.93
120,2024-08,381,424,1.09
120,2024-09,280,258,1.03
120,2024-10,388,367,0.97
120,2024-11,288,250,0.93
120,2024-12,400,473,1.09
120,2025-01,389,400,1.03
120,2025-02,273,248,0.97
120,2025-03,532,441,0.93
120,2025-04,361,438,1.09
120,2025-05,256,284,1.03
120,2025-06,183,169,0.97
120,2025-07,175,169,0.93
120,2025-08,206,248,1.09
120,2025-09,269,295,1.03
120,2025-10,287,288,0.97
120,2025-11,367,325,0.93
120,2025-12,424,446,1.09
120,2026-01,346,353,1.03
120,2026-02,178,181,0.97
120,2026-03,331,274,0.93
120,2026-04,300,326,1.09
120,2026-05,456,434,1.03
120,2026-06,296,318,0.97
120,2026-07,265,263,0.93
120,2026-08,309,325,1.09
121,2023-01,270,437,1.76
121,2023-02,209,349,1.67
121,2023-03,298,533,1.59
121,2023-04,264,518,1.86
121,2023-05,563,1016,1.76
121,2023-06,140,235,1.67
121,2023-07,201,341,1.59
121,2023-08,324,620,1.86
121,2023-09,118,232,1.76
121,2023-10,348,651,1.67
121,2023-11,295,443,1.59
121,2023-12,392,680,1.86
121,2024-01,149,243,1.76
121,2024-02,575,953,1.67
121,2024-03,591,841,1.59
121,2024-04,354,725,1.86
121,2024-05,343,680,1.76
121,2024-06,220,336,1.67
121,2024-07,207,344,1.59
121,2024-08,316,533,1.86
121,2024-09,200,395,1.76
121,2024-10,450,685,1.67
121,2024-11,225,365,1.59
121,2024-12,273,471,1.86
121,2025-01,427,706,1.76
121,2025-02,255,422,1.67
121,2025-03,347,508,1.59
121,2025-04,334,663,1.86
121,2025-05,296,544,1.76
121,2025-06,326,518,1.67
121,2025-07,303,456,1.59
121,2025-08,230,402,1.86
121,2025-09,432,784,1.76
121,2025-10,432,798,1.67
121,2025-11,331,543,1.59
121,2025-12,500,863,1.86
121,2026-01,314,511,1.76
121,2026-02,208,362,1.67
121,2026-03,359,556,1.59
121,2026-04,331,678,1.86
121,2026-05,340,571,1.76
121,2026-06,322,509,1.67
121,2026-07,193,298,1.59
121,2026-08,306,591,1.86
122,2023-01,226,356,1.54
122,2023-02,68,101,1.46
122,2023-03,385,497,1.39
122,2023-04,219,388,1.63
122,2023-05,291,439,1.54
122,2023-06,245,365,1.46
122,2023-07,114,154,1.39
122,2023-08,304,492,1.63
122,2023-09,216,361,1.54
122,2023-10,260,397,1.46
122,2023-11,425,649,1.39
122,2023-12,306,530,1.63
122,2024-01,356,546,1.54
122,2024-02,209,338,1.46
122,2024-03,352,454,1.39
122,2024-04,349,509,1.63
122,2024-05,205,287,1.54
122,2024-06,199,297,1.46
122,2024-07,234,322,1.39
122,2024-08,247,437,1.63
122,2024-09,568,937,1.54
122,2024-10,406,646,1.46
122,2024-11,440,579,1.39
122,2024-12,231,396,1.63
122,2025-01,521,791,1.54
122,2025-02,285,456,1.46
122,2025-03,317,419,1.39
122,2025-04,363,603,1.63
122,2025-05,359,507,1.54
122,2025-06,270,356,1.46
122,2025-07,244,362,1.39
122,2025-08,360,546,1.63
122,2025-09,273,381,1.54
122,2025-10,328,473,1.46
122,2025-11,328,460,1.39
122,2025-12,491,836,1.63
122,2026-01,381,559,1.54
122,2026-02,378,527,1.46
122,2026-03,566,872,1.39
122,2026-04,470,822,1.63
122,2026-05,269,433,1.54
122,2026-06,307,447,1.46
122,2026-07,254,328,1.39
122,2026-08,389,634,1.63
123,2023-01,232,362,1.37
123,2023-02,276,390,1.30
123,2023-03,380,421,1.23
123,2023-04,336,548,1.45
123,2023-05,276,347,1.37
123,2023-06,119,169,1.30
123,2023-07,117,157,1.23
123,2023-08,222,312,1.45
123,2023-09,218,300,1.37
123,2023-10,438,579,1.30
123,2023-11,160,212,1.23
123,2023-12,438,588,1.45
123,2024-01,365,468,1.37
123,2024-02,192,252,1.30
123,2024-03,277,373,1.23
123,2024-04,295,413,1.45
123,2024-05,267,400,1.37
123,2024-06,331,410,1.30
123,2024-07,391,472,1.23
123,2024-08,179,271,1.45
123,2024-09,447,571,1.37
123,2024-10,503,726,1.30
123,2024-11,276,353,1.23
123,2024-12,127,184,1.45
123,2025-01,448,563,1.37
123,2025-02,265,368,1.30
123,2025-03,402,554,1.23
123,2025-04,315,517,1.45
123,2025-05,352,471,1.37
123,2025-06,140,195,1.30
123,2025-07,189,214,1.23
123,2025-08,355,584,1.45
123,2025-09,255,338,1.37
123,2025-10,548,745,1.30
123,2025-11,571,700,1.23
123,2025-12,321,420,1.45
123,2026-01,579,726,1.37
123,2026-02,360,468,1.30
123,2026-03,474,617,1.23
123,2026-04,243,384,1.45
123,2026-05,446,584,1.37
123,2026-06,109,156,1.30
123,2026-07,199,238,1.23
123,2026-08,168,230,1.45
124,2023-01,156,211,1.23
124,2023-02,336,441,1.17
124,2023-03,337,371,1.11
124,2023-04,330,488,1.30
124,2023-05,268,333,1.23
124,2023-06,306,330,1.17
124,2023-07,171,183,1.11
124,2023-08,261,377,1.30
124,2023-09,396,523,1.23
124,2023-10,314,340,1.17
124,2023-11,247,299,1.11
124,2023-12,483,593,1.30
124,2024-01,269,360,1.23
124,2024-02,291,340,1.17
124,2024-03,362,418,1.11
124,2024-04,340,477,1.30
124,2024-05,234,268,1.23
124,2024-06,228,296,1.17
124,2024-07,432,517,1.11
124,2024-08,210,261,1.30
124,2024-09,273,313,1.23
124,2024-10,404,424,1.17
124,2024-11,498,511,1.11
124,2024-12,417,601,1.30
124,2025-01,334,434,1.23
124,2025-02,422,446,1.17
124,2025-03,626,626,1.11
124,2025-04,425,514,1.30
124,2025-05,378,466,1.23
124,2025-06,144,168,1.17
124,2025-07,281,332,1.11
124,2025-08,290,419,1.30
124,2025-09,182,218,1.23
124,2025-10,243,320,1.17
124,2025-11,382,451,1.11
124,2025-12,504,651,1.30
124,2026-01,254,338,1.23
124,2026-02,193,249,1.17
124,2026-03,517,549,1.11
124,2026-04,309,402,1.30
124,2026-05,241,317,1.23
124,2026-06,190,231,1.17
124,2026-07,269,323,1.11
124,2026-08,209,280,1.30
125,2023-01,223,295,1.37
125,2023-02,303,431,1.30
125,2023-03,213,285,1.23
125,2023-04,352,480,1.45
125,2023-05,434,540,1.37
125,2023-06,231,331,1.30
125,2023-07,182,237,1.23
125,2023-08,149,228,1.45
125,2023-09,299,368,1.37
125,2023-10,274,401,1.30
125,2023-11,357,474,1.23
125,2023-12,278,452,1.45
125,2024-01,225,318,1.37
125,2024-02,478,555,1.30
125,2024-03,254,347,1.23
125,2024-04,260,362,1.45
125,2024-05,393,486,1.37
125,2024-06,165,204,1.30
125,2024-07,161,204,1.23
125,2024-08,226,325,1.45
125,2024-09,404,544,1.37
125,2024-10,559,662,1.30
125,2024-11,625,827,1.23
125,2024-12,540,701,1.45
125,2025-01,314,438,1.37
125,2025-02,288,417,1.30
125,2025-03,248,283,1.23
125,2025-04,394,554,1.45
125,2025-05,147,186,1.37
125,2025-06,470,578,1.30
125,2025-07,212,244,1.23
125,2025-08,143,206,1.45
125,2025-09,299,416,1.37
125,2025-10,340,400,1.30
125,2025-11,309,400,1.23
125,2025-12,463,758,1.45
125,2026-01,359,488,1.37
125,2026-02,352,481,1.30
125,2026-03,517,612,1.23
125,2026-04,388,599,1.45
125,2026-05,395,603,1.37
125,2026-06,333,399,1.30
125,2026-07,278,311,1.23
125,2026-08,334,480,1.45
126,2023-01,464,517,1.23
126,2023-02,279,335,1.17
126,2023-03,287,288,1.11
126,2023-04,350,442,1.30
126,2023-05,295,348,1.23
126,2023-06,256,323,1.17
126,2023-07,199,250,1.11
126,2023-08,196,270,1.30
126,2023-09,323,417,1.23
126,2023-10,334,393,1.17
126,2023-11,360,401,1.11
126,2023-12,402,526,1.30
126,2024-01,203,235,1.23
126,2024-02,342,428,1.17
126,2024-03,208,216,1.11
126,2024-04,421,586,1.30
126,2024-05,404,491,1.23
126,2024-06,181,189,1.17
126,2024-07,156,173,1.11
126,2024-08,317,373,1.30
126,2024-09,280,372,1.23
126,2024-10,339,422,1.17
126,2024-11,304,366,1.11
126,2024-12,266,391,1.30
126,2025-01,518,594,1.23
126,2025-02,279,368,1.17
126,2025-03,760,808,1.11
126,2025-04,485,640,1.30
126,2025-05,479,640,1.23
126,2025-06,223,266,1.17
126,2025-07,316,313,1.11
126,2025-08,194,261,1.30
126,2025-09,346,478,1.23
126,2025-10,394,428,1.17
126,2025-11,251,269,1.11
126,2025-12,389,484,1.30
126,2026-01,295,358,1.23
126,2026-02,237,254,1.17
126,2026-03,493,570,1.11
126,2026-04,272,335,1.30
126,2026-05,238,264,1.23
126,2026-06,348,442,1.17
126,2026-07,392,407,1.11
126,2026-08,242,303,1.30
127,2023-01,239,222,0.95
127,2023-02,270,239,0.90
127,2023-03,434,391,0.85
127,2023-04,161,160,1.00
127,2023-05,206,200,0.95
127,2023-06,246,212,0.90
127,2023-07,213,164,0.85
127,2023-08,214,238,1.00
127,2023-09,169,144,0.95
127,2023-10,228,216,0.90
127,2023-11,165,160,0.85
127,2023-12,162,160,1.00
127,2024-01,155,152,0.95
127,2024-02,205,165,0.90
127,2024-03,239,203,0.85
127,2024-04,252,281,1.00
127,2024-05,309,293,0.95
127,2024-06,138,129,0.90
127,2024-07,125,103,0.85
127,2024-08,84,81,1.00
127,2024-09,195,202,0.95
127,2024-10,225,187,0.90
127,2024-11,231,196,0.85
127,2024-12,183,188,1.00
127,2025-01,323,314,0.95
127,2025-02,392,334,0.90
127,2025-03,402,311,0.85
127,2025-04,323,328,1.00
127,2025-05,299,303,0.95
127,2025-06,211,171,0.90
127,2025-07,152,118,0.85
127,2025-08,145,137,1.00
127,2025-09,240,230,0.95
127,2025-10,202,206,0.90
127,2025-11,410,316,0.85
127,2025-12,325,325,1.00
127,2026-01,272,238,0.95
127,2026-02,207,167,0.90
127,2026-03,267,219,0.85
127,2026-04,287,317,1.00
127,2026-05,210,189,0.95
127,2026-06,194,167,0.90
127,2026-07,189,182,0.85
127,2026-08,214,231,1.00
128,2023-01,277,273,0.88
128,2023-02,231,215,0.83
128,2023-03,292,215,0.79
128,2023-04,276,266,0.93
128,2023-05,332,277,0.88
128,2023-06,203,163,0.83
128,2023-07,125,110,0.79
128,2023-08,237,240,0.93
128,2023-09,175,168,0.88
128,2023-10,211,185,0.83
128,2023-11,228,203,0.79
128,2023-12,208,178,0.93
128,2024-01,232,184,0.88
128,2024-02,199,169,0.83
128,2024-03,348,257,0.79
128,2024-04,262,252,0.93
128,2024-05,168,148,0.88
128,2024-06,156,144,0.83
128,2024-07,136,120,0.79
128,2024-08,170,167,0.93
128,2024-09,230,216,0.88
128,2024-10,228,180,0.83
128,2024-11,346,261,0.79
128,2024-12,220,229,0.93
128,2025-01,232,230,0.88
128,2025-02,221,175,0.83
128,2025-03,388,290,0.79
128,2025-04,228,207,0.93
128,2025-05,189,174,0.88
128,2025-06,236,180,0.83
128,2025-07,177,156,0.79
128,2025-08,87,81,0.93
128,2025-09,462,365,0.88
128,2025-10,265,247,0.83
128,2025-11,388,275,0.79
128,2025-12,429,363,0.93
128,2026-01,254,203,0.88
128,2026-02,270,223,0.83
128,2026-03,234,193,0.79
128,2026-04,292,295,0.93
128,2026-05,230,209,0.88
128,2026-06,251,195,0.83
128,2026-07,189,165,0.79
128,2026-08,274,237,0.93
129,2023-01,294,434,1.37
129,2023-02,276,327,1.30
129,2023-03,205,259,1.23
129,2023-04,248,383,1.45
129,2023-05,201,262,1.37
129,2023-06,39,57,1.30
129,2023-07,186,222,1.23
129,2023-08,160,217,1.45
129,2023-09,180,222,1.37
129,2023-10,201,247,1.30
129,2023-11,218,283,1.23
129,2023-12,286,413,1.45
129,2024-01,161,211,1.37
129,2024-02,225,314,1.30
129,2024-03,246,296,1.23
129,2024-04,304,429,1.45
129,2024-05,319,468,1.37
129,2024-06,207,282,1.30
129,2024-07,107,141,1.23
129,2024-08,207,278,1.45
129,2024-09,228,290,1.37
129,2024-10,363,514,1.30
129,2024-11,217,251,1.23
129,2024-12,366,503,1.45
129,2025-01,202,296,1.37
129,2025-02,218,303,1.30
129,2025-03,272,312,1.23
129,2025-04,242,358,1.45
129,2025-05,304,433,1.37
129,2025-06,194,275,1.30
129,2025-07,126,152,1.23
129,2025-08,297,396,1.45
129,2025-09,254,315,1.37
129,2025-10,316,430,1.30
129,2025-11,262,351,1.23
129,2025-12,296,436,1.45
129,2026-01,260,358,1.37
129,2026-02,189,242,1.30
129,2026-03,267,346,1.23
129,2026-04,328,516,1.45
129,2026-05,199,279,1.37
129,2026-06,250,297,1.30
129,2026-07,279,364,1.23
129,2026-08,139,190,1.45
130,2023-01,220,286,1.23
130,2023-02,165,181,1.17
130,2023-03,236,234,1.11
130,2023-04,305,424,1.30
130,2023-05,259,292,1.23
130,2023-06,177,213,1.17
130,2023-07,66,76,1.11
130,2023-08,192,230,1.30
130,2023-09,104,115,1.23
130,2023-10,187,244,1.17
130,2023-11,206,243,1.11
130,2023-12,253,335,1.30
130,2024-01,169,232,1.23
130,2024-02,279,320,1.17
130,2024-03,257,278,1.11
130,2024-04,430,545,1.30
130,2024-05,116,159,1.23
130,2024-06,177,206,1.17
130,2024-07,272,313,1.11
130,2024-08,91,124,1.30
130,2024-09,298,369,1.23
130,2024-10,326,386,1.17
130,2024-11,194,239,1.11
130,2024-12,232,284,1.30
130,2025-01,199,221,1.23
130,2025-02,240,259,1.17
130,2025-03,225,263,1.11
130,2025-04,135,176,1.30
130,2025-05,209,290,1.23
130,2025-06,164,207,1.17
130,2025-07,178,180,1.11
130,2025-08,276,398,1.30
130,2025-09,373,498,1.23
130,2025-10,309,326,1.17
130,2025-11,302,343,1.11
130,2025-12,240,321,1.30
130,2026-01,247,284,1.23
130,2026-02,198,242,1.17
130,2026-03,286,314,1.11
130,2026-04,282,361,1.30
130,2026-05,197,224,1.23
130,2026-06,177,207,1.17
130,2026-07,241,303,1.11
130,2026-08,223,325,1.30
131,2023-01,249,336,1.37
131,2023-02,162,232,1.30
131,2023-03,219,296,1.23
131,2023-04,226,354,1.45
131,2023-05,134,195,1.37
131,2023-06,157,200,1.30
131,2023-07,226,281,1.23
131,2023-08,219,306,1.45
131,2023-09,436,579,1.37
131,2023-10,233,342,1.30
131,2023-11,231,296,1.23
131,2023-12,307,477,1.45
131,2024-01,168,219,1.37
131,2024-02,313,396,1.30
131,2024-03,314,394,1.23
131,2024-04,244,349,1.45
131,2024-05,175,230,1.37
131,2024-06,145,182,1.30
131,2024-07,97,120,1.23
131,2024-08,221,304,1.45
131,2024-09,240,321,1.37
131,2024-10,307,425,1.30
131,2024-11,250,278,1.23
131,2024-12,218,338,1.45
131,2025-01,193,282,1.37
131,2025-02,225,271,1.30
131,2025-03,291,325,1.23
131,2025-04,220,323,1.45
131,2025-05,233,360,1.37
131,2025-06,175,219,1.30
131,2025-07,172,217,1.23
131,2025-08,229,341,1.45
131,2025-09,200,266,1.37
131,2025-10,283,353,1.30
131,2025-11,288,356,1.23
131,2025-12,380,539,1.45
131,2026-01,133,168,1.37
131,2026-02,292,353,1.30
131,2026-03,246,302,1.23
131,2026-04,184,290,1.45
131,2026-05,176,237,1.37
131,2026-06,234,282,1.30
131,2026-07,170,228,1.23
131,2026-08,171,242,1.45
132,2023-01,198,219,1.23
132,2023-02,242,269,1.17
132,2023-03,366,399,1.11
132,2023-04,272,347,1.30
132,2023-05,290,330,1.23
132,2023-06,124,145,1.17
132,2023-07,136,147,1.11
132,2023-08,119,164,1.30
132,2023-09,133,174,1.23
132,2023-10,233,261,1.17
132,2023-11,227,248,1.11
132,2023-12,200,270,1.30
132,2024-01,269,309,1.23
132,2024-02,209,265,1.17
132,2024-03,207,254,1.11
132,2024-04,230,291,1.30
132,2024-05,176,237,1.23
132,2024-06,99,117,1.17
132,2024-07,108,136,1.11
132,2024-08,192,236,1.30
132,2024-09,192,243,1.23
132,2024-10,336,367,1.17
132,2024-11,202,211,1.11
132,2024-12,251,365,1.30
132,2025-01,333,430,1.23
132,2025-02,184,219,1.17
132,2025-03,277,323,1.11
132,2025-04,321,408,1.30
132,2025-05,198,266,1.23
132,2025-06,140,179,1.17
132,2025-07,148,180,1.11
132,2025-08,156,211,1.30
132,2025-09,399,441,1.23
132,2025-10,308,386,1.17
132,2025-11,235,249,1.11
132,2025-12,384,545,1.30
132,2026-01,206,242,1.23
132,2026-02,251,274,1.17
132,2026-03,320,359,1.11
132,2026-04,357,432,1.30
132,2026-05,298,375,1.23
132,2026-06,228,272,1.17
132,2026-07,171,182,1.11
132,2026-08,339,430,1.30
133,2023-01,157,278,1.76
133,2023-02,209,342,1.67
133,2023-03,292,521,1.59
133,2023-04,311,607,1.86
133,2023-05,122,231,1.76
133,2023-06,175,316,1.67
133,2023-07,81,143,1.59
133,2023-08,145,285,1.86
133,2023-09,250,467,1.76
133,2023-10,275,432,1.67
133,2023-11,280,432,1.59
133,2023-12,265,490,1.86
133,2024-01,304,491,1.76
133,2024-02,224,394,1.67
133,2024-03,300,492,1.59
133,2024-04,231,462,1.86
133,2024-05,168,317,1.76
133,2024-06,152,265,1.67
133,2024-07,91,160,1.59
133,2024-08,192,363,1.86
133,2024-09,222,356,1.76
133,2024-10,364,601,1.67
133,2024-11,234,341,1.59
133,2024-12,338,643,1.86
133,2025-01,262,423,1.76
133,2025-02,152,282,1.67
133,2025-03,227,349,1.59
133,2025-04,256,516,1.86
133,2025-05,247,483,1.76
133,2025-06,190,322,1.67
133,2025-07,186,268,1.59
133,2025-08,214,406,1.86
133,2025-09,280,483,1.76
133,2025-10,251,449,1.67
133,2025-11,349,495,1.59
133,2025-12,208,401,1.86
133,2026-01,270,495,1.76
133,2026-02,367,606,1.67
133,2026-03,258,456,1.59
133,2026-04,305,525,1.86
133,2026-05,247,421,1.76
133,2026-06,188,354,1.67
133,2026-07,236,371,1.59
133,2026-08,183,375,1.86
134,2023-01,227,381,1.54
134,2023-02,180,295,1.46
134,2023-03,214,285,1.39
134,2023-04,132,196,1.63
134,2023-05,248,385,1.54
134,2023-06,299,394,1.46
134,2023-07,178,244,1.39
134,2023-08,96,176,1.63
134,2023-09,186,308,1.54
134,2023-10,323,479,1.46
134,2023-11,385,489,1.39
134,2023-12,285,437,1.63
134,2024-01,306,425,1.54
134,2024-02,187,253,1.46
134,2024-03,227,357,1.39
134,2024-04,366,556,1.63
134,2024-05,163,251,1.54
134,2024-06,145,226,1.46
134,2024-07,155,207,1.39
134,2024-08,157,254,1.63
134,2024-09,158,271,1.54
134,2024-10,387,618,1.46
134,2024-11,260,333,1.39
134,2024-12,265,426,1.63
134,2025-01,354,578,1.54
134,2025-02,264,396,1.46
134,2025-03,459,583,1.39
134,2025-04,374,559,1.63
134,2025-05,319,481,1.54
134,2025-06,138,212,1.46
134,2025-07,117,151,1.39
134,2025-08,242,388,1.63
134,2025-09,218,339,1.54
134,2025-10,261,416,1.46
134,2025-11,234,350,1.39
134,2025-12,353,514,1.63
134,2026-01,180,288,1.54
134,2026-02,200,323,1.46
134,2026-03,422,543,1.39
134,2026-04,267,460,1.63
134,2026-05,229,350,1.54
134,2026-06,162,248,1.46
134,2026-07,149,207,1.39
134,2026-08,244,435,1.63
135,2023-01,174,324,1.76
135,2023-02,122,225,1.67
135,2023-03,221,365,1.59
135,2023-04,193,386,1.86
135,2023-05,200,326,1.76
135,2023-06,191,319,1.67
135,2023-07,176,297,1.59
135,2023-08,194,408,1.86
135,2023-09,186,372,1.76
135,2023-10,291,436,1.67
135,2023-11,277,451,1.59
135,2023-12,266,509,1.86
135,2024-01,236,398,1.76
135,2024-02,262,406,1.67
135,2024-03,185,276,1.59
135,2024-04,243,443,1.86
135,2024-05,158,292,1.76
135,2024-06,221,331,1.67
135,2024-07,112,195,1.59
135,2024-08,141,289,1.86
135,2024-09,290,458,1.76
135,2024-10,288,529,1.67
135,2024-11,278,448,1.59
135,2024-12,266,486,1.86
135,2025-01,283,449,1.76
135,2025-02,261,409,1.67
135,2025-03,303,481,1.59
135,2025-04,199,397,1.86
135,2025-05,175,310,1.76
135,2025-06,147,239,1.67
135,2025-07,158,283,1.59
135,2025-08,188,371,1.86
135,2025-09,194,329,1.76
135,2025-10,401,741,1.67
135,2025-11,154,246,1.59
135,2025-12,316,548,1.86
135,2026-01,287,520,1.76
135,2026-02,261,419,1.67
135,2026-03,363,559,1.59
135,2026-04,296,574,1.86
135,2026-05,208,372,1.76
135,2026-06,170,292,1.67
135,2026-07,314,471,1.59
135,2026-08,171,287,1.86
136,2023-01,282,442,1.54
136,2023-02,278,386,1.46
136,2023-03,170,212,1.39
136,2023-04,167,245,1.63
136,2023-05,197,299,1.54
136,2023-06,114,183,1.46
136,2023-07,209,261,1.39
136,2023-08,119,191,1.63
136,2023-09,449,647,1.54
136,2023-10,265,403,1.46
136,2023-11,190,290,1.39
136,2023-12,300,445,1.63
136,2024-01,226,321,1.54
136,2024-02,230,327,1.46
136,2024-03,134,192,1.39
136,2024-04,306,533,1.63
136,2024-05,223,311,1.54
136,2024-06,171,259,1.46
136,2024-07,153,196,1.39
136,2024-08,249,393,1.63
136,2024-09,137,208,1.54
136,2024-10,319,424,1.46
136,2024-11,211,331,1.39
136,2024-12,337,504,1.63
136,2025-01,201,293,1.54
136,2025-02,236,343,1.46
136,2025-03,381,499,1.39
136,2025-04,208,354,1.63
136,2025-05,211,350,1.54
136,2025-06,129,199,1.46
136,2025-07,195,283,1.39
136,2025-08,188,313,1.63
136,2025-09,320,502,1.54
136,2025-10,278,443,1.46
136,2025-11,273,360,1.39
136,2025-12,203,347,1.63
136,2026-01,220,351,1.54
136,2026-02,191,298,1.46
136,2026-03,417,521,1.39
136,2026-04,265,404,1.63
136,2026-05,374,561,1.54
136,2026-06,131,203,1.46
136,2026-07,173,262,1.39
136,2026-08,249,373,1.63
137,2023-01,222,246,1.03
137,2023-02,133,127,0.97
137,2023-03,143,137,0.93
137,2023-04,193,192,1.09
137,2023-05,155,166,1.03
137,2023-06,183,164,0.97
137,2023-07,152,134,0.93
137,2023-08,139,147,1.09
137,2023-09,199,203,1.03
137,2023-10,310,331,0.97
137,2023-11,237,218,0.93
137,2023-12,212,257,1.09
137,2024-01,217,250,1.03
137,2024-02,266,277,0.97
137,2024-03,263,227,0.93
137,2024-04,259,265,1.09
137,2024-05,171,180,1.03
137,2024-06,99,87,0.97
137,2024-07,275,229,0.93
137,2024-08,156,191,1.09
137,2024-09,121,136,1.03
137,2024-10,161,144,0.97
137,2024-11,204,169,0.93
137,2024-12,213,216,1.09
137,2025-01,244,279,1.03
137,2025-02,188,173,0.97
137,2025-03,214,194,0.93
137,2025-04,263,275,1.09
137,2025-05,183,213,1.03
137,2025-06,117,121,0.97
137,2025-07,204,197,0.93
137,2025-08,203,204,1.09
137,2025-09,259,239,1.03
137,2025-10,210,228,0.97
137,2025-11,272,235,0.93
137,2025-12,300,312,1.09
137,2026-01,127,145,1.03
137,2026-02,251,257,0.97
137,2026-03,346,331,0.93
137,2026-04,429,479,1.09
137,2026-05,222,205,1.03
137,2026-06,241,222,0.97
137,2026-07,111,115,0.93
137,2026-08,155,180,1.09
138,2023-01,190,202,0.95
138,2023-02,245,205,0.90
138,2023-03,336,279,0.85
138,2023-04,283,277,1.00
138,2023-05,133,124,0.95
138,2023-06,118,104,0.90
138,2023-07,136,105,0.85
138,2023-08,148,145,1.00
138,2023-09,183,181,0.95
138,2023-10,176,143,0.90
138,2023-11,265,221,0.85
138,2023-12,208,204,1.00
138,2024-01,160,153,0.95
138,2024-02,191,192,0.90
138,2024-03,249,221,0.85
138,2024-04,190,216,1.00
138,2024-05,219,195,0.95
138,2024-06,197,161,0.90
138,2024-07,165,155,0.85
138,2024-08,143,142,1.00
138,2024-09,227,238,0.95
138,2024-10,271,225,0.90
138,2024-11,182,151,0.85
138,2024-12,291,290,1.00
138,2025-01,205,196,0.95
138,2025-02,181,152,0.90
138,2025-03,263,207,0.85
138,2025-04,206,207,1.00
138,2025-05,174,182,0.95
138,2025-06,162,148,0.90
138,2025-07,203,167,0.85
138,2025-08,286,299,1.00
138,2025-09,208,208,0.95
138,2025-10,252,218,0.90
138,2025-11,354,316,0.85
138,2025-12,267,295,1.00
138,2026-01,311,299,0.95
138,2026-02,154,135,0.90
138,2026-03,279,226,0.85
138,2026-04,320,302,1.00
138,2026-05,207,217,0.95
138,2026-06,196,160,0.90
138,2026-07,210,201,0.85
138,2026-08,225,211,1.00
139,2023-01,164,183,1.12
139,2023-02,115,119,1.06
139,2023-03,190,205,1.01
139,2023-04,207,276,1.19
139,2023-05,187,213,1.12
139,2023-06,135,157,1.06
139,2023-07,144,139,1.01
139,2023-08,193,229,1.19
139,2023-09,223,268,1.12
139,2023-10,298,286,1.06
139,2023-11,225,243,1.01
139,2023-12,257,314,1.19
139,2024-01,202,252,1.12
139,2024-02,293,318,1.06
139,2024-03,290,267,1.01
139,2024-04,313,344,1.19
139,2024-05,119,121,1.12
139,2024-06,151,162,1.06
139,2024-07,260,238,1.01
139,2024-08,178,196,1.19
139,2024-09,216,223,1.12
139,2024-10,221,222,1.06
139,2024-11,235,224,1.01
139,2024-12,229,250,1.19
139,2025-01,164,207,1.12
139,2025-02,213,209,1.06
139,2025-03,321,303,1.01
139,2025-04,290,318,1.19
139,2025-05,248,287,1.12
139,2025-06,151,165,1.06
139,2025-07,164,158,1.01
139,2025-08,195,243,1.19
139,2025-09,160,202,1.12
139,2025-10,374,396,1.06
139,2025-11,343,336,1.01
139,2025-12,463,505,1.19
139,2026-01,228,235,1.12
139,2026-02,317,366,1.06
139,2026-03,319,296,1.01
139,2026-04,243,321,1.19
139,2026-05,239,279,1.12
139,2026-06,141,169,1.06
139,2026-07,116,115,1.01
139,2026-08,121,161,1.19
140,2023-01,235,259,1.03
140,2023-02,164,170,0.97
140,2023-03,179,157,0.93
140,2023-04,288,327,1.09
140,2023-05,166,153,1.03
140,2023-06,101,94,0.97
140,2023-07,153,141,0.93
140,2023-08,194,197,1.09
140,2023-09,218,212,1.03
140,2023-10,261,266,0.97
140,2023-11,422,391,0.93
140,2023-12,167,203,1.09
140,2024-01,270,279,1.03
140,2024-02,252,251,0.97
140,2024-03,214,189,0.93
140,2024-04,112,114,1.09
140,2024-05,211,201,1.03
140,2024-06,170,165,0.97
140,2024-07,96,87,0.93
140,2024-08,147,143,1.09
140,2024-09,187,185,1.03
140,2024-10,253,239,0.97
140,2024-11,248,238,0.93
140,2024-12,230,257,1.09
140,2025-01,259,241,1.03
140,2025-02,364,327,0.97
140,2025-03,275,249,0.93
140,2025-04,272,316,1.09
140,2025-05,224,236,1.03
140,2025-06,216,218,0.97
140,2025-07,191,163,0.93
140,2025-08,154,163,1.09
140,2025-09,215,236,1.03
140,2025-10,265,268,0.97
140,2025-11,257,231,0.93
140,2025-12,393,395,1.09
140,2026-01,422,413,1.03
140,2026-02,251,231,0.97
140,2026-03,327,313,0.93
140,2026-04,202,217,1.09
140,2026-05,110,114,1.03
140,2026-06,279,254,0.97
140,2026-07,192,174,0.93
140,2026-08,192,199,1.09
141,2023-01,206,319,1.54
141,2023-02,112,165,1.46
141,2023-03,201,315,1.39
141,2023-04,183,290,1.63
141,2023-05,168,274,1.54
141,2023-06,106,174,1.46
141,2023-07,193,250,1.39
141,2023-08,228,386,1.63
141,2023-09,211,325,1.54
141,2023-10,193,307,1.46
141,2023-11,161,249,1.39
141,2023-12,207,364,1.63
141,2024-01,157,264,1.54
141,2024-02,151,222,1.46
141,2024-03,265,386,1.39
141,2024-04,155,251,1.63
141,2024-05,116,191,1.54
141,2024-06,182,262,1.46
141,2024-07,128,197,1.39
141,2024-08,114,168,1.63
141,2024-09,288,401,1.54
141,2024-10,304,428,1.46
141,2024-11,356,486,1.39
141,2024-12,227,382,1.63
141,2025-01,201,317,1.54
141,2025-02,190,298,1.46
141,2025-03,241,319,1.39
141,2025-04,201,293,1.63
141,2025-05,321,459,1.54
141,2025-06,82,131,1.46
141,2025-07,156,240,1.39
141,2025-08,295,458,1.63
141,2025-09,275,455,1.54
141,2025-10,311,441,1.46
141,2025-11,231,332,1.39
141,2025-12,226,338,1.63
141,2026-01,263,384,1.54
141,2026-02,215,346,1.46
141,2026-03,255,368,1.39
141,2026-04,298,499,1.63
141,2026-05,181,276,1.54
141,2026-06,106,152,1.46
141,2026-07,172,228,1.39
141,2026-08,195,315,1.63
142,2023-01,178,237,1.37
142,2023-02,174,232,1.30
142,2023-03,205,279,1.23
142,2023-04,223,364,1.45
142,2023-05,129,199,1.37
142,2023-06,211,273,1.30
142,2023-07,132,157,1.23
142,2023-08,148,230,1.45
142,2023-09,218,322,1.37
142,2023-10,160,214,1.30
142,2023-11,186,211,1.23
142,2023-12,290,400,1.45
142,2024-01,129,185,1.37
142,2024-02,177,251,1.30
142,2024-03,232,281,1.23
142,2024-04,240,339,1.45
142,2024-05,183,234,1.37
142,2024-06,182,244,1.30
142,2024-07,100,117,1.23
142,2024-08,201,296,1.45
142,2024-09,90,129,1.37
142,2024-10,180,212,1.30
142,2024-11,302,400,1.23
142,2024-12,190,284,1.45
142,2025-01,209,256,1.37
142,2025-02,129,191,1.30
142,2025-03,300,404,1.23
142,2025-04,254,357,1.45
142,2025-05,318,399,1.37
142,2025-06,109,151,1.30
142,2025-07,117,164,1.23
142,2025-08,179,293,1.45
142,2025-09,178,260,1.37
142,2025-10,422,519,1.30
142,2025-11,271,322,1.23
142,2025-12,368,509,1.45
142,2026-01,152,189,1.37
142,2026-02,172,251,1.30
142,2026-03,235,298,1.23
142,2026-04,259,370,1.45
142,2026-05,190,275,1.37
142,2026-06,139,184,1.30
142,2026-07,202,258,1.23
142,2026-08,175,255,1.45
143,2023-01,117,231,1.76
143,2023-02,128,232,1.67
143,2023-03,204,325,1.59
143,2023-04,241,458,1.86
143,2023-05,242,389,1.76
143,2023-06,165,259,1.67
143,2023-07,147,232,1.59
143,2023-08,122,229,1.86
143,2023-09,189,354,1.76
143,2023-10,244,377,1.67
143,2023-11,260,389,1.59
143,2023-12,225,386,1.86
143,2024-01,139,254,1.76
143,2024-02,181,309,1.67
143,2024-03,414,633,1.59
143,2024-04,184,356,1.86
143,2024-05,220,433,1.76
143,2024-06,210,334,1.67
143,2024-07,219,362,1.59
143,2024-08,122,248,1.86
143,2024-09,180,314,1.76
143,2024-10,201,356,1.67
143,2024-11,238,417,1.59
143,2024-12,276,512,1.86
143,2025-01,315,576,1.76
143,2025-02,275,509,1.67
143,2025-03,270,416,1.59
143,2025-04,220,376,1.86
143,2025-05,177,282,1.76
143,2025-06,153,267,1.67
143,2025-07,189,333,1.59
143,2025-08,271,498,1.86
143,2025-09,241,458,1.76
143,2025-10,483,775,1.67
143,2025-11,236,398,1.59
143,2025-12,246,434,1.86
143,2026-01,216,396,1.76
143,2026-02,188,337,1.67
143,2026-03,348,540,1.59
143,2026-04,389,658,1.86
143,2026-05,234,461,1.76
143,2026-06,168,254,1.67
143,2026-07,190,278,1.59
143,2026-08,220,449,1.86
144,2023-01,129,185,1.54
144,2023-02,230,304,1.46
144,2023-03,159,240,1.39
144,2023-04,193,329,1.63
144,2023-05,126,220,1.54
144,2023-06,110,175,1.46
144,2023-07,100,142,1.39
144,2023-08,137,235,1.63
144,2023-09,70,114,1.54
144,2023-10,134,186,1.46
144,2023-11,158,225,1.39
144,2023-12,215,393,1.63
144,2024-01,178,302,1.54
144,2024-02,201,264,1.46
144,2024-03,201,301,1.39
144,2024-04,192,315,1.63
144,2024-05,119,170,1.54
144,2024-06,79,129,1.46
144,2024-07,146,204,1.39
144,2024-08,156,285,1.63
144,2024-09,200,304,1.54
144,2024-10,291,381,1.46
144,2024-11,205,268,1.39
144,2024-12,325,574,1.63
144,2025-01,244,416,1.54
144,2025-02,193,301,1.46
144,2025-03,286,383,1.39
144,2025-04,284,429,1.63
144,2025-05,233,325,1.54
144,2025-06,154,207,1.46
144,2025-07,183,260,1.39
144,2025-08,191,333,1.63
144,2025-09,174,268,1.54
144,2025-10,344,562,1.46
144,2025-11,278,350,1.39
144,2025-12,214,383,1.63
144,2026-01,240,408,1.54
144,2026-02,345,555,1.46
144,2026-03,307,453,1.39
144,2026-04,225,347,1.63
144,2026-05,284,462,1.54
144,2026-06,153,226,1.46
144,2026-07,127,194,1.39
144,2026-08,125,202,1.63
145,2023-01,226,432,2.05
145,2023-02,146,279,1.95
145,2023-03,270,459,1.85
145,2023-04,201,483,2.17
145,2023-05,140,321,2.05
145,2023-06,106,222,1.95
145,2023-07,133,244,1.85
145,2023-08,169,343,2.17
145,2023-09,190,384,2.05
145,2023-10,268,528,1.95
145,2023-11,144,298,1.85
145,2023-12,287,593,2.17
145,2024-01,186,415,2.05
145,2024-02,144,312,1.95
145,2024-03,209,385,1.85
145,2024-04,208,496,2.17
145,2024-05,168,331,2.05
145,2024-06,120,247,1.95
145,2024-07,199,356,1.85
145,2024-08,169,330,2.17
145,2024-09,234,481,2.05
145,2024-10,244,440,1.95
145,2024-11,443,815,1.85
145,2024-12,213,426,2.17
145,2025-01,279,573,2.05
145,2025-02,209,427,1.95
145,2025-03,256,446,1.85
145,2025-04,388,826,2.17
145,2025-05,302,565,2.05
145,2025-06,225,462,1.95
145,2025-07,179,333,1.85
145,2025-08,209,452,2.17
145,2025-09,145,294,2.05
145,2025-10,286,530,1.95
145,2025-11,298,506,1.85
145,2025-12,259,589,2.17
145,2026-01,133,284,2.05
145,2026-02,288,573,1.95
145,2026-03,203,354,1.85
145,2026-04,161,398,2.17
145,2026-05,265,538,2.05
145,2026-06,140,306,1.95
145,2026-07,183,367,1.85
145,2026-08,252,563,2.17
146,2023-01,208,352,1.76
146,2023-02,131,217,1.67
146,2023-03,220,384,1.59
146,2023-04,147,259,1.86
146,2023-05,135,268,1.76
146,2023-06,100,150,1.67
146,2023-07,69,124,1.59
146,2023-08,247,483,1.86
146,2023-09,306,588,1.76
146,2023-10,181,287,1.67
146,2023-11,203,346,1.59
146,2023-12,160,268,1.86
146,2024-01,166,301,1.76
146,2024-02,121,205,1.67
146,2024-03,388,590,1.59
146,2024-04,214,365,1.86
146,2024-05,174,314,1.76
146,2024-06,146,227,1.67
146,2024-07,122,179,1.59
146,2024-08,122,239,1.86
146,2024-09,235,468,1.76
146,2024-10,269,406,1.67
146,2024-11,292,424,1.59
146,2024-12,114,214,1.86
146,2025-01,267,468,1.76
146,2025-02,179,309,1.67
146,2025-03,235,335,1.59
146,2025-04,399,691,1.86
146,2025-05,186,328,1.76
146,2025-06,204,349,1.67
146,2025-07,160,238,1.59
146,2025-08,146,307,1.86
146,2025-09,178,342,1.76
146,2025-10,424,648,1.67
146,2025-11,332,478,1.59
146,2025-12,203,354,1.86
146,2026-01,209,391,1.76
146,2026-02,238,436,1.67
146,2026-03,336,563,1.59
146,2026-04,262,518,1.86
146,2026-05,221,370,1.76
146,2026-06,161,267,1.67
146,2026-07,167,259,1.59
146,2026-08,225,423,1.86
147,2023-01,147,133,0.88
147,2023-02,194,160,0.83
147,2023-03,258,189,0.79
147,2023-04,210,179,0.93
147,2023-05,219,206,0.88
147,2023-06,301,232,0.83
147,2023-07,100,82,0.79
147,2023-08,69,68,0.93
147,2023-09,265,236,0.88
147,2023-10,193,177,0.83
147,2023-11,213,175,0.79
147,2023-12,166,165,0.93
147,2024-01,215,172,0.88
147,2024-02,219,165,0.83
147,2024-03,260,214,0.79
147,2024-04,272,247,0.93
147,2024-05,110,103,0.88
147,2024-06,213,184,0.83
147,2024-07,138,98,0.79
147,2024-08,231,198,0.93
147,2024-09,192,166,0.88
147,2024-10,239,194,0.83
147,2024-11,256,183,0.79
147,2024-12,248,247,0.93
147,2025-01,181,179,0.88
147,2025-02,246,187,0.83
147,2025-03,252,190,0.79
147,2025-04,264,265,0.93
147,2025-05,217,184,0.88
147,2025-06,263,207,0.83
147,2025-07,255,200,0.79
147,2025-08,169,170,0.93
147,2025-09,180,168,0.88
147,2025-10,247,185,0.83
147,2025-11,311,234,0.79
147,2025-12,401,380,0.93
147,2026-01,160,141,0.88
147,2026-02,244,189,0.83
147,2026-03,318,283,0.79
147,2026-04,212,198,0.93
147,2026-05,209,176,0.88
147,2026-06,154,124,0.83
147,2026-07,241,200,0.79
147,2026-08,151,159,0.93
148,2023-01,111,224,2.05
148,2023-02,241,495,1.95
148,2023-03,214,433,1.85
148,2023-04,259,530,2.17
148,2023-05,195,413,2.05
148,2023-06,148,265,1.95
148,2023-07,196,389,1.85
148,2023-08,105,252,2.17
148,2023-09,204,403,2.05
148,2023-10,183,360,1.95
148,2023-11,157,309,1.85
148,2023-12,169,404,2.17
148,2024-01,168,329,2.05
148,2024-02,159,319,1.95
148,2024-03,217,439,1.85
148,2024-04,180,411,2.17
148,2024-05,144,296,2.05
148,2024-06,122,228,1.95
148,2024-07,158,287,1.85
148,2024-08,246,478,2.17
148,2024-09,209,458,2.05
148,2024-10,280,569,1.95
148,2024-11,260,541,1.85
148,2024-12,288,628,2.17
148,2025-01,283,549,2.05
148,2025-02,248,444,1.95
148,2025-03,352,659,1.85
148,2025-04,244,493,2.17
148,2025-05,145,267,2.05
148,2025-06,275,565,1.95
148,2025-07,147,285,1.85
148,2025-08,327,665,2.17
148,2025-09,274,534,2.05
148,2025-10,315,610,1.95
148,2025-11,297,519,1.85
148,2025-12,192,372,2.17
148,2026-01,153,310,2.05
148,2026-02,184,374,1.95
148,2026-03,236,413,1.85
148,2026-04,239,483,2.17
148,2026-05,230,434,2.05
148,2026-06,184,394,1.95
148,2026-07,58,120,1.85
148,2026-08,217,437,2.17
149,2023-01,202,393,1.76
149,2023-02,184,304,1.67
149,2023-03,135,230,1.59
149,2023-04,283,552,1.86
149,2023-05,232,423,1.76
149,2023-06,108,200,1.67
149,2023-07,118,202,1.59
149,2023-08,159,320,1.86
149,2023-09,233,419,1.76
149,2023-10,464,720,1.67
149,2023-11,233,384,1.59
149,2023-12,158,330,1.86
149,2024-01,204,402,1.76
149,2024-02,221,412,1.67
149,2024-03,162,257,1.59
149,2024-04,183,382,1.86
149,2024-05,286,456,1.76
149,2024-06,135,205,1.67
149,2024-07,77,130,1.59
149,2024-08,117,246,1.86
149,2024-09,208,398,1.76
149,2024-10,350,536,1.67
149,2024-11,259,373,1.59
149,2024-12,247,486,1.86
149,2025-01,226,391,1.76
149,2025-02,261,483,1.67
149,2025-03,276,446,1.59
149,2025-04,162,280,1.86
149,2025-05,221,409,1.76
149,2025-06,151,272,1.67
149,2025-07,174,313,1.59
149,2025-08,193,401,1.86
149,2025-09,223,365,1.76
149,2025-10,334,504,1.67
149,2025-11,309,527,1.59
149,2025-12,208,391,1.86
149,2026-01,329,544,1.76
149,2026-02,181,334,1.67
149,2026-03,223,402,1.59
149,2026-04,238,402,1.86
149,2026-05,244,468,1.76
149,2026-06,160,289,1.67
149,2026-07,220,371,1.59
149,2026-08,177,315,1.86
150,2023-01,324,447,1.54
150,2023-02,117,155,1.46
150,2023-03,181,225,1.39
150,2023-04,167,290,1.63
150,2023-05,109,177,1.54
150,2023-06,92,120,1.46
150,2023-07,87,119,1.39
150,2023-08,122,197,1.63
150,2023-09,240,381,1.54
150,2023-10,323,507,1.46
150,2023-11,200,288,1.39
150,2023-12,273,460,1.63
150,2024-01,246,384,1.54
150,2024-02,165,229,1.46
150,2024-03,270,371,1.39
150,2024-04,295,468,1.63
150,2024-05,124,188,1.54
150,2024-06,154,232,1.46
150,2024-07,112,157,1.39
150,2024-08,160,246,1.63
150,2024-09,163,276,1.54
150,2024-10,238,348,1.46
150,2024-11,385,500,1.39
150,2024-12,314,471,1.63
150,2025-01,259,367,1.54
150,2025-02,187,260,1.46
150,2025-03,325,421,1.39
150,2025-04,315,527,1.63
150,2025-05,231,328,1.54
150,2025-06,133,188,1.46
150,2025-07,282,364,1.39
150,2025-08,215,320,1.63
150,2025-09,232,345,1.54
150,2025-10,280,428,1.46
150,2025-11,293,401,1.39
150,2025-12,311,458,1.63
150,2026-01,307,428,1.54
150,2026-02,236,386,1.46
150,2026-03,443,612,1.39
150,2026-04,199,365,1.63
150,2026-05,147,223,1.54
150,2026-06,162,212,1.46
150,2026-07,164,224,1.39
150,2026-08,241,403,1.63
151,2023-01,153,265,1.54
151,2023-02,218,313,1.46
151,2023-03,316,426,1.39
151,2023-04,274,476,1.63
151,2023-05,138,227,1.54
151,2023-06,196,320,1.46
151,2023-07,86,124,1.39
151,2023-08,120,220,1.63
151,2023-09,236,398,1.54
151,2023-10,199,270,1.46
151,2023-11,209,271,1.39
151,2023-12,117,204,1.63
151,2024-01,292,404,1.54
151,2024-02,233,339,1.46
151,2024-03,272,392,1.39
151,2024-04,258,399,1.63
151,2024-05,172,253,1.54
151,2024-06,272,377,1.46
151,2024-07,106,138,1.39
151,2024-08,215,326,1.63
151,2024-09,412,570,1.54
151,2024-10,302,453,1.46
151,2024-11,216,283,1.39
151,2024-12,140,258,1.63
151,2025-01,282,424,1.54
151,2025-02,183,283,1.46
151,2025-03,297,408,1.39
151,2025-04,198,354,1.63
151,2025-05,182,259,1.54
151,2025-06,164,238,1.46
151,2025-07,310,410,1.39
151,2025-08,154,277,1.63
151,2025-09,182,304,1.54
151,2025-10,264,373,1.46
151,2025-11,209,286,1.39
151,2025-12,267,390,1.63
151,2026-01,242,411,1.54
151,2026-02,190,316,1.46
151,2026-03,261,353,1.39
151,2026-04,291,481,1.63
151,2026-05,205,338,1.54
151,2026-06,99,145,1.46
151,2026-07,229,336,1.39
151,2026-08,187,341,1.63
152,2023-01,261,345,1.37
152,2023-02,99,132,1.30
152,2023-03,302,410,1.23
152,2023-04,129,183,1.45
152,2023-05,230,325,1.37
152,2023-06,178,212,1.30
152,2023-07,72,99,1.23
152,2023-08,174,236,1.45
152,2023-09,204,274,1.37
152,2023-10,401,490,1.30
152,2023-11,261,325,1.23
152,2023-12,259,336,1.45
152,2024-01,142,210,1.37
152,2024-02,155,194,1.30
152,2024-03,285,365,1.23
152,2024-04,260,338,1.45
152,2024-05,187,230,1.37
152,2024-06,164,205,1.30
152,2024-07,152,207,1.23
152,2024-08,159,235,1.45
152,2024-09,182,247,1.37
152,2024-10,232,334,1.30
152,2024-11,316,383,1.23
152,2024-12,237,351,1.45
152,2025-01,237,308,1.37
152,2025-02,325,413,1.30
152,2025-03,298,336,1.23
152,2025-04,241,322,1.45
152,2025-05,206,315,1.37
152,2025-06,220,273,1.30
152,2025-07,136,184,1.23
152,2025-08,220,304,1.45
152,2025-09,133,171,1.37
152,2025-10,483,573,1.30
152,2025-11,209,267,1.23
152,2025-12,332,467,1.45
152,2026-01,314,471,1.37
152,2026-02,245,314,1.30
152,2026-03,247,332,1.23
152,2026-04,326,459,1.45
152,2026-05,331,511,1.37
152,2026-06,297,375,1.30
152,2026-07,277,307,1.23
152,2026-08,211,296,1.45
153,2023-01,299,275,1.03
153,2023-02,181,178,0.97
153,2023-03,240,210,0.93
153,2023-04,262,291,1.09
153,2023-05,114,133,1.03
153,2023-06,162,142,0.97
153,2023-07,135,126,0.93
153,2023-08,149,167,1.09
153,2023-09,232,232,1.03
153,2023-10,300,308,0.97
153,2023-11,235,195,0.93
153,2023-12,208,252,1.09
153,2024-01,187,200,1.03
153,2024-02,225,205,0.97
153,2024-03,204,178,0.93
153,2024-04,216,236,1.09
153,2024-05,233,230,1.03
153,2024-06,158,149,0.97
153,2024-07,140,131,0.93
153,2024-08,160,183,1.09
153,2024-09,177,201,1.03
153,2024-10,239,234,0.97
153,2024-11,266,243,0.93
153,2024-12,218,257,1.09
153,2025-01,214,223,1.03
153,2025-02,159,174,0.97
153,2025-03,270,271,0.93
153,2025-04,232,279,1.09
153,2025-05,314,308,1.03
153,2025-06,278,256,0.97
153,2025-07,153,138,0.93
153,2025-08,212,230,1.09
153,2025-09,205,235,1.03
153,2025-10,280,285,0.97
153,2025-11,304,291,0.93
153,2025-12,262,290,1.09
153,2026-01,280,314,1.03
153,2026-02,359,313,0.97
153,2026-03,273,236,0.93
153,2026-04,251,296,1.09
153,2026-05,246,239,1.03
153,2026-06,182,198,0.97
153,2026-07,243,222,0.93
153,2026-08,130,150,1.09
154,2023-01,254,217,0.95
154,2023-02,121,102,0.90
154,2023-03,127,121,0.85
154,2023-04,306,278,1.00
154,2023-05,127,109,0.95
154,2023-06,179,156,0.90
154,2023-07,192,157,0.85
154,2023-08,173,169,1.00
154,2023-09,280,241,0.95
154,2023-10,310,252,0.90
154,2023-11,310,244,0.85
154,2023-12,232,229,1.00
154,2024-01,150,127,0.95
154,2024-02,284,288,0.90
154,2024-03,275,263,0.85
154,2024-04,312,311,1.00
154,2024-05,179,157,0.95
154,2024-06,207,183,0.90
154,2024-07,173,145,0.85
154,2024-08,160,159,1.00
154,2024-09,226,224,0.95
154,2024-10,322,282,0.90
154,2024-11,222,189,0.85
154,2024-12,280,258,1.00
154,2025-01,226,193,0.95
154,2025-02,110,110,0.90
154,2025-03,232,179,0.85
154,2025-04,338,320,1.00
154,2025-05,157,155,0.95
154,2025-06,135,114,0.90
154,2025-07,119,96,0.85
154,2025-08,199,218,1.00
154,2025-09,200,190,0.95
154,2025-10,291,238,0.90
154,2025-11,299,266,0.85
154,2025-12,252,250,1.00
154,2026-01,219,201,0.95
154,2026-02,228,193,0.90
154,2026-03,272,260,0.85
154,2026-04,232,260,1.00
154,2026-05,156,159,0.95
154,2026-06,278,257,0.90
154,2026-07,233,199,0.85
154,2026-08,163,185,1.00
