tx_ref,agent_code,client_phone,montant_xof,type_op,statut,date_op,commission,canal,id_export
TX0000001,AG01,776 24 75 042,1513,out,echec,2026-01-01,15.0,USSD,1
TX0000002,AG19,+226 757 22 91 954,3369,out,ok,2026-01-01,34.0,app,2
TX0000003,AG13,7453986732,-1817,in,REUSSI,2026-01-01,59.0,USSD,3
TX0000004,AG05,+226 748 73 47 151,907,in,OK,2026-01-01,23.0,USSD,4
TX0000005,AG03,741 71 48 406,1000000000,in,Reussie,2026-01-01,83.0,USSD,5
TX0000006,AG11,7998804116,4322,in,ok,2026-01-01,108.0,USSD,6
TX0000007,AG16,713 54 48 267,1458,in,REUSSI,2026-01-01,36.0,USSD,7
TX0000008,AG10,701 16 98 827,-4555,out,Reussie,2026-01-01,2.0,Agent,8
TX0000009,AG17,+226 753 84 03 128,-3274,out,ok,2026-01-01,64.0,Agent,9
TX0000010,AG17,+226 769 75 56 536,-685,out,REUSSI,2026-01-01,22.0,USSD,10
TX0000011,AG19,742 67 19 011,1000000000,in,echec,2026-01-01,63.0,USSD,11
TX0000012,AG17,+226 734 76 92 797,-2927,in,Reussie,2026-01-01,59.0,USSD,12
TX0000013,AG15,7711915985,7549,in,Reussie,2026-01-01,189.0,Agent,13
TX0000014,AG04,+226 776 77 99 744,2081,out,echec,2026-01-01,21.0,Agent,14
TX0000015,AG20,7240762321,2638,in,Echouee,2026-01-01,66.0,USSD,15
TX0000016,AG04,7810043415,3827,out,REUSSI,2026-01-01,38.0,USSD,16
TX0000017,AG01,7389232947,2593,in,OK,2026-01-01,65.0,Agent,17
TX0000018,AG16,745 20 57 517,3264,in,echec,2026-01-01,82.0,app,18
TX0000019,AG14,758 94 76 037,4005,in,Reussie,2026-01-01,100.0,USSD,19
TX0000020,AG13,+226 787 90 17 991,1148,in,ok,2026-01-01,29.0,USSD,20
TX0000021,AG17,7143976945,7319,out,ok,2026-01-01,73.0,Agent,21
TX0000022,AG10,+226 709 76 88 374,8794,in,Echouee,2026-01-01,220.0,USSD,22
TX0000023,AG11,7811395357,685,out,OK,2026-01-01,7.0,Agent,23
TX0000024,AG16,736 84 65 148,5847,in,OK,2026-01-01,146.0,USSD,24
TX0000025,AG12,+226 706 99 72 921,3935,in,OK,2026-01-01,98.0,Agent,25
TX0000026,AG03,+226 791 49 02 654,1602,in,echec,2026-01-01,40.0,Agent,26
TX0000027,AG13,771 26 94 603,3442,in,echec,2026-01-01,86.0,Agent,27
TX0000028,AG01,764 18 42 703,6138,out,ok,2026-01-01,61.0,Agent,28
TX0000029,AG08,+226 766 34 28 103,1711,in,OK,2026-01-01,43.0,app,29
TX0000030,AG14,722 46 15 010,1785,out,ok,2026-01-01,18.0,Agent,30
TX0000031,AG15,+226 725 85 49 809,2182,out,REUSSI,2026-01-01,22.0,Agent,31
TX0000032,AG03,+226 760 37 91 399,6084,in,echec,2026-01-01,152.0,USSD,32
TX0000033,AG12,775 61 76 352,6414,out,REUSSI,2026-01-01,64.0,Agent,33
TX0000034,AG12,+226 742 52 93 564,2914,in,ok,2026-01-01,73.0,Agent,34
TX0000035,AG11,796 89 94 448,507,in,Echouee,2026-01-01,13.0,USSD,35
TX0000036,AG02,+226 783 74 28 487,3866,in,ok,2026-01-01,97.0,Agent,36
TX0000037,AG18,7957546961,6970,in,OK,2026-01-01,174.0,USSD,37
TX0000038,AG17,+226 751 06 83 571,7493,in,ok,2026-01-01,187.0,Agent,38
TX0000039,AG20,733 20 17 101,7841,in,REUSSI,2026-01-01,196.0,app,39
TX0000040,AG07,770 74 17 990,186,out,REUSSI,2026-01-01,2.0,app,40
TX0000041,AG18,770 87 59 270,7081,in,Reussie,2026-01-01,177.0,Agent,41
TX0000042,AG13,+226 760 57 58 068,7667,in,OK,2026-01-01,192.0,USSD,42
TX0000043,AG02,7102110326,2834,out,ok,2026-01-01,28.0,USSD,43
TX0000044,AG10,7818122627,6018,in,ok,2026-01-01,150.0,USSD,44
TX0000045,AG05,786 80 37 850,2310,in,ok,2026-01-01,58.0,Agent,45
TX0000046,AG15,+226 743 62 57 416,458,out,echec,2026-01-01,5.0,USSD,46
TX0000047,AG06,7443323953,8359,out,REUSSI,2026-01-01,84.0,Agent,47
TX0000048,AG16,724 42 57 044,1359,out,OK,2026-01-01,14.0,USSD,48
TX0000049,AG11,+226 747 03 75 328,1426,out,Reussie,2026-01-01,14.0,Agent,49
TX0000050,AG05,+226 732 95 38 032,735,in,OK,2026-01-01,18.0,USSD,50
TX0000051,AG04,7543249896,8285,in,ok,2026-01-01,207.0,Agent,51
TX0000052,AG13,+226 798 22 73 283,2560,in,echec,2026-01-01,64.0,USSD,52
TX0000053,AG19,+226 727 96 90 348,2198,out,echec,2026-01-01,22.0,USSD,53
TX0000054,AG03,+226 772 34 61 734,662,out,REUSSI,2026-01-01,7.0,Agent,54
TX0000055,AG13,7186816222,2202,out,Reussie,2026-01-01,22.0,Agent,55
TX0000056,AG16,7710691002,2863,out,Echouee,2026-01-01,29.0,Agent,56
TX0000057,AG05,748 80 02 886,7628,in,OK,2026-01-01,191.0,Agent,57
TX0000058,AG16,7996442082,858,in,OK,2026-01-01,21.0,USSD,58
TX0000059,AG01,761 29 32 410,801,out,ok,2026-01-01,8.0,USSD,59
TX0000060,AG06,+226 705 29 46 560,418,out,ok,2026-01-02,4.0,Agent,60
TX0000061,AG02,+226 737 77 84 967,894,in,OK,2026-01-02,22.0,USSD,61
TX0000062,AG16,+226 730 17 75 078,671,in,ok,2026-01-02,17.0,USSD,62
TX0000063,AG20,+226 721 69 51 259,1202,out,Echouee,2026-01-02,12.0,Agent,63
TX0000064,AG19,+226 738 34 85 923,2940,out,REUSSI,2026-01-02,29.0,Agent,64
TX0000065,AG07,7922729595,8228,in,ok,2026-01-02,206.0,USSD,65
TX0000066,AG17,+226 700 15 29 597,642,out,OK,2026-01-02,6.0,USSD,66
TX0000067,AG02,7434382302,5630,in,echec,2026-01-02,141.0,Agent,67
TX0000068,AG14,+226 779 27 20 876,1208,out,ok,2026-01-02,12.0,Agent,68
TX0000069,AG08,7599662799,2272,out,Echouee,2026-01-02,23.0,USSD,69
TX0000070,AG16,722 56 91 991,4064,in,Echouee,2026-01-02,102.0,Agent,70
TX0000071,AG05,+226 755 02 45 900,4529,in,OK,2026-01-02,113.0,Agent,71
TX0000072,AG13,7506081334,1362,in,echec,2026-01-02,34.0,USSD,72
TX0000073,AG09,+226 716 55 80 586,1867,out,Echouee,2026-01-02,19.0,Agent,73
TX0000074,AG12,+226 774 99 83 666,1399,out,echec,2026-01-02,14.0,Agent,74
TX0000075,AG19,+226 717 72 32 399,2204,in,REUSSI,2026-01-02,55.0,USSD,75
TX0000076,AG02,+226 762 88 11 680,1124,in,REUSSI,2026-01-02,28.0,Agent,76
TX0000077,AG14,754 10 63 927,1384,out,ok,2026-01-02,14.0,Agent,77
TX0000078,AG01,7655737671,4486,in,echec,2026-01-02,112.0,USSD,78
TX0000079,AG09,+226 792 03 78 960,3522,in,REUSSI,2026-01-02,88.0,Agent,79
TX0000080,AG05,+226 744 20 00 486,9807,out,Reussie,2026-01-02,98.0,Agent,80
TX0000081,AG07,724 01 46 102,3650,in,ok,2026-01-02,91.0,USSD,81
TX0000082,AG18,797 75 23 315,3311,in,OK,2026-01-02,83.0,Agent,82
TX0000083,AG11,717 35 18 756,1217,in,ok,2026-01-02,30.0,Agent,83
TX0000084,AG08,7376937920,2077,out,Reussie,2026-01-02,21.0,USSD,84
TX0000085,AG15,757 93 41 161,6327,in,REUSSI,2026-01-02,158.0,USSD,85
TX0000086,AG15,784 84 92 843,8470,out,Reussie,2026-01-02,85.0,Agent,86
TX0000087,AG03,7394259364,861,in,Reussie,2026-01-02,22.0,app,87
TX0000088,AG10,+226 780 34 90 697,2617,out,Reussie,2026-01-02,26.0,USSD,88
TX0000089,AG20,764 23 33 955,1173,out,OK,2026-01-02,12.0,USSD,89
TX0000090,AG14,787 02 22 854,2703,in,OK,2026-01-02,68.0,Agent,90
TX0000091,AG14,+226 722 86 64 473,1619,in,Echouee,2026-01-02,40.0,Agent,91
TX0000092,AG05,7755439551,660,in,echec,2026-01-02,16.0,USSD,92
TX0000093,AG17,+226 768 68 89 266,2754,in,OK,2026-01-02,69.0,Agent,93
TX0000094,AG08,7131290880,3059,out,OK,2026-01-02,31.0,Agent,94
TX0000095,AG17,+226 783 67 17 229,772,in,Reussie,2026-01-02,19.0,USSD,95
TX0000096,AG07,717 77 87 319,5518,out,REUSSI,2026-01-02,55.0,USSD,96
TX0000097,AG03,7407270704,1477,in,REUSSI,2026-01-02,37.0,USSD,97
TX0000098,AG05,741 19 80 786,3996,out,echec,2026-01-02,40.0,app,98
TX0000099,AG20,+226 799 39 07 645,1756,out,Reussie,2026-01-02,18.0,Agent,99
TX0000100,AG18,727 16 65 221,3144,out,ok,2026-01-02,31.0,Agent,100
TX0000101,AG20,+226 752 04 50 188,7083,in,ok,2026-01-02,177.0,Agent,101
TX0000102,AG07,713 80 00 994,3797,in,ok,2026-01-02,95.0,USSD,102
TX0000103,AG04,+226 760 17 77 350,3729,in,OK,2026-01-02,93.0,Agent,103
TX0000104,AG06,+226 715 74 54 719,2293,out,echec,2026-01-02,23.0,Agent,104
TX0000105,AG15,+226 777 43 80 065,924,out,OK,2026-01-02,9.0,Agent,105
TX0000106,AG20,786 09 80 058,977,in,Reussie,2026-01-02,24.0,Agent,106
TX0000107,AG13,+226 773 71 87 585,1240,out,Echouee,2026-01-02,12.0,USSD,107
TX0000108,AG08,785 10 46 011,4278,in,Reussie,2026-01-02,107.0,Agent,108
TX0000109,AG16,7282128933,1952,in,REUSSI,2026-01-02,49.0,app,109
TX0000110,AG07,+226 734 14 67 066,2043,in,Reussie,2026-01-02,51.0,USSD,110
TX0000111,AG17,7825621411,2488,out,REUSSI,2026-01-02,25.0,Agent,111
TX0000112,AG04,724 81 59 079,8084,in,ok,2026-01-02,202.0,USSD,112
TX0000113,AG20,+226 747 43 01 821,1423,out,ok,2026-01-02,14.0,USSD,113
TX0000114,AG03,746 58 77 483,1063,in,Reussie,2026-01-02,27.0,USSD,114
TX0000115,AG13,709 60 04 184,4975,in,ok,2026-01-03,124.0,USSD,115
TX0000116,AG17,+226 720 46 49 277,2005,out,echec,2026-01-03,20.0,USSD,116
TX0000117,AG15,779 63 43 312,2042,out,Reussie,2026-01-03,20.0,Agent,117
TX0000118,AG16,7160072763,3679,in,OK,2026-01-03,,USSD,118
TX0000119,AG02,759 98 63 726,1602,in,REUSSI,2026-01-03,40.0,USSD,119
TX0000120,AG12,+226 728 28 23 809,1453,in,Reussie,2026-01-03,36.0,Agent,120
TX0000121,AG18,761 96 92 943,3102,in,echec,2026-01-03,78.0,USSD,121
TX0000122,AG02,783 13 18 040,1355,in,OK,2026-01-03,34.0,Agent,122
TX0000123,AG01,732 27 67 210,3935,in,ok,2026-01-03,98.0,Agent,123
TX0000124,AG02,7258183385,1999,out,OK,2026-01-03,20.0,app,124
TX0000125,AG02,+226 776 40 48 867,4336,in,REUSSI,2026-01-03,108.0,USSD,125
TX0000126,AG06,+226 777 88 10 359,9272,in,ok,2026-01-03,232.0,Agent,126
TX0000127,AG03,+226 794 29 24 785,994,out,echec,2026-01-03,10.0,Agent,127
TX0000128,AG18,7053943219,4001,in,REUSSI,2026-01-03,100.0,USSD,128
TX0000129,AG02,781 46 17 597,2322,out,OK,2026-01-03,23.0,USSD,129
TX0000130,AG01,+226 742 74 11 692,1970,in,ok,2026-01-03,49.0,Agent,130
TX0000131,AG20,772 90 62 241,8919,in,Reussie,2026-01-03,223.0,Agent,131
TX0000132,AG18,791 46 58 249,1178,in,echec,2026-01-03,29.0,USSD,132
TX0000133,AG10,+226 722 32 33 366,2692,out,ok,2026-01-03,27.0,Agent,133
TX0000134,AG09,+226 719 47 00 152,280,in,echec,2026-01-03,7.0,Agent,134
TX0000135,AG06,+226 724 33 26 286,2121,in,Reussie,2026-01-03,53.0,USSD,135
TX0000136,AG04,+226 744 11 93 314,710,in,ok,2026-01-03,18.0,Agent,136
TX0000137,AG01,+226 763 56 85 533,2160,out,ok,2026-01-03,22.0,Agent,137
TX0000138,AG14,+226 747 34 13 702,4445,out,REUSSI,2026-01-03,44.0,USSD,138
TX0000139,AG05,+226 784 84 16 635,824,out,OK,2026-01-03,8.0,USSD,139
TX0000140,AG06,772 53 22 295,4171,in,echec,2026-01-03,104.0,Agent,140
TX0000141,AG16,+226 714 95 73 989,23395,out,OK,2026-01-03,234.0,USSD,141
TX0000142,AG20,740 26 78 559,7389,in,REUSSI,2026-01-03,185.0,Agent,142
TX0000143,AG20,+226 725 15 29 979,1905,out,Echouee,2026-01-03,19.0,Agent,143
TX0000144,AG12,787 99 59 904,5362,out,Echouee,2026-01-03,54.0,USSD,144
TX0000145,AG05,749 03 39 608,5198,out,ok,2026-01-03,52.0,Agent,145
TX0000146,AG07,720 50 18 445,2156,in,OK,2026-01-03,54.0,Agent,146
TX0000147,AG15,775 29 85 849,963,out,echec,2026-01-03,10.0,Agent,147
TX0000148,AG20,7264136027,2248,out,Reussie,2026-01-04,22.0,Agent,148
TX0000149,AG13,747 32 08 687,5762,out,OK,2026-01-04,58.0,Agent,149
TX0000150,AG03,748 65 95 753,3218,out,REUSSI,2026-01-04,32.0,Agent,150
TX0000151,AG18,7741320030,1284,in,REUSSI,2026-01-04,32.0,app,151
TX0000152,AG14,7321860300,970,out,Reussie,2026-01-04,10.0,USSD,152
TX0000153,AG09,732 94 40 867,2265,in,echec,2026-01-04,57.0,Agent,153
TX0000154,AG07,763 83 60 035,1106,out,REUSSI,2026-01-05,11.0,Agent,154
TX0000155,AG10,+226 767 55 08 042,7206,in,REUSSI,2026-01-05,180.0,USSD,155
TX0000156,AG08,700 74 63 135,1397,in,ok,2026-01-05,35.0,USSD,156
TX0000157,AG14,7173518209,515,out,Echouee,2026-01-05,5.0,Agent,157
TX0000158,AG09,774 72 11 923,3606,in,OK,2026-01-05,90.0,USSD,158
TX0000159,AG09,+226 787 40 32 377,671,in,ok,2026-01-05,17.0,USSD,159
TX0000160,AG03,730 74 45 460,3626,in,OK,2026-01-05,91.0,app,160
TX0000161,AG20,701 67 42 895,1731,in,echec,2026-01-05,43.0,Agent,161
TX0000162,AG12,7355771157,5662,out,ok,2026-01-05,57.0,Agent,162
TX0000163,AG11,+226 796 55 37 447,1702,in,OK,2026-01-05,43.0,USSD,163
TX0000164,AG19,+226 728 79 87 443,3288,in,Reussie,2026-01-05,82.0,USSD,164
TX0000165,AG09,+226 715 83 67 146,10098,out,REUSSI,2026-01-05,101.0,USSD,165
TX0000166,AG06,+226 710 49 12 794,1739,in,OK,2026-01-05,43.0,USSD,166
TX0000167,AG11,749 19 78 367,8441,out,ok,2026-01-05,84.0,Agent,167
TX0000168,AG01,731 51 71 647,2126,in,REUSSI,2026-01-05,53.0,Agent,168
TX0000169,AG04,718 20 93 697,1237,in,Reussie,2026-01-05,31.0,USSD,169
TX0000170,AG20,+226 768 03 89 413,2960,out,Reussie,2026-01-05,30.0,Agent,170
TX0000171,AG06,760 36 02 407,1153,in,Reussie,2026-01-05,29.0,USSD,171
TX0000172,AG02,713 39 97 932,2325,in,ok,2026-01-05,58.0,USSD,172
TX0000173,AG14,+226 732 17 30 186,3764,in,OK,2026-01-05,94.0,Agent,173
TX0000174,AG05,713 54 29 977,2126,in,ok,2026-01-05,53.0,Agent,174
TX0000175,AG05,+226 784 09 43 066,1724,out,echec,2026-01-05,17.0,app,175
TX0000176,AG06,704 54 10 753,1307,in,Reussie,2026-01-05,33.0,app,176
TX0000177,AG02,777 07 19 444,2408,in,OK,2026-01-05,60.0,Agent,177
TX0000178,AG12,7385780547,2352,out,Reussie,2026-01-05,24.0,Agent,178
TX0000179,AG07,7297381719,7133,in,REUSSI,2026-01-05,178.0,app,179
TX0000180,AG11,709 68 33 759,1888,out,ok,2026-01-05,19.0,Agent,180
TX0000181,AG15,743 06 40 326,15902,out,REUSSI,2026-01-05,159.0,USSD,181
TX0000182,AG02,+226 759 07 63 163,618,in,ok,2026-01-05,15.0,app,182
TX0000183,AG07,+226 769 20 11 910,10463,out,ok,2026-01-05,105.0,USSD,183
TX0000184,AG13,7797915492,3452,in,Reussie,2026-01-05,86.0,USSD,184
TX0000185,AG17,727 23 38 346,2017,out,echec,2026-01-05,20.0,USSD,185
TX0000186,AG15,736 88 33 003,4323,out,OK,2026-01-05,43.0,USSD,186
TX0000187,AG05,771 81 36 775,4223,out,OK,2026-01-05,42.0,Agent,187
TX0000188,AG15,723 34 08 361,1078,in,REUSSI,2026-01-05,27.0,Agent,188
TX0000189,AG08,+226 781 85 39 071,1825,in,ok,2026-01-05,46.0,USSD,189
TX0000190,AG19,705 23 05 299,1832,in,Reussie,2026-01-05,46.0,Agent,190
TX0000191,AG09,+226 703 92 80 487,6752,out,Reussie,2026-01-05,68.0,USSD,191
TX0000192,AG06,714 31 85 704,3404,in,Echouee,2026-01-05,85.0,Agent,192
TX0000193,AG19,7854461441,5373,out,OK,2026-01-05,54.0,app,193
TX0000194,AG07,+226 757 74 44 353,2818,in,Reussie,2026-01-05,70.0,Agent,194
TX0000195,AG13,+226 754 29 83 777,10652,out,Reussie,2026-01-05,107.0,USSD,195
TX0000196,AG16,+226 790 50 18 633,4801,out,Reussie,2026-01-05,48.0,app,196
TX0000197,AG02,724 79 42 128,1509,out,OK,2026-01-05,15.0,Agent,197
TX0000198,AG20,715 28 11 632,1670,out,ok,2026-01-05,17.0,USSD,198
TX0000199,AG02,+226 738 06 47 940,5309,out,REUSSI,2026-01-05,53.0,USSD,199
TX0000200,AG16,+226 740 27 15 943,1928,in,REUSSI,2026-01-05,48.0,Agent,200
TX0000201,AG18,748 18 46 423,1782,in,Reussie,2026-01-05,45.0,Agent,201
TX0000202,AG09,7308709999,3671,in,Reussie,2026-01-05,92.0,Agent,202
TX0000203,AG20,+226 768 78 13 120,1809,out,ok,2026-01-05,18.0,app,203
TX0000204,AG14,7295632316,1998,out,OK,2026-01-05,20.0,Agent,204
TX0000205,AG01,+226 768 83 48 605,1089,out,Reussie,2026-01-05,11.0,USSD,205
TX0000206,AG09,763 78 36 930,1576,in,Echouee,2026-01-05,39.0,Agent,206
TX0000207,AG18,782 31 39 991,2552,in,Echouee,2026-01-05,64.0,Agent,207
TX0000208,AG17,715 94 94 450,2365,out,REUSSI,2026-01-05,24.0,USSD,208
TX0000209,AG10,7710723755,16638,in,ok,2026-01-05,416.0,USSD,209
TX0000210,AG10,+226 732 47 15 739,317,out,REUSSI,2026-01-05,3.0,Agent,210
TX0000211,AG15,7434795969,1235,out,Echouee,2026-01-05,12.0,USSD,211
TX0000212,AG06,+226 778 09 81 611,3815,in,REUSSI,2026-01-05,95.0,Agent,212
TX0000213,AG18,7862638692,2664,out,Reussie,2026-01-05,27.0,USSD,213
TX0000214,AG06,+226 727 93 33 176,514,in,echec,2026-01-05,13.0,app,214
TX0000215,AG12,773 60 04 760,1372,in,REUSSI,2026-01-05,34.0,USSD,215
TX0000216,AG01,7031171571,1081,in,Reussie,2026-01-05,27.0,Agent,216
TX0000217,AG15,7567841852,9123,out,OK,2026-01-05,91.0,Agent,217
TX0000218,AG16,+226 741 65 83 134,2016,out,REUSSI,2026-01-05,20.0,app,218
TX0000219,AG05,+226 764 82 76 779,1902,out,echec,2026-01-05,19.0,Agent,219
TX0000220,AG07,783 21 61 253,4310,in,REUSSI,2026-01-05,108.0,Agent,220
TX0000221,AG01,7000585656,37122,in,Reussie,2026-01-05,928.0,USSD,221
TX0000222,AG01,712 84 57 538,12272,in,OK,2026-01-05,307.0,USSD,222
TX0000223,AG20,+226 704 98 04 912,1075,in,REUSSI,2026-01-05,27.0,Agent,223
TX0000224,AG03,765 59 65 285,1612,out,REUSSI,2026-01-05,16.0,Agent,224
TX0000225,AG09,7983193162,1055,in,REUSSI,2026-01-05,26.0,Agent,225
TX0000226,AG02,+226 765 33 02 109,1683,in,echec,2026-01-05,42.0,Agent,226
TX0000227,AG14,708 59 75 848,927,in,Reussie,2026-01-05,23.0,Agent,227
TX0000228,AG09,+226 759 68 36 658,13522,out,Reussie,2026-01-05,135.0,app,228
TX0000229,AG09,7973748909,3313,out,Reussie,2026-01-05,33.0,Agent,229
TX0000230,AG06,798 24 04 185,313,out,Echouee,2026-01-05,3.0,USSD,230
TX0000231,AG01,+226 779 99 85 553,765,out,Reussie,2026-01-05,8.0,app,231
TX0000232,AG09,747 69 56 767,1442,out,ok,2026-01-05,14.0,USSD,232
TX0000233,AG10,+226 739 68 09 232,889,in,OK,2026-01-05,22.0,Agent,233
TX0000234,AG07,7770994641,2271,out,OK,2026-01-05,23.0,Agent,234
TX0000235,AG13,719 00 01 946,1257,in,REUSSI,2026-01-05,31.0,USSD,235
TX0000236,AG14,773 86 37 533,7153,in,OK,2026-01-05,179.0,USSD,236
TX0000237,AG02,+226 787 95 21 076,3895,out,Reussie,2026-01-05,39.0,USSD,237
TX0000238,AG09,7207526079,6880,in,Reussie,2026-01-05,172.0,Agent,238
TX0000239,AG08,774 03 04 847,3393,out,ok,2026-01-05,34.0,app,239
TX0000240,AG01,+226 768 78 58 404,4396,in,Echouee,2026-01-05,110.0,Agent,240
TX0000241,AG13,+226 750 02 00 174,7146,in,ok,2026-01-05,179.0,USSD,241
TX0000242,AG11,+226 757 64 26 705,6406,in,Echouee,2026-01-05,160.0,USSD,242
TX0000243,AG03,7880996156,3737,in,Reussie,2026-01-05,93.0,Agent,243
TX0000244,AG13,+226 784 76 02 365,4987,out,Reussie,2026-01-05,50.0,Agent,244
TX0000245,AG10,+226 701 23 70 658,1061,in,ok,2026-01-05,27.0,Agent,245
TX0000246,AG04,766 85 58 394,1715,out,OK,2026-01-05,17.0,USSD,246
TX0000247,AG18,710 74 33 761,2371,in,Reussie,2026-01-05,59.0,Agent,247
TX0000248,AG08,+226 768 10 80 431,2527,in,REUSSI,2026-01-05,63.0,USSD,248
TX0000249,AG12,763 73 66 497,1681,in,Echouee,2026-01-05,42.0,USSD,249
TX0000250,AG19,798 24 04 488,345,out,OK,2026-01-05,3.0,USSD,250
TX0000251,AG11,+226 701 64 80 773,5662,out,echec,2026-01-05,57.0,USSD,251
TX0000252,AG06,+226 752 66 43 507,356,in,echec,2026-01-05,9.0,USSD,252
TX0000253,AG17,7260465058,6972,in,Reussie,2026-01-05,174.0,USSD,253
TX0000254,AG20,738 41 59 696,2175,in,Echouee,2026-01-05,54.0,USSD,254
TX0000255,AG16,+226 768 21 20 893,2140,in,echec,2026-01-05,54.0,USSD,255
TX0000256,AG19,717 52 36 620,20913,out,Reussie,2026-01-05,209.0,app,256
TX0000257,AG14,7484143738,1935,in,OK,2026-01-05,48.0,Agent,257
TX0000258,AG12,+226 737 13 20 230,6526,out,OK,2026-01-05,65.0,app,258
TX0000259,AG18,779 87 37 112,1865,out,OK,2026-01-05,19.0,Agent,259
TX0000260,AG13,7665863236,1791,out,echec,2026-01-05,18.0,Agent,260
TX0000261,AG18,7398001960,464,in,Reussie,2026-01-05,12.0,Agent,261
TX0000262,AG12,7483082415,3972,in,REUSSI,2026-01-05,99.0,Agent,262
TX0000263,AG10,793 38 96 618,1427,out,Reussie,2026-01-05,14.0,USSD,263
TX0000264,AG13,7370873917,1197,in,REUSSI,2026-01-06,30.0,USSD,264
TX0000265,AG14,+226 784 62 42 724,374,in,OK,2026-01-06,9.0,app,265
TX0000266,AG09,714 86 66 357,1185,in,REUSSI,2026-01-06,30.0,Agent,266
TX0000267,AG17,7532323396,6169,in,OK,2026-01-06,154.0,Agent,267
TX0000268,AG03,752 16 51 648,6280,in,Echouee,2026-01-06,157.0,app,268
TX0000269,AG13,+226 787 80 36 771,1137,out,REUSSI,2026-01-06,11.0,Agent,269
TX0000270,AG20,+226 776 78 34 981,3581,in,ok,2026-01-06,90.0,Agent,270
TX0000271,AG18,7930353143,3491,out,REUSSI,2026-01-06,35.0,USSD,271
TX0000272,AG13,700 95 20 372,3222,in,OK,2026-01-06,81.0,USSD,272
TX0000273,AG05,784 91 05 917,3493,out,OK,2026-01-06,35.0,USSD,273
TX0000274,AG09,+226 782 14 54 928,984,in,Reussie,2026-01-06,25.0,Agent,274
TX0000275,AG07,+226 760 39 75 349,1880,in,REUSSI,2026-01-06,47.0,Agent,275
TX0000276,AG06,+226 739 51 84 315,2894,in,echec,2026-01-06,72.0,USSD,276
TX0000277,AG13,+226 756 50 16 785,3410,in,ok,2026-01-06,85.0,USSD,277
TX0000278,AG14,762 09 99 786,1588,in,echec,2026-01-06,40.0,Agent,278
TX0000279,AG04,700 48 38 078,889,in,ok,2026-01-06,22.0,Agent,279
TX0000280,AG01,+226 766 32 55 583,2714,in,Echouee,2026-01-06,68.0,app,280
TX0000281,AG06,7072940509,3038,in,echec,2026-01-06,76.0,USSD,281
TX0000282,AG18,+226 744 59 71 005,749,in,Reussie,2026-01-06,19.0,USSD,282
TX0000283,AG17,+226 711 14 67 766,5178,in,REUSSI,2026-01-06,129.0,Agent,283
TX0000284,AG06,763 13 84 085,1499,in,Reussie,2026-01-06,37.0,Agent,284
TX0000285,AG09,7192907967,2817,out,echec,2026-01-06,28.0,Agent,285
TX0000286,AG01,+226 795 42 35 826,6317,in,OK,2026-01-06,158.0,USSD,286
TX0000287,AG04,+226 732 84 47 160,2188,in,ok,2026-01-06,55.0,Agent,287
TX0000288,AG12,757 81 51 737,7439,in,echec,2026-01-06,186.0,Agent,288
TX0000289,AG05,7025477264,3730,out,OK,2026-01-06,37.0,Agent,289
TX0000290,AG18,7547478209,6871,out,Reussie,2026-01-06,,USSD,290
TX0000291,AG10,7514432715,5708,in,REUSSI,2026-01-06,143.0,Agent,291
TX0000292,AG08,753 38 61 405,15791,out,OK,2026-01-06,158.0,Agent,292
TX0000293,AG11,+226 774 84 92 172,4931,in,Echouee,2026-01-06,123.0,USSD,293
TX0000294,AG03,775 79 34 562,6010,out,ok,2026-01-06,60.0,Agent,294
TX0000295,AG18,+226 751 93 60 814,3409,in,Reussie,2026-01-06,85.0,app,295
TX0000296,AG13,766 22 85 007,1329,in,REUSSI,2026-01-06,33.0,Agent,296
TX0000297,AG08,7007231075,3665,in,OK,2026-01-06,92.0,app,297
TX0000298,AG03,738 78 84 457,1652,in,OK,2026-01-06,41.0,USSD,298
TX0000299,AG08,+226 766 53 93 584,7704,out,REUSSI,2026-01-06,77.0,Agent,299
TX0000300,AG20,+226 704 09 15 490,2964,in,REUSSI,2026-01-06,74.0,Agent,300
TX0000301,AG05,7823357718,402,out,ok,2026-01-06,4.0,USSD,301
TX0000302,AG10,702 96 01 683,844,out,REUSSI,2026-01-06,8.0,Agent,302
TX0000303,AG17,+226 751 09 32 194,478,out,echec,2026-01-06,5.0,Agent,303
TX0000304,AG20,+226 705 78 57 334,3312,out,REUSSI,2026-01-06,33.0,app,304
TX0000305,AG13,+226 738 70 39 955,4301,out,OK,2026-01-06,43.0,Agent,305
TX0000306,AG20,7217371954,838,out,ok,2026-01-06,8.0,Agent,306
TX0000307,AG06,7923922888,5510,out,Reussie,2026-01-06,55.0,Agent,307
TX0000308,AG17,7373655997,378,out,OK,2026-01-06,4.0,Agent,308
TX0000309,AG17,7396822723,16873,in,echec,2026-01-06,422.0,USSD,309
TX0000310,AG18,+226 745 76 86 788,4365,out,Reussie,2026-01-06,44.0,USSD,310
TX0000311,AG19,+226 746 00 54 438,3087,in,OK,2026-01-06,77.0,Agent,311
TX0000312,AG07,+226 795 83 21 817,6306,in,OK,2026-01-06,158.0,Agent,312
TX0000313,AG11,734 54 70 621,10300,out,REUSSI,2026-01-06,103.0,USSD,313
TX0000314,AG01,+226 789 66 60 421,2479,out,echec,2026-01-06,25.0,Agent,314
TX0000315,AG11,+226 795 80 02 495,2029,in,echec,2026-01-06,51.0,Agent,315
TX0000316,AG03,+226 790 52 70 767,4511,in,REUSSI,2026-01-06,113.0,Agent,316
TX0000317,AG16,787 79 90 401,8253,out,OK,2026-01-06,83.0,Agent,317
TX0000318,AG20,7004569051,11512,in,OK,2026-01-06,288.0,Agent,318
TX0000319,AG16,7300752988,2611,out,OK,2026-01-06,26.0,Agent,319
TX0000320,AG03,+226 794 23 29 613,6709,in,REUSSI,2026-01-06,168.0,USSD,320
TX0000321,AG18,751 03 93 275,2512,out,Reussie,2026-01-06,25.0,Agent,321
TX0000322,AG06,+226 735 27 06 746,16346,out,REUSSI,2026-01-06,163.0,Agent,322
TX0000323,AG07,756 83 09 567,3277,out,Reussie,2026-01-06,33.0,Agent,323
TX0000324,AG18,7951245302,2023,out,echec,2026-01-06,20.0,USSD,324
TX0000325,AG03,719 80 15 094,3661,in,Reussie,2026-01-06,92.0,USSD,325
TX0000326,AG13,7972684951,862,in,REUSSI,2026-01-06,22.0,Agent,326
TX0000327,AG20,7472478721,1992,in,REUSSI,2026-01-06,50.0,Agent,327
TX0000328,AG20,+226 757 10 08 439,1338,in,ok,2026-01-07,33.0,USSD,328
TX0000329,AG03,728 53 10 929,1100,out,Reussie,2026-01-07,11.0,Agent,329
TX0000330,AG05,7145847514,8044,out,OK,2026-01-07,80.0,app,330
TX0000331,AG05,730 98 67 849,1004,out,REUSSI,2026-01-07,10.0,Agent,331
TX0000332,AG05,+226 765 08 22 183,1483,in,OK,2026-01-07,37.0,Agent,332
TX0000333,AG15,+226 742 84 05 105,3013,in,Reussie,2026-01-07,75.0,USSD,333
TX0000334,AG03,7004775586,11160,in,ok,2026-01-07,279.0,Agent,334
TX0000335,AG02,796 11 25 612,1702,in,ok,2026-01-07,43.0,USSD,335
TX0000336,AG09,7383148025,1490,in,ok,2026-01-07,37.0,app,336
TX0000337,AG06,753 95 21 429,1102,out,REUSSI,2026-01-07,11.0,Agent,337
TX0000338,AG04,+226 735 30 79 456,735,in,Reussie,2026-01-07,18.0,Agent,338
TX0000339,AG19,7071719626,1051,in,ok,2026-01-07,26.0,USSD,339
TX0000340,AG05,790 31 46 332,3392,out,ok,2026-01-07,34.0,Agent,340
TX0000341,AG02,770 80 33 334,1875,in,echec,2026-01-07,47.0,Agent,341
TX0000342,AG14,+226 741 65 69 128,1319,in,OK,2026-01-07,33.0,Agent,342
TX0000343,AG05,+226 736 13 93 175,2491,out,Reussie,2026-01-07,25.0,USSD,343
TX0000344,AG09,+226 719 10 67 698,1535,in,ok,2026-01-07,38.0,Agent,344
TX0000345,AG15,759 39 42 743,5071,in,Echouee,2026-01-07,127.0,app,345
TX0000346,AG10,+226 764 33 32 865,1875,in,Reussie,2026-01-07,47.0,Agent,346
TX0000347,AG16,739 74 60 995,876,out,ok,2026-01-07,9.0,USSD,347
TX0000348,AG08,+226 711 41 20 141,7513,out,REUSSI,2026-01-07,75.0,Agent,348
TX0000349,AG20,7623102237,1835,out,Reussie,2026-01-07,18.0,app,349
TX0000350,AG14,+226 752 36 13 915,7576,in,OK,2026-01-07,189.0,app,350
TX0000351,AG15,753 86 34 223,2340,in,REUSSI,2026-01-07,58.0,Agent,351
TX0000352,AG08,+226 792 51 46 228,3834,out,OK,2026-01-07,38.0,Agent,352
TX0000353,AG07,731 95 40 219,1341,out,ok,2026-01-07,13.0,Agent,353
TX0000354,AG08,742 42 24 712,2288,in,Echouee,2026-01-07,57.0,Agent,354
TX0000355,AG01,7285276724,1358,in,Reussie,2026-01-07,34.0,Agent,355
TX0000356,AG10,7238232743,6294,out,OK,2026-01-07,63.0,Agent,356
TX0000357,AG05,+226 782 90 65 758,1204,in,Reussie,2026-01-07,30.0,Agent,357
TX0000358,AG20,735 01 92 169,2034,in,ok,2026-01-07,51.0,app,358
TX0000359,AG12,+226 737 55 34 315,2552,out,REUSSI,2026-01-07,26.0,USSD,359
TX0000360,AG14,+226 724 13 59 009,2214,in,OK,2026-01-07,55.0,USSD,360
TX0000361,AG14,+226 795 31 50 967,9317,out,Reussie,2026-01-07,93.0,Agent,361
TX0000362,AG05,7899006639,3065,out,OK,2026-01-07,31.0,USSD,362
TX0000363,AG19,773 14 78 468,3086,in,Reussie,2026-01-07,77.0,Agent,363
TX0000364,AG15,+226 748 10 67 316,4047,out,OK,2026-01-07,40.0,USSD,364
TX0000365,AG02,+226 778 41 27 676,10950,out,Reussie,2026-01-07,110.0,Agent,365
TX0000366,AG12,7955452712,684,out,REUSSI,2026-01-07,7.0,Agent,366
TX0000367,AG19,+226 798 99 66 042,1504,in,Reussie,2026-01-07,38.0,USSD,367
TX0000368,AG19,792 55 38 529,22284,in,ok,2026-01-07,557.0,Agent,368
TX0000369,AG03,7367582648,927,out,Echouee,2026-01-07,9.0,app,369
TX0000370,AG03,704 77 95 104,19277,out,Echouee,2026-01-07,193.0,USSD,370
TX0000371,AG09,+226 742 63 84 549,20355,in,OK,2026-01-07,509.0,Agent,371
TX0000372,AG09,+226 743 72 38 353,3717,out,OK,2026-01-07,37.0,USSD,372
TX0000373,AG18,7984968421,1050,in,ok,2026-01-07,26.0,USSD,373
TX0000374,AG19,776 76 40 668,4324,in,REUSSI,2026-01-07,108.0,USSD,374
TX0000375,AG06,791 43 88 496,874,out,REUSSI,2026-01-07,9.0,Agent,375
TX0000376,AG10,767 29 87 443,2597,in,Reussie,2026-01-07,65.0,Agent,376
TX0000377,AG14,735 84 88 054,10295,out,OK,2026-01-07,103.0,Agent,377
TX0000378,AG12,709 32 03 569,3613,out,Reussie,2026-01-07,36.0,Agent,378
TX0000379,AG08,774 09 30 278,4652,in,REUSSI,2026-01-07,116.0,app,379
TX0000380,AG13,739 55 50 948,3240,out,OK,2026-01-07,32.0,USSD,380
TX0000381,AG20,796 23 06 147,5128,in,REUSSI,2026-01-07,128.0,USSD,381
TX0000382,AG18,7117259135,2413,out,ok,2026-01-07,24.0,app,382
TX0000383,AG15,+226 738 62 88 004,6003,out,Reussie,2026-01-07,60.0,Agent,383
TX0000384,AG20,+226 748 28 03 680,8634,in,REUSSI,2026-01-07,216.0,USSD,384
TX0000385,AG07,+226 710 26 01 453,3682,out,ok,2026-01-07,37.0,Agent,385
TX0000386,AG11,764 62 73 179,1463,out,ok,2026-01-07,15.0,USSD,386
TX0000387,AG12,7900681550,1858,out,Reussie,2026-01-07,19.0,USSD,387
TX0000388,AG14,722 42 70 825,782,out,Reussie,2026-01-07,8.0,USSD,388
TX0000389,AG12,7386044990,1804,out,Echouee,2026-01-07,18.0,USSD,389
TX0000390,AG13,761 09 31 450,1758,in,ok,2026-01-08,44.0,USSD,390
TX0000391,AG15,+226 795 69 92 033,2119,in,Reussie,2026-01-08,53.0,Agent,391
TX0000392,AG01,7360511946,1542,out,ok,2026-01-08,15.0,USSD,392
TX0000393,AG12,714 75 42 367,2826,in,OK,2026-01-08,71.0,USSD,393
TX0000394,AG12,718 61 62 402,281,out,REUSSI,2026-01-08,3.0,Agent,394
TX0000395,AG18,7880002882,19003,in,OK,2026-01-08,475.0,Agent,395
TX0000396,AG01,+226 790 00 60 290,1298,out,echec,2026-01-08,13.0,Agent,396
TX0000397,AG10,+226 789 18 89 790,1210,out,Reussie,2026-01-08,12.0,USSD,397
TX0000398,AG03,+226 793 00 35 917,6380,out,Echouee,2026-01-08,64.0,USSD,398
TX0000399,AG15,760 66 35 412,1404,in,REUSSI,2026-01-08,35.0,USSD,399
TX0000400,AG02,745 94 46 298,1792,in,OK,2026-01-08,45.0,Agent,400
TX0000401,AG11,785 34 13 095,2881,in,ok,2026-01-08,72.0,USSD,401
TX0000402,AG03,+226 772 81 56 536,2202,in,ok,2026-01-08,55.0,Agent,402
TX0000403,AG09,710 62 12 658,2986,out,Echouee,2026-01-08,30.0,Agent,403
TX0000404,AG07,+226 771 42 28 206,1576,out,echec,2026-01-08,16.0,USSD,404
TX0000405,AG10,7631335424,962,in,Echouee,2026-01-08,24.0,USSD,405
TX0000406,AG20,+226 768 83 57 655,896,out,OK,2026-01-08,9.0,app,406
TX0000407,AG11,+226 741 35 14 181,5223,in,OK,2026-01-08,131.0,USSD,407
TX0000408,AG08,732 64 09 474,1453,out,Reussie,2026-01-08,15.0,USSD,408
TX0000409,AG02,7722474257,1960,out,REUSSI,2026-01-08,20.0,USSD,409
TX0000410,AG13,+226 780 75 54 337,4323,out,REUSSI,2026-01-08,43.0,Agent,410
TX0000411,AG14,7540970358,1706,out,Echouee,2026-01-08,17.0,Agent,411
TX0000412,AG18,700 92 22 387,1314,in,Echouee,2026-01-08,33.0,Agent,412
TX0000413,AG15,710 72 23 341,9389,in,Reussie,2026-01-08,235.0,USSD,413
TX0000414,AG06,7878570742,2485,out,ok,2026-01-08,25.0,Agent,414
TX0000415,AG20,790 89 77 477,2811,out,ok,2026-01-08,28.0,Agent,415
TX0000416,AG02,+226 794 57 03 147,2895,in,REUSSI,2026-01-08,72.0,Agent,416
TX0000417,AG02,794 33 43 886,3963,in,REUSSI,2026-01-08,99.0,Agent,417
TX0000418,AG10,7902651919,5136,out,Reussie,2026-01-08,51.0,USSD,418
TX0000419,AG06,720 37 56 312,9416,in,ok,2026-01-08,235.0,Agent,419
TX0000420,AG14,+226 733 32 14 315,3361,in,REUSSI,2026-01-08,84.0,USSD,420
TX0000421,AG18,794 01 35 317,2532,out,OK,2026-01-08,25.0,Agent,421
TX0000422,AG16,+226 710 66 65 750,4237,out,Echouee,2026-01-08,42.0,USSD,422
TX0000423,AG01,+226 716 93 27 954,18678,in,REUSSI,2026-01-08,467.0,Agent,423
TX0000424,AG07,789 05 53 279,2465,in,Reussie,2026-01-08,62.0,Agent,424
TX0000425,AG18,+226 745 06 11 470,2785,in,ok,2026-01-08,70.0,USSD,425
TX0000426,AG20,+226 766 27 69 882,8878,in,REUSSI,2026-01-08,222.0,USSD,426
TX0000427,AG13,+226 761 82 58 198,5697,in,REUSSI,2026-01-08,142.0,Agent,427
TX0000428,AG18,+226 726 45 16 213,3064,in,OK,2026-01-08,77.0,Agent,428
TX0000429,AG16,762 21 50 411,2160,out,Reussie,2026-01-08,22.0,Agent,429
TX0000430,AG10,713 33 40 300,707,in,ok,2026-01-08,18.0,USSD,430
TX0000431,AG01,+226 794 07 56 665,6219,in,REUSSI,2026-01-08,155.0,Agent,431
TX0000432,AG04,+226 716 07 09 808,1430,out,Reussie,2026-01-08,14.0,Agent,432
TX0000433,AG12,+226 750 74 67 704,593,in,Reussie,2026-01-08,15.0,USSD,433
TX0000434,AG20,7064321021,1234,in,Reussie,2026-01-08,31.0,app,434
TX0000435,AG17,730 65 34 244,9563,out,ok,2026-01-08,96.0,USSD,435
TX0000436,AG09,7957457999,2278,out,ok,2026-01-08,23.0,app,436
TX0000437,AG06,714 31 35 552,786,in,ok,2026-01-08,20.0,Agent,437
TX0000438,AG19,+226 788 70 06 152,1240,in,REUSSI,2026-01-08,31.0,USSD,438
TX0000439,AG18,739 06 37 230,1508,out,OK,2026-01-08,15.0,USSD,439
TX0000440,AG16,7206334661,2800,out,Echouee,2026-01-08,28.0,USSD,440
TX0000441,AG09,797 00 10 724,286,in,OK,2026-01-08,7.0,USSD,441
TX0000442,AG15,+226 773 14 54 519,6084,in,REUSSI,2026-01-08,152.0,Agent,442
TX0000443,AG04,719 10 58 835,1654,out,ok,2026-01-08,17.0,USSD,443
TX0000444,AG20,7698113423,1750,out,OK,2026-01-08,18.0,Agent,444
TX0000445,AG07,703 62 33 608,3700,in,echec,2026-01-08,92.0,Agent,445
TX0000446,AG08,730 39 65 254,2885,in,ok,2026-01-08,72.0,USSD,446
TX0000447,AG16,7244340370,3425,in,OK,2026-01-08,86.0,Agent,447
TX0000448,AG14,+226 793 53 79 059,290,out,OK,2026-01-09,3.0,Agent,448
TX0000449,AG18,722 59 10 114,797,in,ok,2026-01-09,20.0,USSD,449
TX0000450,AG05,+226 713 38 15 476,3114,in,REUSSI,2026-01-09,78.0,USSD,450
TX0000451,AG20,+226 746 35 83 399,3442,in,Echouee,2026-01-09,86.0,app,451
TX0000452,AG10,+226 701 43 97 984,1408,out,Echouee,2026-01-09,14.0,Agent,452
TX0000453,AG20,7624698995,15961,out,Echouee,2026-01-09,160.0,USSD,453
TX0000454,AG07,781 09 28 259,1753,out,ok,2026-01-09,18.0,USSD,454
TX0000455,AG08,7138689001,7613,in,OK,2026-01-09,190.0,app,455
TX0000456,AG17,775 95 49 707,6803,out,REUSSI,2026-01-09,68.0,Agent,456
TX0000457,AG13,764 64 61 075,2604,out,OK,2026-01-09,26.0,USSD,457
TX0000458,AG12,716 20 11 088,2581,in,echec,2026-01-09,65.0,app,458
TX0000459,AG19,774 85 38 803,2908,out,OK,2026-01-09,29.0,Agent,459
TX0000460,AG15,7106985621,1316,in,OK,2026-01-09,33.0,app,460
TX0000461,AG13,737 40 16 164,1175,in,OK,2026-01-09,29.0,Agent,461
TX0000462,AG08,751 60 91 538,306,in,echec,2026-01-09,8.0,Agent,462
TX0000463,AG10,+226 715 98 61 939,567,in,ok,2026-01-09,14.0,USSD,463
TX0000464,AG15,+226 782 22 77 919,2689,out,OK,2026-01-09,27.0,Agent,464
TX0000465,AG19,761 96 38 963,4637,in,OK,2026-01-09,116.0,USSD,465
TX0000466,AG19,730 63 41 509,830,in,OK,2026-01-09,21.0,USSD,466
TX0000467,AG17,+226 731 85 78 731,2824,in,ok,2026-01-09,71.0,Agent,467
TX0000468,AG15,7979665970,1382,out,Reussie,2026-01-09,14.0,app,468
TX0000469,AG14,+226 771 92 80 894,3288,in,REUSSI,2026-01-09,82.0,app,469
TX0000470,AG19,+226 782 20 15 166,4973,in,echec,2026-01-09,124.0,app,470
TX0000471,AG12,715 21 97 594,706,in,Reussie,2026-01-09,18.0,Agent,471
TX0000472,AG13,783 83 84 783,4464,in,Reussie,2026-01-09,112.0,USSD,472
TX0000473,AG09,+226 757 35 87 879,2505,in,OK,2026-01-09,63.0,USSD,473
TX0000474,AG08,769 65 64 938,1321,out,echec,2026-01-09,13.0,USSD,474
TX0000475,AG13,+226 748 40 55 611,1371,out,OK,2026-01-09,14.0,Agent,475
TX0000476,AG17,793 87 88 896,1255,in,ok,2026-01-09,31.0,USSD,476
TX0000477,AG06,776 82 62 468,4120,in,ok,2026-01-09,103.0,Agent,477
TX0000478,AG02,799 13 05 756,2521,in,OK,2026-01-09,63.0,Agent,478
TX0000479,AG10,+226 759 69 40 746,469,in,Reussie,2026-01-09,12.0,USSD,479
TX0000480,AG09,+226 775 37 44 839,1115,out,OK,2026-01-09,11.0,USSD,480
TX0000481,AG20,+226 749 76 92 418,2082,in,ok,2026-01-09,52.0,Agent,481
TX0000482,AG19,782 45 44 219,3648,in,REUSSI,2026-01-09,91.0,USSD,482
TX0000483,AG12,+226 739 69 00 008,8000,out,echec,2026-01-09,80.0,Agent,483
TX0000484,AG08,+226 703 29 17 408,5144,in,Reussie,2026-01-09,129.0,Agent,484
TX0000485,AG12,+226 738 10 11 014,3279,in,Echouee,2026-01-09,82.0,Agent,485
TX0000486,AG14,+226 705 29 92 943,2673,in,OK,2026-01-09,67.0,USSD,486
TX0000487,AG01,767 70 27 588,2859,out,Reussie,2026-01-09,29.0,USSD,487
TX0000488,AG08,769 53 53 787,850,out,ok,2026-01-09,8.0,Agent,488
TX0000489,AG17,+226 798 93 24 886,7319,out,OK,2026-01-09,73.0,USSD,489
TX0000490,AG01,733 41 82 037,4323,in,ok,2026-01-09,108.0,app,490
TX0000491,AG02,+226 722 67 87 791,1039,out,REUSSI,2026-01-09,10.0,USSD,491
TX0000492,AG17,721 76 71 561,2285,out,echec,2026-01-09,23.0,Agent,492
TX0000493,AG06,+226 796 91 16 254,1135,in,OK,2026-01-09,28.0,app,493
TX0000494,AG17,766 76 91 330,1024,in,echec,2026-01-09,26.0,Agent,494
TX0000495,AG04,7652164516,881,out,OK,2026-01-09,9.0,USSD,495
TX0000496,AG04,+226 732 57 22 746,4248,out,ok,2026-01-09,42.0,USSD,496
TX0000497,AG18,760 80 03 305,5084,in,Echouee,2026-01-09,127.0,USSD,497
TX0000498,AG09,+226 763 47 88 374,708,in,Reussie,2026-01-09,18.0,Agent,498
TX0000499,AG03,+226 742 20 69 942,2566,out,Echouee,2026-01-09,26.0,app,499
TX0000500,AG14,+226 779 70 34 906,3475,out,Reussie,2026-01-09,35.0,app,500
TX0000501,AG08,+226 727 33 76 733,1376,out,Reussie,2026-01-09,14.0,USSD,501
TX0000502,AG15,7698402664,7064,in,OK,2026-01-09,177.0,Agent,502
TX0000503,AG15,7916543768,10072,out,Reussie,2026-01-09,101.0,USSD,503
TX0000504,AG08,+226 777 86 51 482,26554,out,REUSSI,2026-01-09,266.0,USSD,504
TX0000505,AG04,792 32 62 299,8905,in,echec,2026-01-09,223.0,Agent,505
TX0000506,AG13,728 14 57 199,3856,in,ok,2026-01-09,96.0,Agent,506
TX0000507,AG14,+226 738 43 33 080,3777,in,REUSSI,2026-01-09,94.0,Agent,507
TX0000508,AG19,+226 710 77 23 615,9976,in,OK,2026-01-09,249.0,app,508
TX0000509,AG17,700 22 28 254,1854,in,ok,2026-01-09,46.0,USSD,509
TX0000510,AG01,759 31 25 187,2718,in,REUSSI,2026-01-09,68.0,USSD,510
TX0000511,AG14,+226 741 99 96 093,1297,out,OK,2026-01-09,13.0,Agent,511
TX0000512,AG08,7726460378,3410,in,ok,2026-01-09,85.0,USSD,512
TX0000513,AG09,703 77 32 751,8375,out,ok,2026-01-09,84.0,USSD,513
TX0000514,AG08,7076844936,5097,out,ok,2026-01-09,51.0,Agent,514
TX0000515,AG08,796 15 60 968,1809,in,OK,2026-01-09,45.0,Agent,515
TX0000516,AG20,+226 758 85 35 101,1314,in,OK,2026-01-09,33.0,Agent,516
TX0000517,AG11,776 98 22 519,2970,out,ok,2026-01-09,30.0,Agent,517
TX0000518,AG20,7283873695,4603,in,echec,2026-01-09,115.0,Agent,518
TX0000519,AG01,722 18 47 987,5832,in,OK,2026-01-09,146.0,Agent,519
TX0000520,AG05,7653189607,2378,in,echec,2026-01-09,59.0,Agent,520
TX0000521,AG04,7800573713,3285,in,REUSSI,2026-01-09,82.0,Agent,521
TX0000522,AG06,744 59 46 009,2812,out,REUSSI,2026-01-09,28.0,USSD,522
TX0000523,AG20,740 67 03 954,448,out,ok,2026-01-09,4.0,USSD,523
TX0000524,AG09,+226 704 97 54 225,7377,out,Reussie,2026-01-09,74.0,app,524
TX0000525,AG15,+226 786 14 94 447,2799,out,OK,2026-01-09,28.0,Agent,525
TX0000526,AG08,767 08 18 157,10006,out,OK,2026-01-10,100.0,USSD,526
TX0000527,AG12,7807443789,30515,in,OK,2026-01-10,763.0,Agent,527
TX0000528,AG05,780 98 54 363,793,out,ok,2026-01-10,8.0,Agent,528
TX0000529,AG18,+226 761 94 51 318,2474,in,ok,2026-01-10,62.0,Agent,529
TX0000530,AG20,+226 732 03 67 898,3792,out,echec,2026-01-10,38.0,app,530
TX0000531,AG03,710 37 47 584,3721,out,echec,2026-01-10,37.0,USSD,531
TX0000532,AG05,762 31 55 966,2793,in,ok,2026-01-10,70.0,Agent,532
TX0000533,AG09,776 52 54 893,1576,out,ok,2026-01-10,16.0,Agent,533
TX0000534,AG13,7277079046,4720,out,Reussie,2026-01-10,47.0,Agent,534
TX0000535,AG14,+226 737 69 41 664,891,out,echec,2026-01-10,9.0,USSD,535
TX0000536,AG02,+226 722 28 39 135,3877,in,OK,2026-01-10,97.0,USSD,536
TX0000537,AG06,+226 773 30 92 347,3049,out,Reussie,2026-01-10,30.0,Agent,537
TX0000538,AG12,769 97 89 622,1015,in,REUSSI,2026-01-10,25.0,USSD,538
TX0000539,AG07,+226 712 05 01 063,6098,in,ok,2026-01-10,152.0,USSD,539
TX0000540,AG16,762 55 02 166,1517,out,Echouee,2026-01-10,15.0,USSD,540
TX0000541,AG06,7661562103,3333,out,OK,2026-01-10,33.0,USSD,541
TX0000542,AG18,722 22 56 757,1811,in,echec,2026-01-10,45.0,Agent,542
TX0000543,AG06,+226 746 06 03 175,3099,out,OK,2026-01-10,31.0,USSD,543
TX0000544,AG12,763 28 85 719,1220,in,ok,2026-01-10,30.0,USSD,544
TX0000545,AG02,717 85 74 949,1624,in,echec,2026-01-10,41.0,USSD,545
TX0000546,AG18,798 89 33 856,3951,in,REUSSI,2026-01-10,99.0,USSD,546
TX0000547,AG16,+226 728 29 28 015,8245,out,REUSSI,2026-01-10,82.0,app,547
TX0000548,AG01,+226 734 91 52 318,2438,in,OK,2026-01-10,61.0,Agent,548
TX0000549,AG05,+226 785 58 82 619,1069,in,Reussie,2026-01-10,27.0,USSD,549
TX0000550,AG11,7652091575,1676,out,Echouee,2026-01-10,17.0,Agent,550
TX0000551,AG14,+226 727 00 57 712,2502,in,REUSSI,2026-01-10,63.0,USSD,551
TX0000552,AG07,+226 726 25 24 377,1826,in,ok,2026-01-10,46.0,app,552
TX0000553,AG13,731 82 71 232,1398,in,OK,2026-01-10,35.0,Agent,553
TX0000554,AG10,+226 796 85 52 960,2187,in,OK,2026-01-10,55.0,Agent,554
TX0000555,AG03,7832198648,5116,in,ok,2026-01-10,128.0,app,555
TX0000556,AG09,+226 738 41 72 163,2117,in,Reussie,2026-01-10,53.0,Agent,556
TX0000557,AG13,+226 785 18 09 651,4056,out,OK,2026-01-10,41.0,Agent,557
TX0000558,AG01,727 98 26 584,573,in,Reussie,2026-01-10,14.0,USSD,558
TX0000559,AG20,7615110146,6063,out,OK,2026-01-10,61.0,USSD,559
TX0000560,AG17,+226 780 38 93 536,1454,out,REUSSI,2026-01-10,15.0,Agent,560
TX0000561,AG03,+226 759 37 33 352,3411,out,echec,2026-01-10,34.0,app,561
TX0000562,AG03,739 90 73 122,7429,out,Reussie,2026-01-10,74.0,Agent,562
TX0000563,AG14,750 44 16 911,191,in,echec,2026-01-10,5.0,Agent,563
TX0000564,AG11,7395032891,5878,in,Echouee,2026-01-10,147.0,USSD,564
TX0000565,AG08,+226 785 91 48 861,722,out,REUSSI,2026-01-10,7.0,Agent,565
TX0000566,AG08,+226 798 38 62 926,2604,out,Reussie,2026-01-10,26.0,Agent,566
TX0000567,AG13,753 54 37 767,875,out,OK,2026-01-10,9.0,USSD,567
TX0000568,AG13,765 79 96 848,1784,out,ok,2026-01-10,18.0,Agent,568
TX0000569,AG07,+226 731 42 84 839,539,in,OK,2026-01-10,13.0,Agent,569
TX0000570,AG09,783 34 81 167,7285,out,Echouee,2026-01-10,73.0,USSD,570
TX0000571,AG03,+226 717 78 15 851,2450,in,REUSSI,2026-01-10,61.0,USSD,571
TX0000572,AG13,+226 777 22 57 845,3097,in,ok,2026-01-10,77.0,Agent,572
TX0000573,AG08,781 33 17 686,9029,in,OK,2026-01-10,226.0,USSD,573
TX0000574,AG09,+226 787 68 76 145,1573,out,ok,2026-01-10,16.0,Agent,574
TX0000575,AG16,+226 786 33 71 282,12542,in,Echouee,2026-01-11,314.0,USSD,575
TX0000576,AG15,750 02 52 878,4238,out,REUSSI,2026-01-11,42.0,Agent,576
TX0000577,AG06,+226 740 53 05 982,5685,in,OK,2026-01-11,142.0,USSD,577
TX0000578,AG05,727 89 35 829,1953,in,OK,2026-01-11,49.0,Agent,578
TX0000579,AG18,7818506781,13257,in,Reussie,2026-01-12,331.0,USSD,579
TX0000580,AG18,+226 715 73 92 629,4404,in,Reussie,2026-01-12,110.0,app,580
TX0000581,AG12,796 58 28 730,3007,in,OK,2026-01-12,75.0,USSD,581
TX0000582,AG08,+226 792 48 74 152,3558,out,Reussie,2026-01-12,36.0,Agent,582
TX0000583,AG05,+226 774 29 04 428,1621,out,Reussie,2026-01-12,16.0,Agent,583
TX0000584,AG04,7849580441,17153,in,Reussie,2026-01-12,429.0,USSD,584
TX0000585,AG12,707 61 85 955,5349,out,Reussie,2026-01-12,53.0,Agent,585
TX0000586,AG19,7137487142,1381,in,Reussie,2026-01-12,35.0,Agent,586
TX0000587,AG06,7609975588,948,in,REUSSI,2026-01-12,24.0,USSD,587
TX0000588,AG03,+226 764 66 73 989,427,in,REUSSI,2026-01-12,11.0,Agent,588
TX0000589,AG07,721 01 89 104,1872,out,ok,2026-01-12,19.0,USSD,589
TX0000590,AG08,+226 785 65 63 350,4224,in,ok,2026-01-12,106.0,USSD,590
TX0000591,AG20,+226 738 00 22 341,6283,in,REUSSI,2026-01-12,157.0,Agent,591
TX0000592,AG11,701 20 81 028,2069,out,ok,2026-01-12,21.0,Agent,592
TX0000593,AG03,+226 738 57 24 260,6458,in,ok,2026-01-12,161.0,Agent,593
TX0000594,AG12,7734910392,1194,in,REUSSI,2026-01-12,30.0,Agent,594
TX0000595,AG08,7714584183,3117,in,OK,2026-01-12,78.0,Agent,595
TX0000596,AG09,+226 777 77 09 278,3115,in,Reussie,2026-01-12,78.0,USSD,596
TX0000597,AG11,7602500030,4243,in,Echouee,2026-01-12,106.0,USSD,597
TX0000598,AG03,+226 710 06 90 542,596,out,REUSSI,2026-01-12,6.0,Agent,598
TX0000599,AG08,789 63 13 103,2549,in,echec,2026-01-12,64.0,Agent,599
TX0000600,AG17,725 52 99 039,1184,in,Echouee,2026-01-12,30.0,Agent,600
TX0000601,AG04,+226 767 74 41 028,1042,out,ok,2026-01-12,10.0,USSD,601
TX0000602,AG15,7686736591,2635,out,OK,2026-01-12,26.0,Agent,602
TX0000603,AG18,775 50 68 294,1006,in,REUSSI,2026-01-12,25.0,USSD,603
TX0000604,AG17,7698109779,952,out,REUSSI,2026-01-12,10.0,USSD,604
TX0000605,AG02,750 49 30 393,7584,in,echec,2026-01-12,190.0,USSD,605
TX0000606,AG08,+226 786 50 53 775,116,out,Reussie,2026-01-12,1.0,Agent,606
TX0000607,AG14,+226 773 97 34 597,12045,in,ok,2026-01-12,301.0,Agent,607
TX0000608,AG02,723 99 60 037,2082,out,REUSSI,2026-01-12,21.0,Agent,608
TX0000609,AG13,+226 716 23 27 517,2216,out,echec,2026-01-12,22.0,USSD,609
TX0000610,AG09,+226 787 59 60 553,5909,in,ok,2026-01-12,148.0,USSD,610
TX0000611,AG01,+226 709 77 35 398,4148,out,ok,2026-01-12,41.0,app,611
TX0000612,AG05,730 94 53 081,479,out,ok,2026-01-12,5.0,app,612
TX0000613,AG14,+226 730 75 04 157,2595,in,Reussie,2026-01-12,65.0,Agent,613
TX0000614,AG09,+226 796 95 61 169,579,in,echec,2026-01-12,14.0,app,614
TX0000615,AG12,757 59 47 629,3953,out,ok,2026-01-12,40.0,Agent,615
TX0000616,AG18,710 90 44 432,1932,in,ok,2026-01-12,48.0,app,616
TX0000617,AG03,+226 703 49 16 379,2537,in,REUSSI,2026-01-12,63.0,Agent,617
TX0000618,AG05,+226 711 84 59 751,428,in,Echouee,2026-01-12,11.0,Agent,618
TX0000619,AG16,791 45 02 603,3096,in,ok,2026-01-12,77.0,USSD,619
TX0000620,AG08,7573580024,662,in,ok,2026-01-12,17.0,Agent,620
TX0000621,AG19,774 37 44 522,1734,out,Reussie,2026-01-12,17.0,USSD,621
TX0000622,AG20,+226 765 84 02 118,5786,in,REUSSI,2026-01-12,145.0,USSD,622
TX0000623,AG07,+226 712 47 30 412,1483,in,OK,2026-01-12,37.0,app,623
TX0000624,AG07,7949278707,567,in,Echouee,2026-01-12,14.0,app,624
TX0000625,AG18,740 22 35 525,21269,out,echec,2026-01-12,213.0,Agent,625
TX0000626,AG05,+226 741 14 01 321,2580,in,REUSSI,2026-01-12,64.0,Agent,626
TX0000627,AG20,+226 735 45 90 174,1826,in,REUSSI,2026-01-12,46.0,Agent,627
TX0000628,AG20,+226 700 00 95 013,3868,in,Reussie,2026-01-12,97.0,USSD,628
TX0000629,AG11,729 09 78 622,1167,in,Reussie,2026-01-12,29.0,USSD,629
TX0000630,AG10,+226 788 04 27 651,591,in,REUSSI,2026-01-12,15.0,Agent,630
TX0000631,AG16,+226 755 10 52 979,880,in,ok,2026-01-12,22.0,Agent,631
TX0000632,AG11,7830675411,10885,out,ok,2026-01-12,109.0,Agent,632
TX0000633,AG11,735 22 32 233,901,in,REUSSI,2026-01-12,23.0,Agent,633
TX0000634,AG03,717 18 74 448,1167,in,echec,2026-01-12,29.0,Agent,634
TX0000635,AG16,778 75 88 843,3858,in,OK,2026-01-12,96.0,Agent,635
TX0000636,AG16,7556362532,1348,out,Echouee,2026-01-12,13.0,Agent,636
TX0000637,AG18,778 69 99 528,4282,in,ok,2026-01-12,107.0,Agent,637
TX0000638,AG05,752 70 94 772,1608,out,ok,2026-01-12,16.0,Agent,638
TX0000639,AG13,701 70 73 856,3501,in,Reussie,2026-01-12,88.0,Agent,639
TX0000640,AG17,728 85 11 606,1550,in,ok,2026-01-12,39.0,app,640
TX0000641,AG10,712 84 77 487,6614,in,Reussie,2026-01-12,165.0,Agent,641
TX0000642,AG19,+226 737 01 81 304,1095,out,Echouee,2026-01-12,11.0,USSD,642
TX0000643,AG13,729 06 37 206,743,in,ok,2026-01-12,19.0,app,643
TX0000644,AG02,7876171133,1558,out,Echouee,2026-01-12,16.0,Agent,644
TX0000645,AG06,737 20 08 210,3454,out,ok,2026-01-12,35.0,USSD,645
TX0000646,AG19,799 68 02 887,6604,out,echec,2026-01-12,66.0,Agent,646
TX0000647,AG01,7508849943,8833,out,Reussie,2026-01-12,88.0,Agent,647
TX0000648,AG05,707 53 32 449,2956,in,OK,2026-01-12,74.0,Agent,648
TX0000649,AG12,7426631429,5871,out,ok,2026-01-12,59.0,Agent,649
TX0000650,AG13,732 91 44 382,767,in,OK,2026-01-12,19.0,USSD,650
TX0000651,AG08,7710261078,1322,in,ok,2026-01-12,33.0,Agent,651
TX0000652,AG18,+226 741 81 22 017,660,in,REUSSI,2026-01-12,16.0,USSD,652
TX0000653,AG18,7373360441,4297,in,Reussie,2026-01-12,107.0,USSD,653
TX0000654,AG12,+226 788 75 37 814,2925,out,OK,2026-01-12,29.0,USSD,654
TX0000655,AG16,7419035198,10824,in,OK,2026-01-12,271.0,Agent,655
TX0000656,AG17,7464935987,1683,out,Reussie,2026-01-12,17.0,Agent,656
TX0000657,AG07,+226 739 71 49 510,241,out,ok,2026-01-13,2.0,USSD,657
TX0000658,AG17,798 36 69 630,1057,in,Reussie,2026-01-13,26.0,USSD,658
TX0000659,AG11,785 97 83 813,1628,out,REUSSI,2026-01-13,16.0,USSD,659
TX0000660,AG19,705 07 26 163,8983,out,ok,2026-01-13,90.0,USSD,660
TX0000661,AG13,+226 752 80 70 879,10347,out,ok,2026-01-13,103.0,USSD,661
TX0000662,AG14,767 69 57 058,7097,in,REUSSI,2026-01-13,177.0,USSD,662
TX0000663,AG07,766 05 68 518,3125,in,OK,2026-01-13,78.0,Agent,663
TX0000664,AG07,7969457089,867,in,OK,2026-01-13,22.0,USSD,664
TX0000665,AG01,7415316707,283,in,Reussie,2026-01-13,7.0,Agent,665
TX0000666,AG10,761 30 13 053,7871,in,REUSSI,2026-01-13,197.0,Agent,666
TX0000667,AG02,767 02 52 014,10051,in,echec,2026-01-13,251.0,Agent,667
TX0000668,AG02,774 44 37 995,2171,out,REUSSI,2026-01-13,22.0,Agent,668
TX0000669,AG18,710 71 97 632,790,in,OK,2026-01-13,20.0,USSD,669
TX0000670,AG03,+226 778 07 05 236,2038,in,ok,2026-01-13,51.0,USSD,670
TX0000671,AG03,+226 799 63 13 264,2640,in,Reussie,2026-01-13,66.0,Agent,671
TX0000672,AG20,753 50 99 535,3871,out,REUSSI,2026-01-13,39.0,Agent,672
TX0000673,AG19,753 13 34 761,857,in,REUSSI,2026-01-13,21.0,USSD,673
TX0000674,AG18,746 00 75 686,1733,in,echec,2026-01-13,43.0,Agent,674
TX0000675,AG16,7222547322,3401,out,Echouee,2026-01-13,34.0,Agent,675
TX0000676,AG10,+226 739 01 80 689,14745,in,OK,2026-01-13,369.0,app,676
TX0000677,AG06,+226 702 31 48 611,518,in,REUSSI,2026-01-13,13.0,app,677
TX0000678,AG19,739 27 03 140,6080,in,Reussie,2026-01-13,152.0,Agent,678
TX0000679,AG19,7232285926,7321,out,OK,2026-01-13,73.0,Agent,679
TX0000680,AG19,7704182230,486,out,REUSSI,2026-01-13,5.0,Agent,680
TX0000681,AG07,+226 784 75 60 223,2582,in,ok,2026-01-13,65.0,USSD,681
TX0000682,AG01,+226 770 71 04 268,3830,out,Reussie,2026-01-13,38.0,Agent,682
TX0000683,AG09,793 58 00 295,3055,in,OK,2026-01-13,76.0,USSD,683
TX0000684,AG10,710 52 73 988,1797,in,ok,2026-01-13,45.0,app,684
TX0000685,AG17,+226 748 97 27 193,2823,in,REUSSI,2026-01-13,71.0,USSD,685
TX0000686,AG11,+226 717 32 73 257,1478,out,Echouee,2026-01-13,15.0,Agent,686
TX0000687,AG17,+226 798 53 34 822,1545,out,REUSSI,2026-01-13,15.0,Agent,687
TX0000688,AG19,757 66 53 962,4733,in,Reussie,2026-01-13,118.0,USSD,688
TX0000689,AG15,709 27 81 173,1590,in,ok,2026-01-13,40.0,Agent,689
TX0000690,AG20,751 16 85 624,2240,in,REUSSI,2026-01-13,56.0,Agent,690
TX0000691,AG01,758 14 51 761,871,in,Reussie,2026-01-13,22.0,USSD,691
TX0000692,AG18,7919061485,1305,in,ok,2026-01-13,33.0,USSD,692
TX0000693,AG15,773 47 96 942,1187,in,OK,2026-01-13,30.0,Agent,693
TX0000694,AG11,793 97 58 643,2201,out,REUSSI,2026-01-13,22.0,app,694
TX0000695,AG11,7151966200,2408,in,ok,2026-01-13,60.0,USSD,695
TX0000696,AG19,+226 742 13 39 519,558,in,Echouee,2026-01-13,14.0,USSD,696
TX0000697,AG16,787 75 14 963,649,out,REUSSI,2026-01-13,6.0,USSD,697
TX0000698,AG06,716 16 23 005,2328,in,REUSSI,2026-01-13,58.0,USSD,698
TX0000699,AG18,734 68 39 325,3763,in,OK,2026-01-13,94.0,USSD,699
TX0000700,AG20,750 10 12 982,842,in,echec,2026-01-13,21.0,Agent,700
TX0000701,AG13,+226 752 23 93 535,8067,in,Echouee,2026-01-13,202.0,Agent,701
TX0000702,AG05,745 16 96 919,6903,in,ok,2026-01-13,173.0,Agent,702
TX0000703,AG14,+226 753 99 13 048,4520,in,REUSSI,2026-01-13,113.0,Agent,703
TX0000704,AG04,+226 779 77 05 374,413,out,REUSSI,2026-01-13,4.0,Agent,704
TX0000705,AG19,787 45 44 503,1320,in,ok,2026-01-13,33.0,Agent,705
TX0000706,AG08,774 97 08 127,758,out,ok,2026-01-13,8.0,app,706
TX0000707,AG19,753 46 19 917,2242,out,ok,2026-01-13,22.0,USSD,707
TX0000708,AG19,714 37 96 974,28171,in,Reussie,2026-01-13,704.0,Agent,708
TX0000709,AG06,742 50 33 505,1016,in,Echouee,2026-01-13,25.0,Agent,709
TX0000710,AG15,765 24 28 119,442,out,OK,2026-01-14,4.0,Agent,710
TX0000711,AG08,7952922913,1292,in,ok,2026-01-14,32.0,Agent,711
TX0000712,AG19,733 57 99 211,16293,out,Reussie,2026-01-14,163.0,Agent,712
TX0000713,AG05,753 46 78 318,1821,out,Echouee,2026-01-14,18.0,USSD,713
TX0000714,AG17,743 38 93 864,2188,in,REUSSI,2026-01-14,55.0,Agent,714
TX0000715,AG17,7428826567,6171,in,OK,2026-01-14,154.0,app,715
TX0000716,AG03,7471346156,6180,in,ok,2026-01-14,154.0,USSD,716
TX0000717,AG12,789 77 44 094,1018,out,OK,2026-01-14,10.0,USSD,717
TX0000718,AG12,+226 753 26 88 333,794,out,Reussie,2026-01-14,8.0,USSD,718
TX0000719,AG17,+226 739 65 98 409,2530,in,REUSSI,2026-01-14,63.0,Agent,719
TX0000720,AG11,792 69 02 296,1905,in,Reussie,2026-01-14,48.0,USSD,720
TX0000721,AG19,+226 708 95 46 929,1225,in,Echouee,2026-01-14,31.0,app,721
TX0000722,AG06,+226 736 48 44 783,3411,in,echec,2026-01-14,85.0,Agent,722
TX0000723,AG11,758 87 79 732,10589,in,ok,2026-01-14,265.0,Agent,723
TX0000724,AG02,790 58 72 424,859,out,Reussie,2026-01-14,9.0,USSD,724
TX0000725,AG20,+226 767 20 42 942,2661,in,Reussie,2026-01-14,67.0,app,725
TX0000726,AG08,7685424279,4260,in,OK,2026-01-14,106.0,Agent,726
TX0000727,AG09,764 45 72 991,547,in,ok,2026-01-14,14.0,USSD,727
TX0000728,AG01,719 42 97 132,1307,out,echec,2026-01-14,13.0,Agent,728
TX0000729,AG13,+226 744 26 09 138,1457,out,ok,2026-01-14,15.0,USSD,729
TX0000730,AG01,+226 714 75 70 657,2744,in,REUSSI,2026-01-14,69.0,Agent,730
TX0000731,AG02,709 29 97 115,2019,out,ok,2026-01-14,20.0,USSD,731
TX0000732,AG18,784 85 28 601,615,out,ok,2026-01-14,6.0,app,732
TX0000733,AG04,742 95 62 132,1305,out,OK,2026-01-14,13.0,USSD,733
TX0000734,AG10,7365024849,2623,in,ok,2026-01-14,66.0,app,734
TX0000735,AG10,7035195456,3206,in,ok,2026-01-14,80.0,Agent,735
TX0000736,AG19,+226 779 82 70 394,2921,in,ok,2026-01-14,73.0,USSD,736
TX0000737,AG08,748 49 47 992,2207,in,Reussie,2026-01-14,55.0,Agent,737
TX0000738,AG13,+226 797 20 68 065,15572,out,OK,2026-01-14,156.0,Agent,738
TX0000739,AG01,+226 788 64 89 374,749,out,ok,2026-01-14,7.0,USSD,739
TX0000740,AG15,779 91 04 880,3176,out,REUSSI,2026-01-14,32.0,Agent,740
TX0000741,AG03,7124048805,8265,in,OK,2026-01-14,207.0,USSD,741
TX0000742,AG16,+226 793 86 92 116,1233,in,Echouee,2026-01-14,31.0,USSD,742
TX0000743,AG16,717 65 39 921,6472,in,echec,2026-01-14,162.0,Agent,743
TX0000744,AG15,+226 726 86 11 699,1521,out,Reussie,2026-01-14,15.0,USSD,744
TX0000745,AG13,+226 792 48 40 086,3611,in,OK,2026-01-14,90.0,Agent,745
TX0000746,AG08,+226 734 21 08 620,1926,in,ok,2026-01-14,48.0,Agent,746
TX0000747,AG04,7917263589,1480,out,Reussie,2026-01-14,15.0,USSD,747
TX0000748,AG07,+226 750 55 66 878,2056,in,REUSSI,2026-01-14,51.0,USSD,748
TX0000749,AG18,720 10 32 841,1659,in,Echouee,2026-01-14,41.0,Agent,749
TX0000750,AG01,797 47 30 369,2719,out,Reussie,2026-01-14,27.0,Agent,750
TX0000751,AG20,+226 737 38 14 387,4120,in,REUSSI,2026-01-14,103.0,USSD,751
TX0000752,AG13,7983983879,741,out,ok,2026-01-14,7.0,Agent,752
TX0000753,AG10,7215680202,1108,in,echec,2026-01-14,28.0,USSD,753
TX0000754,AG15,+226 702 61 67 308,1846,in,ok,2026-01-14,46.0,USSD,754
TX0000755,AG08,798 72 43 170,1954,in,echec,2026-01-14,49.0,Agent,755
TX0000756,AG20,7569296538,14238,out,Reussie,2026-01-14,142.0,app,756
TX0000757,AG06,+226 713 24 62 866,5432,in,echec,2026-01-14,136.0,Agent,757
TX0000758,AG16,+226 757 68 18 139,1213,out,ok,2026-01-14,12.0,USSD,758
TX0000759,AG06,+226 714 23 69 917,2911,in,ok,2026-01-14,73.0,Agent,759
TX0000760,AG15,+226 772 11 02 834,1919,out,OK,2026-01-14,19.0,Agent,760
TX0000761,AG11,+226 748 86 59 217,7701,in,Echouee,2026-01-14,193.0,Agent,761
TX0000762,AG15,+226 769 42 40 649,1144,out,ok,2026-01-14,11.0,Agent,762
TX0000763,AG09,743 48 94 923,7660,out,ok,2026-01-14,77.0,USSD,763
TX0000764,AG12,767 44 17 467,3936,in,OK,2026-01-14,98.0,Agent,764
TX0000765,AG06,772 99 90 556,754,in,Echouee,2026-01-14,19.0,Agent,765
TX0000766,AG01,753 47 25 677,1875,in,ok,2026-01-14,47.0,Agent,766
TX0000767,AG16,7183144283,1844,in,REUSSI,2026-01-14,46.0,Agent,767
TX0000768,AG11,+226 732 21 68 391,2815,in,Reussie,2026-01-14,70.0,Agent,768
TX0000769,AG04,789 86 77 460,987,out,REUSSI,2026-01-14,10.0,USSD,769
TX0000770,AG04,+226 735 19 29 992,2188,out,REUSSI,2026-01-14,22.0,Agent,770
TX0000771,AG14,+226 726 62 37 769,2757,out,Reussie,2026-01-14,28.0,Agent,771
TX0000772,AG12,747 47 87 643,4264,in,Echouee,2026-01-14,107.0,Agent,772
TX0000773,AG16,719 16 57 666,1934,in,REUSSI,2026-01-14,48.0,Agent,773
TX0000774,AG15,+226 715 81 47 520,1976,out,echec,2026-01-15,20.0,USSD,774
TX0000775,AG13,+226 719 54 07 212,1592,in,Reussie,2026-01-15,40.0,Agent,775
TX0000776,AG18,+226 766 82 58 912,6071,in,Reussie,2026-01-15,152.0,USSD,776
TX0000777,AG09,778 98 99 265,263,out,echec,2026-01-15,3.0,USSD,777
TX0000778,AG18,731 65 64 352,1119,in,OK,2026-01-15,28.0,USSD,778
TX0000779,AG12,7033286554,570,out,OK,2026-01-15,6.0,USSD,779
TX0000780,AG16,7807607902,7028,out,REUSSI,2026-01-15,70.0,USSD,780
TX0000781,AG04,+226 726 53 11 440,7157,out,OK,2026-01-15,72.0,USSD,781
TX0000782,AG09,+226 759 85 09 122,3575,out,echec,2026-01-15,36.0,Agent,782
TX0000783,AG15,7460512563,869,in,OK,2026-01-15,22.0,Agent,783
TX0000784,AG02,+226 775 73 40 635,2052,in,Echouee,2026-01-15,51.0,app,784
TX0000785,AG02,7741066966,383,in,OK,2026-01-15,10.0,Agent,785
TX0000786,AG19,7133150406,2596,in,ok,2026-01-15,65.0,USSD,786
TX0000787,AG09,+226 751 33 69 692,821,in,ok,2026-01-15,21.0,USSD,787
TX0000788,AG12,749 17 93 370,4325,out,Reussie,2026-01-15,43.0,Agent,788
TX0000789,AG06,+226 749 75 51 622,1517,in,OK,2026-01-15,38.0,USSD,789
TX0000790,AG02,731 53 56 168,10151,out,OK,2026-01-15,102.0,USSD,790
TX0000791,AG13,7976809352,2686,out,Reussie,2026-01-15,27.0,USSD,791
TX0000792,AG12,+226 798 07 47 212,1282,out,Reussie,2026-01-15,13.0,USSD,792
TX0000793,AG18,758 72 46 010,8634,in,OK,2026-01-15,216.0,Agent,793
TX0000794,AG09,718 09 58 625,2463,out,OK,2026-01-15,25.0,Agent,794
TX0000795,AG20,+226 768 05 11 925,4509,out,Echouee,2026-01-15,45.0,USSD,795
TX0000796,AG06,710 30 61 964,1774,out,Reussie,2026-01-15,18.0,USSD,796
TX0000797,AG02,7105208892,1145,out,Reussie,2026-01-15,11.0,USSD,797
TX0000798,AG06,724 26 43 832,2053,in,ok,2026-01-15,51.0,USSD,798
TX0000799,AG17,+226 784 05 24 361,2526,in,Reussie,2026-01-15,63.0,USSD,799
TX0000800,AG02,7311116754,1045,in,ok,2026-01-15,26.0,Agent,800
TX0000801,AG12,7402502509,1972,out,echec,2026-01-15,20.0,Agent,801
TX0000802,AG10,756 08 44 905,3175,out,REUSSI,2026-01-15,32.0,USSD,802
TX0000803,AG16,733 31 08 255,48767,in,OK,2026-01-15,1219.0,Agent,803
TX0000804,AG05,768 08 72 159,1410,in,REUSSI,2026-01-15,35.0,USSD,804
TX0000805,AG01,+226 776 69 66 456,4047,in,OK,2026-01-15,101.0,USSD,805
TX0000806,AG10,7500507211,2269,in,ok,2026-01-15,57.0,USSD,806
TX0000807,AG14,7097536320,1807,in,OK,2026-01-15,45.0,app,807
TX0000808,AG20,775 31 06 286,2022,out,Reussie,2026-01-15,20.0,USSD,808
TX0000809,AG16,726 95 42 988,1277,out,Reussie,2026-01-15,13.0,Agent,809
TX0000810,AG01,+226 777 49 68 435,2268,in,OK,2026-01-15,57.0,Agent,810
TX0000811,AG08,+226 764 28 72 469,5436,in,ok,2026-01-15,136.0,Agent,811
TX0000812,AG09,7228149617,1417,in,ok,2026-01-15,35.0,USSD,812
TX0000813,AG15,7850876659,3467,in,Reussie,2026-01-15,87.0,app,813
TX0000814,AG04,784 98 89 963,1656,out,Echouee,2026-01-15,17.0,Agent,814
TX0000815,AG04,7448674452,1758,in,OK,2026-01-15,44.0,Agent,815
TX0000816,AG10,728 36 02 608,2717,out,REUSSI,2026-01-15,27.0,Agent,816
TX0000817,AG17,750 56 21 640,748,in,echec,2026-01-15,19.0,Agent,817
TX0000818,AG18,+226 786 35 72 811,858,in,REUSSI,2026-01-15,21.0,USSD,818
TX0000819,AG09,7874308451,966,out,ok,2026-01-15,10.0,USSD,819
TX0000820,AG08,+226 771 92 70 593,6007,in,Reussie,2026-01-15,150.0,USSD,820
TX0000821,AG18,758 75 07 580,2420,out,OK,2026-01-15,24.0,USSD,821
TX0000822,AG14,+226 721 94 06 368,4562,in,Reussie,2026-01-16,114.0,Agent,822
TX0000823,AG03,757 62 54 474,4971,in,REUSSI,2026-01-16,124.0,Agent,823
TX0000824,AG18,7878494946,1521,out,Reussie,2026-01-16,15.0,USSD,824
TX0000825,AG17,+226 796 08 20 395,3789,in,echec,2026-01-16,95.0,Agent,825
TX0000826,AG08,+226 740 46 94 823,668,in,REUSSI,2026-01-16,17.0,USSD,826
TX0000827,AG05,+226 715 78 90 221,6142,in,ok,2026-01-16,154.0,USSD,827
TX0000828,AG16,7254736369,3271,in,REUSSI,2026-01-16,82.0,app,828
TX0000829,AG04,7944817242,715,in,ok,2026-01-16,18.0,Agent,829
TX0000830,AG20,780 91 42 800,8874,in,ok,2026-01-16,222.0,app,830
TX0000831,AG19,790 16 84 124,2177,out,OK,2026-01-16,22.0,app,831
TX0000832,AG10,+226 705 40 85 405,1610,out,OK,2026-01-16,16.0,Agent,832
TX0000833,AG10,769 34 01 734,2728,in,REUSSI,2026-01-16,68.0,Agent,833
TX0000834,AG18,765 89 99 731,865,out,ok,2026-01-16,9.0,USSD,834
TX0000835,AG13,791 24 06 658,3881,in,Reussie,2026-01-16,97.0,Agent,835
TX0000836,AG11,+226 737 07 76 068,5291,in,REUSSI,2026-01-16,132.0,Agent,836
TX0000837,AG08,733 30 69 140,1208,out,Reussie,2026-01-16,12.0,USSD,837
TX0000838,AG04,769 78 61 051,871,in,Echouee,2026-01-16,22.0,USSD,838
TX0000839,AG04,761 51 10 326,761,in,REUSSI,2026-01-16,19.0,USSD,839
TX0000840,AG11,+226 711 17 19 394,1760,out,REUSSI,2026-01-16,18.0,Agent,840
TX0000841,AG18,749 91 60 457,3282,in,REUSSI,2026-01-16,82.0,USSD,841
TX0000842,AG09,+226 786 67 44 817,4869,in,REUSSI,2026-01-16,122.0,USSD,842
TX0000843,AG08,+226 796 09 99 474,2434,out,OK,2026-01-16,24.0,USSD,843
TX0000844,AG13,+226 726 23 66 453,2221,in,ok,2026-01-16,56.0,USSD,844
TX0000845,AG11,+226 762 02 90 542,5599,out,OK,2026-01-16,56.0,Agent,845
TX0000846,AG18,713 41 35 200,2997,in,ok,2026-01-16,75.0,Agent,846
TX0000847,AG01,760 78 31 299,18655,in,ok,2026-01-16,466.0,Agent,847
TX0000848,AG20,764 86 92 004,1918,in,ok,2026-01-16,48.0,USSD,848
TX0000849,AG19,769 29 18 479,1624,out,ok,2026-01-16,16.0,USSD,849
TX0000850,AG05,719 60 91 924,3079,in,OK,2026-01-16,77.0,Agent,850
TX0000851,AG16,763 77 79 874,534,out,OK,2026-01-16,5.0,Agent,851
TX0000852,AG15,+226 775 18 99 303,2104,out,REUSSI,2026-01-16,21.0,app,852
TX0000853,AG03,767 97 69 694,2219,in,Echouee,2026-01-16,55.0,USSD,853
TX0000854,AG03,701 83 05 990,2409,out,Reussie,2026-01-16,24.0,USSD,854
TX0000855,AG03,7338901740,2604,out,ok,2026-01-16,26.0,USSD,855
TX0000856,AG05,+226 783 13 66 446,1688,out,ok,2026-01-16,17.0,Agent,856
TX0000857,AG16,771 36 89 017,947,in,REUSSI,2026-01-16,24.0,USSD,857
TX0000858,AG03,747 99 37 061,1659,in,ok,2026-01-16,41.0,Agent,858
TX0000859,AG12,784 96 54 606,2226,out,Reussie,2026-01-16,22.0,USSD,859
TX0000860,AG02,+226 778 54 26 052,1753,in,echec,2026-01-16,44.0,Agent,860
TX0000861,AG17,706 75 52 053,1726,in,Reussie,2026-01-16,43.0,USSD,861
TX0000862,AG16,7785187034,2529,out,Reussie,2026-01-16,25.0,USSD,862
TX0000863,AG15,727 31 99 609,10903,in,REUSSI,2026-01-16,273.0,Agent,863
TX0000864,AG11,745 95 21 284,12850,in,echec,2026-01-16,321.0,Agent,864
TX0000865,AG15,743 82 64 968,356,in,Reussie,2026-01-16,9.0,Agent,865
TX0000866,AG11,+226 753 07 67 097,150,out,REUSSI,2026-01-16,2.0,app,866
TX0000867,AG19,7701149243,8832,in,Echouee,2026-01-16,221.0,USSD,867
TX0000868,AG18,7015139276,416,out,OK,2026-01-16,4.0,Agent,868
TX0000869,AG11,7096412556,1472,out,REUSSI,2026-01-16,15.0,Agent,869
TX0000870,AG19,+226 720 61 82 441,1905,out,REUSSI,2026-01-16,19.0,Agent,870
TX0000871,AG10,7467884955,1423,out,OK,2026-01-16,14.0,Agent,871
TX0000872,AG03,+226 769 56 97 787,416,out,ok,2026-01-16,4.0,Agent,872
TX0000873,AG17,+226 796 30 71 845,1399,in,Reussie,2026-01-16,35.0,USSD,873
TX0000874,AG02,+226 754 58 47 893,1375,in,REUSSI,2026-01-16,34.0,USSD,874
TX0000875,AG18,719 82 42 392,2597,in,ok,2026-01-16,65.0,Agent,875
TX0000876,AG11,795 64 74 897,4136,in,Reussie,2026-01-16,103.0,Agent,876
TX0000877,AG07,749 61 29 318,3062,in,echec,2026-01-16,77.0,Agent,877
TX0000878,AG14,+226 764 58 86 798,12331,out,Reussie,2026-01-16,123.0,USSD,878
TX0000879,AG04,735 38 28 425,781,in,echec,2026-01-16,20.0,USSD,879
TX0000880,AG15,761 59 51 789,1718,out,echec,2026-01-16,17.0,USSD,880
TX0000881,AG08,+226 764 93 34 102,1273,out,Reussie,2026-01-16,13.0,USSD,881
TX0000882,AG17,744 50 69 120,3029,in,echec,2026-01-16,76.0,app,882
TX0000883,AG07,+226 753 60 38 481,5365,in,ok,2026-01-16,134.0,USSD,883
TX0000884,AG13,+226 722 79 47 450,302,out,ok,2026-01-16,3.0,Agent,884
TX0000885,AG17,753 07 18 588,3690,in,Reussie,2026-01-16,92.0,Agent,885
TX0000886,AG08,792 18 09 294,2180,out,echec,2026-01-17,22.0,USSD,886
TX0000887,AG12,+226 714 24 88 574,8132,in,ok,2026-01-17,203.0,Agent,887
TX0000888,AG05,+226 725 59 47 975,610,out,Reussie,2026-01-17,6.0,Agent,888
TX0000889,AG12,+226 715 26 39 597,4000,in,echec,2026-01-17,100.0,Agent,889
TX0000890,AG03,741 00 16 757,611,out,Reussie,2026-01-17,6.0,USSD,890
TX0000891,AG03,+226 761 37 60 139,2669,out,ok,2026-01-17,27.0,Agent,891
TX0000892,AG05,+226 764 79 53 977,912,in,REUSSI,2026-01-17,23.0,app,892
TX0000893,AG10,7089079085,398,in,REUSSI,2026-01-17,10.0,USSD,893
TX0000894,AG05,783 71 57 108,1546,in,ok,2026-01-17,39.0,Agent,894
TX0000895,AG18,725 88 50 761,2109,in,OK,2026-01-17,53.0,Agent,895
TX0000896,AG17,730 68 17 517,1201,in,ok,2026-01-17,30.0,Agent,896
TX0000897,AG10,749 42 61 774,2157,in,REUSSI,2026-01-17,54.0,Agent,897
TX0000898,AG18,7199393388,1210,out,Reussie,2026-01-17,12.0,Agent,898
TX0000899,AG12,7574034188,7028,out,Reussie,2026-01-17,70.0,USSD,899
TX0000900,AG01,+226 735 32 38 789,4296,out,Reussie,2026-01-17,43.0,Agent,900
TX0000901,AG12,714 19 49 091,2745,out,REUSSI,2026-01-17,27.0,Agent,901
TX0000902,AG05,778 23 60 745,5067,in,OK,2026-01-17,127.0,app,902
TX0000903,AG09,+226 770 64 10 870,2101,out,ok,2026-01-17,21.0,app,903
TX0000904,AG06,+226 727 08 55 767,1650,out,OK,2026-01-17,16.0,USSD,904
TX0000905,AG17,+226 742 00 10 303,1289,out,ok,2026-01-17,13.0,USSD,905
TX0000906,AG14,7881934548,2367,in,ok,2026-01-17,59.0,USSD,906
TX0000907,AG05,791 55 48 543,7635,out,Reussie,2026-01-17,76.0,app,907
TX0000908,AG20,7233419775,7866,in,echec,2026-01-17,197.0,USSD,908
TX0000909,AG10,795 67 99 095,2023,in,Reussie,2026-01-17,51.0,Agent,909
TX0000910,AG02,+226 787 68 78 365,10152,out,ok,2026-01-17,102.0,USSD,910
TX0000911,AG03,+226 761 90 72 353,5043,out,REUSSI,2026-01-17,50.0,Agent,911
TX0000912,AG15,771 55 05 234,13292,in,REUSSI,2026-01-17,332.0,Agent,912
TX0000913,AG19,+226 792 32 15 077,5110,in,OK,2026-01-17,128.0,USSD,913
TX0000914,AG08,+226 775 43 12 653,5059,out,ok,2026-01-17,51.0,Agent,914
TX0000915,AG05,7029801918,10153,in,OK,2026-01-17,254.0,app,915
TX0000916,AG03,+226 742 98 23 352,10085,in,REUSSI,2026-01-17,252.0,USSD,916
TX0000917,AG02,780 18 31 157,1267,out,Echouee,2026-01-17,13.0,Agent,917
TX0000918,AG09,7865505948,2747,in,Echouee,2026-01-17,69.0,Agent,918
TX0000919,AG03,+226 734 63 01 724,5005,in,REUSSI,2026-01-17,125.0,USSD,919
TX0000920,AG01,726 24 98 371,1640,in,ok,2026-01-17,41.0,Agent,920
TX0000921,AG18,706 55 30 509,1474,in,REUSSI,2026-01-17,37.0,USSD,921
TX0000922,AG07,+226 788 74 93 149,2022,in,REUSSI,2026-01-17,51.0,USSD,922
TX0000923,AG06,729 56 81 813,1193,in,ok,2026-01-17,30.0,Agent,923
TX0000924,AG07,+226 720 84 17 918,6570,out,echec,2026-01-17,66.0,Agent,924
TX0000925,AG13,+226 714 65 57 900,6632,out,REUSSI,2026-01-17,66.0,Agent,925
TX0000926,AG17,+226 730 88 49 013,1053,out,OK,2026-01-17,11.0,app,926
TX0000927,AG13,706 92 73 235,1281,out,ok,2026-01-17,13.0,Agent,927
TX0000928,AG17,+226 725 08 19 165,848,in,REUSSI,2026-01-17,21.0,USSD,928
TX0000929,AG14,+226 740 02 37 336,922,out,REUSSI,2026-01-17,9.0,Agent,929
TX0000930,AG09,778 13 42 164,696,out,Reussie,2026-01-17,7.0,Agent,930
TX0000931,AG18,702 27 18 409,1969,out,ok,2026-01-17,20.0,Agent,931
TX0000932,AG19,+226 707 50 08 290,2968,in,Reussie,2026-01-18,74.0,Agent,932
TX0000933,AG10,755 39 61 845,1902,out,OK,2026-01-18,19.0,Agent,933
TX0000934,AG19,+226 762 22 36 625,2084,in,ok,2026-01-18,52.0,Agent,934
TX0000935,AG10,+226 712 75 62 571,1770,out,echec,2026-01-18,18.0,USSD,935
TX0000936,AG08,+226 746 48 90 067,3085,out,echec,2026-01-18,31.0,USSD,936
TX0000937,AG16,7879570809,18628,out,echec,2026-01-18,186.0,app,937
TX0000938,AG20,+226 785 64 23 879,14123,out,Reussie,2026-01-18,141.0,USSD,938
TX0000939,AG04,701 20 71 042,2394,in,Reussie,2026-01-18,60.0,app,939
TX0000940,AG06,+226 706 90 31 950,481,in,Reussie,2026-01-19,12.0,USSD,940
TX0000941,AG11,711 61 25 285,1876,in,ok,2026-01-19,47.0,USSD,941
TX0000942,AG11,712 36 74 466,987,out,echec,2026-01-19,10.0,USSD,942
TX0000943,AG14,+226 743 08 54 241,35121,out,echec,2026-01-19,351.0,Agent,943
TX0000944,AG12,7714092079,2180,out,REUSSI,2026-01-19,22.0,USSD,944
TX0000945,AG03,+226 782 50 21 523,2738,out,ok,2026-01-19,27.0,USSD,945
TX0000946,AG19,+226 723 05 94 762,6813,in,Reussie,2026-01-19,170.0,Agent,946
TX0000947,AG20,+226 721 82 15 533,1008,in,ok,2026-01-19,25.0,USSD,947
TX0000948,AG12,737 01 91 564,4930,in,REUSSI,2026-01-19,123.0,Agent,948
TX0000949,AG15,+226 743 82 95 713,1499,in,echec,2026-01-19,37.0,USSD,949
TX0000950,AG17,740 96 57 883,16153,out,REUSSI,2026-01-19,162.0,Agent,950
TX0000951,AG15,+226 721 72 91 372,4556,out,OK,2026-01-19,46.0,Agent,951
TX0000952,AG14,7332404169,5124,out,ok,2026-01-19,51.0,USSD,952
TX0000953,AG12,+226 770 71 51 941,1310,in,OK,2026-01-19,33.0,Agent,953
TX0000954,AG10,705 64 32 858,1815,out,OK,2026-01-19,18.0,app,954
TX0000955,AG16,7879854550,4116,in,Echouee,2026-01-19,103.0,app,955
TX0000956,AG15,+226 792 91 92 024,861,in,ok,2026-01-19,22.0,USSD,956
TX0000957,AG07,766 05 31 334,6086,out,Reussie,2026-01-19,61.0,Agent,957
TX0000958,AG12,+226 798 37 80 979,2276,in,Reussie,2026-01-19,57.0,USSD,958
TX0000959,AG03,750 43 93 242,1556,in,ok,2026-01-19,39.0,Agent,959
TX0000960,AG10,+226 729 88 38 661,1705,out,REUSSI,2026-01-19,17.0,Agent,960
TX0000961,AG13,+226 748 41 22 097,761,out,echec,2026-01-19,8.0,app,961
TX0000962,AG05,+226 747 25 66 198,1134,out,Reussie,2026-01-19,11.0,Agent,962
TX0000963,AG14,+226 790 51 33 128,2021,in,ok,2026-01-19,51.0,USSD,963
TX0000964,AG13,+226 732 93 33 199,2155,in,echec,2026-01-19,54.0,USSD,964
TX0000965,AG12,763 65 04 061,2119,in,OK,2026-01-19,53.0,USSD,965
TX0000966,AG08,+226 716 71 18 044,10920,out,OK,2026-01-19,109.0,USSD,966
TX0000967,AG03,7468768973,1196,out,REUSSI,2026-01-19,12.0,USSD,967
TX0000968,AG11,716 21 13 578,1125,in,OK,2026-01-19,28.0,USSD,968
TX0000969,AG18,+226 758 96 11 935,7872,in,Reussie,2026-01-19,197.0,Agent,969
TX0000970,AG07,766 04 31 726,16556,in,Echouee,2026-01-19,414.0,USSD,970
TX0000971,AG17,+226 705 72 82 780,1788,out,Echouee,2026-01-19,18.0,app,971
TX0000972,AG20,770 42 34 546,1665,in,REUSSI,2026-01-19,42.0,USSD,972
TX0000973,AG06,+226 736 85 82 756,2360,out,REUSSI,2026-01-19,24.0,USSD,973
TX0000974,AG04,716 69 27 169,1609,in,echec,2026-01-19,40.0,Agent,974
TX0000975,AG06,796 07 85 171,1483,in,REUSSI,2026-01-19,37.0,USSD,975
TX0000976,AG05,703 19 62 168,1384,out,REUSSI,2026-01-19,14.0,USSD,976
TX0000977,AG02,+226 758 94 69 284,5226,out,Reussie,2026-01-19,52.0,Agent,977
TX0000978,AG05,+226 788 73 52 584,6091,out,REUSSI,2026-01-19,61.0,USSD,978
TX0000979,AG05,7482836269,2933,out,OK,2026-01-19,29.0,Agent,979
TX0000980,AG17,+226 735 60 63 137,2739,in,ok,2026-01-19,68.0,Agent,980
TX0000981,AG17,+226 708 29 10 457,1650,out,ok,2026-01-19,16.0,USSD,981
TX0000982,AG11,+226 777 27 83 333,3897,out,OK,2026-01-19,39.0,Agent,982
TX0000983,AG10,+226 711 51 23 363,1706,in,OK,2026-01-19,43.0,USSD,983
TX0000984,AG08,783 11 82 077,6699,out,REUSSI,2026-01-19,67.0,USSD,984
TX0000985,AG04,+226 751 23 43 437,1361,in,echec,2026-01-19,34.0,Agent,985
TX0000986,AG16,744 88 02 870,1019,in,OK,2026-01-19,25.0,Agent,986
TX0000987,AG05,745 62 06 188,2590,in,echec,2026-01-19,65.0,USSD,987
TX0000988,AG02,+226 742 01 85 489,3489,in,REUSSI,2026-01-19,87.0,USSD,988
TX0000989,AG05,+226 706 43 03 413,4572,in,Echouee,2026-01-19,114.0,Agent,989
TX0000990,AG01,+226 760 11 88 064,910,out,Echouee,2026-01-19,9.0,USSD,990
TX0000991,AG18,750 43 19 469,680,in,Reussie,2026-01-19,17.0,Agent,991
TX0000992,AG01,+226 777 79 64 269,3908,in,echec,2026-01-19,98.0,Agent,992
TX0000993,AG10,+226 731 24 40 389,5247,out,REUSSI,2026-01-19,52.0,USSD,993
TX0000994,AG03,7762566484,8856,in,OK,2026-01-19,221.0,Agent,994
TX0000995,AG11,7167513502,4095,in,REUSSI,2026-01-19,102.0,Agent,995
TX0000996,AG20,+226 733 60 57 088,4813,in,REUSSI,2026-01-19,120.0,Agent,996
TX0000997,AG19,755 22 62 803,2141,in,ok,2026-01-19,54.0,USSD,997
TX0000998,AG12,+226 714 85 13 614,4368,in,REUSSI,2026-01-19,109.0,USSD,998
TX0000999,AG03,758 93 53 273,1247,in,OK,2026-01-19,31.0,Agent,999
TX0001000,AG04,758 51 16 013,2734,in,echec,2026-01-19,68.0,USSD,1000
TX0001001,AG04,+226 790 67 18 093,1823,in,OK,2026-01-19,46.0,USSD,1001
TX0001002,AG10,+226 785 78 80 333,1556,out,REUSSI,2026-01-19,16.0,USSD,1002
TX0001003,AG13,+226 774 48 48 646,4213,out,REUSSI,2026-01-19,42.0,Agent,1003
TX0001004,AG11,744 00 30 239,9557,in,Reussie,2026-01-19,239.0,USSD,1004
TX0001005,AG20,+226 763 11 09 281,411,out,ok,2026-01-19,4.0,Agent,1005
TX0001006,AG09,7941142902,1541,in,REUSSI,2026-01-19,39.0,Agent,1006
TX0001007,AG11,+226 774 07 90 941,1348,in,ok,2026-01-19,34.0,USSD,1007
TX0001008,AG19,+226 774 71 60 577,3059,out,Reussie,2026-01-19,31.0,USSD,1008
TX0001009,AG09,+226 735 98 96 469,6691,out,Reussie,2026-01-19,67.0,USSD,1009
TX0001010,AG16,773 70 49 831,1635,out,OK,2026-01-19,16.0,USSD,1010
TX0001011,AG02,7697014707,2464,out,REUSSI,2026-01-19,25.0,USSD,1011
TX0001012,AG03,716 96 43 017,6971,in,Reussie,2026-01-19,174.0,Agent,1012
TX0001013,AG08,+226 725 05 57 467,1366,in,OK,2026-01-20,34.0,USSD,1013
TX0001014,AG02,+226 795 85 47 985,475,in,Reussie,2026-01-20,12.0,USSD,1014
TX0001015,AG14,747 84 06 085,4581,out,ok,2026-01-20,46.0,app,1015
TX0001016,AG15,700 39 15 439,1261,in,Echouee,2026-01-20,32.0,Agent,1016
TX0001017,AG08,764 67 31 984,7612,in,Reussie,2026-01-20,190.0,USSD,1017
TX0001018,AG01,791 68 59 582,1424,in,OK,2026-01-20,36.0,Agent,1018
TX0001019,AG12,701 89 17 547,4414,in,REUSSI,2026-01-20,110.0,app,1019
TX0001020,AG05,+226 777 60 69 544,1029,in,echec,2026-01-20,26.0,Agent,1020
TX0001021,AG18,718 25 63 204,3986,out,OK,2026-01-20,40.0,USSD,1021
TX0001022,AG11,735 33 62 502,987,in,ok,2026-01-20,25.0,USSD,1022
TX0001023,AG20,+226 777 92 99 253,4708,out,Reussie,2026-01-20,47.0,USSD,1023
TX0001024,AG09,740 36 95 472,2415,out,OK,2026-01-20,24.0,Agent,1024
TX0001025,AG10,7882705143,856,out,ok,2026-01-20,9.0,Agent,1025
TX0001026,AG14,718 25 52 184,1247,in,Reussie,2026-01-20,31.0,Agent,1026
TX0001027,AG19,+226 777 66 66 507,1153,in,ok,2026-01-20,29.0,USSD,1027
TX0001028,AG12,703 07 35 005,5351,in,ok,2026-01-20,134.0,app,1028
TX0001029,AG05,773 46 97 371,1973,in,ok,2026-01-20,49.0,USSD,1029
TX0001030,AG13,781 97 28 617,626,in,OK,2026-01-20,16.0,Agent,1030
TX0001031,AG07,+226 798 16 91 658,1373,in,Echouee,2026-01-20,34.0,USSD,1031
TX0001032,AG05,733 02 39 325,3292,in,ok,2026-01-20,82.0,app,1032
TX0001033,AG19,799 82 34 156,801,in,REUSSI,2026-01-20,20.0,Agent,1033
TX0001034,AG03,703 85 79 828,1556,out,Reussie,2026-01-20,16.0,USSD,1034
TX0001035,AG08,7689228767,1097,out,Reussie,2026-01-20,11.0,USSD,1035
TX0001036,AG04,+226 747 91 09 689,364,out,OK,2026-01-20,4.0,USSD,1036
TX0001037,AG09,+226 769 88 27 609,2217,in,OK,2026-01-20,55.0,Agent,1037
TX0001038,AG13,707 95 06 887,3000,out,Echouee,2026-01-20,30.0,USSD,1038
TX0001039,AG19,7639423470,3036,out,OK,2026-01-20,30.0,Agent,1039
TX0001040,AG14,728 69 86 544,8644,in,ok,2026-01-20,216.0,USSD,1040
TX0001041,AG15,+226 790 81 14 641,1924,out,echec,2026-01-20,19.0,Agent,1041
TX0001042,AG15,726 97 38 605,3867,in,REUSSI,2026-01-20,97.0,Agent,1042
TX0001043,AG14,+226 708 41 88 830,3400,in,REUSSI,2026-01-20,85.0,Agent,1043
TX0001044,AG09,+226 787 98 58 527,477,out,Reussie,2026-01-20,5.0,USSD,1044
TX0001045,AG17,+226 707 53 59 747,2351,out,OK,2026-01-20,24.0,Agent,1045
TX0001046,AG04,+226 744 22 92 124,1148,out,Echouee,2026-01-20,11.0,USSD,1046
TX0001047,AG06,718 25 40 381,1940,out,Reussie,2026-01-20,19.0,Agent,1047
TX0001048,AG01,+226 799 59 46 853,828,in,echec,2026-01-20,21.0,Agent,1048
TX0001049,AG16,717 86 33 851,1086,in,Reussie,2026-01-20,27.0,Agent,1049
TX0001050,AG03,786 48 56 829,1265,in,Reussie,2026-01-20,32.0,Agent,1050
TX0001051,AG06,+226 704 70 17 759,5270,in,REUSSI,2026-01-20,132.0,USSD,1051
TX0001052,AG06,+226 783 76 44 825,412,in,ok,2026-01-20,10.0,Agent,1052
TX0001053,AG09,7351512291,2398,out,Echouee,2026-01-20,24.0,Agent,1053
TX0001054,AG05,744 85 80 913,7223,in,Echouee,2026-01-20,181.0,Agent,1054
TX0001055,AG03,+226 706 36 68 566,5084,in,REUSSI,2026-01-20,127.0,Agent,1055
TX0001056,AG06,+226 776 64 12 846,1471,in,OK,2026-01-20,37.0,Agent,1056
TX0001057,AG08,7527475393,5949,out,Reussie,2026-01-20,59.0,app,1057
TX0001058,AG02,+226 757 71 46 475,9043,in,ok,2026-01-20,226.0,Agent,1058
TX0001059,AG12,7471692980,3577,out,ok,2026-01-20,36.0,app,1059
TX0001060,AG15,+226 771 09 45 112,6856,out,Reussie,2026-01-20,69.0,app,1060
TX0001061,AG12,778 92 22 398,13778,out,Reussie,2026-01-20,138.0,Agent,1061
TX0001062,AG17,737 63 96 287,4094,out,ok,2026-01-20,41.0,USSD,1062
TX0001063,AG20,+226 701 33 66 078,307,in,OK,2026-01-20,,Agent,1063
TX0001064,AG14,+226 750 93 13 446,272,in,Reussie,2026-01-20,7.0,USSD,1064
TX0001065,AG18,+226 742 60 98 426,2428,out,ok,2026-01-20,24.0,Agent,1065
TX0001066,AG13,762 31 46 411,1519,in,ok,2026-01-20,38.0,USSD,1066
TX0001067,AG01,753 35 61 792,544,in,ok,2026-01-20,14.0,USSD,1067
TX0001068,AG12,725 69 44 206,1054,in,OK,2026-01-20,26.0,Agent,1068
TX0001069,AG03,+226 735 66 50 549,10417,out,REUSSI,2026-01-20,104.0,USSD,1069
TX0001070,AG04,+226 732 05 38 839,1093,in,echec,2026-01-20,27.0,Agent,1070
TX0001071,AG08,7525225503,2649,out,Echouee,2026-01-20,26.0,USSD,1071
TX0001072,AG17,786 28 66 492,560,out,Echouee,2026-01-21,6.0,Agent,1072
TX0001073,AG13,+226 769 99 01 040,2579,out,echec,2026-01-21,26.0,USSD,1073
TX0001074,AG08,775 60 51 510,1204,in,REUSSI,2026-01-21,30.0,USSD,1074
TX0001075,AG05,7886554872,3077,in,Echouee,2026-01-21,77.0,USSD,1075
TX0001076,AG06,732 72 36 425,1489,in,Reussie,2026-01-21,37.0,USSD,1076
TX0001077,AG08,7345030098,1365,in,ok,2026-01-21,34.0,Agent,1077
TX0001078,AG08,+226 744 33 98 542,4752,in,OK,2026-01-21,119.0,Agent,1078
TX0001079,AG06,792 25 78 577,13820,in,ok,2026-01-21,346.0,app,1079
TX0001080,AG17,781 31 40 227,1335,out,OK,2026-01-21,13.0,app,1080
TX0001081,AG16,705 66 87 929,7601,in,REUSSI,2026-01-21,190.0,USSD,1081
TX0001082,AG07,7550839643,875,in,ok,2026-01-21,22.0,USSD,1082
TX0001083,AG14,+226 784 27 79 983,2972,in,echec,2026-01-21,74.0,USSD,1083
TX0001084,AG08,7920884742,2017,in,REUSSI,2026-01-21,50.0,USSD,1084
TX0001085,AG09,+226 793 59 73 093,1405,in,echec,2026-01-21,35.0,Agent,1085
TX0001086,AG16,748 08 32 326,9030,in,Reussie,2026-01-21,226.0,Agent,1086
TX0001087,AG01,7312340985,1178,out,ok,2026-01-21,12.0,Agent,1087
TX0001088,AG11,777 46 42 848,2041,out,OK,2026-01-21,20.0,app,1088
TX0001089,AG04,730 53 72 482,1545,in,ok,2026-01-21,39.0,Agent,1089
TX0001090,AG06,747 79 82 406,10036,out,Echouee,2026-01-21,100.0,USSD,1090
TX0001091,AG04,786 35 21 305,582,in,ok,2026-01-21,15.0,app,1091
TX0001092,AG02,786 51 43 731,6161,in,OK,2026-01-21,154.0,Agent,1092
TX0001093,AG18,+226 781 48 85 689,1434,in,OK,2026-01-21,36.0,Agent,1093
TX0001094,AG19,7150186300,1894,in,echec,2026-01-21,47.0,Agent,1094
TX0001095,AG13,+226 754 82 98 326,2125,in,Reussie,2026-01-21,53.0,Agent,1095
TX0001096,AG15,+226 728 43 95 670,7658,out,echec,2026-01-21,77.0,USSD,1096
TX0001097,AG20,7894577959,298,out,echec,2026-01-21,3.0,Agent,1097
TX0001098,AG11,701 34 20 423,2929,out,ok,2026-01-21,29.0,USSD,1098
TX0001099,AG13,756 61 04 034,2259,in,ok,2026-01-21,56.0,Agent,1099
TX0001100,AG09,7745367586,4702,out,Reussie,2026-01-21,47.0,USSD,1100
TX0001101,AG20,+226 722 91 01 812,9276,in,Reussie,2026-01-21,232.0,Agent,1101
TX0001102,AG03,+226 778 99 70 632,7117,out,echec,2026-01-21,71.0,Agent,1102
TX0001103,AG14,7439242818,1833,out,echec,2026-01-21,18.0,USSD,1103
TX0001104,AG10,+226 774 26 28 796,498,in,Reussie,2026-01-21,12.0,Agent,1104
TX0001105,AG17,790 09 81 296,422,in,ok,2026-01-21,11.0,Agent,1105
TX0001106,AG09,723 81 77 330,1764,in,ok,2026-01-21,44.0,USSD,1106
TX0001107,AG05,754 57 93 681,1988,in,REUSSI,2026-01-21,50.0,app,1107
TX0001108,AG08,7635288005,3229,in,ok,2026-01-21,81.0,Agent,1108
TX0001109,AG14,770 26 00 021,4982,in,OK,2026-01-21,125.0,USSD,1109
TX0001110,AG06,+226 733 42 03 872,1423,in,REUSSI,2026-01-21,36.0,app,1110
TX0001111,AG03,7203783229,1399,out,OK,2026-01-21,14.0,Agent,1111
TX0001112,AG12,+226 733 11 61 349,4296,out,REUSSI,2026-01-21,43.0,USSD,1112
TX0001113,AG03,+226 700 40 49 283,1041,in,OK,2026-01-21,26.0,Agent,1113
TX0001114,AG14,7576484808,2662,out,Reussie,2026-01-21,27.0,app,1114
TX0001115,AG09,785 22 15 759,5605,in,Reussie,2026-01-21,140.0,Agent,1115
TX0001116,AG17,776 25 38 820,784,in,Reussie,2026-01-21,20.0,USSD,1116
TX0001117,AG16,717 65 39 987,395,out,echec,2026-01-21,4.0,Agent,1117
TX0001118,AG16,783 27 23 475,1537,in,ok,2026-01-21,38.0,USSD,1118
TX0001119,AG03,716 36 81 394,3870,in,ok,2026-01-21,97.0,Agent,1119
TX0001120,AG13,720 95 23 517,1204,in,OK,2026-01-21,30.0,Agent,1120
TX0001121,AG17,+226 755 96 22 495,1522,in,echec,2026-01-21,38.0,Agent,1121
TX0001122,AG17,+226 738 06 89 660,5995,in,REUSSI,2026-01-21,150.0,Agent,1122
TX0001123,AG07,7605075838,5838,out,Echouee,2026-01-21,58.0,app,1123
TX0001124,AG03,796 21 31 136,3747,in,Echouee,2026-01-21,94.0,USSD,1124
TX0001125,AG10,765 48 69 483,3619,in,OK,2026-01-21,90.0,USSD,1125
TX0001126,AG06,+226 775 94 04 835,4232,in,REUSSI,2026-01-21,106.0,USSD,1126
TX0001127,AG04,761 77 32 877,3971,in,OK,2026-01-21,,app,1127
TX0001128,AG17,730 35 23 029,9719,in,Reussie,2026-01-21,243.0,USSD,1128
TX0001129,AG14,733 41 76 355,7124,in,ok,2026-01-21,178.0,Agent,1129
TX0001130,AG02,+226 749 00 40 320,1400,in,REUSSI,2026-01-22,35.0,USSD,1130
TX0001131,AG12,7878483016,9258,in,REUSSI,2026-01-22,231.0,USSD,1131
TX0001132,AG16,734 08 48 327,1538,in,OK,2026-01-22,38.0,Agent,1132
TX0001133,AG17,715 39 47 232,1962,in,Echouee,2026-01-22,49.0,Agent,1133
TX0001134,AG20,+226 791 53 80 675,1165,in,echec,2026-01-22,29.0,Agent,1134
TX0001135,AG13,792 76 79 208,1466,out,echec,2026-01-22,15.0,USSD,1135
TX0001136,AG07,715 12 90 004,721,out,REUSSI,2026-01-22,7.0,Agent,1136
TX0001137,AG14,+226 742 05 90 685,956,out,OK,2026-01-22,10.0,USSD,1137
TX0001138,AG08,752 82 59 850,3489,in,echec,2026-01-22,87.0,USSD,1138
TX0001139,AG09,+226 783 28 10 353,3193,in,Echouee,2026-01-22,80.0,app,1139
TX0001140,AG04,733 22 03 617,7514,out,Echouee,2026-01-22,75.0,app,1140
TX0001141,AG11,7744910320,2472,in,Reussie,2026-01-22,62.0,Agent,1141
TX0001142,AG09,729 07 22 177,7294,in,Reussie,2026-01-22,182.0,Agent,1142
TX0001143,AG11,+226 768 19 27 098,3000,out,ok,2026-01-22,30.0,Agent,1143
TX0001144,AG03,+226 727 39 16 527,881,in,OK,2026-01-22,22.0,USSD,1144
TX0001145,AG06,726 55 62 982,2674,in,OK,2026-01-22,67.0,Agent,1145
TX0001146,AG07,+226 749 42 39 838,3204,in,REUSSI,2026-01-22,80.0,USSD,1146
TX0001147,AG09,+226 797 64 35 788,2260,in,ok,2026-01-22,56.0,USSD,1147
TX0001148,AG12,713 02 30 390,3774,out,REUSSI,2026-01-22,38.0,USSD,1148
TX0001149,AG10,710 90 89 659,4692,out,REUSSI,2026-01-22,47.0,USSD,1149
TX0001150,AG18,7566121570,2012,in,REUSSI,2026-01-22,50.0,app,1150
TX0001151,AG13,+226 732 17 27 715,1586,out,REUSSI,2026-01-22,16.0,USSD,1151
TX0001152,AG18,712 79 96 008,1084,in,REUSSI,2026-01-22,27.0,app,1152
TX0001153,AG16,+226 791 44 41 770,6519,out,OK,2026-01-22,65.0,Agent,1153
TX0001154,AG11,+226 717 52 66 063,2176,in,Echouee,2026-01-22,54.0,Agent,1154
TX0001155,AG05,754 78 83 192,1584,out,REUSSI,2026-01-22,16.0,USSD,1155
TX0001156,AG09,756 48 23 338,546,in,Reussie,2026-01-22,14.0,Agent,1156
TX0001157,AG02,+226 734 11 87 766,6184,in,ok,2026-01-22,155.0,USSD,1157
TX0001158,AG11,747 57 96 866,2868,out,OK,2026-01-22,29.0,USSD,1158
TX0001159,AG06,7490845059,2345,in,OK,2026-01-22,59.0,USSD,1159
TX0001160,AG06,709 44 26 419,458,in,OK,2026-01-22,11.0,USSD,1160
TX0001161,AG04,705 88 65 682,503,out,OK,2026-01-22,5.0,app,1161
TX0001162,AG14,739 53 80 652,1108,out,REUSSI,2026-01-22,11.0,USSD,1162
TX0001163,AG02,766 74 86 709,922,in,ok,2026-01-22,23.0,Agent,1163
TX0001164,AG03,+226 772 20 33 730,1908,in,Reussie,2026-01-22,48.0,app,1164
TX0001165,AG05,776 24 38 068,3168,out,OK,2026-01-22,32.0,Agent,1165
TX0001166,AG08,782 33 49 364,1820,in,REUSSI,2026-01-22,46.0,USSD,1166
TX0001167,AG06,+226 754 32 33 533,2199,in,Reussie,2026-01-22,55.0,app,1167
TX0001168,AG01,717 89 80 652,1227,in,Echouee,2026-01-22,31.0,Agent,1168
TX0001169,AG08,788 87 03 097,637,in,REUSSI,2026-01-22,16.0,USSD,1169
TX0001170,AG11,+226 742 35 55 844,3360,in,Reussie,2026-01-22,84.0,Agent,1170
TX0001171,AG15,+226 796 66 44 777,3347,in,ok,2026-01-22,84.0,app,1171
TX0001172,AG19,715 91 66 942,1653,in,REUSSI,2026-01-22,41.0,USSD,1172
TX0001173,AG14,798 71 85 885,580,in,REUSSI,2026-01-22,14.0,USSD,1173
TX0001174,AG12,712 18 78 492,1043,in,Reussie,2026-01-22,26.0,USSD,1174
TX0001175,AG11,+226 767 34 01 141,3264,in,echec,2026-01-22,82.0,USSD,1175
TX0001176,AG14,+226 760 52 26 636,3419,in,ok,2026-01-22,85.0,Agent,1176
TX0001177,AG06,738 65 90 934,1073,in,ok,2026-01-22,27.0,Agent,1177
TX0001178,AG04,7014704577,7589,out,Echouee,2026-01-22,76.0,Agent,1178
TX0001179,AG19,779 34 29 930,1797,out,ok,2026-01-22,18.0,app,1179
TX0001180,AG12,+226 729 88 11 281,1803,in,echec,2026-01-22,45.0,Agent,1180
TX0001181,AG20,7546369367,1905,in,Echouee,2026-01-22,48.0,Agent,1181
TX0001182,AG03,7990948181,2269,out,Reussie,2026-01-22,23.0,Agent,1182
TX0001183,AG12,723 24 66 943,23638,in,Echouee,2026-01-23,591.0,Agent,1183
TX0001184,AG06,764 53 10 911,1138,in,REUSSI,2026-01-23,28.0,USSD,1184
TX0001185,AG06,716 52 67 980,2668,in,ok,2026-01-23,67.0,Agent,1185
TX0001186,AG16,713 09 47 692,2122,in,OK,2026-01-23,53.0,Agent,1186
TX0001187,AG09,776 40 52 893,7770,in,Echouee,2026-01-23,194.0,Agent,1187
TX0001188,AG16,+226 749 71 02 356,1451,out,REUSSI,2026-01-23,15.0,USSD,1188
TX0001189,AG13,748 22 33 059,404,in,Reussie,2026-01-23,10.0,USSD,1189
TX0001190,AG15,774 86 71 483,4626,in,OK,2026-01-23,116.0,app,1190
TX0001191,AG07,764 76 04 522,2435,out,OK,2026-01-23,24.0,USSD,1191
TX0001192,AG17,7007159352,1412,in,ok,2026-01-23,35.0,Agent,1192
TX0001193,AG12,7770510949,14662,in,OK,2026-01-23,367.0,Agent,1193
TX0001194,AG18,+226 791 35 59 180,889,in,Reussie,2026-01-23,22.0,Agent,1194
TX0001195,AG18,761 41 26 289,3910,in,ok,2026-01-23,98.0,Agent,1195
TX0001196,AG17,+226 797 72 02 276,6230,in,OK,2026-01-23,156.0,Agent,1196
TX0001197,AG19,+226 757 71 74 151,1667,out,Reussie,2026-01-23,17.0,Agent,1197
TX0001198,AG07,710 74 05 418,295,in,OK,2026-01-23,7.0,Agent,1198
TX0001199,AG13,779 94 90 830,1425,in,ok,2026-01-23,36.0,Agent,1199
TX0001200,AG18,7357253802,783,in,ok,2026-01-23,20.0,app,1200
TX0001201,AG04,727 79 67 277,23167,out,Reussie,2026-01-23,232.0,USSD,1201
TX0001202,AG20,7634510589,3977,out,ok,2026-01-23,40.0,Agent,1202
TX0001203,AG16,733 59 25 261,3214,in,OK,2026-01-23,80.0,Agent,1203
TX0001204,AG02,729 41 31 830,10706,out,ok,2026-01-23,107.0,USSD,1204
TX0001205,AG10,772 29 85 729,3517,out,OK,2026-01-23,35.0,USSD,1205
TX0001206,AG18,7314272240,2885,in,OK,2026-01-23,72.0,Agent,1206
TX0001207,AG15,7394268403,3631,in,echec,2026-01-23,91.0,USSD,1207
TX0001208,AG08,+226 762 77 63 336,6579,in,echec,2026-01-23,164.0,USSD,1208
TX0001209,AG07,746 99 56 978,1916,out,Reussie,2026-01-23,19.0,USSD,1209
TX0001210,AG02,793 88 42 995,1572,in,ok,2026-01-23,39.0,Agent,1210
TX0001211,AG03,+226 767 16 43 690,6961,out,REUSSI,2026-01-23,70.0,Agent,1211
TX0001212,AG14,+226 718 61 51 429,4653,in,Reussie,2026-01-23,116.0,USSD,1212
TX0001213,AG11,7633968961,4158,out,OK,2026-01-23,42.0,USSD,1213
TX0001214,AG06,+226 795 37 38 080,2614,out,ok,2026-01-23,26.0,USSD,1214
TX0001215,AG11,7730151433,1138,out,OK,2026-01-23,11.0,Agent,1215
TX0001216,AG04,+226 768 07 35 499,1744,out,Reussie,2026-01-23,17.0,Agent,1216
TX0001217,AG17,797 97 33 937,4979,out,Echouee,2026-01-23,50.0,USSD,1217
TX0001218,AG19,+226 730 70 90 303,2247,out,REUSSI,2026-01-23,22.0,Agent,1218
TX0001219,AG11,+226 739 92 49 125,20028,in,OK,2026-01-23,501.0,app,1219
TX0001220,AG13,739 87 08 418,2659,in,ok,2026-01-23,66.0,app,1220
TX0001221,AG17,7180317534,2418,out,Echouee,2026-01-23,24.0,Agent,1221
TX0001222,AG03,+226 730 45 97 852,13729,out,ok,2026-01-23,137.0,Agent,1222
TX0001223,AG11,7781485450,1461,out,Reussie,2026-01-23,15.0,USSD,1223
TX0001224,AG17,+226 769 98 91 202,2269,in,echec,2026-01-23,57.0,Agent,1224
TX0001225,AG02,+226 719 12 08 172,1942,out,OK,2026-01-23,19.0,USSD,1225
TX0001226,AG15,7710742246,24055,in,OK,2026-01-23,601.0,USSD,1226
TX0001227,AG12,726 39 70 591,14993,in,OK,2026-01-23,375.0,USSD,1227
TX0001228,AG18,721 98 07 893,2660,in,REUSSI,2026-01-23,66.0,USSD,1228
TX0001229,AG20,+226 733 83 38 207,1483,out,ok,2026-01-23,15.0,Agent,1229
TX0001230,AG14,7787521356,596,in,OK,2026-01-23,15.0,app,1230
TX0001231,AG13,7414986895,202,in,ok,2026-01-23,5.0,Agent,1231
TX0001232,AG07,749 33 32 187,2366,out,ok,2026-01-23,24.0,USSD,1232
TX0001233,AG16,7138265328,703,in,OK,2026-01-23,18.0,app,1233
TX0001234,AG14,755 77 47 583,2133,out,OK,2026-01-23,21.0,Agent,1234
TX0001235,AG08,724 48 84 884,5107,out,OK,2026-01-23,51.0,USSD,1235
TX0001236,AG20,767 19 58 739,6842,out,echec,2026-01-23,68.0,USSD,1236
TX0001237,AG04,+226 730 19 59 183,4998,out,Reussie,2026-01-23,50.0,USSD,1237
TX0001238,AG05,749 24 70 412,2024,out,Echouee,2026-01-23,20.0,Agent,1238
TX0001239,AG04,+226 744 31 54 194,12440,out,REUSSI,2026-01-23,124.0,Agent,1239
TX0001240,AG09,7026414515,6973,out,Reussie,2026-01-23,70.0,USSD,1240
TX0001241,AG04,+226 779 31 61 567,1423,in,OK,2026-01-23,36.0,USSD,1241
TX0001242,AG20,+226 781 89 30 394,5420,in,OK,2026-01-23,136.0,Agent,1242
TX0001243,AG11,7031450875,4682,out,Echouee,2026-01-23,47.0,USSD,1243
TX0001244,AG04,776 57 82 714,3842,out,Reussie,2026-01-23,38.0,app,1244
TX0001245,AG18,+226 736 94 18 539,21892,in,OK,2026-01-23,547.0,Agent,1245
TX0001246,AG01,745 40 32 581,908,in,REUSSI,2026-01-23,23.0,Agent,1246
TX0001247,AG09,765 32 09 643,2280,in,ok,2026-01-23,57.0,USSD,1247
TX0001248,AG17,769 34 39 647,5426,out,ok,2026-01-23,54.0,USSD,1248
TX0001249,AG12,+226 715 18 95 966,11937,in,OK,2026-01-24,298.0,USSD,1249
TX0001250,AG02,707 99 92 828,972,in,Echouee,2026-01-24,24.0,app,1250
TX0001251,AG17,733 08 50 139,2980,out,OK,2026-01-24,30.0,Agent,1251
TX0001252,AG10,7585580909,4002,out,OK,2026-01-24,40.0,Agent,1252
TX0001253,AG14,+226 798 13 51 282,1465,out,ok,2026-01-24,15.0,Agent,1253
TX0001254,AG13,718 17 54 324,1929,out,Echouee,2026-01-24,19.0,USSD,1254
TX0001255,AG08,+226 712 27 10 559,848,in,ok,2026-01-24,21.0,Agent,1255
TX0001256,AG10,+226 766 05 16 111,4999,in,Echouee,2026-01-24,125.0,USSD,1256
TX0001257,AG19,+226 772 00 34 766,2926,out,echec,2026-01-24,29.0,Agent,1257
TX0001258,AG13,+226 734 39 52 705,2236,out,ok,2026-01-24,22.0,Agent,1258
TX0001259,AG01,+226 702 96 18 018,1337,out,Reussie,2026-01-24,13.0,Agent,1259
TX0001260,AG11,7073563698,2039,in,Reussie,2026-01-24,51.0,Agent,1260
TX0001261,AG02,+226 777 41 10 765,1566,in,Reussie,2026-01-24,39.0,app,1261
TX0001262,AG14,743 35 26 694,5175,out,REUSSI,2026-01-24,52.0,USSD,1262
TX0001263,AG05,7100807648,4768,out,ok,2026-01-24,48.0,Agent,1263
TX0001264,AG06,+226 703 83 80 666,9815,in,REUSSI,2026-01-24,245.0,app,1264
TX0001265,AG06,+226 727 36 25 252,5989,in,echec,2026-01-24,150.0,Agent,1265
TX0001266,AG07,7176563255,1616,in,ok,2026-01-24,40.0,USSD,1266
TX0001267,AG20,+226 716 42 57 384,3773,in,OK,2026-01-24,94.0,USSD,1267
TX0001268,AG18,722 85 58 844,1184,in,OK,2026-01-24,30.0,Agent,1268
TX0001269,AG05,+226 784 32 09 554,6589,out,REUSSI,2026-01-24,66.0,app,1269
TX0001270,AG04,+226 762 86 74 199,5246,in,Reussie,2026-01-24,131.0,USSD,1270
TX0001271,AG03,7661020761,1892,in,REUSSI,2026-01-24,47.0,USSD,1271
TX0001272,AG06,+226 700 08 17 698,1796,out,ok,2026-01-24,18.0,USSD,1272
TX0001273,AG04,7458443523,4370,in,Reussie,2026-01-24,109.0,app,1273
TX0001274,AG09,+226 734 13 20 372,2707,in,ok,2026-01-24,68.0,USSD,1274
TX0001275,AG03,776 58 01 809,1058,in,Reussie,2026-01-24,26.0,Agent,1275
TX0001276,AG02,7726975082,5435,out,ok,2026-01-24,54.0,USSD,1276
TX0001277,AG01,+226 748 48 57 970,3900,in,OK,2026-01-24,98.0,Agent,1277
TX0001278,AG20,+226 725 10 75 724,2557,in,OK,2026-01-24,64.0,USSD,1278
TX0001279,AG13,+226 748 38 52 209,4789,in,ok,2026-01-24,120.0,USSD,1279
TX0001280,AG04,7310377689,1516,in,Echouee,2026-01-24,38.0,USSD,1280
TX0001281,AG17,+226 726 75 56 582,428,out,REUSSI,2026-01-24,4.0,Agent,1281
TX0001282,AG19,+226 764 24 19 993,2812,in,echec,2026-01-24,70.0,Agent,1282
TX0001283,AG20,740 54 08 244,10813,in,ok,2026-01-24,270.0,Agent,1283
TX0001284,AG03,7789376595,3280,in,OK,2026-01-24,82.0,app,1284
TX0001285,AG01,758 72 10 208,1349,out,echec,2026-01-24,13.0,USSD,1285
TX0001286,AG02,+226 741 14 27 995,13595,out,echec,2026-01-24,136.0,Agent,1286
TX0001287,AG07,7288656579,10386,in,echec,2026-01-24,260.0,Agent,1287
TX0001288,AG18,+226 779 16 93 760,1345,out,OK,2026-01-24,13.0,USSD,1288
TX0001289,AG01,7481223959,1225,in,OK,2026-01-24,31.0,USSD,1289
TX0001290,AG19,7398805896,1812,in,Reussie,2026-01-25,45.0,USSD,1290
TX0001291,AG14,+226 785 15 13 921,697,out,REUSSI,2026-01-25,7.0,app,1291
TX0001292,AG09,719 42 32 571,712,in,ok,2026-01-25,18.0,USSD,1292
TX0001293,AG19,+226 761 60 05 578,5339,in,OK,2026-01-25,133.0,USSD,1293
TX0001294,AG09,7937173614,4463,in,OK,2026-01-25,112.0,Agent,1294
TX0001295,AG15,779 83 41 325,3645,out,echec,2026-01-25,36.0,Agent,1295
TX0001296,AG08,797 95 17 632,245,out,OK,2026-01-25,2.0,app,1296
TX0001297,AG20,+226 746 33 15 083,2354,out,REUSSI,2026-01-25,24.0,USSD,1297
TX0001298,AG17,+226 711 88 45 045,2596,out,ok,2026-01-25,26.0,USSD,1298
TX0001299,AG07,+226 703 81 57 191,1696,in,ok,2026-01-25,42.0,USSD,1299
TX0001300,AG07,725 52 58 581,9252,in,ok,2026-01-25,231.0,Agent,1300
TX0001301,AG13,7577501593,2902,in,Reussie,2026-01-25,73.0,app,1301
TX0001302,AG04,+226 741 44 11 679,3852,out,OK,2026-01-26,39.0,Agent,1302
TX0001303,AG05,747 38 79 128,6657,in,ok,2026-01-26,166.0,app,1303
TX0001304,AG10,+226 772 53 91 502,2756,out,Echouee,2026-01-26,28.0,Agent,1304
TX0001305,AG12,7944797098,862,out,OK,2026-01-26,9.0,USSD,1305
TX0001306,AG10,7791971663,347,out,echec,2026-01-26,3.0,USSD,1306
TX0001307,AG17,713 67 62 372,1464,in,Reussie,2026-01-26,37.0,USSD,1307
TX0001308,AG16,760 09 33 970,4310,in,OK,2026-01-26,108.0,USSD,1308
TX0001309,AG15,785 85 51 816,6766,out,ok,2026-01-26,,Agent,1309
TX0001310,AG04,+226 778 06 98 118,16463,in,OK,2026-01-26,412.0,Agent,1310
TX0001311,AG11,+226 788 42 71 833,1508,in,Reussie,2026-01-26,38.0,USSD,1311
TX0001312,AG06,7409887615,730,in,REUSSI,2026-01-26,18.0,Agent,1312
TX0001313,AG03,+226 785 70 52 849,3655,out,REUSSI,2026-01-26,37.0,Agent,1313
TX0001314,AG03,793 41 75 940,1240,in,REUSSI,2026-01-26,31.0,app,1314
TX0001315,AG05,+226 745 39 76 679,1754,out,OK,2026-01-26,18.0,Agent,1315
TX0001316,AG03,781 44 01 731,1794,in,ok,2026-01-26,45.0,Agent,1316
TX0001317,AG19,7486080295,7045,out,ok,2026-01-26,70.0,USSD,1317
TX0001318,AG05,+226 783 59 92 463,3481,in,echec,2026-01-26,87.0,USSD,1318
TX0001319,AG06,7867838529,3363,out,echec,2026-01-26,34.0,USSD,1319
TX0001320,AG03,7517552396,1724,in,ok,2026-01-26,43.0,USSD,1320
TX0001321,AG12,781 25 16 585,4761,in,OK,2026-01-26,119.0,USSD,1321
TX0001322,AG13,7969504709,1999,out,Reussie,2026-01-26,20.0,Agent,1322
TX0001323,AG07,731 30 20 582,5992,out,OK,2026-01-26,60.0,app,1323
TX0001324,AG09,+226 714 55 82 189,6612,in,OK,2026-01-26,165.0,Agent,1324
TX0001325,AG06,7684254306,441,out,REUSSI,2026-01-26,4.0,Agent,1325
TX0001326,AG02,7556072088,2427,in,echec,2026-01-26,61.0,Agent,1326
TX0001327,AG02,7819375370,3733,out,OK,2026-01-26,37.0,Agent,1327
TX0001328,AG15,765 65 31 789,1669,in,OK,2026-01-26,42.0,Agent,1328
TX0001329,AG06,770 68 50 819,4428,in,Reussie,2026-01-26,111.0,Agent,1329
TX0001330,AG08,+226 708 26 62 176,2031,out,REUSSI,2026-01-26,20.0,Agent,1330
TX0001331,AG10,7181917377,933,out,OK,2026-01-26,9.0,app,1331
TX0001332,AG17,+226 732 53 88 622,2683,out,OK,2026-01-26,27.0,app,1332
TX0001333,AG15,793 80 94 426,2839,out,ok,2026-01-26,28.0,Agent,1333
TX0001334,AG03,+226 717 02 55 384,1092,out,REUSSI,2026-01-26,11.0,Agent,1334
TX0001335,AG15,+226 715 01 10 925,5878,in,Reussie,2026-01-26,147.0,USSD,1335
TX0001336,AG20,+226 754 40 46 530,1043,in,OK,2026-01-26,26.0,USSD,1336
TX0001337,AG05,772 63 08 937,7718,out,OK,2026-01-26,77.0,Agent,1337
TX0001338,AG16,719 17 43 063,427,in,REUSSI,2026-01-26,11.0,Agent,1338
TX0001339,AG19,747 63 83 580,14567,out,Echouee,2026-01-26,146.0,Agent,1339
TX0001340,AG05,+226 766 65 82 688,3033,out,ok,2026-01-26,30.0,app,1340
TX0001341,AG14,730 39 79 543,4288,out,echec,2026-01-26,43.0,USSD,1341
TX0001342,AG06,713 56 38 501,11913,out,OK,2026-01-26,119.0,Agent,1342
TX0001343,AG15,+226 707 36 64 845,190,in,ok,2026-01-26,5.0,Agent,1343
TX0001344,AG09,704 12 22 201,4073,in,Echouee,2026-01-26,102.0,USSD,1344
TX0001345,AG01,+226 718 41 61 984,663,in,Echouee,2026-01-26,17.0,USSD,1345
TX0001346,AG06,730 30 15 031,1260,in,Reussie,2026-01-26,32.0,USSD,1346
TX0001347,AG20,7505540690,6941,in,echec,2026-01-26,174.0,Agent,1347
TX0001348,AG02,798 40 13 680,6050,in,Reussie,2026-01-26,151.0,app,1348
TX0001349,AG07,715 70 34 830,3593,out,ok,2026-01-26,36.0,Agent,1349
TX0001350,AG09,7693270131,2205,out,echec,2026-01-26,22.0,app,1350
TX0001351,AG14,+226 753 09 17 073,2137,in,REUSSI,2026-01-26,53.0,USSD,1351
TX0001352,AG09,+226 738 37 67 949,2343,in,Reussie,2026-01-26,59.0,USSD,1352
TX0001353,AG17,728 86 22 188,8481,in,ok,2026-01-26,212.0,Agent,1353
TX0001354,AG11,+226 706 27 06 595,1432,in,REUSSI,2026-01-26,36.0,Agent,1354
TX0001355,AG17,767 91 98 063,6257,out,OK,2026-01-26,63.0,Agent,1355
TX0001356,AG20,+226 727 72 40 430,3670,out,REUSSI,2026-01-26,37.0,USSD,1356
TX0001357,AG20,766 23 20 956,1216,out,ok,2026-01-26,12.0,USSD,1357
TX0001358,AG08,7312606472,1160,out,OK,2026-01-26,12.0,app,1358
TX0001359,AG18,7022960187,2204,out,Echouee,2026-01-26,22.0,USSD,1359
TX0001360,AG12,759 41 17 045,1166,out,REUSSI,2026-01-26,12.0,USSD,1360
TX0001361,AG05,+226 773 90 40 532,3362,out,OK,2026-01-26,34.0,Agent,1361
TX0001362,AG20,779 44 53 007,855,out,ok,2026-01-26,9.0,USSD,1362
TX0001363,AG06,7424311618,2852,out,Reussie,2026-01-26,29.0,USSD,1363
TX0001364,AG16,768 57 86 410,2452,out,OK,2026-01-26,25.0,Agent,1364
TX0001365,AG19,+226 768 97 03 257,4455,in,Reussie,2026-01-26,111.0,USSD,1365
TX0001366,AG17,+226 722 83 04 613,6632,out,OK,2026-01-26,66.0,Agent,1366
TX0001367,AG16,725 85 70 599,5182,in,echec,2026-01-26,130.0,Agent,1367
TX0001368,AG17,+226 773 57 11 705,2430,in,ok,2026-01-26,61.0,Agent,1368
TX0001369,AG20,733 45 32 336,28017,out,OK,2026-01-26,280.0,USSD,1369
TX0001370,AG10,+226 713 40 17 767,2202,out,Echouee,2026-01-26,22.0,USSD,1370
TX0001371,AG10,746 63 44 762,2345,in,REUSSI,2026-01-26,59.0,Agent,1371
TX0001372,AG20,+226 799 30 11 382,6510,in,Echouee,2026-01-26,163.0,app,1372
TX0001373,AG01,798 06 89 702,4432,out,Reussie,2026-01-26,44.0,app,1373
TX0001374,AG07,754 42 71 174,2364,in,echec,2026-01-26,59.0,USSD,1374
TX0001375,AG18,7540608260,1800,in,ok,2026-01-26,45.0,Agent,1375
TX0001376,AG13,7150173119,2942,in,OK,2026-01-26,74.0,USSD,1376
TX0001377,AG17,+226 715 42 54 928,1417,in,ok,2026-01-26,35.0,Agent,1377
TX0001378,AG06,+226 718 82 92 813,6053,in,OK,2026-01-26,151.0,Agent,1378
TX0001379,AG04,7139626742,5795,out,REUSSI,2026-01-26,58.0,USSD,1379
TX0001380,AG19,774 29 82 446,6684,in,Reussie,2026-01-26,167.0,Agent,1380
TX0001381,AG13,+226 726 16 78 141,1832,in,Echouee,2026-01-26,46.0,Agent,1381
TX0001382,AG14,729 42 93 443,903,in,OK,2026-01-26,23.0,Agent,1382
TX0001383,AG18,722 14 69 289,960,out,echec,2026-01-26,10.0,Agent,1383
TX0001384,AG14,+226 701 87 22 516,901,out,REUSSI,2026-01-26,9.0,Agent,1384
TX0001385,AG11,748 95 04 584,3775,in,REUSSI,2026-01-26,94.0,USSD,1385
TX0001386,AG05,+226 773 09 15 996,5232,out,Echouee,2026-01-27,52.0,USSD,1386
TX0001387,AG03,+226 770 58 01 799,1831,in,REUSSI,2026-01-27,46.0,USSD,1387
TX0001388,AG04,+226 795 98 97 068,2077,out,OK,2026-01-27,21.0,USSD,1388
TX0001389,AG06,7857006101,2363,out,Reussie,2026-01-27,24.0,USSD,1389
TX0001390,AG10,713 51 44 878,4805,in,Reussie,2026-01-27,120.0,USSD,1390
TX0001391,AG09,+226 784 51 36 336,1337,in,Reussie,2026-01-27,33.0,Agent,1391
TX0001392,AG11,707 00 20 833,1541,out,REUSSI,2026-01-27,15.0,app,1392
TX0001393,AG16,+226 735 15 22 612,3884,in,OK,2026-01-27,97.0,USSD,1393
TX0001394,AG04,+226 744 49 12 974,24875,in,REUSSI,2026-01-27,622.0,USSD,1394
TX0001395,AG20,797 10 09 691,6598,in,ok,2026-01-27,165.0,Agent,1395
TX0001396,AG18,+226 702 37 16 671,1107,out,ok,2026-01-27,11.0,USSD,1396
TX0001397,AG03,+226 775 85 26 555,1961,in,Echouee,2026-01-27,49.0,Agent,1397
TX0001398,AG08,+226 711 75 33 596,1349,out,REUSSI,2026-01-27,13.0,Agent,1398
TX0001399,AG06,760 97 29 176,6657,in,REUSSI,2026-01-27,166.0,USSD,1399
TX0001400,AG01,+226 716 97 17 529,1409,out,ok,2026-01-27,14.0,Agent,1400
TX0001401,AG19,7648229452,1255,in,Reussie,2026-01-27,31.0,USSD,1401
TX0001402,AG01,+226 728 89 68 599,2331,in,Echouee,2026-01-27,58.0,Agent,1402
TX0001403,AG18,+226 763 76 23 778,1651,in,OK,2026-01-27,41.0,Agent,1403
TX0001404,AG01,733 79 35 688,443,in,ok,2026-01-27,11.0,USSD,1404
TX0001405,AG09,772 47 41 728,3549,in,Reussie,2026-01-27,89.0,Agent,1405
TX0001406,AG18,+226 798 81 65 823,7686,out,OK,2026-01-27,77.0,USSD,1406
TX0001407,AG15,792 46 79 786,2957,in,OK,2026-01-27,74.0,Agent,1407
TX0001408,AG12,737 95 51 279,7608,out,echec,2026-01-27,76.0,Agent,1408
TX0001409,AG09,7039103030,7681,in,REUSSI,2026-01-27,192.0,app,1409
TX0001410,AG14,+226 707 35 62 726,5566,in,Echouee,2026-01-27,139.0,Agent,1410
TX0001411,AG11,738 83 25 576,1997,in,Reussie,2026-01-27,50.0,Agent,1411
TX0001412,AG08,781 89 88 945,1833,in,Reussie,2026-01-27,46.0,USSD,1412
TX0001413,AG01,+226 784 14 63 278,517,out,OK,2026-01-27,5.0,Agent,1413
TX0001414,AG14,+226 701 36 33 693,1173,in,ok,2026-01-27,29.0,Agent,1414
TX0001415,AG19,746 60 26 154,12136,out,REUSSI,2026-01-27,121.0,USSD,1415
TX0001416,AG13,+226 735 29 08 097,440,out,ok,2026-01-27,4.0,USSD,1416
TX0001417,AG11,709 11 23 671,4638,in,REUSSI,2026-01-27,116.0,Agent,1417
TX0001418,AG05,+226 773 62 81 098,3755,in,Echouee,2026-01-27,94.0,USSD,1418
TX0001419,AG19,+226 731 16 69 810,1977,out,Reussie,2026-01-27,20.0,USSD,1419
TX0001420,AG16,+226 728 66 69 529,1944,in,ok,2026-01-27,49.0,USSD,1420
TX0001421,AG04,7636157670,4111,in,ok,2026-01-27,103.0,Agent,1421
TX0001422,AG17,+226 752 86 00 554,2941,out,OK,2026-01-27,29.0,Agent,1422
TX0001423,AG14,790 50 71 192,937,in,OK,2026-01-27,23.0,USSD,1423
TX0001424,AG02,729 85 10 036,485,out,ok,2026-01-27,5.0,USSD,1424
TX0001425,AG10,713 84 35 281,1534,out,ok,2026-01-27,15.0,USSD,1425
TX0001426,AG07,+226 797 00 80 774,2457,out,Reussie,2026-01-27,25.0,USSD,1426
TX0001427,AG03,702 16 38 577,10756,out,OK,2026-01-27,108.0,USSD,1427
TX0001428,AG16,+226 755 65 76 683,5144,out,OK,2026-01-27,51.0,USSD,1428
TX0001429,AG09,778 04 09 294,5716,in,REUSSI,2026-01-27,143.0,USSD,1429
TX0001430,AG20,7516007429,5225,out,REUSSI,2026-01-27,52.0,USSD,1430
TX0001431,AG04,7291519075,6030,in,echec,2026-01-27,151.0,Agent,1431
TX0001432,AG01,720 20 66 761,996,out,REUSSI,2026-01-27,10.0,USSD,1432
TX0001433,AG06,+226 770 51 15 318,4008,in,OK,2026-01-27,100.0,USSD,1433
TX0001434,AG05,7513393864,3837,in,Reussie,2026-01-27,96.0,USSD,1434
TX0001435,AG10,7173924467,14146,out,REUSSI,2026-01-27,141.0,Agent,1435
TX0001436,AG05,+226 733 98 77 383,3923,in,echec,2026-01-27,98.0,Agent,1436
TX0001437,AG20,7688180567,658,in,ok,2026-01-27,16.0,USSD,1437
TX0001438,AG08,+226 781 53 55 061,10141,in,echec,2026-01-27,254.0,USSD,1438
TX0001439,AG09,+226 730 11 69 073,1206,out,OK,2026-01-27,12.0,Agent,1439
TX0001440,AG16,+226 764 64 26 248,4975,out,ok,2026-01-27,50.0,USSD,1440
TX0001441,AG11,738 30 03 065,7816,out,OK,2026-01-27,78.0,Agent,1441
TX0001442,AG18,743 00 33 751,4262,in,REUSSI,2026-01-27,107.0,USSD,1442
TX0001443,AG06,709 04 32 910,2752,out,Reussie,2026-01-27,28.0,Agent,1443
TX0001444,AG20,716 02 71 392,5571,in,Reussie,2026-01-27,139.0,USSD,1444
TX0001445,AG15,721 57 81 286,2680,out,ok,2026-01-27,27.0,Agent,1445
TX0001446,AG05,741 52 13 730,963,in,Echouee,2026-01-27,24.0,USSD,1446
TX0001447,AG13,+226 715 78 20 290,343,in,echec,2026-01-27,9.0,USSD,1447
TX0001448,AG16,764 08 23 266,1347,in,OK,2026-01-27,34.0,USSD,1448
TX0001449,AG10,737 09 10 106,5439,out,ok,2026-01-27,54.0,Agent,1449
TX0001450,AG20,7938387815,2499,in,Reussie,2026-01-27,62.0,Agent,1450
TX0001451,AG16,7618524823,1214,out,REUSSI,2026-01-27,12.0,Agent,1451
TX0001452,AG05,+226 752 27 37 584,3892,in,Reussie,2026-01-27,97.0,Agent,1452
TX0001453,AG10,773 34 92 250,5323,out,OK,2026-01-28,53.0,Agent,1453
TX0001454,AG16,732 36 40 918,5448,in,Reussie,2026-01-28,136.0,app,1454
TX0001455,AG07,+226 745 31 24 160,12637,in,ok,2026-01-28,316.0,Agent,1455
TX0001456,AG17,722 37 22 305,2095,in,REUSSI,2026-01-28,52.0,Agent,1456
TX0001457,AG04,+226 709 17 33 732,5425,in,ok,2026-01-28,136.0,USSD,1457
TX0001458,AG12,+226 791 44 06 210,5204,in,Echouee,2026-01-28,130.0,USSD,1458
TX0001459,AG19,742 06 59 512,3440,out,REUSSI,2026-01-28,34.0,Agent,1459
TX0001460,AG08,730 36 37 086,1185,out,ok,2026-01-28,12.0,Agent,1460
TX0001461,AG03,7419152366,4128,in,REUSSI,2026-01-28,103.0,Agent,1461
TX0001462,AG20,7273176117,1597,in,REUSSI,2026-01-28,40.0,Agent,1462
TX0001463,AG12,+226 763 95 27 153,10394,out,REUSSI,2026-01-28,104.0,Agent,1463
TX0001464,AG16,7207670879,767,in,echec,2026-01-28,19.0,Agent,1464
TX0001465,AG15,+226 741 04 67 237,6073,out,ok,2026-01-28,61.0,Agent,1465
TX0001466,AG08,7560868937,1335,out,Reussie,2026-01-28,13.0,USSD,1466
TX0001467,AG18,+226 761 75 40 504,1272,in,Reussie,2026-01-28,32.0,Agent,1467
TX0001468,AG17,733 46 13 921,1750,out,REUSSI,2026-01-28,18.0,USSD,1468
TX0001469,AG11,7687433143,2872,in,OK,2026-01-28,72.0,Agent,1469
TX0001470,AG18,7922338134,9477,in,REUSSI,2026-01-28,237.0,Agent,1470
TX0001471,AG12,+226 742 29 62 489,9696,in,OK,2026-01-28,242.0,Agent,1471
TX0001472,AG03,768 70 64 771,1455,out,echec,2026-01-28,15.0,app,1472
TX0001473,AG01,+226 704 91 78 693,1610,in,ok,2026-01-28,40.0,Agent,1473
TX0001474,AG15,793 92 37 766,1049,out,Echouee,2026-01-28,10.0,Agent,1474
TX0001475,AG01,7012624830,2774,out,ok,2026-01-28,28.0,USSD,1475
TX0001476,AG10,+226 732 63 31 343,2975,out,echec,2026-01-28,30.0,Agent,1476
TX0001477,AG04,+226 761 77 00 800,5435,in,echec,2026-01-28,136.0,app,1477
TX0001478,AG03,774 02 66 521,6948,in,Reussie,2026-01-28,174.0,USSD,1478
TX0001479,AG04,734 43 81 023,1895,out,echec,2026-01-28,19.0,USSD,1479
TX0001480,AG05,728 99 59 055,15572,out,ok,2026-01-28,156.0,USSD,1480
TX0001481,AG03,+226 701 43 26 603,1765,out,Reussie,2026-01-28,18.0,app,1481
TX0001482,AG16,7488071391,5161,out,echec,2026-01-28,52.0,USSD,1482
TX0001483,AG14,+226 762 34 04 013,5802,in,OK,2026-01-28,145.0,Agent,1483
TX0001484,AG04,+226 753 63 66 398,3339,in,Reussie,2026-01-28,83.0,Agent,1484
TX0001485,AG07,+226 730 00 95 672,1343,out,OK,2026-01-28,13.0,USSD,1485
TX0001486,AG19,7669980917,909,in,REUSSI,2026-01-28,23.0,USSD,1486
TX0001487,AG17,+226 709 93 87 446,5873,in,echec,2026-01-28,147.0,USSD,1487
TX0001488,AG04,+226 794 98 36 615,2249,in,REUSSI,2026-01-28,56.0,USSD,1488
TX0001489,AG14,7036079676,782,out,Echouee,2026-01-28,8.0,Agent,1489
TX0001490,AG02,750 75 61 379,6537,out,ok,2026-01-28,65.0,USSD,1490
TX0001491,AG18,+226 792 90 63 917,4145,in,OK,2026-01-28,104.0,app,1491
TX0001492,AG14,787 38 54 235,842,out,OK,2026-01-28,8.0,Agent,1492
TX0001493,AG03,7197483702,5028,out,REUSSI,2026-01-28,50.0,Agent,1493
TX0001494,AG17,+226 775 80 98 385,2237,out,Reussie,2026-01-28,22.0,USSD,1494
TX0001495,AG08,7058063198,206,in,echec,2026-01-28,5.0,Agent,1495
TX0001496,AG17,+226 780 29 13 855,4906,in,REUSSI,2026-01-28,123.0,Agent,1496
TX0001497,AG10,+226 752 95 01 721,3206,in,Echouee,2026-01-28,80.0,Agent,1497
TX0001498,AG19,7204947263,1190,in,REUSSI,2026-01-28,30.0,USSD,1498
TX0001499,AG08,7818577790,2497,out,OK,2026-01-28,25.0,Agent,1499
TX0001500,AG11,+226 709 21 56 135,3487,in,ok,2026-01-28,87.0,app,1500
TX0001501,AG15,7502867908,9707,out,Reussie,2026-01-28,97.0,USSD,1501
TX0001502,AG08,7058371835,4406,in,Reussie,2026-01-28,110.0,Agent,1502
TX0001503,AG18,7278803058,3882,out,OK,2026-01-28,39.0,Agent,1503
TX0001504,AG20,+226 716 35 63 745,6215,out,ok,2026-01-28,62.0,Agent,1504
TX0001505,AG02,+226 771 93 59 895,2013,in,REUSSI,2026-01-28,50.0,USSD,1505
TX0001506,AG11,+226 761 06 40 630,3074,out,ok,2026-01-28,31.0,Agent,1506
TX0001507,AG06,7371401985,770,in,Echouee,2026-01-28,19.0,USSD,1507
TX0001508,AG17,713 86 02 472,702,in,OK,2026-01-28,18.0,Agent,1508
TX0001509,AG03,+226 780 73 68 998,2976,out,ok,2026-01-28,30.0,Agent,1509
TX0001510,AG11,+226 740 31 78 331,1672,in,OK,2026-01-28,42.0,Agent,1510
TX0001511,AG09,+226 773 13 64 833,419,in,OK,2026-01-28,10.0,USSD,1511
TX0001512,AG01,741 35 01 787,1269,out,REUSSI,2026-01-28,13.0,Agent,1512
TX0001513,AG19,+226 714 97 00 704,7799,out,ok,2026-01-28,78.0,USSD,1513
TX0001514,AG09,7114807087,999,in,REUSSI,2026-01-28,25.0,Agent,1514
TX0001515,AG16,726 29 25 972,6397,out,ok,2026-01-28,64.0,USSD,1515
TX0001516,AG05,7961725437,7639,in,OK,2026-01-28,191.0,app,1516
TX0001517,AG01,+226 776 60 20 582,2188,in,ok,2026-01-28,55.0,Agent,1517
TX0001518,AG15,773 10 88 403,2795,out,ok,2026-01-28,28.0,Agent,1518
TX0001519,AG06,+226 793 99 42 022,1420,in,REUSSI,2026-01-28,36.0,USSD,1519
TX0001520,AG06,7583010965,1197,in,Echouee,2026-01-28,30.0,app,1520
TX0001521,AG08,+226 758 15 38 791,13098,in,OK,2026-01-29,327.0,USSD,1521
TX0001522,AG04,+226 769 23 48 522,384,out,ok,2026-01-29,4.0,app,1522
TX0001523,AG04,7691449875,6404,out,OK,2026-01-29,64.0,Agent,1523
TX0001524,AG20,710 02 07 044,196,out,REUSSI,2026-01-29,2.0,USSD,1524
TX0001525,AG11,+226 773 47 97 053,6078,in,ok,2026-01-29,152.0,Agent,1525
TX0001526,AG16,+226 798 90 95 671,1085,out,REUSSI,2026-01-29,11.0,Agent,1526
TX0001527,AG07,747 13 59 858,8202,in,OK,2026-01-29,205.0,Agent,1527
TX0001528,AG20,770 02 50 493,3087,in,Echouee,2026-01-29,77.0,app,1528
TX0001529,AG01,+226 706 14 92 344,1193,in,Reussie,2026-01-29,30.0,USSD,1529
TX0001530,AG01,7679504479,999,out,REUSSI,2026-01-29,10.0,Agent,1530
TX0001531,AG04,753 24 18 161,9429,out,Reussie,2026-01-29,94.0,Agent,1531
TX0001532,AG01,769 12 72 483,491,in,Reussie,2026-01-29,12.0,USSD,1532
TX0001533,AG13,798 48 09 714,10699,out,echec,2026-01-29,107.0,Agent,1533
TX0001534,AG15,777 52 39 133,1111,in,REUSSI,2026-01-29,28.0,Agent,1534
TX0001535,AG13,+226 796 17 19 708,6191,in,REUSSI,2026-01-29,155.0,app,1535
TX0001536,AG06,781 15 69 742,10173,out,OK,2026-01-29,102.0,Agent,1536
TX0001537,AG12,762 97 78 471,6717,out,echec,2026-01-29,67.0,USSD,1537
TX0001538,AG20,+226 748 84 85 412,1083,in,ok,2026-01-29,27.0,USSD,1538
TX0001539,AG02,7357903127,1232,in,Echouee,2026-01-29,31.0,Agent,1539
TX0001540,AG16,+226 766 99 24 350,1865,in,ok,2026-01-29,47.0,Agent,1540
TX0001541,AG15,+226 783 41 03 390,1593,in,Echouee,2026-01-29,40.0,Agent,1541
TX0001542,AG17,770 64 42 365,1949,in,Reussie,2026-01-29,49.0,USSD,1542
TX0001543,AG14,+226 737 70 42 646,7717,in,Reussie,2026-01-29,193.0,Agent,1543
TX0001544,AG07,+226 724 09 66 079,2270,out,OK,2026-01-29,23.0,USSD,1544
TX0001545,AG09,+226 736 17 42 270,8476,out,Echouee,2026-01-29,85.0,Agent,1545
TX0001546,AG20,747 66 65 984,848,out,REUSSI,2026-01-29,8.0,Agent,1546
TX0001547,AG19,754 64 11 787,1363,out,Echouee,2026-01-29,14.0,Agent,1547
TX0001548,AG04,759 37 24 580,2690,out,ok,2026-01-29,27.0,Agent,1548
TX0001549,AG20,+226 769 43 04 748,5144,out,Reussie,2026-01-29,51.0,app,1549
TX0001550,AG10,715 94 14 404,2560,out,OK,2026-01-29,26.0,Agent,1550
TX0001551,AG04,+226 745 81 08 075,2897,out,OK,2026-01-29,29.0,USSD,1551
TX0001552,AG14,7653688040,1588,out,ok,2026-01-29,16.0,USSD,1552
TX0001553,AG06,781 25 95 655,1101,in,ok,2026-01-29,28.0,USSD,1553
TX0001554,AG09,750 26 02 993,2739,out,REUSSI,2026-01-29,27.0,Agent,1554
TX0001555,AG19,7978394986,2011,out,Reussie,2026-01-29,20.0,Agent,1555
TX0001556,AG14,763 41 87 758,2752,out,OK,2026-01-29,28.0,Agent,1556
TX0001557,AG01,7175631523,926,in,OK,2026-01-29,23.0,app,1557
TX0001558,AG07,+226 796 72 70 381,3921,in,REUSSI,2026-01-29,98.0,USSD,1558
TX0001559,AG02,717 70 05 104,17485,out,OK,2026-01-29,175.0,USSD,1559
TX0001560,AG17,767 92 40 556,2502,in,OK,2026-01-29,63.0,Agent,1560
TX0001561,AG01,7617402736,2531,in,REUSSI,2026-01-29,63.0,Agent,1561
TX0001562,AG12,726 72 35 606,1856,in,REUSSI,2026-01-29,46.0,USSD,1562
TX0001563,AG16,7244129792,2131,in,Echouee,2026-01-29,53.0,Agent,1563
TX0001564,AG06,709 40 51 447,882,out,OK,2026-01-29,9.0,USSD,1564
TX0001565,AG11,+226 749 89 30 194,2395,in,Reussie,2026-01-29,60.0,app,1565
TX0001566,AG18,708 87 84 372,2363,out,REUSSI,2026-01-29,24.0,Agent,1566
TX0001567,AG10,+226 798 26 97 921,3858,in,Reussie,2026-01-29,96.0,Agent,1567
TX0001568,AG13,705 72 65 434,7921,in,REUSSI,2026-01-29,198.0,USSD,1568
TX0001569,AG08,7183978944,4643,out,Echouee,2026-01-29,46.0,app,1569
TX0001570,AG18,7814814126,1338,in,echec,2026-01-29,33.0,USSD,1570
TX0001571,AG06,+226 712 64 46 043,3124,in,REUSSI,2026-01-29,78.0,Agent,1571
TX0001572,AG17,7309121622,5876,out,Reussie,2026-01-29,59.0,app,1572
TX0001573,AG02,+226 765 81 14 534,10339,out,Reussie,2026-01-29,103.0,Agent,1573
TX0001574,AG08,771 73 77 119,2485,in,ok,2026-01-29,62.0,USSD,1574
TX0001575,AG09,767 64 40 486,1245,in,Echouee,2026-01-29,31.0,app,1575
TX0001576,AG11,723 80 69 676,2204,out,REUSSI,2026-01-29,22.0,Agent,1576
TX0001577,AG04,+226 767 49 25 662,1779,in,Reussie,2026-01-29,44.0,Agent,1577
TX0001578,AG14,799 68 62 331,5215,in,OK,2026-01-29,130.0,Agent,1578
TX0001579,AG03,770 72 42 766,947,in,Echouee,2026-01-30,24.0,USSD,1579
TX0001580,AG15,797 64 91 430,1417,in,REUSSI,2026-01-30,35.0,Agent,1580
TX0001581,AG02,7634759572,6754,in,Echouee,2026-01-30,169.0,USSD,1581
TX0001582,AG17,766 20 27 096,2231,in,REUSSI,2026-01-30,56.0,USSD,1582
TX0001583,AG12,+226 748 80 55 420,1199,out,ok,2026-01-30,12.0,app,1583
TX0001584,AG12,718 78 11 848,1165,in,OK,2026-01-30,29.0,USSD,1584
TX0001585,AG13,+226 797 57 93 817,2625,in,REUSSI,2026-01-30,66.0,USSD,1585
TX0001586,AG18,+226 714 14 11 902,495,out,Echouee,2026-01-30,5.0,Agent,1586
TX0001587,AG14,+226 705 73 21 431,561,in,OK,2026-01-30,14.0,Agent,1587
TX0001588,AG13,7654052134,7413,out,REUSSI,2026-01-30,74.0,USSD,1588
TX0001589,AG13,+226 785 42 24 976,2327,in,Reussie,2026-01-30,58.0,Agent,1589
TX0001590,AG04,+226 766 99 22 923,2515,in,Echouee,2026-01-30,63.0,app,1590
TX0001591,AG14,7842899473,2527,in,ok,2026-01-30,63.0,USSD,1591
TX0001592,AG13,795 89 84 119,8986,out,REUSSI,2026-01-30,90.0,Agent,1592
TX0001593,AG20,+226 723 18 07 372,9285,out,echec,2026-01-30,93.0,USSD,1593
TX0001594,AG15,784 79 09 530,3319,out,Echouee,2026-01-30,33.0,app,1594
TX0001595,AG11,+226 749 48 75 311,1053,in,ok,2026-01-30,26.0,Agent,1595
TX0001596,AG20,+226 782 76 82 787,2720,in,echec,2026-01-30,68.0,Agent,1596
TX0001597,AG17,724 45 92 639,4015,in,OK,2026-01-30,100.0,Agent,1597
TX0001598,AG08,+226 716 14 72 115,2065,in,Reussie,2026-01-30,52.0,Agent,1598
TX0001599,AG07,+226 788 68 78 028,6980,in,Reussie,2026-01-30,174.0,USSD,1599
TX0001600,AG14,729 54 57 468,1317,in,REUSSI,2026-01-30,33.0,Agent,1600
TX0001601,AG01,743 09 44 674,2965,in,OK,2026-01-30,74.0,Agent,1601
TX0001602,AG16,772 78 05 148,5425,out,REUSSI,2026-01-30,54.0,app,1602
TX0001603,AG20,798 20 34 187,1244,in,Echouee,2026-01-30,31.0,app,1603
TX0001604,AG20,+226 707 43 11 975,5456,in,ok,2026-01-30,136.0,Agent,1604
TX0001605,AG01,+226 720 76 36 087,4478,in,Reussie,2026-01-30,112.0,Agent,1605
TX0001606,AG08,788 71 40 658,1483,in,OK,2026-01-30,37.0,USSD,1606
TX0001607,AG02,753 83 15 310,13873,in,ok,2026-01-30,347.0,Agent,1607
TX0001608,AG14,+226 770 32 87 605,4477,in,ok,2026-01-30,112.0,Agent,1608
TX0001609,AG08,+226 727 99 74 547,1414,in,REUSSI,2026-01-30,35.0,Agent,1609
TX0001610,AG13,+226 704 41 14 202,11019,in,Reussie,2026-01-30,275.0,Agent,1610
TX0001611,AG05,747 63 48 326,7872,out,ok,2026-01-30,79.0,Agent,1611
TX0001612,AG01,7391062940,916,in,OK,2026-01-30,23.0,USSD,1612
TX0001613,AG07,+226 753 94 29 816,12518,in,Reussie,2026-01-30,313.0,app,1613
TX0001614,AG19,746 08 55 988,2125,out,ok,2026-01-30,21.0,USSD,1614
TX0001615,AG14,785 71 44 365,1847,in,OK,2026-01-30,46.0,USSD,1615
TX0001616,AG17,+226 710 50 59 452,1924,out,OK,2026-01-30,19.0,USSD,1616
TX0001617,AG02,7346713172,411,in,Echouee,2026-01-30,10.0,app,1617
TX0001618,AG06,+226 771 54 68 965,1175,in,OK,2026-01-30,29.0,Agent,1618
TX0001619,AG03,7232896332,1327,out,ok,2026-01-30,13.0,Agent,1619
TX0001620,AG05,764 04 60 095,8637,in,REUSSI,2026-01-30,216.0,USSD,1620
TX0001621,AG09,737 67 96 289,2649,in,echec,2026-01-30,66.0,Agent,1621
TX0001622,AG20,+226 780 11 06 524,3101,in,echec,2026-01-30,78.0,USSD,1622
TX0001623,AG07,743 23 37 919,1048,out,echec,2026-01-30,10.0,USSD,1623
TX0001624,AG01,+226 799 96 14 716,5597,in,REUSSI,2026-01-30,140.0,app,1624
TX0001625,AG06,744 41 59 643,789,in,Reussie,2026-01-30,20.0,Agent,1625
TX0001626,AG12,+226 732 78 54 530,643,in,Reussie,2026-01-30,16.0,Agent,1626
TX0001627,AG01,+226 728 46 43 464,3321,out,ok,2026-01-30,33.0,app,1627
TX0001628,AG14,+226 757 82 90 191,1195,in,REUSSI,2026-01-30,30.0,USSD,1628
TX0001629,AG07,728 88 26 408,802,out,REUSSI,2026-01-30,8.0,USSD,1629
TX0001630,AG02,785 73 80 016,1352,out,OK,2026-01-30,14.0,app,1630
TX0001631,AG12,714 72 69 119,3214,out,REUSSI,2026-01-30,32.0,USSD,1631
TX0001632,AG11,+226 719 55 99 386,4548,in,ok,2026-01-30,114.0,Agent,1632
TX0001633,AG04,+226 712 30 37 499,1288,out,Reussie,2026-01-30,13.0,Agent,1633
TX0001634,AG13,+226 715 77 62 883,9085,in,REUSSI,2026-01-30,227.0,USSD,1634
TX0001635,AG16,+226 752 30 65 133,1772,out,REUSSI,2026-01-30,18.0,app,1635
TX0001636,AG10,+226 756 63 17 801,6003,in,REUSSI,2026-01-30,150.0,Agent,1636
TX0001637,AG13,+226 729 25 70 863,5983,out,ok,2026-01-30,60.0,Agent,1637
TX0001638,AG13,+226 743 55 53 348,4244,out,Reussie,2026-01-30,42.0,Agent,1638
TX0001639,AG17,7609743125,6445,out,echec,2026-01-30,64.0,Agent,1639
TX0001640,AG02,738 49 59 283,3410,in,OK,2026-01-30,85.0,Agent,1640
TX0001641,AG02,+226 705 76 03 868,3061,in,OK,2026-01-30,77.0,USSD,1641
TX0001642,AG08,7770874092,1386,out,ok,2026-01-30,14.0,Agent,1642
TX0001643,AG05,+226 737 96 72 906,1195,in,Reussie,2026-01-30,30.0,USSD,1643
TX0001644,AG11,+226 716 84 36 932,742,out,ok,2026-01-30,7.0,Agent,1644
TX0001645,AG03,766 37 10 796,2994,in,Echouee,2026-01-30,75.0,Agent,1645
TX0001646,AG13,792 54 45 451,3219,out,Echouee,2026-01-30,,USSD,1646
TX0001647,AG12,7354601227,1171,in,Reussie,2026-01-30,29.0,Agent,1647
TX0001648,AG18,749 74 61 846,10101,out,Reussie,2026-01-30,101.0,USSD,1648
TX0001649,AG16,7788470669,864,in,OK,2026-01-30,22.0,Agent,1649
TX0001650,AG04,7479861651,3094,in,REUSSI,2026-01-30,77.0,Agent,1650
TX0001651,AG16,736 19 02 397,259,in,echec,2026-01-30,6.0,Agent,1651
TX0001652,AG01,727 68 49 702,1491,out,echec,2026-01-30,15.0,Agent,1652
TX0001653,AG09,776 98 98 010,3958,in,Reussie,2026-01-30,99.0,Agent,1653
TX0001654,AG19,7906965336,2609,in,OK,2026-01-30,65.0,app,1654
TX0001655,AG06,+226 789 87 70 722,11236,out,ok,2026-01-30,112.0,Agent,1655
TX0001656,AG19,727 05 21 977,8342,out,OK,2026-01-30,83.0,USSD,1656
TX0001657,AG17,753 06 59 961,992,out,Reussie,2026-01-30,10.0,USSD,1657
TX0001658,AG12,714 75 98 181,14446,out,echec,2026-01-30,144.0,Agent,1658
TX0001659,AG18,789 49 12 502,2706,in,REUSSI,2026-01-31,68.0,Agent,1659
TX0001660,AG01,7030394682,3176,out,Reussie,2026-01-31,32.0,Agent,1660
TX0001661,AG20,767 81 16 110,2217,out,ok,2026-01-31,22.0,app,1661
TX0001662,AG12,+226 750 13 27 541,5487,in,REUSSI,2026-01-31,137.0,USSD,1662
TX0001663,AG19,7728333998,2743,out,REUSSI,2026-01-31,27.0,USSD,1663
TX0001664,AG18,+226 735 41 80 219,7570,in,REUSSI,2026-01-31,189.0,Agent,1664
TX0001665,AG10,742 36 74 863,452,out,ok,2026-01-31,5.0,Agent,1665
TX0001666,AG01,7473697580,4643,in,REUSSI,2026-01-31,116.0,USSD,1666
TX0001667,AG11,729 05 37 457,4619,in,OK,2026-01-31,115.0,Agent,1667
TX0001668,AG12,+226 705 52 29 166,837,in,echec,2026-01-31,21.0,USSD,1668
TX0001669,AG07,7550792144,29114,in,Reussie,2026-01-31,728.0,USSD,1669
TX0001670,AG12,727 76 72 852,2103,out,Reussie,2026-01-31,21.0,Agent,1670
TX0001671,AG01,7926890326,1976,in,OK,2026-01-31,49.0,Agent,1671
TX0001672,AG08,7928699540,639,out,ok,2026-01-31,6.0,USSD,1672
TX0001673,AG19,+226 733 21 26 337,4053,in,Reussie,2026-01-31,101.0,USSD,1673
TX0001674,AG02,767 41 46 887,11399,out,OK,2026-01-31,114.0,USSD,1674
TX0001675,AG05,+226 791 81 80 306,2923,in,Reussie,2026-01-31,73.0,Agent,1675
TX0001676,AG20,+226 732 00 20 214,4923,out,Echouee,2026-01-31,49.0,Agent,1676
TX0001677,AG10,733 73 56 854,1492,in,Reussie,2026-01-31,37.0,USSD,1677
TX0001678,AG20,+226 735 57 58 925,3210,out,echec,2026-01-31,32.0,USSD,1678
TX0001679,AG11,752 03 32 876,1269,out,REUSSI,2026-01-31,13.0,USSD,1679
TX0001680,AG12,+226 763 76 02 426,1981,in,ok,2026-01-31,50.0,app,1680
TX0001681,AG11,7581684158,995,in,ok,2026-01-31,25.0,Agent,1681
TX0001682,AG20,715 94 19 258,1158,out,echec,2026-01-31,12.0,USSD,1682
TX0001683,AG18,722 86 89 366,1618,out,echec,2026-01-31,16.0,Agent,1683
TX0001684,AG05,+226 720 27 94 076,2305,out,Reussie,2026-01-31,23.0,USSD,1684
TX0001685,AG04,7919660737,542,in,REUSSI,2026-01-31,14.0,USSD,1685
TX0001686,AG11,722 16 56 749,4607,in,ok,2026-01-31,115.0,Agent,1686
TX0001687,AG17,7086264632,2115,out,OK,2026-01-31,21.0,USSD,1687
TX0001688,AG14,702 15 92 399,3678,out,OK,2026-01-31,37.0,Agent,1688
TX0001689,AG06,7880726588,1198,in,Reussie,2026-01-31,30.0,USSD,1689
TX0001690,AG15,+226 709 45 00 331,4835,in,OK,2026-01-31,121.0,USSD,1690
TX0001691,AG15,741 80 99 334,1085,in,Echouee,2026-01-31,27.0,USSD,1691
TX0001692,AG19,+226 793 64 27 765,3178,out,Reussie,2026-01-31,32.0,Agent,1692
TX0001693,AG19,+226 758 40 01 374,1893,out,Reussie,2026-01-31,19.0,app,1693
TX0001694,AG14,7991612722,4436,out,Reussie,2026-01-31,44.0,USSD,1694
TX0001695,AG14,799 35 16 334,10052,in,OK,2026-01-31,251.0,Agent,1695
TX0001696,AG04,+226 749 60 46 532,1806,in,echec,2026-01-31,45.0,app,1696
TX0001697,AG06,+226 730 37 10 279,2082,in,ok,2026-01-31,52.0,Agent,1697
TX0001698,AG09,705 03 92 726,1654,out,REUSSI,2026-01-31,17.0,USSD,1698
TX0001699,AG14,736 24 22 782,1303,in,OK,2026-01-31,33.0,USSD,1699
TX0001700,AG09,+226 715 46 91 217,1887,in,Echouee,2026-01-31,47.0,Agent,1700
TX0001701,AG02,751 16 97 206,1068,out,Echouee,2026-01-31,11.0,USSD,1701
TX0001702,AG15,7924424953,12046,in,ok,2026-01-31,301.0,USSD,1702
TX0001703,AG12,767 26 51 295,3688,in,OK,2026-02-01,92.0,Agent,1703
TX0001704,AG11,7184067728,4035,out,OK,2026-02-01,40.0,Agent,1704
TX0001705,AG01,772 18 57 195,2104,in,echec,2026-02-01,53.0,Agent,1705
TX0001706,AG19,+226 724 59 51 615,1246,out,OK,2026-02-01,12.0,Agent,1706
TX0001707,AG04,+226 773 37 48 352,52895,out,REUSSI,2026-02-01,529.0,USSD,1707
TX0001708,AG02,7192244930,2079,out,ok,2026-02-01,21.0,USSD,1708
TX0001709,AG04,742 09 41 248,2775,in,ok,2026-02-01,69.0,app,1709
TX0001710,AG18,+226 787 40 74 990,1738,in,OK,2026-02-02,43.0,Agent,1710
TX0001711,AG07,+226 796 47 00 359,2219,in,ok,2026-02-02,55.0,USSD,1711
TX0001712,AG05,776 16 33 664,2635,in,ok,2026-02-02,66.0,Agent,1712
TX0001713,AG14,779 86 74 350,4415,in,REUSSI,2026-02-02,110.0,Agent,1713
TX0001714,AG05,7162046458,2137,out,Echouee,2026-02-02,21.0,USSD,1714
TX0001715,AG10,776 18 19 883,7139,out,ok,2026-02-02,71.0,app,1715
TX0001716,AG01,+226 722 44 90 923,3696,in,ok,2026-02-02,92.0,USSD,1716
TX0001717,AG11,+226 791 76 59 338,3017,in,ok,2026-02-02,75.0,USSD,1717
TX0001718,AG17,+226 771 31 73 130,1186,in,Reussie,2026-02-02,30.0,Agent,1718
TX0001719,AG20,7646094080,589,in,ok,2026-02-02,15.0,USSD,1719
TX0001720,AG17,710 00 19 567,1388,out,echec,2026-02-02,14.0,USSD,1720
TX0001721,AG17,738 71 69 956,8242,out,REUSSI,2026-02-02,82.0,app,1721
TX0001722,AG04,709 93 49 167,876,in,ok,2026-02-02,22.0,USSD,1722
TX0001723,AG11,+226 788 55 14 202,7008,out,OK,2026-02-02,70.0,USSD,1723
TX0001724,AG15,701 49 27 244,3419,out,Reussie,2026-02-02,34.0,USSD,1724
TX0001725,AG17,+226 784 55 35 394,3773,out,ok,2026-02-02,38.0,USSD,1725
TX0001726,AG11,+226 788 51 37 266,5019,in,Reussie,2026-02-02,125.0,USSD,1726
TX0001727,AG18,711 42 57 309,1456,out,OK,2026-02-02,15.0,Agent,1727
TX0001728,AG01,+226 797 92 90 483,648,out,Reussie,2026-02-02,6.0,Agent,1728
TX0001729,AG14,+226 713 55 46 633,4010,out,OK,2026-02-02,40.0,Agent,1729
TX0001730,AG03,+226 741 64 06 128,1713,out,REUSSI,2026-02-02,17.0,USSD,1730
TX0001731,AG17,703 48 02 829,4699,in,OK,2026-02-02,117.0,USSD,1731
TX0001732,AG05,740 62 12 865,3323,in,ok,2026-02-02,83.0,app,1732
TX0001733,AG09,+226 728 06 08 896,4673,in,REUSSI,2026-02-02,117.0,Agent,1733
TX0001734,AG10,7084344389,17054,in,echec,2026-02-02,426.0,Agent,1734
TX0001735,AG08,+226 760 07 65 578,695,in,echec,2026-02-02,17.0,Agent,1735
TX0001736,AG05,+226 753 82 79 714,6199,out,REUSSI,2026-02-02,62.0,USSD,1736
TX0001737,AG13,759 37 02 225,6783,in,REUSSI,2026-02-02,170.0,app,1737
TX0001738,AG18,735 39 05 218,3764,in,echec,2026-02-02,94.0,Agent,1738
TX0001739,AG01,+226 732 37 11 747,1096,in,Reussie,2026-02-02,27.0,USSD,1739
TX0001740,AG06,+226 764 09 73 092,906,out,OK,2026-02-02,9.0,app,1740
TX0001741,AG13,769 09 52 977,6077,in,OK,2026-02-02,152.0,USSD,1741
TX0001742,AG14,797 09 38 516,2012,out,echec,2026-02-02,20.0,Agent,1742
TX0001743,AG11,+226 729 12 59 032,1446,in,ok,2026-02-02,36.0,Agent,1743
TX0001744,AG05,768 10 35 545,2506,in,ok,2026-02-02,63.0,Agent,1744
TX0001745,AG03,725 24 27 581,1415,out,Reussie,2026-02-02,14.0,USSD,1745
TX0001746,AG09,781 64 59 582,1630,out,Echouee,2026-02-02,16.0,Agent,1746
TX0001747,AG18,746 27 07 677,1904,out,Echouee,2026-02-02,19.0,Agent,1747
TX0001748,AG08,+226 776 70 66 414,3474,in,echec,2026-02-02,87.0,USSD,1748
TX0001749,AG20,714 32 47 466,2418,out,Echouee,2026-02-02,24.0,USSD,1749
TX0001750,AG12,7068997481,1749,in,Echouee,2026-02-02,44.0,USSD,1750
TX0001751,AG16,775 38 82 021,1470,in,OK,2026-02-02,37.0,Agent,1751
TX0001752,AG08,+226 778 83 95 879,3130,out,ok,2026-02-02,31.0,Agent,1752
TX0001753,AG06,+226 701 37 24 362,3695,out,ok,2026-02-02,37.0,USSD,1753
TX0001754,AG16,779 67 63 253,16798,out,OK,2026-02-02,168.0,Agent,1754
TX0001755,AG12,7889909318,7348,in,Reussie,2026-02-02,184.0,app,1755
TX0001756,AG17,+226 717 73 03 814,8044,out,OK,2026-02-02,80.0,Agent,1756
TX0001757,AG02,737 18 37 131,5884,in,Reussie,2026-02-02,147.0,Agent,1757
TX0001758,AG08,755 98 87 623,8106,out,REUSSI,2026-02-02,81.0,USSD,1758
TX0001759,AG13,7920835284,3473,out,ok,2026-02-02,35.0,Agent,1759
TX0001760,AG11,+226 702 87 27 155,10213,in,REUSSI,2026-02-02,255.0,Agent,1760
TX0001761,AG16,+226 722 05 78 259,3695,out,Reussie,2026-02-02,37.0,Agent,1761
TX0001762,AG13,765 40 30 617,1433,in,ok,2026-02-02,36.0,Agent,1762
TX0001763,AG01,+226 773 27 83 412,1444,in,ok,2026-02-02,36.0,Agent,1763
TX0001764,AG08,+226 796 39 41 237,3023,out,REUSSI,2026-02-02,30.0,Agent,1764
TX0001765,AG02,7133859703,2853,out,echec,2026-02-02,29.0,Agent,1765
TX0001766,AG19,781 57 69 361,7788,out,Reussie,2026-02-02,78.0,USSD,1766
TX0001767,AG13,+226 719 68 53 626,3078,out,Reussie,2026-02-02,31.0,USSD,1767
TX0001768,AG12,+226 751 98 29 883,4098,in,REUSSI,2026-02-02,102.0,Agent,1768
TX0001769,AG14,+226 780 42 48 936,11834,out,REUSSI,2026-02-02,118.0,Agent,1769
TX0001770,AG04,729 67 67 749,1486,out,Reussie,2026-02-02,15.0,Agent,1770
TX0001771,AG11,795 93 32 737,7699,in,Echouee,2026-02-02,192.0,Agent,1771
TX0001772,AG14,+226 770 55 04 827,7429,out,echec,2026-02-02,74.0,Agent,1772
TX0001773,AG19,+226 779 16 00 131,7059,in,REUSSI,2026-02-02,176.0,USSD,1773
TX0001774,AG09,785 14 98 283,2247,out,REUSSI,2026-02-02,22.0,Agent,1774
TX0001775,AG02,7751101238,2449,out,OK,2026-02-02,24.0,Agent,1775
TX0001776,AG05,+226 774 46 13 350,1604,out,echec,2026-02-02,16.0,app,1776
TX0001777,AG04,+226 706 06 07 075,207,in,OK,2026-02-02,5.0,USSD,1777
TX0001778,AG18,+226 766 13 60 978,2725,in,Reussie,2026-02-02,68.0,Agent,1778
TX0001779,AG20,7632187607,8967,out,echec,2026-02-02,90.0,USSD,1779
TX0001780,AG14,+226 718 10 11 278,3200,out,OK,2026-02-02,32.0,Agent,1780
TX0001781,AG12,+226 723 23 10 989,2552,out,Reussie,2026-02-02,26.0,USSD,1781
TX0001782,AG09,+226 726 00 75 333,1233,in,Echouee,2026-02-02,31.0,Agent,1782
TX0001783,AG15,+226 779 05 47 413,2022,out,REUSSI,2026-02-02,20.0,Agent,1783
TX0001784,AG11,+226 751 60 43 365,565,in,Reussie,2026-02-02,14.0,app,1784
TX0001785,AG06,+226 726 93 51 329,1085,out,ok,2026-02-02,11.0,Agent,1785
TX0001786,AG17,+226 720 49 35 787,13778,in,OK,2026-02-02,344.0,Agent,1786
TX0001787,AG20,758 53 41 614,1274,out,OK,2026-02-02,13.0,Agent,1787
TX0001788,AG15,+226 754 43 46 200,34998,in,ok,2026-02-02,875.0,USSD,1788
TX0001789,AG15,711 60 50 535,2577,in,REUSSI,2026-02-02,64.0,Agent,1789
TX0001790,AG16,+226 726 53 26 068,5250,in,echec,2026-02-02,131.0,Agent,1790
TX0001791,AG02,731 89 24 710,1719,in,Reussie,2026-02-02,43.0,Agent,1791
TX0001792,AG06,718 34 48 894,1598,out,Echouee,2026-02-02,16.0,USSD,1792
TX0001793,AG01,772 13 20 121,2305,in,Reussie,2026-02-02,58.0,Agent,1793
TX0001794,AG03,774 15 01 703,2763,in,OK,2026-02-02,69.0,Agent,1794
TX0001795,AG11,+226 777 65 28 290,5453,in,echec,2026-02-02,136.0,Agent,1795
TX0001796,AG12,+226 789 00 07 528,5356,out,echec,2026-02-03,54.0,Agent,1796
TX0001797,AG15,751 22 97 987,638,in,OK,2026-02-03,16.0,Agent,1797
TX0001798,AG19,+226 746 91 95 295,2123,in,OK,2026-02-03,53.0,Agent,1798
TX0001799,AG10,+226 725 45 61 218,2649,in,Echouee,2026-02-03,66.0,app,1799
TX0001800,AG06,+226 703 87 48 334,1658,out,Echouee,2026-02-03,17.0,USSD,1800
TX0001801,AG09,781 63 60 110,408,in,Reussie,2026-02-03,10.0,USSD,1801
TX0001802,AG06,+226 718 60 18 758,786,in,REUSSI,2026-02-03,20.0,USSD,1802
TX0001803,AG03,755 41 08 994,1766,out,REUSSI,2026-02-03,18.0,USSD,1803
TX0001804,AG01,743 62 10 899,19468,in,Reussie,2026-02-03,487.0,Agent,1804
TX0001805,AG02,711 30 86 498,1223,in,OK,2026-02-03,31.0,Agent,1805
TX0001806,AG15,+226 764 05 65 476,1339,out,OK,2026-02-03,13.0,Agent,1806
TX0001807,AG14,724 99 46 347,1768,in,Echouee,2026-02-03,44.0,USSD,1807
TX0001808,AG04,7974763314,17177,in,REUSSI,2026-02-03,429.0,Agent,1808
TX0001809,AG02,7653193860,3309,out,OK,2026-02-03,33.0,Agent,1809
TX0001810,AG20,795 73 78 755,1586,out,REUSSI,2026-02-03,16.0,USSD,1810
TX0001811,AG02,+226 781 33 10 840,563,in,ok,2026-02-03,14.0,USSD,1811
TX0001812,AG05,720 39 32 012,1854,out,OK,2026-02-03,19.0,Agent,1812
TX0001813,AG11,+226 738 47 44 606,6388,out,REUSSI,2026-02-03,64.0,Agent,1813
TX0001814,AG16,+226 707 09 07 317,1589,in,OK,2026-02-03,40.0,Agent,1814
TX0001815,AG03,7695210573,2217,out,echec,2026-02-03,22.0,USSD,1815
TX0001816,AG06,7708379248,4102,in,OK,2026-02-03,103.0,Agent,1816
TX0001817,AG08,713 39 94 464,8297,in,echec,2026-02-03,207.0,USSD,1817
TX0001818,AG13,737 38 07 691,2645,in,Reussie,2026-02-03,66.0,Agent,1818
TX0001819,AG02,7815544204,1315,out,ok,2026-02-03,13.0,Agent,1819
TX0001820,AG07,+226 756 47 55 792,1741,in,REUSSI,2026-02-03,44.0,Agent,1820
TX0001821,AG18,751 04 14 716,5955,in,OK,2026-02-03,149.0,Agent,1821
TX0001822,AG07,7319579290,2792,in,OK,2026-02-03,70.0,Agent,1822
TX0001823,AG14,+226 764 88 10 300,1933,in,REUSSI,2026-02-03,48.0,USSD,1823
TX0001824,AG06,7398038192,5172,out,REUSSI,2026-02-03,52.0,USSD,1824
TX0001825,AG14,+226 711 51 06 326,4265,out,OK,2026-02-03,43.0,Agent,1825
TX0001826,AG09,774 24 42 896,1210,in,REUSSI,2026-02-03,30.0,USSD,1826
TX0001827,AG12,+226 724 40 50 619,11516,in,echec,2026-02-03,288.0,Agent,1827
TX0001828,AG19,7517781260,3415,out,Reussie,2026-02-03,34.0,Agent,1828
TX0001829,AG09,748 71 63 783,10481,in,OK,2026-02-03,262.0,Agent,1829
TX0001830,AG19,744 45 84 349,11949,in,ok,2026-02-03,299.0,USSD,1830
TX0001831,AG15,+226 756 31 44 565,1797,in,Reussie,2026-02-03,45.0,USSD,1831
TX0001832,AG20,765 39 31 066,850,in,REUSSI,2026-02-03,21.0,app,1832
TX0001833,AG17,726 97 53 819,8004,in,Echouee,2026-02-03,200.0,app,1833
TX0001834,AG20,+226 721 03 95 446,515,in,Reussie,2026-02-03,13.0,Agent,1834
TX0001835,AG03,717 29 80 961,3256,out,ok,2026-02-03,33.0,app,1835
TX0001836,AG10,715 66 83 939,338,out,OK,2026-02-03,3.0,USSD,1836
TX0001837,AG01,7937754417,2852,out,Reussie,2026-02-03,29.0,Agent,1837
TX0001838,AG16,789 15 41 702,1952,in,echec,2026-02-03,49.0,USSD,1838
TX0001839,AG09,+226 786 59 93 385,2166,out,Reussie,2026-02-03,22.0,Agent,1839
TX0001840,AG01,720 52 40 777,676,out,ok,2026-02-03,7.0,USSD,1840
TX0001841,AG18,786 83 42 821,1970,in,OK,2026-02-03,49.0,USSD,1841
TX0001842,AG01,7338024311,1275,in,OK,2026-02-03,32.0,Agent,1842
TX0001843,AG10,7186959737,3055,out,REUSSI,2026-02-03,31.0,app,1843
TX0001844,AG01,+226 731 50 95 279,621,in,ok,2026-02-03,16.0,USSD,1844
TX0001845,AG20,793 20 28 451,5292,in,ok,2026-02-03,132.0,Agent,1845
TX0001846,AG10,772 06 83 989,1145,in,echec,2026-02-03,29.0,Agent,1846
TX0001847,AG02,7249008586,1055,out,REUSSI,2026-02-03,11.0,USSD,1847
TX0001848,AG08,7150400617,851,out,ok,2026-02-03,9.0,Agent,1848
TX0001849,AG12,+226 792 34 74 679,3167,out,Reussie,2026-02-03,32.0,app,1849
TX0001850,AG17,719 30 52 366,27656,out,Echouee,2026-02-04,277.0,USSD,1850
TX0001851,AG01,+226 769 40 28 370,1638,out,REUSSI,2026-02-04,16.0,Agent,1851
TX0001852,AG02,733 17 96 780,7056,out,Reussie,2026-02-04,71.0,USSD,1852
TX0001853,AG02,768 49 38 856,11076,in,echec,2026-02-04,277.0,USSD,1853
TX0001854,AG08,+226 788 25 66 083,702,out,OK,2026-02-04,7.0,Agent,1854
TX0001855,AG13,+226 789 93 25 436,5622,in,Reussie,2026-02-04,141.0,USSD,1855
TX0001856,AG10,770 91 97 143,4863,in,ok,2026-02-04,122.0,Agent,1856
TX0001857,AG12,+226 746 10 71 189,7153,in,echec,2026-02-04,179.0,Agent,1857
TX0001858,AG12,+226 706 37 55 745,1144,in,OK,2026-02-04,29.0,Agent,1858
TX0001859,AG06,754 07 07 188,5385,out,REUSSI,2026-02-04,54.0,USSD,1859
TX0001860,AG06,7976013420,2989,out,REUSSI,2026-02-04,30.0,Agent,1860
TX0001861,AG03,797 61 92 663,743,in,REUSSI,2026-02-04,19.0,USSD,1861
TX0001862,AG15,722 36 10 638,5558,in,Reussie,2026-02-04,139.0,Agent,1862
TX0001863,AG04,7833459588,7585,in,Echouee,2026-02-04,190.0,USSD,1863
TX0001864,AG04,707 16 25 718,2472,in,OK,2026-02-04,62.0,Agent,1864
TX0001865,AG16,+226 722 49 25 471,2862,out,echec,2026-02-04,29.0,Agent,1865
TX0001866,AG19,7388641935,2927,in,Echouee,2026-02-04,73.0,app,1866
TX0001867,AG03,723 21 18 667,6044,in,Reussie,2026-02-04,151.0,Agent,1867
TX0001868,AG15,+226 746 00 78 651,5416,out,ok,2026-02-04,54.0,USSD,1868
TX0001869,AG16,719 70 37 499,5930,in,echec,2026-02-04,148.0,USSD,1869
TX0001870,AG14,729 50 12 438,3070,in,echec,2026-02-04,77.0,Agent,1870
TX0001871,AG14,+226 798 40 13 496,14145,in,REUSSI,2026-02-04,354.0,Agent,1871
TX0001872,AG16,7593273477,18558,in,REUSSI,2026-02-04,464.0,Agent,1872
TX0001873,AG01,+226 728 00 76 105,2007,in,REUSSI,2026-02-04,50.0,USSD,1873
TX0001874,AG07,791 07 01 492,3293,in,OK,2026-02-04,82.0,Agent,1874
TX0001875,AG15,7102639321,1406,out,REUSSI,2026-02-04,14.0,Agent,1875
TX0001876,AG04,+226 717 09 03 622,3921,in,REUSSI,2026-02-04,98.0,USSD,1876
TX0001877,AG15,+226 778 91 29 631,837,in,OK,2026-02-04,21.0,Agent,1877
TX0001878,AG19,+226 742 75 88 689,6180,in,Reussie,2026-02-04,154.0,Agent,1878
TX0001879,AG11,771 80 01 989,2952,in,Reussie,2026-02-04,74.0,Agent,1879
TX0001880,AG03,+226 789 95 16 650,1088,in,REUSSI,2026-02-04,27.0,Agent,1880
TX0001881,AG10,7809735922,5169,in,Reussie,2026-02-04,129.0,Agent,1881
TX0001882,AG07,+226 721 49 61 302,1842,in,ok,2026-02-04,46.0,Agent,1882
TX0001883,AG20,7219597774,3181,in,ok,2026-02-04,80.0,USSD,1883
TX0001884,AG07,+226 750 57 43 713,1159,in,ok,2026-02-04,29.0,USSD,1884
TX0001885,AG17,716 83 85 881,3974,in,OK,2026-02-04,99.0,Agent,1885
TX0001886,AG16,7915891763,9954,out,REUSSI,2026-02-04,100.0,USSD,1886
TX0001887,AG06,+226 789 60 55 890,1187,in,OK,2026-02-04,30.0,USSD,1887
TX0001888,AG14,745 21 61 050,2533,out,REUSSI,2026-02-04,25.0,Agent,1888
TX0001889,AG15,+226 777 10 37 950,2079,in,REUSSI,2026-02-04,52.0,USSD,1889
TX0001890,AG15,767 03 49 613,1146,in,ok,2026-02-04,29.0,Agent,1890
TX0001891,AG06,+226 767 52 81 555,3782,in,echec,2026-02-04,95.0,Agent,1891
TX0001892,AG16,+226 732 52 51 077,858,out,Reussie,2026-02-04,9.0,USSD,1892
TX0001893,AG01,+226 778 63 05 887,5685,in,REUSSI,2026-02-04,142.0,app,1893
TX0001894,AG06,+226 720 81 04 639,975,in,OK,2026-02-04,24.0,Agent,1894
TX0001895,AG20,+226 708 73 62 402,10624,in,ok,2026-02-04,266.0,USSD,1895
TX0001896,AG11,+226 767 68 32 085,9090,out,Reussie,2026-02-04,91.0,Agent,1896
TX0001897,AG09,749 60 29 549,3526,in,ok,2026-02-04,88.0,USSD,1897
TX0001898,AG03,7210874632,6139,in,Reussie,2026-02-04,153.0,USSD,1898
TX0001899,AG03,7913566579,1279,in,ok,2026-02-04,32.0,Agent,1899
TX0001900,AG09,+226 723 84 90 582,1218,in,ok,2026-02-04,30.0,Agent,1900
TX0001901,AG19,755 54 14 541,1907,out,OK,2026-02-04,19.0,USSD,1901
TX0001902,AG02,7994690316,640,out,Reussie,2026-02-04,6.0,Agent,1902
TX0001903,AG04,7677849688,4669,out,echec,2026-02-04,47.0,USSD,1903
TX0001904,AG20,759 05 07 827,2929,in,REUSSI,2026-02-04,73.0,app,1904
TX0001905,AG18,7706072089,241,out,Reussie,2026-02-04,2.0,Agent,1905
TX0001906,AG14,+226 789 23 33 970,7236,in,echec,2026-02-04,181.0,Agent,1906
TX0001907,AG16,7313103108,4461,out,REUSSI,2026-02-04,45.0,Agent,1907
TX0001908,AG13,7247831102,3934,out,REUSSI,2026-02-04,39.0,Agent,1908
TX0001909,AG15,731 39 45 169,769,out,echec,2026-02-04,8.0,USSD,1909
TX0001910,AG07,7308728287,4150,out,ok,2026-02-04,42.0,USSD,1910
TX0001911,AG18,733 93 78 210,1132,in,ok,2026-02-04,28.0,Agent,1911
TX0001912,AG07,+226 768 92 75 891,6503,out,Reussie,2026-02-04,65.0,Agent,1912
TX0001913,AG18,+226 740 27 73 901,2598,in,ok,2026-02-04,65.0,Agent,1913
TX0001914,AG14,769 29 86 151,6339,out,ok,2026-02-04,63.0,USSD,1914
TX0001915,AG18,7476542111,29992,in,Reussie,2026-02-04,750.0,Agent,1915
TX0001916,AG09,+226 755 24 56 330,1434,in,REUSSI,2026-02-04,36.0,Agent,1916
TX0001917,AG18,+226 701 74 10 475,4300,out,OK,2026-02-04,43.0,USSD,1917
TX0001918,AG19,7346935792,6468,out,ok,2026-02-04,65.0,Agent,1918
TX0001919,AG12,717 67 04 673,6035,in,Reussie,2026-02-04,151.0,Agent,1919
TX0001920,AG18,+226 746 93 81 695,7298,in,Echouee,2026-02-04,182.0,Agent,1920
TX0001921,AG01,738 92 18 463,5128,out,REUSSI,2026-02-04,51.0,Agent,1921
TX0001922,AG02,+226 772 38 91 929,1245,in,OK,2026-02-04,31.0,Agent,1922
TX0001923,AG03,+226 745 76 15 580,2789,in,Reussie,2026-02-04,70.0,Agent,1923
TX0001924,AG16,+226 713 61 56 806,2599,out,Reussie,2026-02-04,26.0,Agent,1924
TX0001925,AG15,+226 753 78 42 007,3247,out,OK,2026-02-05,32.0,USSD,1925
TX0001926,AG15,+226 711 91 93 409,3162,in,REUSSI,2026-02-05,79.0,USSD,1926
TX0001927,AG12,770 89 28 318,1017,out,ok,2026-02-05,10.0,Agent,1927
TX0001928,AG01,7686967008,6038,out,REUSSI,2026-02-05,60.0,Agent,1928
TX0001929,AG16,7259993551,573,out,ok,2026-02-05,6.0,USSD,1929
TX0001930,AG02,728 33 27 550,4753,in,OK,2026-02-05,119.0,USSD,1930
TX0001931,AG20,+226 758 98 00 790,1155,in,ok,2026-02-05,29.0,USSD,1931
TX0001932,AG08,7737421302,1067,in,ok,2026-02-05,27.0,USSD,1932
TX0001933,AG01,795 95 13 406,8086,in,ok,2026-02-05,202.0,USSD,1933
TX0001934,AG02,+226 725 71 54 809,12145,in,echec,2026-02-05,304.0,USSD,1934
TX0001935,AG19,749 16 82 055,657,out,echec,2026-02-05,7.0,USSD,1935
TX0001936,AG03,+226 739 21 99 775,8696,out,ok,2026-02-05,87.0,Agent,1936
TX0001937,AG17,7511717498,2571,out,echec,2026-02-05,26.0,USSD,1937
TX0001938,AG16,+226 724 34 06 909,1014,out,Echouee,2026-02-05,10.0,Agent,1938
TX0001939,AG06,7693930278,5390,in,ok,2026-02-05,135.0,Agent,1939
TX0001940,AG19,+226 789 51 78 180,2205,out,ok,2026-02-05,22.0,USSD,1940
TX0001941,AG14,+226 793 98 36 466,14854,in,Reussie,2026-02-05,371.0,Agent,1941
TX0001942,AG15,722 08 17 657,3484,in,REUSSI,2026-02-05,87.0,Agent,1942
TX0001943,AG11,+226 796 78 18 567,5245,in,ok,2026-02-05,131.0,Agent,1943
TX0001944,AG14,7807564600,2624,out,echec,2026-02-05,26.0,USSD,1944
TX0001945,AG12,799 16 88 463,3454,in,OK,2026-02-05,86.0,USSD,1945
TX0001946,AG14,+226 741 40 70 441,5325,in,ok,2026-02-05,133.0,app,1946
TX0001947,AG06,+226 791 17 93 321,2358,in,REUSSI,2026-02-05,59.0,app,1947
TX0001948,AG03,+226 789 05 91 274,1546,in,REUSSI,2026-02-05,39.0,Agent,1948
TX0001949,AG03,+226 704 97 19 402,844,out,echec,2026-02-05,8.0,app,1949
TX0001950,AG04,7840411839,4761,out,REUSSI,2026-02-05,48.0,USSD,1950
TX0001951,AG18,730 19 06 222,6078,in,OK,2026-02-05,152.0,app,1951
TX0001952,AG11,7890296219,4904,out,OK,2026-02-05,49.0,USSD,1952
TX0001953,AG17,+226 784 35 28 584,2116,in,OK,2026-02-05,53.0,Agent,1953
TX0001954,AG09,7392831997,1775,in,REUSSI,2026-02-05,44.0,USSD,1954
TX0001955,AG11,770 26 61 510,1034,in,OK,2026-02-05,26.0,Agent,1955
TX0001956,AG10,710 45 29 065,2116,out,Reussie,2026-02-05,21.0,Agent,1956
TX0001957,AG14,7021591216,3925,in,OK,2026-02-05,98.0,USSD,1957
TX0001958,AG19,741 64 31 850,1162,in,Reussie,2026-02-05,29.0,Agent,1958
TX0001959,AG16,725 09 45 563,2949,in,OK,2026-02-05,74.0,app,1959
TX0001960,AG04,+226 706 87 39 585,3319,in,OK,2026-02-05,83.0,Agent,1960
TX0001961,AG12,7649623585,1843,in,Echouee,2026-02-05,46.0,USSD,1961
TX0001962,AG12,769 96 89 061,841,out,Reussie,2026-02-05,8.0,USSD,1962
TX0001963,AG08,+226 761 63 27 512,10740,in,OK,2026-02-05,268.0,Agent,1963
TX0001964,AG04,7748633832,12917,in,Reussie,2026-02-05,323.0,Agent,1964
TX0001965,AG16,713 43 28 843,3113,in,REUSSI,2026-02-05,78.0,USSD,1965
TX0001966,AG19,7390929799,3204,out,REUSSI,2026-02-05,32.0,app,1966
TX0001967,AG18,+226 740 34 21 570,1458,out,Echouee,2026-02-05,15.0,Agent,1967
TX0001968,AG10,+226 747 30 91 483,2800,in,REUSSI,2026-02-05,70.0,USSD,1968
TX0001969,AG09,7770901893,1003,out,Reussie,2026-02-05,10.0,Agent,1969
TX0001970,AG18,+226 796 76 73 888,776,out,Reussie,2026-02-05,8.0,Agent,1970
TX0001971,AG12,+226 778 93 75 609,591,in,OK,2026-02-05,15.0,Agent,1971
TX0001972,AG15,791 34 67 896,2625,out,echec,2026-02-05,26.0,Agent,1972
TX0001973,AG08,7019343049,2553,out,ok,2026-02-05,26.0,USSD,1973
TX0001974,AG20,7995543767,1304,out,ok,2026-02-05,13.0,Agent,1974
TX0001975,AG20,754 51 10 541,2405,in,ok,2026-02-05,60.0,Agent,1975
TX0001976,AG10,+226 797 88 92 739,4357,out,OK,2026-02-05,44.0,USSD,1976
TX0001977,AG01,719 97 64 022,4127,out,OK,2026-02-05,41.0,Agent,1977
TX0001978,AG04,706 49 82 913,7755,out,REUSSI,2026-02-06,78.0,Agent,1978
TX0001979,AG19,+226 738 11 24 763,8336,in,REUSSI,2026-02-06,208.0,Agent,1979
TX0001980,AG01,+226 731 08 55 653,636,in,ok,2026-02-06,16.0,Agent,1980
TX0001981,AG16,7122538523,2545,in,Reussie,2026-02-06,64.0,USSD,1981
TX0001982,AG15,+226 773 13 81 345,1730,in,OK,2026-02-06,43.0,USSD,1982
TX0001983,AG19,783 82 37 899,3162,out,Reussie,2026-02-06,32.0,USSD,1983
TX0001984,AG05,+226 738 30 12 257,927,in,OK,2026-02-06,23.0,Agent,1984
TX0001985,AG20,719 80 26 275,4065,in,ok,2026-02-06,102.0,Agent,1985
TX0001986,AG10,+226 786 39 00 282,2253,in,Echouee,2026-02-06,56.0,Agent,1986
TX0001987,AG18,+226 733 27 70 544,3152,in,Reussie,2026-02-06,79.0,Agent,1987
TX0001988,AG19,+226 768 79 57 544,11486,in,Reussie,2026-02-06,287.0,USSD,1988
TX0001989,AG06,+226 721 36 84 007,4230,in,OK,2026-02-06,106.0,Agent,1989
TX0001990,AG05,+226 719 00 97 116,3475,in,ok,2026-02-06,87.0,Agent,1990
TX0001991,AG18,7645024692,2157,in,echec,2026-02-06,54.0,USSD,1991
TX0001992,AG05,+226 745 05 16 656,1312,out,Echouee,2026-02-06,13.0,Agent,1992
TX0001993,AG06,+226 774 94 79 757,3858,in,OK,2026-02-06,96.0,USSD,1993
TX0001994,AG14,773 17 71 981,9506,in,OK,2026-02-06,238.0,USSD,1994
TX0001995,AG20,7418946710,3536,in,Reussie,2026-02-06,88.0,app,1995
TX0001996,AG12,+226 709 01 57 021,1296,out,OK,2026-02-06,13.0,USSD,1996
TX0001997,AG07,720 80 67 292,1942,out,Reussie,2026-02-06,19.0,USSD,1997
TX0001998,AG03,731 76 75 186,3176,in,REUSSI,2026-02-06,,USSD,1998
TX0001999,AG11,731 33 85 448,3180,in,REUSSI,2026-02-06,80.0,Agent,1999
TX0002000,AG02,798 56 63 974,2717,in,REUSSI,2026-02-06,68.0,Agent,2000
TX0002001,AG02,+226 758 92 19 484,6568,in,OK,2026-02-06,164.0,USSD,2001
TX0002002,AG18,7072834568,1431,out,OK,2026-02-06,14.0,Agent,2002
TX0002003,AG03,+226 756 84 47 603,9039,out,echec,2026-02-06,90.0,Agent,2003
TX0002004,AG09,789 56 23 143,773,out,REUSSI,2026-02-06,8.0,USSD,2004
TX0002005,AG15,715 56 15 975,6652,in,REUSSI,2026-02-06,166.0,Agent,2005
TX0002006,AG07,711 16 02 995,1271,in,REUSSI,2026-02-06,32.0,USSD,2006
TX0002007,AG02,788 37 14 235,10325,out,OK,2026-02-06,103.0,Agent,2007
TX0002008,AG16,729 92 05 346,16037,out,Reussie,2026-02-06,160.0,USSD,2008
TX0002009,AG15,796 87 65 772,1499,in,ok,2026-02-06,37.0,USSD,2009
TX0002010,AG14,783 28 32 013,1746,in,Reussie,2026-02-06,44.0,USSD,2010
TX0002011,AG07,+226 731 94 43 088,3473,in,echec,2026-02-06,87.0,USSD,2011
TX0002012,AG07,753 03 74 056,5417,in,ok,2026-02-06,135.0,USSD,2012
TX0002013,AG04,+226 741 49 08 870,2866,out,REUSSI,2026-02-06,29.0,Agent,2013
TX0002014,AG04,+226 772 79 45 227,3378,in,Echouee,2026-02-06,84.0,USSD,2014
TX0002015,AG05,721 68 84 614,5865,in,ok,2026-02-06,147.0,Agent,2015
TX0002016,AG20,+226 717 36 85 776,690,out,ok,2026-02-06,7.0,Agent,2016
TX0002017,AG08,709 37 97 540,7928,out,Echouee,2026-02-06,79.0,app,2017
TX0002018,AG05,737 16 56 498,4141,in,OK,2026-02-06,104.0,Agent,2018
TX0002019,AG12,776 59 30 793,477,out,ok,2026-02-06,5.0,USSD,2019
TX0002020,AG04,771 96 03 499,27572,out,echec,2026-02-06,276.0,USSD,2020
TX0002021,AG20,+226 741 92 96 962,3081,out,echec,2026-02-06,31.0,Agent,2021
TX0002022,AG02,799 99 67 361,846,in,Echouee,2026-02-06,21.0,USSD,2022
TX0002023,AG18,778 16 12 892,1267,in,ok,2026-02-06,32.0,Agent,2023
TX0002024,AG08,+226 773 44 89 021,4885,out,Reussie,2026-02-06,49.0,Agent,2024
TX0002025,AG15,737 70 08 089,2163,out,OK,2026-02-06,22.0,Agent,2025
TX0002026,AG01,769 50 98 741,1882,in,Echouee,2026-02-06,47.0,USSD,2026
TX0002027,AG11,+226 713 96 56 431,4869,out,echec,2026-02-06,49.0,USSD,2027
TX0002028,AG11,+226 759 32 92 628,3260,out,ok,2026-02-06,33.0,Agent,2028
TX0002029,AG16,760 17 53 147,1771,out,REUSSI,2026-02-06,18.0,Agent,2029
TX0002030,AG15,+226 706 00 38 508,552,in,REUSSI,2026-02-06,14.0,Agent,2030
TX0002031,AG17,7766653230,1559,in,Reussie,2026-02-06,39.0,Agent,2031
TX0002032,AG06,7986449326,2535,in,REUSSI,2026-02-06,63.0,Agent,2032
TX0002033,AG09,7335719771,1425,in,ok,2026-02-06,36.0,Agent,2033
TX0002034,AG20,+226 763 49 48 333,1158,in,OK,2026-02-06,29.0,Agent,2034
TX0002035,AG13,740 55 67 085,2789,in,Reussie,2026-02-06,70.0,Agent,2035
TX0002036,AG02,7626815041,3567,in,Echouee,2026-02-06,89.0,app,2036
TX0002037,AG15,781 03 18 058,4416,in,OK,2026-02-06,110.0,Agent,2037
TX0002038,AG06,762 72 92 322,252,in,OK,2026-02-06,6.0,USSD,2038
TX0002039,AG20,+226 740 95 87 607,1019,in,ok,2026-02-06,25.0,Agent,2039
TX0002040,AG17,7413955722,8881,out,Echouee,2026-02-06,89.0,Agent,2040
TX0002041,AG06,739 69 79 259,8257,in,echec,2026-02-06,206.0,USSD,2041
TX0002042,AG11,+226 731 06 19 788,4728,out,ok,2026-02-06,47.0,USSD,2042
TX0002043,AG08,779 76 68 118,1429,out,OK,2026-02-06,14.0,app,2043
TX0002044,AG19,765 60 58 532,9883,in,REUSSI,2026-02-06,247.0,Agent,2044
TX0002045,AG19,7105498096,1115,in,OK,2026-02-06,28.0,Agent,2045
TX0002046,AG03,+226 731 64 18 273,1624,out,REUSSI,2026-02-07,16.0,app,2046
TX0002047,AG09,780 29 58 403,2360,out,ok,2026-02-07,24.0,Agent,2047
TX0002048,AG20,787 95 10 077,2198,in,ok,2026-02-07,55.0,app,2048
TX0002049,AG07,+226 707 96 15 660,4308,in,ok,2026-02-07,108.0,Agent,2049
TX0002050,AG17,+226 734 45 39 223,3454,out,OK,2026-02-07,35.0,USSD,2050
TX0002051,AG09,+226 722 34 01 083,5204,out,Reussie,2026-02-07,52.0,USSD,2051
TX0002052,AG14,+226 725 61 46 691,12762,in,Reussie,2026-02-07,319.0,USSD,2052
TX0002053,AG07,+226 726 66 10 966,1817,out,Echouee,2026-02-07,18.0,Agent,2053
TX0002054,AG12,7357222309,833,out,Reussie,2026-02-07,8.0,Agent,2054
TX0002055,AG15,+226 709 28 38 079,362,in,OK,2026-02-07,9.0,Agent,2055
TX0002056,AG04,+226 717 20 91 480,12001,out,Reussie,2026-02-07,120.0,USSD,2056
TX0002057,AG04,739 25 68 795,3191,out,ok,2026-02-07,32.0,Agent,2057
TX0002058,AG15,7739182627,2146,out,Echouee,2026-02-07,21.0,Agent,2058
TX0002059,AG06,7884267825,8626,in,Reussie,2026-02-07,216.0,Agent,2059
TX0002060,AG06,756 32 19 478,3341,in,Reussie,2026-02-07,84.0,USSD,2060
TX0002061,AG09,753 68 59 719,1829,out,OK,2026-02-07,18.0,Agent,2061
TX0002062,AG15,754 49 92 716,1144,in,REUSSI,2026-02-07,29.0,Agent,2062
TX0002063,AG02,7477164149,3577,out,OK,2026-02-07,36.0,Agent,2063
TX0002064,AG08,766 15 96 216,2370,in,ok,2026-02-07,59.0,Agent,2064
TX0002065,AG02,7083768875,1087,out,Reussie,2026-02-07,11.0,USSD,2065
TX0002066,AG05,741 36 90 043,2396,out,REUSSI,2026-02-07,24.0,USSD,2066
TX0002067,AG14,7021561216,10626,out,Echouee,2026-02-07,106.0,USSD,2067
TX0002068,AG20,7169265501,7865,in,Reussie,2026-02-07,197.0,USSD,2068
TX0002069,AG05,+226 787 01 45 858,7991,in,Reussie,2026-02-07,200.0,Agent,2069
TX0002070,AG13,+226 755 44 85 987,1795,out,Reussie,2026-02-07,18.0,Agent,2070
TX0002071,AG14,+226 792 54 62 949,3708,in,REUSSI,2026-02-07,93.0,Agent,2071
TX0002072,AG18,+226 700 25 37 096,2197,out,Echouee,2026-02-07,22.0,USSD,2072
TX0002073,AG11,787 47 36 863,799,in,OK,2026-02-07,20.0,USSD,2073
TX0002074,AG15,738 86 64 233,2592,in,OK,2026-02-07,65.0,USSD,2074
TX0002075,AG05,744 50 49 274,491,out,OK,2026-02-07,5.0,Agent,2075
TX0002076,AG04,723 23 03 043,132,in,Echouee,2026-02-07,3.0,Agent,2076
TX0002077,AG17,+226 760 69 33 065,2177,in,Reussie,2026-02-07,54.0,USSD,2077
TX0002078,AG11,+226 720 41 46 144,2221,in,Reussie,2026-02-07,56.0,USSD,2078
TX0002079,AG18,+226 794 94 41 190,1756,in,REUSSI,2026-02-07,44.0,USSD,2079
TX0002080,AG06,+226 790 61 49 880,1750,in,echec,2026-02-07,44.0,Agent,2080
TX0002081,AG12,7366638378,811,in,Reussie,2026-02-07,20.0,app,2081
TX0002082,AG16,7518457524,1599,in,REUSSI,2026-02-07,40.0,Agent,2082
TX0002083,AG04,761 18 33 327,1096,in,ok,2026-02-07,27.0,Agent,2083
TX0002084,AG12,+226 728 49 13 713,3681,in,echec,2026-02-07,92.0,USSD,2084
TX0002085,AG05,+226 776 75 94 337,10194,in,Reussie,2026-02-07,255.0,USSD,2085
TX0002086,AG16,+226 753 68 49 332,1491,out,echec,2026-02-07,15.0,Agent,2086
TX0002087,AG01,+226 768 55 53 151,844,in,Reussie,2026-02-07,21.0,USSD,2087
TX0002088,AG19,+226 709 61 45 529,27180,out,echec,2026-02-08,272.0,USSD,2088
TX0002089,AG04,739 92 99 068,5515,in,ok,2026-02-08,138.0,USSD,2089
TX0002090,AG19,737 69 61 264,1424,in,OK,2026-02-08,36.0,app,2090
TX0002091,AG07,768 49 73 465,1697,out,REUSSI,2026-02-08,17.0,Agent,2091
TX0002092,AG07,+226 700 63 63 503,2531,in,REUSSI,2026-02-08,63.0,Agent,2092
TX0002093,AG16,+226 778 87 53 624,1105,out,REUSSI,2026-02-08,11.0,Agent,2093
TX0002094,AG06,790 27 71 851,15331,out,OK,2026-02-08,153.0,Agent,2094
TX0002095,AG11,722 69 92 675,2412,out,REUSSI,2026-02-08,24.0,USSD,2095
TX0002096,AG04,7453609215,2159,in,OK,2026-02-08,54.0,USSD,2096
TX0002097,AG08,+226 783 40 42 257,370,out,REUSSI,2026-02-08,4.0,USSD,2097
TX0002098,AG03,714 85 63 234,6706,out,Reussie,2026-02-08,67.0,USSD,2098
TX0002099,AG12,+226 766 99 35 973,3353,in,Reussie,2026-02-09,84.0,Agent,2099
TX0002100,AG16,+226 766 60 10 791,15992,in,ok,2026-02-09,400.0,Agent,2100
TX0002101,AG06,794 67 95 730,450,in,Reussie,2026-02-09,11.0,app,2101
TX0002102,AG20,760 35 60 464,6193,out,Reussie,2026-02-09,62.0,USSD,2102
TX0002103,AG17,7696075426,12390,in,ok,2026-02-09,310.0,Agent,2103
TX0002104,AG06,+226 759 84 49 163,948,in,echec,2026-02-09,24.0,Agent,2104
TX0002105,AG06,771 73 83 445,5286,in,Reussie,2026-02-09,132.0,USSD,2105
TX0002106,AG14,798 26 04 922,1859,out,ok,2026-02-09,19.0,Agent,2106
TX0002107,AG10,+226 783 69 24 029,5488,in,Reussie,2026-02-09,137.0,Agent,2107
TX0002108,AG15,+226 727 11 45 819,1725,out,OK,2026-02-09,,Agent,2108
TX0002109,AG09,730 52 04 658,2429,out,Reussie,2026-02-09,24.0,Agent,2109
TX0002110,AG16,+226 748 15 82 460,2368,in,Echouee,2026-02-09,59.0,Agent,2110
TX0002111,AG09,+226 727 92 83 406,4007,out,OK,2026-02-09,40.0,Agent,2111
TX0002112,AG04,+226 792 17 57 516,909,in,Reussie,2026-02-09,23.0,app,2112
TX0002113,AG05,7741751801,730,in,Echouee,2026-02-09,18.0,Agent,2113
TX0002114,AG10,7383930205,19006,in,Reussie,2026-02-09,475.0,Agent,2114
TX0002115,AG06,795 75 91 581,5424,in,REUSSI,2026-02-09,136.0,USSD,2115
TX0002116,AG08,773 58 11 698,4634,out,OK,2026-02-09,46.0,Agent,2116
TX0002117,AG02,+226 799 62 92 080,3099,in,Reussie,2026-02-09,77.0,Agent,2117
TX0002118,AG06,7079837277,3688,out,OK,2026-02-09,37.0,USSD,2118
TX0002119,AG14,756 26 48 030,3679,in,Reussie,2026-02-09,92.0,Agent,2119
TX0002120,AG11,+226 787 02 65 154,2460,in,OK,2026-02-09,62.0,Agent,2120
TX0002121,AG03,+226 771 12 27 185,2958,in,REUSSI,2026-02-09,74.0,USSD,2121
TX0002122,AG01,7632722546,1197,out,echec,2026-02-09,12.0,Agent,2122
TX0002123,AG03,7517890576,1515,in,OK,2026-02-09,38.0,USSD,2123
TX0002124,AG12,744 64 18 005,1675,in,REUSSI,2026-02-09,42.0,Agent,2124
TX0002125,AG06,739 60 77 662,3029,in,Reussie,2026-02-09,76.0,Agent,2125
TX0002126,AG06,747 69 50 270,1724,in,Reussie,2026-02-09,43.0,Agent,2126
TX0002127,AG10,725 41 40 675,4858,in,ok,2026-02-09,121.0,USSD,2127
TX0002128,AG11,+226 742 00 34 461,15880,in,echec,2026-02-09,397.0,Agent,2128
TX0002129,AG13,+226 788 25 36 497,2124,out,ok,2026-02-09,21.0,app,2129
TX0002130,AG02,761 19 88 096,1073,out,echec,2026-02-09,11.0,USSD,2130
TX0002131,AG20,796 16 90 282,663,in,ok,2026-02-09,17.0,Agent,2131
TX0002132,AG07,783 20 18 366,2430,in,REUSSI,2026-02-09,61.0,Agent,2132
TX0002133,AG05,+226 762 02 78 648,12180,in,echec,2026-02-09,304.0,USSD,2133
TX0002134,AG07,791 12 56 007,1906,out,Reussie,2026-02-09,19.0,Agent,2134
TX0002135,AG05,+226 731 09 23 345,2957,in,Reussie,2026-02-09,74.0,Agent,2135
TX0002136,AG16,+226 708 97 11 984,3389,in,REUSSI,2026-02-09,85.0,USSD,2136
TX0002137,AG07,+226 704 69 32 913,3526,in,echec,2026-02-09,88.0,Agent,2137
TX0002138,AG20,790 74 61 925,11129,in,ok,2026-02-09,278.0,Agent,2138
TX0002139,AG02,709 92 22 086,779,in,Reussie,2026-02-09,19.0,Agent,2139
TX0002140,AG04,+226 793 63 63 522,1469,in,REUSSI,2026-02-09,37.0,USSD,2140
TX0002141,AG14,733 18 39 910,344,out,REUSSI,2026-02-09,3.0,Agent,2141
TX0002142,AG16,+226 795 81 17 659,4586,out,Echouee,2026-02-09,46.0,USSD,2142
TX0002143,AG07,+226 766 06 76 972,10186,out,REUSSI,2026-02-09,102.0,Agent,2143
TX0002144,AG19,7922169843,855,out,Reussie,2026-02-09,9.0,USSD,2144
TX0002145,AG13,715 27 82 392,4101,out,REUSSI,2026-02-09,41.0,USSD,2145
TX0002146,AG19,710 79 44 188,4193,in,Echouee,2026-02-09,105.0,USSD,2146
TX0002147,AG14,+226 755 11 04 681,1741,out,Reussie,2026-02-09,17.0,Agent,2147
TX0002148,AG08,742 90 14 867,3684,out,Reussie,2026-02-09,37.0,Agent,2148
TX0002149,AG13,7034624070,1492,out,Reussie,2026-02-09,15.0,USSD,2149
TX0002150,AG20,730 89 69 706,3773,out,Reussie,2026-02-09,38.0,USSD,2150
TX0002151,AG06,774 06 98 269,2838,out,Reussie,2026-02-09,28.0,Agent,2151
TX0002152,AG04,+226 713 51 43 815,4762,out,ok,2026-02-09,48.0,USSD,2152
TX0002153,AG15,+226 748 62 76 654,3311,in,echec,2026-02-09,83.0,Agent,2153
TX0002154,AG05,7342009586,1808,out,Reussie,2026-02-09,18.0,Agent,2154
TX0002155,AG10,7534023374,2381,in,ok,2026-02-09,60.0,app,2155
TX0002156,AG17,7534866304,1011,in,Reussie,2026-02-09,25.0,USSD,2156
TX0002157,AG02,7193952487,1885,out,echec,2026-02-09,19.0,Agent,2157
TX0002158,AG06,776 19 81 242,3979,out,echec,2026-02-09,40.0,USSD,2158
TX0002159,AG15,+226 797 75 86 202,782,in,Echouee,2026-02-09,20.0,Agent,2159
TX0002160,AG09,+226 786 45 59 732,3285,in,OK,2026-02-09,82.0,Agent,2160
TX0002161,AG18,7372414024,1146,out,Reussie,2026-02-09,11.0,Agent,2161
TX0002162,AG03,709 87 82 828,531,in,ok,2026-02-09,13.0,Agent,2162
TX0002163,AG13,+226 743 32 87 574,11300,out,OK,2026-02-09,113.0,Agent,2163
TX0002164,AG16,718 09 14 241,1047,out,Echouee,2026-02-09,10.0,Agent,2164
TX0002165,AG10,+226 711 45 84 292,1083,in,REUSSI,2026-02-09,27.0,USSD,2165
TX0002166,AG07,792 88 33 707,15471,in,OK,2026-02-09,387.0,USSD,2166
TX0002167,AG08,+226 789 04 89 727,1415,in,ok,2026-02-09,35.0,Agent,2167
TX0002168,AG19,+226 739 54 36 133,1111,out,echec,2026-02-09,11.0,USSD,2168
TX0002169,AG20,745 10 06 667,866,in,REUSSI,2026-02-09,22.0,Agent,2169
TX0002170,AG07,758 77 27 660,15580,out,ok,2026-02-09,156.0,Agent,2170
TX0002171,AG13,777 34 13 802,1075,in,OK,2026-02-09,27.0,Agent,2171
TX0002172,AG06,+226 717 90 74 988,2778,out,ok,2026-02-09,28.0,Agent,2172
TX0002173,AG04,715 81 97 474,11386,in,Reussie,2026-02-09,285.0,Agent,2173
TX0002174,AG20,790 43 27 451,8308,out,OK,2026-02-09,83.0,USSD,2174
TX0002175,AG08,7661880571,424,out,Reussie,2026-02-09,4.0,Agent,2175
TX0002176,AG01,7871588878,4267,in,ok,2026-02-09,107.0,Agent,2176
TX0002177,AG11,+226 716 71 09 580,8466,in,REUSSI,2026-02-09,212.0,Agent,2177
TX0002178,AG17,+226 726 79 55 702,1715,in,Reussie,2026-02-09,43.0,Agent,2178
TX0002179,AG08,793 54 51 527,3788,out,Reussie,2026-02-09,38.0,USSD,2179
TX0002180,AG03,+226 731 95 45 712,2699,in,Reussie,2026-02-09,67.0,USSD,2180
TX0002181,AG13,+226 777 13 61 261,808,in,Reussie,2026-02-09,20.0,USSD,2181
TX0002182,AG10,7337552535,4103,out,Reussie,2026-02-09,41.0,USSD,2182
TX0002183,AG04,778 92 64 738,9321,in,OK,2026-02-09,233.0,Agent,2183
TX0002184,AG03,7680394184,2024,in,Reussie,2026-02-09,51.0,USSD,2184
TX0002185,AG15,+226 768 68 52 670,1502,out,ok,2026-02-09,15.0,Agent,2185
TX0002186,AG20,7928385204,5006,in,Reussie,2026-02-09,125.0,USSD,2186
TX0002187,AG11,7402303811,1805,in,Reussie,2026-02-09,45.0,Agent,2187
TX0002188,AG01,+226 721 94 31 814,1973,in,REUSSI,2026-02-09,49.0,Agent,2188
TX0002189,AG02,759 63 92 570,1863,out,ok,2026-02-09,19.0,Agent,2189
TX0002190,AG09,7089106694,4918,out,OK,2026-02-09,49.0,Agent,2190
TX0002191,AG15,711 94 60 987,1688,in,OK,2026-02-09,42.0,Agent,2191
TX0002192,AG10,+226 787 42 04 450,1152,out,ok,2026-02-09,12.0,Agent,2192
TX0002193,AG19,727 80 24 101,1852,in,OK,2026-02-09,46.0,Agent,2193
TX0002194,AG13,757 66 97 472,2959,in,echec,2026-02-09,74.0,app,2194
TX0002195,AG19,760 55 37 767,3620,out,ok,2026-02-09,36.0,app,2195
TX0002196,AG08,757 28 41 487,2020,in,OK,2026-02-09,50.0,USSD,2196
TX0002197,AG01,791 69 73 894,2647,in,Echouee,2026-02-09,66.0,Agent,2197
TX0002198,AG15,+226 753 52 80 144,814,in,ok,2026-02-09,20.0,Agent,2198
TX0002199,AG15,748 97 99 785,4095,in,REUSSI,2026-02-09,102.0,USSD,2199
TX0002200,AG08,+226 727 44 73 795,769,out,REUSSI,2026-02-09,8.0,Agent,2200
TX0002201,AG16,7045743892,1970,in,Reussie,2026-02-10,49.0,Agent,2201
TX0002202,AG05,799 68 86 767,4365,in,OK,2026-02-10,109.0,Agent,2202
TX0002203,AG11,+226 751 29 08 310,3497,in,Reussie,2026-02-10,87.0,Agent,2203
TX0002204,AG01,793 86 05 202,1141,in,REUSSI,2026-02-10,29.0,app,2204
TX0002205,AG11,799 92 07 806,11888,in,Reussie,2026-02-10,297.0,Agent,2205
TX0002206,AG09,758 18 53 699,3825,in,Reussie,2026-02-10,96.0,USSD,2206
TX0002207,AG20,+226 727 38 42 374,3052,out,ok,2026-02-10,31.0,app,2207
TX0002208,AG18,700 86 66 893,1161,in,REUSSI,2026-02-10,29.0,USSD,2208
TX0002209,AG18,794 30 64 912,1445,in,ok,2026-02-10,36.0,USSD,2209
TX0002210,AG02,709 77 37 823,5205,out,REUSSI,2026-02-10,52.0,USSD,2210
TX0002211,AG17,786 68 75 628,2277,in,OK,2026-02-10,57.0,USSD,2211
TX0002212,AG08,723 64 38 244,982,in,Reussie,2026-02-10,25.0,USSD,2212
TX0002213,AG07,789 92 16 048,5538,in,echec,2026-02-10,138.0,USSD,2213
TX0002214,AG11,700 16 75 383,1893,out,REUSSI,2026-02-10,19.0,USSD,2214
TX0002215,AG11,738 32 48 060,11739,out,REUSSI,2026-02-10,117.0,Agent,2215
TX0002216,AG20,7905176323,1133,in,Echouee,2026-02-10,28.0,USSD,2216
TX0002217,AG10,+226 757 28 07 501,2155,in,REUSSI,2026-02-10,54.0,USSD,2217
TX0002218,AG17,719 20 09 936,3532,out,REUSSI,2026-02-10,35.0,USSD,2218
TX0002219,AG08,730 81 65 665,420,in,OK,2026-02-10,10.0,app,2219
TX0002220,AG14,706 28 13 828,2041,in,REUSSI,2026-02-10,51.0,app,2220
TX0002221,AG07,759 57 21 825,2117,in,Echouee,2026-02-10,53.0,USSD,2221
TX0002222,AG02,7643240480,1732,out,REUSSI,2026-02-10,17.0,USSD,2222
TX0002223,AG17,7664996034,9462,in,OK,2026-02-10,237.0,Agent,2223
TX0002224,AG20,7050712654,1535,in,Reussie,2026-02-10,38.0,Agent,2224
TX0002225,AG13,744 38 51 317,2528,in,OK,2026-02-10,63.0,Agent,2225
TX0002226,AG16,+226 736 87 79 315,541,in,ok,2026-02-10,14.0,app,2226
TX0002227,AG15,7689269888,3382,in,REUSSI,2026-02-10,85.0,Agent,2227
TX0002228,AG16,7230087079,482,in,Echouee,2026-02-10,12.0,USSD,2228
TX0002229,AG19,+226 772 10 52 326,721,out,Echouee,2026-02-10,7.0,Agent,2229
TX0002230,AG03,+226 738 38 01 816,1342,out,Reussie,2026-02-10,13.0,USSD,2230
TX0002231,AG09,7676815572,2342,in,OK,2026-02-10,59.0,USSD,2231
TX0002232,AG13,+226 742 63 51 249,2109,out,OK,2026-02-10,21.0,Agent,2232
TX0002233,AG04,7871587017,1897,out,echec,2026-02-10,19.0,Agent,2233
TX0002234,AG05,7659571720,7752,out,OK,2026-02-10,78.0,USSD,2234
TX0002235,AG03,7484166675,1775,in,OK,2026-02-10,44.0,USSD,2235
TX0002236,AG19,750 56 15 820,2401,in,Echouee,2026-02-10,60.0,Agent,2236
TX0002237,AG14,+226 749 55 25 118,1436,out,Echouee,2026-02-10,14.0,Agent,2237
TX0002238,AG10,7669086391,3152,in,Reussie,2026-02-10,79.0,app,2238
TX0002239,AG17,791 09 38 781,4787,in,REUSSI,2026-02-10,120.0,Agent,2239
TX0002240,AG03,+226 735 57 60 728,6212,out,REUSSI,2026-02-10,62.0,USSD,2240
TX0002241,AG20,770 97 74 703,5114,in,ok,2026-02-10,128.0,Agent,2241
TX0002242,AG10,7269717310,5652,out,Echouee,2026-02-10,57.0,Agent,2242
TX0002243,AG03,731 80 63 941,3413,in,REUSSI,2026-02-10,85.0,USSD,2243
TX0002244,AG15,+226 733 71 82 977,11559,in,REUSSI,2026-02-10,289.0,Agent,2244
TX0002245,AG20,705 37 85 420,2813,in,Reussie,2026-02-10,70.0,app,2245
TX0002246,AG20,7987805110,7746,out,Reussie,2026-02-10,77.0,Agent,2246
TX0002247,AG14,7659308800,1206,in,Echouee,2026-02-10,30.0,app,2247
TX0002248,AG10,+226 709 78 03 584,1134,in,REUSSI,2026-02-10,28.0,Agent,2248
TX0002249,AG09,+226 789 18 02 900,4366,in,Reussie,2026-02-10,109.0,app,2249
TX0002250,AG05,7765181600,1727,out,echec,2026-02-10,17.0,USSD,2250
TX0002251,AG07,736 34 82 131,2879,in,REUSSI,2026-02-10,72.0,USSD,2251
TX0002252,AG10,701 62 47 443,10900,out,ok,2026-02-10,109.0,app,2252
TX0002253,AG16,+226 771 14 70 133,1680,out,ok,2026-02-10,17.0,app,2253
TX0002254,AG09,780 68 34 137,1453,out,Reussie,2026-02-10,15.0,Agent,2254
TX0002255,AG04,761 79 87 607,3809,out,REUSSI,2026-02-10,38.0,Agent,2255
TX0002256,AG04,+226 783 50 87 186,1687,in,Reussie,2026-02-10,42.0,USSD,2256
TX0002257,AG20,719 06 83 912,14038,in,Echouee,2026-02-10,351.0,Agent,2257
TX0002258,AG08,730 65 25 579,5003,in,REUSSI,2026-02-10,125.0,USSD,2258
TX0002259,AG15,753 72 74 423,484,out,echec,2026-02-10,5.0,USSD,2259
TX0002260,AG11,7445548339,2048,out,Echouee,2026-02-10,20.0,Agent,2260
TX0002261,AG18,7476565234,2001,out,Reussie,2026-02-10,20.0,Agent,2261
TX0002262,AG06,+226 747 64 94 072,1245,in,Reussie,2026-02-10,31.0,Agent,2262
TX0002263,AG17,773 31 85 436,348,in,Reussie,2026-02-10,9.0,Agent,2263
TX0002264,AG13,7977047750,1606,out,OK,2026-02-10,16.0,USSD,2264
TX0002265,AG03,782 16 54 670,1552,in,REUSSI,2026-02-11,39.0,USSD,2265
TX0002266,AG18,776 50 05 218,698,in,echec,2026-02-11,17.0,USSD,2266
TX0002267,AG17,787 06 50 759,1046,in,echec,2026-02-11,26.0,Agent,2267
TX0002268,AG06,705 44 05 815,11363,in,Echouee,2026-02-11,284.0,USSD,2268
TX0002269,AG18,+226 735 31 86 388,12338,in,Reussie,2026-02-11,308.0,USSD,2269
TX0002270,AG10,7929596191,3286,out,OK,2026-02-11,33.0,USSD,2270
TX0002271,AG20,+226 792 94 07 117,1236,in,ok,2026-02-11,31.0,USSD,2271
TX0002272,AG13,734 90 79 694,1442,in,Echouee,2026-02-11,36.0,USSD,2272
TX0002273,AG12,7073671813,9183,in,Reussie,2026-02-11,230.0,USSD,2273
TX0002274,AG08,7796320048,4795,in,ok,2026-02-11,120.0,USSD,2274
TX0002275,AG09,+226 744 78 41 172,4373,in,REUSSI,2026-02-11,109.0,USSD,2275
TX0002276,AG01,+226 774 85 98 985,1726,out,REUSSI,2026-02-11,17.0,USSD,2276
TX0002277,AG20,+226 765 87 98 363,2713,in,Echouee,2026-02-11,68.0,USSD,2277
TX0002278,AG05,734 15 60 351,2110,out,REUSSI,2026-02-11,21.0,USSD,2278
TX0002279,AG08,+226 750 99 21 998,2629,out,Echouee,2026-02-11,26.0,USSD,2279
TX0002280,AG12,721 45 70 752,1584,out,OK,2026-02-11,16.0,Agent,2280
TX0002281,AG18,751 51 39 432,3183,out,ok,2026-02-11,32.0,USSD,2281
TX0002282,AG06,+226 778 04 01 219,8448,in,OK,2026-02-11,211.0,Agent,2282
TX0002283,AG20,736 28 84 567,1118,in,OK,2026-02-11,28.0,Agent,2283
TX0002284,AG01,790 68 99 223,1032,in,OK,2026-02-11,26.0,Agent,2284
TX0002285,AG01,7457183291,2937,in,Reussie,2026-02-11,73.0,Agent,2285
TX0002286,AG05,+226 765 32 87 420,4948,in,Reussie,2026-02-11,124.0,USSD,2286
TX0002287,AG01,779 34 44 855,2726,out,REUSSI,2026-02-11,27.0,USSD,2287
TX0002288,AG14,7695086903,4472,out,REUSSI,2026-02-11,45.0,USSD,2288
TX0002289,AG09,753 75 53 195,3721,in,Reussie,2026-02-11,93.0,USSD,2289
TX0002290,AG11,793 73 06 080,2059,out,OK,2026-02-11,21.0,Agent,2290
TX0002291,AG14,+226 721 56 00 742,1132,out,ok,2026-02-11,11.0,USSD,2291
TX0002292,AG17,+226 773 89 46 040,5406,in,Echouee,2026-02-11,135.0,USSD,2292
TX0002293,AG17,741 05 73 798,3994,out,ok,2026-02-11,40.0,Agent,2293
TX0002294,AG12,7959949486,1737,in,echec,2026-02-11,43.0,Agent,2294
TX0002295,AG07,740 89 55 897,416,in,ok,2026-02-11,10.0,USSD,2295
TX0002296,AG15,784 19 29 983,1781,out,ok,2026-02-11,18.0,USSD,2296
TX0002297,AG11,+226 716 54 50 875,625,out,Reussie,2026-02-11,6.0,Agent,2297
TX0002298,AG16,702 17 28 771,550,in,REUSSI,2026-02-11,,Agent,2298
TX0002299,AG09,+226 705 59 12 641,11208,in,Reussie,2026-02-11,280.0,app,2299
TX0002300,AG02,751 34 71 956,1629,in,OK,2026-02-11,41.0,USSD,2300
TX0002301,AG09,795 70 52 073,2940,in,Echouee,2026-02-11,74.0,Agent,2301
TX0002302,AG18,774 52 81 922,5691,in,REUSSI,2026-02-11,142.0,Agent,2302
TX0002303,AG12,7571594063,15101,in,Echouee,2026-02-11,378.0,Agent,2303
TX0002304,AG10,726 83 08 272,1065,in,REUSSI,2026-02-11,27.0,Agent,2304
TX0002305,AG10,704 57 91 362,643,out,ok,2026-02-11,6.0,USSD,2305
TX0002306,AG12,722 75 63 675,1984,in,Echouee,2026-02-11,50.0,app,2306
TX0002307,AG04,774 09 34 460,3684,out,Echouee,2026-02-11,37.0,USSD,2307
TX0002308,AG18,738 78 81 299,624,in,echec,2026-02-11,16.0,app,2308
TX0002309,AG13,7320943055,5527,in,REUSSI,2026-02-11,138.0,USSD,2309
TX0002310,AG18,+226 703 96 69 937,3442,out,OK,2026-02-11,34.0,Agent,2310
TX0002311,AG14,751 40 32 517,615,in,Reussie,2026-02-11,15.0,Agent,2311
TX0002312,AG19,+226 716 99 80 878,4742,in,ok,2026-02-11,119.0,USSD,2312
TX0002313,AG07,778 60 97 425,4839,in,OK,2026-02-11,121.0,Agent,2313
TX0002314,AG15,710 89 39 612,1068,out,Reussie,2026-02-11,11.0,USSD,2314
TX0002315,AG20,739 44 71 448,1921,out,Reussie,2026-02-11,19.0,Agent,2315
TX0002316,AG13,750 69 62 968,3489,out,REUSSI,2026-02-11,35.0,USSD,2316
TX0002317,AG09,+226 753 40 36 361,1050,in,Echouee,2026-02-11,26.0,Agent,2317
TX0002318,AG13,+226 769 39 63 282,442,out,OK,2026-02-11,4.0,USSD,2318
TX0002319,AG07,792 08 68 275,1480,out,echec,2026-02-11,15.0,USSD,2319
TX0002320,AG11,+226 778 58 22 500,1278,in,OK,2026-02-11,32.0,Agent,2320
TX0002321,AG10,750 97 54 433,1035,in,OK,2026-02-11,26.0,USSD,2321
TX0002322,AG04,7855415223,6034,out,Reussie,2026-02-11,60.0,Agent,2322
TX0002323,AG15,+226 701 10 07 829,4185,out,Echouee,2026-02-11,42.0,USSD,2323
TX0002324,AG11,7029609882,2203,in,OK,2026-02-11,55.0,app,2324
TX0002325,AG01,7699981914,1636,in,Echouee,2026-02-11,41.0,app,2325
TX0002326,AG18,7989480579,2074,out,OK,2026-02-11,21.0,Agent,2326
TX0002327,AG18,+226 746 13 86 541,2817,in,OK,2026-02-11,70.0,Agent,2327
TX0002328,AG14,7096372629,8450,out,OK,2026-02-11,84.0,USSD,2328
TX0002329,AG04,757 60 39 705,254,in,ok,2026-02-11,6.0,USSD,2329
TX0002330,AG14,+226 706 40 98 771,2859,in,Reussie,2026-02-11,71.0,USSD,2330
TX0002331,AG09,714 72 14 494,4726,in,OK,2026-02-11,118.0,USSD,2331
TX0002332,AG04,+226 743 92 31 470,3124,in,REUSSI,2026-02-11,78.0,Agent,2332
TX0002333,AG05,743 97 59 183,1107,in,Reussie,2026-02-11,28.0,Agent,2333
TX0002334,AG05,+226 727 28 57 904,7974,in,echec,2026-02-11,199.0,Agent,2334
TX0002335,AG13,744 00 32 336,784,in,ok,2026-02-11,20.0,Agent,2335
TX0002336,AG06,+226 792 89 36 530,2900,out,OK,2026-02-11,29.0,Agent,2336
TX0002337,AG16,7757203437,2031,out,ok,2026-02-11,20.0,Agent,2337
TX0002338,AG14,+226 701 53 71 811,694,out,ok,2026-02-12,7.0,USSD,2338
TX0002339,AG15,+226 771 17 52 623,445,in,echec,2026-02-12,11.0,Agent,2339
TX0002340,AG19,7120703026,2858,in,ok,2026-02-12,71.0,Agent,2340
TX0002341,AG10,+226 726 84 57 026,1389,out,Reussie,2026-02-12,14.0,USSD,2341
TX0002342,AG15,+226 749 68 72 490,4446,out,Echouee,2026-02-12,44.0,Agent,2342
TX0002343,AG20,+226 786 09 31 652,809,in,Reussie,2026-02-12,20.0,Agent,2343
TX0002344,AG01,+226 777 80 24 649,1967,out,ok,2026-02-12,20.0,Agent,2344
TX0002345,AG18,7959190350,1600,in,OK,2026-02-12,40.0,USSD,2345
TX0002346,AG11,+226 725 46 47 416,8866,in,ok,2026-02-12,222.0,Agent,2346
TX0002347,AG17,+226 787 04 05 570,7740,out,Reussie,2026-02-12,77.0,Agent,2347
TX0002348,AG17,+226 785 09 11 051,1389,out,ok,2026-02-12,14.0,Agent,2348
TX0002349,AG16,754 29 48 266,11986,out,REUSSI,2026-02-12,120.0,USSD,2349
TX0002350,AG08,+226 731 59 44 035,5040,in,REUSSI,2026-02-12,126.0,Agent,2350
TX0002351,AG01,+226 718 74 57 848,3483,out,Reussie,2026-02-12,35.0,Agent,2351
TX0002352,AG08,797 08 58 238,662,in,Reussie,2026-02-12,17.0,app,2352
TX0002353,AG15,736 67 74 828,358,out,OK,2026-02-12,4.0,Agent,2353
TX0002354,AG03,7662489059,1379,out,ok,2026-02-12,14.0,Agent,2354
TX0002355,AG01,7436935540,2663,out,REUSSI,2026-02-12,27.0,USSD,2355
TX0002356,AG06,+226 755 53 90 073,277,in,ok,2026-02-12,7.0,Agent,2356
TX0002357,AG03,+226 795 72 46 160,1395,in,ok,2026-02-12,35.0,USSD,2357
TX0002358,AG12,+226 786 41 95 419,2084,in,ok,2026-02-12,52.0,USSD,2358
TX0002359,AG05,+226 779 63 12 614,16781,in,REUSSI,2026-02-12,420.0,USSD,2359
TX0002360,AG09,779 87 78 806,1371,out,Reussie,2026-02-12,14.0,USSD,2360
TX0002361,AG02,749 55 44 387,3849,out,Reussie,2026-02-12,38.0,Agent,2361
TX0002362,AG07,741 11 86 464,2762,out,Reussie,2026-02-12,28.0,USSD,2362
TX0002363,AG09,727 30 09 924,1398,out,ok,2026-02-12,14.0,Agent,2363
TX0002364,AG08,+226 725 27 11 835,8675,in,Reussie,2026-02-12,217.0,Agent,2364
TX0002365,AG17,+226 705 99 01 336,2598,in,OK,2026-02-12,65.0,USSD,2365
TX0002366,AG17,+226 739 49 08 269,2110,out,ok,2026-02-12,21.0,Agent,2366
TX0002367,AG06,+226 725 09 76 365,2248,in,ok,2026-02-12,56.0,USSD,2367
TX0002368,AG05,+226 799 84 19 878,901,in,OK,2026-02-12,23.0,USSD,2368
TX0002369,AG16,749 31 32 499,9699,in,ok,2026-02-12,242.0,USSD,2369
TX0002370,AG10,+226 730 71 78 581,33859,in,echec,2026-02-12,846.0,USSD,2370
TX0002371,AG11,+226 750 63 35 735,483,in,Reussie,2026-02-12,12.0,USSD,2371
TX0002372,AG18,764 50 11 222,5762,out,REUSSI,2026-02-12,58.0,USSD,2372
TX0002373,AG02,+226 721 78 88 322,3825,out,Reussie,2026-02-12,38.0,USSD,2373
TX0002374,AG17,+226 780 38 82 363,1828,out,ok,2026-02-12,18.0,Agent,2374
TX0002375,AG12,+226 710 57 33 149,697,out,Reussie,2026-02-12,7.0,USSD,2375
TX0002376,AG18,752 12 52 970,8998,in,ok,2026-02-12,225.0,Agent,2376
TX0002377,AG07,+226 726 40 55 860,2232,in,REUSSI,2026-02-12,56.0,USSD,2377
TX0002378,AG05,7196383292,6007,out,Reussie,2026-02-12,60.0,Agent,2378
TX0002379,AG13,7516643854,5451,in,echec,2026-02-12,136.0,USSD,2379
TX0002380,AG11,+226 793 41 33 582,9002,out,Reussie,2026-02-12,90.0,USSD,2380
TX0002381,AG14,729 68 45 721,6439,in,Echouee,2026-02-12,161.0,USSD,2381
TX0002382,AG13,+226 790 86 71 055,3312,in,Echouee,2026-02-12,83.0,USSD,2382
TX0002383,AG19,703 09 59 961,3745,out,OK,2026-02-12,37.0,Agent,2383
TX0002384,AG15,793 05 97 552,5120,out,Echouee,2026-02-12,51.0,USSD,2384
TX0002385,AG19,7207964234,2698,in,echec,2026-02-12,67.0,USSD,2385
TX0002386,AG12,+226 757 50 60 824,901,out,Echouee,2026-02-12,9.0,Agent,2386
TX0002387,AG16,753 10 79 573,2108,out,Echouee,2026-02-12,21.0,Agent,2387
TX0002388,AG18,+226 775 51 85 505,264,out,echec,2026-02-12,3.0,USSD,2388
TX0002389,AG04,+226 768 94 10 242,650,out,ok,2026-02-12,6.0,Agent,2389
TX0002390,AG20,711 35 89 792,362,out,OK,2026-02-12,4.0,Agent,2390
TX0002391,AG18,723 05 13 655,1570,out,Echouee,2026-02-12,16.0,Agent,2391
TX0002392,AG15,773 83 92 807,3254,in,ok,2026-02-12,81.0,USSD,2392
TX0002393,AG05,763 95 18 006,1816,in,ok,2026-02-12,45.0,USSD,2393
TX0002394,AG14,754 19 05 611,708,out,Echouee,2026-02-12,7.0,Agent,2394
TX0002395,AG06,771 68 15 962,4305,in,OK,2026-02-12,108.0,Agent,2395
TX0002396,AG04,7932240190,1431,in,REUSSI,2026-02-12,36.0,USSD,2396
TX0002397,AG14,709 12 81 106,12705,out,ok,2026-02-12,127.0,USSD,2397
TX0002398,AG14,757 12 25 271,10827,in,Reussie,2026-02-12,271.0,USSD,2398
TX0002399,AG09,7314495952,7027,in,ok,2026-02-12,176.0,Agent,2399
TX0002400,AG17,+226 714 16 89 322,1457,in,REUSSI,2026-02-13,36.0,Agent,2400
TX0002401,AG07,7010261102,844,in,ok,2026-02-13,21.0,Agent,2401
TX0002402,AG11,+226 759 30 77 485,5148,in,echec,2026-02-13,129.0,USSD,2402
TX0002403,AG02,708 97 28 175,515,out,Reussie,2026-02-13,5.0,USSD,2403
TX0002404,AG08,753 07 99 142,9748,in,Reussie,2026-02-13,244.0,USSD,2404
TX0002405,AG19,791 55 32 657,1029,in,Echouee,2026-02-13,26.0,Agent,2405
TX0002406,AG13,7885347642,716,out,OK,2026-02-13,7.0,Agent,2406
TX0002407,AG18,7587803009,1883,in,echec,2026-02-13,47.0,USSD,2407
TX0002408,AG17,713 69 82 193,5939,in,REUSSI,2026-02-13,148.0,app,2408
TX0002409,AG09,7266748721,2518,in,Reussie,2026-02-13,63.0,USSD,2409
TX0002410,AG07,7535814872,2466,in,echec,2026-02-13,62.0,Agent,2410
TX0002411,AG16,777 86 33 609,1050,in,ok,2026-02-13,26.0,USSD,2411
TX0002412,AG08,+226 734 40 59 266,3812,out,REUSSI,2026-02-13,38.0,USSD,2412
TX0002413,AG05,+226 742 82 44 733,412,in,REUSSI,2026-02-13,10.0,Agent,2413
TX0002414,AG01,716 02 34 598,799,in,echec,2026-02-13,20.0,Agent,2414
TX0002415,AG05,+226 764 96 87 611,4183,in,REUSSI,2026-02-13,105.0,USSD,2415
TX0002416,AG09,+226 704 17 31 437,4434,in,ok,2026-02-13,111.0,app,2416
TX0002417,AG15,+226 727 09 66 216,4326,out,ok,2026-02-13,43.0,USSD,2417
TX0002418,AG07,+226 702 75 41 205,13234,in,OK,2026-02-13,331.0,USSD,2418
TX0002419,AG18,+226 730 05 98 450,3972,out,REUSSI,2026-02-13,40.0,USSD,2419
TX0002420,AG19,734 02 90 677,1572,in,ok,2026-02-13,39.0,USSD,2420
TX0002421,AG16,+226 711 50 22 265,1189,in,ok,2026-02-13,30.0,Agent,2421
TX0002422,AG06,787 21 88 320,2070,out,REUSSI,2026-02-13,21.0,USSD,2422
TX0002423,AG08,705 85 89 544,3216,in,Reussie,2026-02-13,80.0,Agent,2423
TX0002424,AG16,+226 748 47 87 900,10819,in,Reussie,2026-02-13,270.0,USSD,2424
TX0002425,AG07,+226 739 80 45 228,10966,in,Reussie,2026-02-13,274.0,Agent,2425
TX0002426,AG09,7516994248,3535,out,Reussie,2026-02-13,35.0,Agent,2426
TX0002427,AG19,+226 739 82 70 133,1901,in,REUSSI,2026-02-13,48.0,app,2427
TX0002428,AG09,+226 780 56 37 888,2779,in,Reussie,2026-02-13,69.0,Agent,2428
TX0002429,AG18,736 37 29 885,2703,in,OK,2026-02-13,68.0,Agent,2429
TX0002430,AG13,+226 798 78 45 854,1935,in,Reussie,2026-02-13,48.0,Agent,2430
TX0002431,AG03,7021581560,475,in,REUSSI,2026-02-13,12.0,app,2431
TX0002432,AG07,7767480539,5387,in,OK,2026-02-13,135.0,USSD,2432
TX0002433,AG16,765 87 44 796,4078,out,REUSSI,2026-02-13,41.0,USSD,2433
TX0002434,AG03,+226 794 58 40 703,555,out,OK,2026-02-13,6.0,USSD,2434
TX0002435,AG20,+226 720 46 50 355,758,in,REUSSI,2026-02-13,19.0,Agent,2435
TX0002436,AG17,+226 772 02 31 214,1710,out,REUSSI,2026-02-13,17.0,Agent,2436
TX0002437,AG13,+226 724 29 66 917,2164,in,Reussie,2026-02-13,54.0,Agent,2437
TX0002438,AG02,+226 779 97 18 557,1440,in,ok,2026-02-13,36.0,Agent,2438
TX0002439,AG17,778 59 32 720,1217,out,Reussie,2026-02-13,12.0,Agent,2439
TX0002440,AG08,700 88 49 568,11999,in,ok,2026-02-13,300.0,USSD,2440
TX0002441,AG02,7564531585,2270,in,ok,2026-02-13,57.0,USSD,2441
TX0002442,AG17,786 75 76 882,1284,in,echec,2026-02-13,32.0,Agent,2442
TX0002443,AG17,+226 734 22 39 027,368,out,ok,2026-02-13,4.0,USSD,2443
TX0002444,AG11,+226 773 62 33 517,798,out,OK,2026-02-13,8.0,USSD,2444
TX0002445,AG06,728 06 54 796,8153,in,ok,2026-02-13,204.0,app,2445
TX0002446,AG19,+226 769 21 56 343,1668,out,ok,2026-02-13,17.0,Agent,2446
TX0002447,AG05,732 98 26 648,4362,in,REUSSI,2026-02-13,109.0,Agent,2447
TX0002448,AG20,+226 748 31 04 639,2820,in,ok,2026-02-13,70.0,app,2448
TX0002449,AG06,796 27 70 404,652,in,OK,2026-02-13,16.0,USSD,2449
TX0002450,AG17,7309653079,2581,in,OK,2026-02-13,65.0,USSD,2450
TX0002451,AG06,+226 764 95 62 508,3101,in,ok,2026-02-13,78.0,USSD,2451
TX0002452,AG04,7623476306,4915,in,Reussie,2026-02-13,123.0,Agent,2452
TX0002453,AG01,722 56 45 002,2696,out,ok,2026-02-13,27.0,USSD,2453
TX0002454,AG14,757 49 93 007,1543,out,echec,2026-02-13,15.0,USSD,2454
TX0002455,AG08,7135218083,7186,in,ok,2026-02-13,180.0,USSD,2455
TX0002456,AG03,+226 774 20 27 711,4386,out,REUSSI,2026-02-13,44.0,Agent,2456
TX0002457,AG02,732 64 75 809,3273,in,OK,2026-02-13,82.0,Agent,2457
TX0002458,AG11,+226 745 19 51 407,7122,out,echec,2026-02-13,71.0,Agent,2458
TX0002459,AG17,+226 728 12 20 241,5032,in,Reussie,2026-02-13,126.0,Agent,2459
TX0002460,AG04,762 00 41 808,1531,out,ok,2026-02-13,15.0,Agent,2460
TX0002461,AG20,770 33 89 637,1213,in,OK,2026-02-13,30.0,Agent,2461
TX0002462,AG09,+226 799 68 41 553,1690,out,Reussie,2026-02-13,17.0,Agent,2462
TX0002463,AG02,+226 708 35 05 087,525,in,ok,2026-02-13,13.0,USSD,2463
TX0002464,AG16,776 58 84 546,6644,out,Echouee,2026-02-13,66.0,Agent,2464
TX0002465,AG20,+226 795 89 85 287,1371,out,Echouee,2026-02-13,14.0,app,2465
TX0002466,AG19,+226 790 24 89 546,5764,in,Echouee,2026-02-13,144.0,app,2466
TX0002467,AG14,785 40 50 361,1511,in,Reussie,2026-02-13,38.0,USSD,2467
TX0002468,AG19,747 09 65 088,1666,in,ok,2026-02-13,42.0,Agent,2468
TX0002469,AG03,701 83 97 302,12969,in,Echouee,2026-02-13,324.0,USSD,2469
TX0002470,AG07,737 32 87 656,7558,out,REUSSI,2026-02-13,76.0,Agent,2470
TX0002471,AG13,+226 776 73 67 861,8231,in,REUSSI,2026-02-13,206.0,USSD,2471
TX0002472,AG19,+226 788 25 87 659,406,out,ok,2026-02-13,4.0,Agent,2472
TX0002473,AG16,767 89 93 030,3730,out,Reussie,2026-02-13,37.0,app,2473
TX0002474,AG18,7635720987,1146,out,Echouee,2026-02-13,11.0,Agent,2474
TX0002475,AG02,+226 753 05 79 692,5538,in,REUSSI,2026-02-13,138.0,Agent,2475
TX0002476,AG09,768 87 88 300,521,out,REUSSI,2026-02-13,5.0,USSD,2476
TX0002477,AG14,+226 796 90 00 470,3180,in,Reussie,2026-02-13,80.0,Agent,2477
TX0002478,AG16,718 24 27 011,3043,out,Reussie,2026-02-13,30.0,USSD,2478
TX0002479,AG01,+226 711 40 30 783,549,out,REUSSI,2026-02-13,5.0,Agent,2479
TX0002480,AG07,7007531859,5885,in,echec,2026-02-13,147.0,app,2480
TX0002481,AG20,729 47 35 329,1883,out,ok,2026-02-13,19.0,Agent,2481
TX0002482,AG11,+226 714 10 52 933,5058,out,REUSSI,2026-02-13,51.0,USSD,2482
TX0002483,AG11,751 27 67 398,316,in,OK,2026-02-13,8.0,Agent,2483
TX0002484,AG08,+226 741 74 02 807,442,in,echec,2026-02-13,11.0,USSD,2484
TX0002485,AG13,+226 704 52 47 467,3151,out,REUSSI,2026-02-13,32.0,USSD,2485
TX0002486,AG01,+226 732 91 86 758,4293,in,OK,2026-02-13,107.0,USSD,2486
TX0002487,AG13,+226 786 24 37 657,1824,in,Reussie,2026-02-13,46.0,Agent,2487
TX0002488,AG05,+226 711 32 19 133,1367,in,Echouee,2026-02-13,34.0,USSD,2488
TX0002489,AG16,728 01 59 550,11666,in,Echouee,2026-02-13,292.0,USSD,2489
TX0002490,AG20,710 18 25 200,2328,in,REUSSI,2026-02-13,58.0,Agent,2490
TX0002491,AG08,767 37 71 937,5777,out,Reussie,2026-02-13,58.0,USSD,2491
TX0002492,AG09,+226 738 61 42 963,4845,out,OK,2026-02-13,48.0,Agent,2492
TX0002493,AG13,756 17 25 956,2422,out,Echouee,2026-02-14,24.0,Agent,2493
TX0002494,AG02,758 30 79 023,4575,in,Reussie,2026-02-14,114.0,USSD,2494
TX0002495,AG17,720 25 66 132,1516,out,OK,2026-02-14,15.0,USSD,2495
TX0002496,AG14,+226 760 45 69 197,5052,in,ok,2026-02-14,126.0,Agent,2496
TX0002497,AG20,+226 752 78 91 866,792,out,echec,2026-02-14,8.0,Agent,2497
TX0002498,AG07,+226 738 76 15 920,3333,in,echec,2026-02-14,83.0,Agent,2498
TX0002499,AG01,740 72 65 331,1933,out,OK,2026-02-14,19.0,Agent,2499
TX0002500,AG11,737 76 97 224,3215,in,ok,2026-02-14,80.0,USSD,2500
TX0002501,AG17,+226 760 59 14 385,1457,out,ok,2026-02-14,15.0,app,2501
TX0002502,AG05,7296105485,1158,in,ok,2026-02-14,29.0,USSD,2502
TX0002503,AG09,792 43 20 479,1151,in,ok,2026-02-14,29.0,USSD,2503
TX0002504,AG20,7103507969,1933,out,REUSSI,2026-02-14,19.0,Agent,2504
TX0002505,AG01,7527953848,1014,in,Echouee,2026-02-14,25.0,Agent,2505
TX0002506,AG17,787 89 42 195,1102,in,echec,2026-02-14,28.0,USSD,2506
TX0002507,AG06,+226 794 99 22 802,1870,out,Reussie,2026-02-14,19.0,USSD,2507
TX0002508,AG14,720 77 99 875,1421,in,OK,2026-02-14,36.0,app,2508
TX0002509,AG01,776 44 74 683,1827,in,Echouee,2026-02-14,46.0,USSD,2509
TX0002510,AG08,+226 764 14 30 171,1770,in,Reussie,2026-02-14,44.0,USSD,2510
TX0002511,AG07,701 05 66 781,465,in,Echouee,2026-02-14,12.0,USSD,2511
TX0002512,AG17,7473875529,1351,out,Echouee,2026-02-14,14.0,USSD,2512
TX0002513,AG11,+226 791 87 50 033,3494,in,Reussie,2026-02-14,87.0,USSD,2513
TX0002514,AG04,700 97 21 286,2695,out,ok,2026-02-14,27.0,Agent,2514
TX0002515,AG01,737 39 75 601,1914,out,Echouee,2026-02-14,19.0,Agent,2515
TX0002516,AG03,+226 742 92 18 644,1201,in,REUSSI,2026-02-14,30.0,USSD,2516
TX0002517,AG04,753 85 51 287,318,in,REUSSI,2026-02-14,8.0,Agent,2517
TX0002518,AG14,+226 766 98 15 594,304,in,Echouee,2026-02-14,8.0,Agent,2518
TX0002519,AG13,7010700638,1121,in,Reussie,2026-02-14,28.0,Agent,2519
TX0002520,AG05,+226 787 52 60 897,1614,in,Echouee,2026-02-14,40.0,Agent,2520
TX0002521,AG05,+226 712 50 23 834,2415,in,ok,2026-02-14,60.0,Agent,2521
TX0002522,AG16,7734854838,963,in,REUSSI,2026-02-14,24.0,Agent,2522
TX0002523,AG09,+226 797 40 47 569,2497,in,OK,2026-02-14,62.0,USSD,2523
TX0002524,AG17,709 19 29 102,4208,out,OK,2026-02-14,42.0,USSD,2524
TX0002525,AG18,7497999507,2765,in,REUSSI,2026-02-14,69.0,USSD,2525
TX0002526,AG19,755 11 41 117,1808,in,REUSSI,2026-02-14,45.0,app,2526
TX0002527,AG20,757 81 92 007,2005,in,OK,2026-02-14,50.0,Agent,2527
TX0002528,AG01,+226 758 52 61 671,2326,out,REUSSI,2026-02-14,23.0,Agent,2528
TX0002529,AG09,769 48 75 313,1370,in,REUSSI,2026-02-15,34.0,USSD,2529
TX0002530,AG18,733 99 76 618,2049,out,Reussie,2026-02-15,20.0,Agent,2530
TX0002531,AG02,715 96 24 723,4912,out,ok,2026-02-15,49.0,Agent,2531
TX0002532,AG20,7307211967,6745,out,Reussie,2026-02-15,67.0,Agent,2532
TX0002533,AG01,+226 756 04 91 247,1349,in,OK,2026-02-15,34.0,app,2533
TX0002534,AG08,766 21 98 773,3174,in,Reussie,2026-02-16,79.0,USSD,2534
TX0002535,AG19,736 85 66 139,955,in,REUSSI,2026-02-16,24.0,Agent,2535
TX0002536,AG20,7662944883,931,in,echec,2026-02-16,23.0,USSD,2536
TX0002537,AG05,776 70 30 953,3715,out,Reussie,2026-02-16,37.0,USSD,2537
TX0002538,AG19,796 30 99 121,3166,out,REUSSI,2026-02-16,32.0,Agent,2538
TX0002539,AG01,727 89 88 632,5534,in,REUSSI,2026-02-16,138.0,Agent,2539
TX0002540,AG09,7474592879,933,in,ok,2026-02-16,23.0,USSD,2540
TX0002541,AG05,700 58 22 968,568,in,Echouee,2026-02-16,14.0,USSD,2541
TX0002542,AG16,+226 725 76 76 647,3772,in,Echouee,2026-02-16,94.0,Agent,2542
TX0002543,AG05,7317115964,506,in,echec,2026-02-16,13.0,Agent,2543
TX0002544,AG05,700 63 88 383,4447,in,ok,2026-02-16,111.0,Agent,2544
TX0002545,AG09,+226 703 74 45 136,2923,in,echec,2026-02-16,73.0,Agent,2545
TX0002546,AG09,+226 799 16 71 258,6609,in,echec,2026-02-16,165.0,USSD,2546
TX0002547,AG19,+226 774 29 26 991,8999,out,Reussie,2026-02-16,90.0,USSD,2547
TX0002548,AG18,7006545936,899,in,ok,2026-02-16,22.0,app,2548
TX0002549,AG06,7468805038,1491,in,Reussie,2026-02-16,37.0,Agent,2549
TX0002550,AG20,706 74 18 272,2221,out,ok,2026-02-16,22.0,Agent,2550
TX0002551,AG04,+226 792 34 27 670,3244,out,ok,2026-02-16,32.0,app,2551
TX0002552,AG15,788 97 83 496,6161,out,OK,2026-02-16,62.0,Agent,2552
TX0002553,AG07,+226 760 49 37 946,3754,out,OK,2026-02-16,38.0,USSD,2553
TX0002554,AG20,7866398619,10203,in,ok,2026-02-16,255.0,USSD,2554
TX0002555,AG07,7422166106,1761,out,OK,2026-02-16,18.0,app,2555
TX0002556,AG12,727 16 30 471,2226,out,Reussie,2026-02-16,22.0,Agent,2556
TX0002557,AG12,+226 711 71 82 429,21160,out,REUSSI,2026-02-16,212.0,Agent,2557
TX0002558,AG13,712 76 80 794,4807,out,REUSSI,2026-02-16,48.0,USSD,2558
TX0002559,AG12,+226 708 89 55 071,8560,in,Echouee,2026-02-16,214.0,USSD,2559
TX0002560,AG11,+226 709 42 04 646,2210,out,REUSSI,2026-02-16,22.0,Agent,2560
TX0002561,AG08,700 07 63 010,799,in,Reussie,2026-02-16,20.0,Agent,2561
TX0002562,AG04,7311802654,3331,in,ok,2026-02-16,83.0,USSD,2562
TX0002563,AG13,797 54 57 841,1731,in,REUSSI,2026-02-16,43.0,USSD,2563
TX0002564,AG01,710 14 05 394,3338,out,echec,2026-02-16,33.0,Agent,2564
TX0002565,AG16,724 28 63 224,1275,in,OK,2026-02-16,32.0,Agent,2565
TX0002566,AG01,753 52 97 989,1965,out,ok,2026-02-16,20.0,USSD,2566
TX0002567,AG19,745 35 79 759,7741,out,ok,2026-02-16,77.0,USSD,2567
TX0002568,AG17,709 40 75 256,2343,out,echec,2026-02-16,23.0,Agent,2568
TX0002569,AG17,701 87 20 239,1959,out,Reussie,2026-02-16,20.0,Agent,2569
TX0002570,AG19,767 79 12 088,1034,out,OK,2026-02-16,10.0,Agent,2570
TX0002571,AG16,775 06 36 501,1070,in,OK,2026-02-16,27.0,USSD,2571
TX0002572,AG01,762 46 35 047,6839,out,REUSSI,2026-02-16,,USSD,2572
TX0002573,AG06,793 94 32 483,2477,in,OK,2026-02-16,62.0,Agent,2573
TX0002574,AG20,7358570924,2753,in,REUSSI,2026-02-16,69.0,Agent,2574
TX0002575,AG18,7005333287,789,in,Reussie,2026-02-16,20.0,Agent,2575
TX0002576,AG02,790 88 94 893,7841,in,OK,2026-02-16,196.0,app,2576
TX0002577,AG13,756 22 50 142,1899,out,OK,2026-02-16,19.0,Agent,2577
TX0002578,AG17,+226 761 84 15 948,1364,in,REUSSI,2026-02-16,34.0,USSD,2578
TX0002579,AG15,7891130650,2645,in,Echouee,2026-02-16,66.0,USSD,2579
TX0002580,AG18,768 93 70 506,7703,out,Reussie,2026-02-16,77.0,USSD,2580
TX0002581,AG02,789 94 27 899,680,in,REUSSI,2026-02-16,17.0,USSD,2581
TX0002582,AG04,7065278367,4531,out,REUSSI,2026-02-16,45.0,Agent,2582
TX0002583,AG08,704 42 52 522,3435,in,REUSSI,2026-02-16,86.0,USSD,2583
TX0002584,AG16,+226 724 75 03 804,3936,in,REUSSI,2026-02-16,98.0,Agent,2584
TX0002585,AG10,726 16 11 914,870,in,REUSSI,2026-02-16,22.0,USSD,2585
TX0002586,AG12,702 24 56 159,4378,in,ok,2026-02-16,109.0,USSD,2586
TX0002587,AG04,719 42 82 096,1470,in,ok,2026-02-16,37.0,Agent,2587
TX0002588,AG05,+226 755 73 78 198,3732,out,REUSSI,2026-02-16,37.0,app,2588
TX0002589,AG12,778 28 03 270,699,in,Reussie,2026-02-16,17.0,Agent,2589
TX0002590,AG06,7580615541,1042,out,ok,2026-02-16,10.0,Agent,2590
TX0002591,AG13,7844394539,1248,in,Reussie,2026-02-16,31.0,Agent,2591
TX0002592,AG05,783 92 09 623,2890,out,REUSSI,2026-02-16,29.0,Agent,2592
TX0002593,AG04,787 15 46 044,4005,in,Reussie,2026-02-16,100.0,Agent,2593
TX0002594,AG17,+226 709 68 99 190,4644,in,REUSSI,2026-02-16,116.0,USSD,2594
TX0002595,AG08,+226 723 69 49 455,3231,out,Echouee,2026-02-16,32.0,Agent,2595
TX0002596,AG09,742 13 19 743,1425,in,Reussie,2026-02-16,36.0,Agent,2596
TX0002597,AG11,+226 769 80 74 182,4376,in,ok,2026-02-16,109.0,USSD,2597
TX0002598,AG02,763 67 92 666,1705,out,Reussie,2026-02-16,17.0,Agent,2598
TX0002599,AG05,+226 797 43 16 194,14362,out,REUSSI,2026-02-16,144.0,Agent,2599
TX0002600,AG18,+226 741 19 52 874,10804,in,REUSSI,2026-02-16,270.0,Agent,2600
TX0002601,AG17,+226 738 91 81 357,2693,in,Reussie,2026-02-16,67.0,Agent,2601
TX0002602,AG20,782 43 99 396,2897,in,REUSSI,2026-02-16,72.0,USSD,2602
TX0002603,AG06,+226 725 18 42 346,6701,out,ok,2026-02-16,67.0,Agent,2603
TX0002604,AG02,702 27 71 444,2492,out,Reussie,2026-02-16,25.0,Agent,2604
TX0002605,AG05,+226 793 06 03 960,4370,in,Reussie,2026-02-16,109.0,Agent,2605
TX0002606,AG04,+226 756 45 07 521,5408,out,OK,2026-02-16,54.0,Agent,2606
TX0002607,AG19,+226 778 78 84 635,6712,in,REUSSI,2026-02-16,168.0,app,2607
TX0002608,AG15,757 40 40 512,4368,in,Echouee,2026-02-16,109.0,USSD,2608
TX0002609,AG15,722 31 20 064,3525,in,Reussie,2026-02-16,88.0,USSD,2609
TX0002610,AG08,+226 784 80 10 755,3516,in,REUSSI,2026-02-16,88.0,Agent,2610
TX0002611,AG05,+226 714 79 06 174,3988,out,REUSSI,2026-02-16,40.0,USSD,2611
TX0002612,AG12,+226 777 56 17 544,505,out,ok,2026-02-16,5.0,USSD,2612
TX0002613,AG11,703 75 02 755,397,out,Echouee,2026-02-16,4.0,USSD,2613
TX0002614,AG10,713 17 25 313,2594,in,Reussie,2026-02-16,65.0,USSD,2614
TX0002615,AG11,+226 745 90 54 723,685,in,Reussie,2026-02-16,17.0,Agent,2615
TX0002616,AG19,777 20 82 980,940,in,Echouee,2026-02-16,24.0,USSD,2616
TX0002617,AG19,752 70 48 693,1649,in,echec,2026-02-16,41.0,Agent,2617
TX0002618,AG02,7623088366,7923,in,ok,2026-02-16,198.0,USSD,2618
TX0002619,AG09,7093798488,2093,in,Reussie,2026-02-16,52.0,USSD,2619
TX0002620,AG14,+226 705 74 55 826,400,in,REUSSI,2026-02-16,10.0,USSD,2620
TX0002621,AG19,+226 738 36 98 157,978,in,Reussie,2026-02-16,24.0,Agent,2621
TX0002622,AG13,7007475073,1060,in,ok,2026-02-17,26.0,USSD,2622
TX0002623,AG18,+226 798 41 63 935,5487,out,OK,2026-02-17,55.0,USSD,2623
TX0002624,AG03,+226 759 48 16 966,2342,in,Echouee,2026-02-17,59.0,app,2624
TX0002625,AG02,+226 739 56 87 785,5989,in,REUSSI,2026-02-17,150.0,USSD,2625
TX0002626,AG04,753 18 82 432,5799,out,ok,2026-02-17,58.0,USSD,2626
TX0002627,AG17,750 14 95 825,777,in,REUSSI,2026-02-17,19.0,USSD,2627
TX0002628,AG06,7368215935,2258,out,REUSSI,2026-02-17,23.0,app,2628
TX0002629,AG07,714 46 64 284,3186,out,ok,2026-02-17,32.0,USSD,2629
TX0002630,AG20,+226 722 39 73 276,2644,out,OK,2026-02-17,26.0,Agent,2630
TX0002631,AG16,760 70 98 781,1396,in,Echouee,2026-02-17,35.0,Agent,2631
TX0002632,AG15,716 74 87 294,4073,in,echec,2026-02-17,102.0,USSD,2632
TX0002633,AG11,+226 734 67 09 710,4400,out,echec,2026-02-17,44.0,app,2633
TX0002634,AG04,+226 753 35 60 768,13768,out,ok,2026-02-17,138.0,USSD,2634
TX0002635,AG06,785 77 21 931,3527,out,ok,2026-02-17,35.0,USSD,2635
TX0002636,AG09,+226 740 55 45 358,15315,out,Echouee,2026-02-17,153.0,USSD,2636
TX0002637,AG10,+226 719 25 76 077,4694,out,Reussie,2026-02-17,47.0,USSD,2637
TX0002638,AG16,700 63 60 190,2359,in,Reussie,2026-02-17,59.0,Agent,2638
TX0002639,AG14,+226 735 83 65 803,2209,in,REUSSI,2026-02-17,55.0,Agent,2639
TX0002640,AG16,+226 754 30 62 567,1311,in,REUSSI,2026-02-17,33.0,USSD,2640
TX0002641,AG16,+226 718 93 23 444,3044,in,Echouee,2026-02-17,76.0,Agent,2641
TX0002642,AG20,+226 732 93 10 618,1230,in,ok,2026-02-17,31.0,app,2642
TX0002643,AG03,+226 759 56 45 730,1023,in,OK,2026-02-17,26.0,USSD,2643
TX0002644,AG06,+226 744 09 12 810,8243,in,echec,2026-02-17,206.0,app,2644
TX0002645,AG18,7914955164,1159,out,ok,2026-02-17,12.0,app,2645
TX0002646,AG08,749 40 31 276,1774,out,OK,2026-02-17,18.0,app,2646
TX0002647,AG20,+226 794 42 71 762,1526,in,Reussie,2026-02-17,38.0,app,2647
TX0002648,AG02,+226 758 22 72 116,7689,in,ok,2026-02-17,192.0,USSD,2648
TX0002649,AG02,770 61 65 224,2654,in,OK,2026-02-17,66.0,USSD,2649
TX0002650,AG01,794 95 25 366,4441,out,OK,2026-02-17,44.0,Agent,2650
TX0002651,AG03,793 71 35 876,324,out,Reussie,2026-02-17,3.0,Agent,2651
TX0002652,AG16,765 27 94 901,1633,in,REUSSI,2026-02-17,41.0,Agent,2652
TX0002653,AG02,+226 773 03 43 153,933,out,Echouee,2026-02-17,9.0,USSD,2653
TX0002654,AG18,7063905105,2825,out,REUSSI,2026-02-17,28.0,USSD,2654
TX0002655,AG19,+226 744 82 35 138,404,out,Echouee,2026-02-17,4.0,USSD,2655
TX0002656,AG12,701 19 11 069,931,in,Reussie,2026-02-17,23.0,Agent,2656
TX0002657,AG20,774 33 64 733,3980,in,OK,2026-02-17,100.0,USSD,2657
TX0002658,AG16,785 05 58 175,5196,out,ok,2026-02-17,52.0,USSD,2658
TX0002659,AG10,+226 790 04 92 933,3377,out,Reussie,2026-02-17,34.0,Agent,2659
TX0002660,AG10,+226 783 29 32 651,9878,in,ok,2026-02-17,247.0,Agent,2660
TX0002661,AG19,+226 722 55 06 683,3520,in,ok,2026-02-17,88.0,USSD,2661
TX0002662,AG13,7623101333,1757,in,OK,2026-02-17,44.0,app,2662
TX0002663,AG10,+226 780 50 58 272,804,out,REUSSI,2026-02-17,8.0,USSD,2663
TX0002664,AG11,+226 743 31 99 289,530,in,echec,2026-02-17,13.0,USSD,2664
TX0002665,AG03,701 36 66 706,1278,in,Reussie,2026-02-17,32.0,USSD,2665
TX0002666,AG19,7940028275,3316,in,OK,2026-02-17,83.0,USSD,2666
TX0002667,AG09,739 79 48 670,4430,in,ok,2026-02-17,111.0,Agent,2667
TX0002668,AG04,7109930526,1256,in,ok,2026-02-17,31.0,USSD,2668
TX0002669,AG11,+226 752 37 62 427,2162,out,Reussie,2026-02-17,22.0,Agent,2669
TX0002670,AG17,721 24 77 646,998,out,echec,2026-02-17,10.0,Agent,2670
TX0002671,AG01,7166641308,3583,out,Reussie,2026-02-17,36.0,Agent,2671
TX0002672,AG14,769 56 55 028,8430,out,ok,2026-02-17,84.0,USSD,2672
TX0002673,AG09,7429242450,537,in,REUSSI,2026-02-17,13.0,USSD,2673
TX0002674,AG05,791 75 93 385,980,in,ok,2026-02-17,24.0,USSD,2674
TX0002675,AG03,795 23 09 077,1923,in,ok,2026-02-17,48.0,Agent,2675
TX0002676,AG01,759 18 52 807,3355,out,OK,2026-02-17,34.0,Agent,2676
TX0002677,AG18,7480166849,2899,in,Reussie,2026-02-17,72.0,USSD,2677
TX0002678,AG20,+226 730 49 40 539,2919,out,Echouee,2026-02-17,29.0,USSD,2678
TX0002679,AG19,730 45 69 205,2816,in,OK,2026-02-17,70.0,Agent,2679
TX0002680,AG05,+226 709 24 49 361,783,out,REUSSI,2026-02-17,8.0,Agent,2680
TX0002681,AG16,+226 719 70 63 006,1247,in,OK,2026-02-17,31.0,app,2681
TX0002682,AG16,+226 721 93 03 204,915,out,Reussie,2026-02-17,9.0,Agent,2682
TX0002683,AG09,786 39 60 937,1972,in,OK,2026-02-17,49.0,USSD,2683
TX0002684,AG15,+226 797 88 11 150,692,out,echec,2026-02-17,7.0,USSD,2684
TX0002685,AG17,700 97 97 963,7402,out,REUSSI,2026-02-17,74.0,app,2685
TX0002686,AG14,713 27 43 422,3746,in,REUSSI,2026-02-17,94.0,Agent,2686
TX0002687,AG19,778 03 77 403,481,in,REUSSI,2026-02-17,12.0,Agent,2687
TX0002688,AG14,7244365851,2354,out,Reussie,2026-02-18,24.0,Agent,2688
TX0002689,AG06,+226 701 98 33 993,956,in,REUSSI,2026-02-18,24.0,Agent,2689
TX0002690,AG20,7824357488,3928,out,Echouee,2026-02-18,,Agent,2690
TX0002691,AG07,+226 760 16 28 864,5803,in,echec,2026-02-18,145.0,Agent,2691
TX0002692,AG03,789 06 48 676,1540,in,Reussie,2026-02-18,38.0,USSD,2692
TX0002693,AG10,788 59 46 963,5299,in,echec,2026-02-18,132.0,USSD,2693
TX0002694,AG15,+226 750 99 69 428,939,in,Reussie,2026-02-18,23.0,USSD,2694
TX0002695,AG20,718 85 63 286,1142,in,ok,2026-02-18,29.0,Agent,2695
TX0002696,AG19,7259558345,13917,out,OK,2026-02-18,139.0,app,2696
TX0002697,AG17,7422797003,2261,out,OK,2026-02-18,23.0,Agent,2697
TX0002698,AG02,731 57 67 628,2488,in,REUSSI,2026-02-18,62.0,Agent,2698
TX0002699,AG04,740 33 01 180,1204,in,REUSSI,2026-02-18,30.0,Agent,2699
TX0002700,AG13,702 24 06 746,5465,out,OK,2026-02-18,55.0,app,2700
TX0002701,AG05,771 35 54 865,1443,out,echec,2026-02-18,14.0,Agent,2701
TX0002702,AG16,751 50 18 839,1900,out,REUSSI,2026-02-18,19.0,USSD,2702
TX0002703,AG18,+226 782 76 92 388,1077,out,ok,2026-02-18,11.0,Agent,2703
TX0002704,AG11,761 64 03 536,2957,out,Reussie,2026-02-18,30.0,Agent,2704
TX0002705,AG02,7678860569,1793,in,ok,2026-02-18,45.0,Agent,2705
TX0002706,AG15,+226 739 28 31 632,20174,in,OK,2026-02-18,504.0,Agent,2706
TX0002707,AG02,7494663504,347,out,Reussie,2026-02-18,3.0,USSD,2707
TX0002708,AG20,769 08 65 179,3972,out,REUSSI,2026-02-18,40.0,USSD,2708
TX0002709,AG07,+226 788 45 92 653,780,out,OK,2026-02-18,8.0,Agent,2709
TX0002710,AG16,7168639286,706,in,Reussie,2026-02-18,18.0,USSD,2710
TX0002711,AG18,+226 786 04 13 673,888,in,Reussie,2026-02-18,22.0,USSD,2711
TX0002712,AG14,772 42 98 458,1595,out,REUSSI,2026-02-18,16.0,app,2712
TX0002713,AG13,+226 734 55 15 378,1539,out,OK,2026-02-18,15.0,USSD,2713
TX0002714,AG09,+226 724 74 27 020,8874,in,Reussie,2026-02-18,222.0,app,2714
TX0002715,AG14,7019279985,3527,out,echec,2026-02-18,35.0,USSD,2715
TX0002716,AG01,+226 730 95 09 139,14464,in,REUSSI,2026-02-18,,Agent,2716
TX0002717,AG17,+226 715 73 74 473,1629,in,ok,2026-02-18,41.0,Agent,2717
TX0002718,AG17,756 95 90 333,9251,out,echec,2026-02-18,93.0,Agent,2718
TX0002719,AG08,+226 737 16 94 749,7036,out,ok,2026-02-18,70.0,Agent,2719
TX0002720,AG15,+226 756 11 83 990,758,out,ok,2026-02-18,8.0,USSD,2720
TX0002721,AG16,731 49 85 620,470,in,echec,2026-02-18,12.0,Agent,2721
TX0002722,AG06,796 89 95 840,2160,in,ok,2026-02-18,54.0,USSD,2722
TX0002723,AG12,798 68 39 119,1267,in,REUSSI,2026-02-18,32.0,Agent,2723
TX0002724,AG11,790 71 52 564,10287,in,REUSSI,2026-02-18,257.0,Agent,2724
TX0002725,AG16,+226 722 68 17 683,8586,in,OK,2026-02-18,215.0,USSD,2725
TX0002726,AG11,720 73 09 874,4743,in,Reussie,2026-02-18,119.0,Agent,2726
TX0002727,AG13,+226 751 77 16 157,3308,in,ok,2026-02-18,83.0,app,2727
TX0002728,AG01,+226 720 03 53 345,1208,in,Reussie,2026-02-19,30.0,Agent,2728
TX0002729,AG06,+226 716 26 06 052,1354,in,ok,2026-02-19,34.0,USSD,2729
TX0002730,AG13,7439795892,8784,in,OK,2026-02-19,220.0,USSD,2730
TX0002731,AG12,770 08 32 375,6243,out,OK,2026-02-19,62.0,Agent,2731
TX0002732,AG14,766 44 77 706,1228,in,ok,2026-02-19,31.0,app,2732
TX0002733,AG11,7838232327,486,in,ok,2026-02-19,12.0,Agent,2733
TX0002734,AG17,794 01 01 487,10306,out,Echouee,2026-02-19,103.0,Agent,2734
TX0002735,AG12,+226 763 19 05 529,16513,out,OK,2026-02-19,165.0,USSD,2735
TX0002736,AG12,+226 790 41 29 209,1499,out,Echouee,2026-02-19,15.0,USSD,2736
TX0002737,AG03,772 86 78 190,12867,in,Echouee,2026-02-19,322.0,USSD,2737
TX0002738,AG02,+226 744 31 55 306,1582,in,echec,2026-02-19,40.0,USSD,2738
TX0002739,AG16,+226 784 06 22 383,421,out,REUSSI,2026-02-19,4.0,USSD,2739
TX0002740,AG06,770 67 72 375,2508,in,OK,2026-02-19,63.0,app,2740
TX0002741,AG08,+226 790 61 09 238,2062,out,Echouee,2026-02-19,21.0,Agent,2741
TX0002742,AG11,7998486645,3978,in,Reussie,2026-02-19,99.0,USSD,2742
TX0002743,AG10,+226 757 36 52 062,8762,in,Echouee,2026-02-19,219.0,Agent,2743
TX0002744,AG07,+226 779 98 26 034,2354,in,ok,2026-02-19,59.0,USSD,2744
TX0002745,AG02,7687708888,10926,out,Reussie,2026-02-19,109.0,USSD,2745
TX0002746,AG01,7071935323,1328,in,ok,2026-02-19,33.0,Agent,2746
TX0002747,AG18,783 61 21 089,961,out,OK,2026-02-19,10.0,app,2747
TX0002748,AG01,+226 737 35 97 074,5635,in,ok,2026-02-19,141.0,Agent,2748
TX0002749,AG17,7112905546,1155,in,Echouee,2026-02-19,29.0,Agent,2749
TX0002750,AG06,+226 766 33 39 002,8841,out,ok,2026-02-19,88.0,Agent,2750
TX0002751,AG09,+226 773 44 01 034,1559,in,Reussie,2026-02-19,39.0,Agent,2751
TX0002752,AG03,7242891372,1446,out,OK,2026-02-19,14.0,USSD,2752
TX0002753,AG15,7317881586,1384,in,OK,2026-02-19,35.0,USSD,2753
TX0002754,AG11,704 61 36 850,7276,in,echec,2026-02-19,182.0,Agent,2754
TX0002755,AG19,+226 794 32 92 553,1568,out,Reussie,2026-02-19,16.0,Agent,2755
TX0002756,AG17,7209422325,7245,out,Reussie,2026-02-19,72.0,USSD,2756
TX0002757,AG05,+226 763 68 89 611,453,in,OK,2026-02-19,11.0,app,2757
TX0002758,AG04,+226 748 45 69 482,4112,in,REUSSI,2026-02-19,103.0,USSD,2758
TX0002759,AG06,+226 749 43 32 175,2643,in,REUSSI,2026-02-19,66.0,Agent,2759
TX0002760,AG02,+226 765 84 71 778,1230,out,OK,2026-02-19,12.0,Agent,2760
TX0002761,AG13,743 58 34 997,8000,in,REUSSI,2026-02-19,200.0,USSD,2761
TX0002762,AG01,733 69 62 916,1390,in,ok,2026-02-19,35.0,Agent,2762
TX0002763,AG11,756 46 45 220,2415,out,ok,2026-02-19,24.0,Agent,2763
TX0002764,AG04,718 50 96 713,2657,in,echec,2026-02-19,66.0,Agent,2764
TX0002765,AG10,793 26 78 705,587,in,OK,2026-02-19,15.0,USSD,2765
TX0002766,AG08,+226 760 28 63 231,4716,out,OK,2026-02-19,47.0,Agent,2766
TX0002767,AG08,+226 790 32 78 451,1837,out,Reussie,2026-02-19,18.0,Agent,2767
TX0002768,AG17,704 97 18 088,5065,in,OK,2026-02-19,127.0,USSD,2768
TX0002769,AG01,+226 756 70 63 450,27527,out,OK,2026-02-19,275.0,Agent,2769
TX0002770,AG03,783 27 89 215,2899,in,ok,2026-02-19,72.0,Agent,2770
TX0002771,AG17,717 24 06 060,1471,out,Echouee,2026-02-19,15.0,Agent,2771
TX0002772,AG01,721 27 36 085,1460,out,ok,2026-02-19,15.0,Agent,2772
TX0002773,AG06,727 06 83 449,2811,in,ok,2026-02-19,70.0,Agent,2773
TX0002774,AG19,7788898634,3202,out,Reussie,2026-02-19,32.0,Agent,2774
TX0002775,AG18,753 14 10 810,1997,in,OK,2026-02-19,50.0,Agent,2775
TX0002776,AG15,711 47 64 515,997,out,REUSSI,2026-02-19,10.0,Agent,2776
TX0002777,AG12,+226 772 33 81 444,1885,in,echec,2026-02-19,47.0,USSD,2777
TX0002778,AG17,730 03 75 798,1966,out,ok,2026-02-19,20.0,Agent,2778
TX0002779,AG15,744 01 81 959,792,out,ok,2026-02-19,8.0,Agent,2779
TX0002780,AG07,+226 760 94 31 216,3088,in,REUSSI,2026-02-19,77.0,app,2780
TX0002781,AG04,+226 742 35 86 412,1850,in,OK,2026-02-19,46.0,Agent,2781
TX0002782,AG06,7330274994,3260,in,REUSSI,2026-02-19,82.0,USSD,2782
TX0002783,AG18,737 07 15 704,6962,out,REUSSI,2026-02-19,70.0,USSD,2783
TX0002784,AG02,+226 704 57 42 819,5385,in,ok,2026-02-19,135.0,app,2784
TX0002785,AG12,777 78 97 093,2779,out,Echouee,2026-02-19,28.0,app,2785
TX0002786,AG10,762 29 01 422,1858,in,REUSSI,2026-02-19,46.0,app,2786
TX0002787,AG18,+226 737 36 37 588,4524,out,REUSSI,2026-02-19,45.0,USSD,2787
TX0002788,AG20,+226 794 02 72 853,1057,out,Echouee,2026-02-19,11.0,Agent,2788
TX0002789,AG13,7322187122,8438,out,Reussie,2026-02-19,84.0,USSD,2789
TX0002790,AG16,+226 797 93 53 888,1675,out,ok,2026-02-19,17.0,Agent,2790
TX0002791,AG02,+226 737 68 31 586,3833,in,Reussie,2026-02-19,96.0,USSD,2791
TX0002792,AG14,776 84 47 306,11854,in,echec,2026-02-19,296.0,Agent,2792
TX0002793,AG17,7149181113,2987,out,OK,2026-02-19,30.0,Agent,2793
TX0002794,AG20,7986604129,669,in,REUSSI,2026-02-19,17.0,USSD,2794
TX0002795,AG10,727 80 38 530,3118,out,Reussie,2026-02-19,31.0,USSD,2795
TX0002796,AG10,745 58 55 756,2266,in,Reussie,2026-02-19,57.0,USSD,2796
TX0002797,AG04,+226 722 29 84 395,1055,in,REUSSI,2026-02-19,26.0,USSD,2797
TX0002798,AG13,+226 704 81 41 705,1619,in,Reussie,2026-02-20,40.0,USSD,2798
TX0002799,AG19,7023049088,5269,out,Reussie,2026-02-20,53.0,Agent,2799
TX0002800,AG14,+226 773 89 72 718,5166,in,Reussie,2026-02-20,129.0,Agent,2800
TX0002801,AG11,762 41 55 136,2188,in,Reussie,2026-02-20,55.0,Agent,2801
TX0002802,AG17,7105770256,2446,out,OK,2026-02-20,24.0,Agent,2802
TX0002803,AG12,+226 758 87 94 783,4628,out,REUSSI,2026-02-20,46.0,USSD,2803
TX0002804,AG02,+226 740 22 31 225,2920,in,Reussie,2026-02-20,73.0,Agent,2804
TX0002805,AG05,738 56 22 633,1103,out,echec,2026-02-20,11.0,Agent,2805
TX0002806,AG07,772 13 01 236,7493,in,Reussie,2026-02-20,187.0,USSD,2806
TX0002807,AG02,7371450705,1165,out,echec,2026-02-20,12.0,USSD,2807
TX0002808,AG12,7228484770,2055,in,OK,2026-02-20,51.0,USSD,2808
TX0002809,AG17,+226 766 90 82 124,13053,in,OK,2026-02-20,326.0,USSD,2809
TX0002810,AG11,7676331692,4418,out,OK,2026-02-20,44.0,USSD,2810
TX0002811,AG01,+226 766 86 68 618,2467,in,OK,2026-02-20,62.0,Agent,2811
TX0002812,AG06,7449307245,3052,out,echec,2026-02-20,31.0,app,2812
TX0002813,AG04,+226 723 15 86 044,3539,out,ok,2026-02-20,35.0,USSD,2813
TX0002814,AG18,+226 782 73 72 575,5992,out,Reussie,2026-02-20,60.0,Agent,2814
TX0002815,AG12,+226 747 83 79 367,1982,out,ok,2026-02-20,20.0,Agent,2815
TX0002816,AG16,758 21 19 863,22005,in,REUSSI,2026-02-20,550.0,USSD,2816
TX0002817,AG10,7306488165,1893,in,OK,2026-02-20,47.0,Agent,2817
TX0002818,AG05,723 24 89 794,16116,out,echec,2026-02-20,161.0,Agent,2818
TX0002819,AG07,775 31 75 186,942,out,echec,2026-02-20,9.0,Agent,2819
TX0002820,AG04,7312751156,2672,out,ok,2026-02-20,27.0,Agent,2820
TX0002821,AG20,713 47 02 067,4325,out,ok,2026-02-20,43.0,Agent,2821
TX0002822,AG16,7984255508,457,in,Reussie,2026-02-20,11.0,Agent,2822
TX0002823,AG18,+226 776 22 59 481,4736,in,OK,2026-02-20,118.0,app,2823
TX0002824,AG05,799 54 90 995,3867,out,Echouee,2026-02-20,39.0,Agent,2824
TX0002825,AG04,730 57 46 823,1305,in,Reussie,2026-02-20,33.0,Agent,2825
TX0002826,AG11,+226 750 79 86 222,2171,out,REUSSI,2026-02-20,22.0,app,2826
TX0002827,AG01,7386952944,7027,in,Reussie,2026-02-20,176.0,USSD,2827
TX0002828,AG08,739 96 12 762,1526,in,ok,2026-02-20,38.0,Agent,2828
TX0002829,AG08,711 76 25 154,3429,in,REUSSI,2026-02-20,86.0,Agent,2829
TX0002830,AG15,717 18 95 070,2067,in,OK,2026-02-20,52.0,app,2830
TX0002831,AG11,745 03 12 720,3032,out,REUSSI,2026-02-20,30.0,app,2831
TX0002832,AG03,+226 726 80 94 106,503,in,ok,2026-02-20,13.0,app,2832
TX0002833,AG15,7792792651,1964,in,ok,2026-02-20,49.0,Agent,2833
TX0002834,AG16,715 24 39 294,10181,in,Reussie,2026-02-20,255.0,USSD,2834
TX0002835,AG07,+226 731 93 20 706,409,in,Reussie,2026-02-20,10.0,app,2835
TX0002836,AG12,769 16 47 731,2091,in,OK,2026-02-20,52.0,Agent,2836
TX0002837,AG18,7667535729,2350,in,Echouee,2026-02-20,59.0,app,2837
TX0002838,AG11,+226 714 94 58 487,29048,in,OK,2026-02-20,726.0,USSD,2838
TX0002839,AG10,+226 744 55 15 481,446,out,Reussie,2026-02-20,4.0,Agent,2839
TX0002840,AG13,714 08 92 277,3429,in,echec,2026-02-20,86.0,Agent,2840
TX0002841,AG03,7301213400,1461,in,ok,2026-02-20,37.0,USSD,2841
TX0002842,AG20,+226 767 13 67 990,5209,in,ok,2026-02-20,130.0,USSD,2842
TX0002843,AG05,744 61 96 486,19526,in,OK,2026-02-20,488.0,USSD,2843
TX0002844,AG08,+226 713 05 07 588,1092,out,Reussie,2026-02-20,11.0,Agent,2844
TX0002845,AG03,780 92 76 099,6553,in,REUSSI,2026-02-20,164.0,Agent,2845
TX0002846,AG17,712 38 54 855,1831,in,REUSSI,2026-02-20,46.0,USSD,2846
TX0002847,AG03,780 59 59 811,3239,out,Echouee,2026-02-20,32.0,app,2847
TX0002848,AG18,714 89 06 031,2724,in,OK,2026-02-20,68.0,app,2848
TX0002849,AG01,761 27 49 961,2011,in,echec,2026-02-20,50.0,Agent,2849
TX0002850,AG17,750 04 25 727,1682,in,REUSSI,2026-02-20,42.0,Agent,2850
TX0002851,AG06,+226 785 83 80 632,1573,in,REUSSI,2026-02-20,39.0,Agent,2851
TX0002852,AG03,703 19 46 979,2343,in,Echouee,2026-02-20,59.0,USSD,2852
TX0002853,AG15,+226 703 23 18 573,1833,in,echec,2026-02-20,46.0,Agent,2853
TX0002854,AG15,+226 731 21 74 025,1992,out,ok,2026-02-20,20.0,app,2854
TX0002855,AG20,+226 767 40 26 504,1754,in,REUSSI,2026-02-20,44.0,Agent,2855
TX0002856,AG16,798 86 99 271,3915,in,Reussie,2026-02-20,98.0,USSD,2856
TX0002857,AG18,+226 758 75 09 785,2479,out,Reussie,2026-02-20,25.0,USSD,2857
TX0002858,AG01,7186718643,2710,in,OK,2026-02-20,68.0,Agent,2858
TX0002859,AG08,7570606571,520,in,REUSSI,2026-02-20,13.0,Agent,2859
TX0002860,AG07,+226 709 74 60 797,10054,out,Reussie,2026-02-20,101.0,Agent,2860
TX0002861,AG18,+226 742 63 52 785,2817,out,ok,2026-02-20,28.0,app,2861
TX0002862,AG04,+226 792 68 33 597,3900,in,ok,2026-02-20,98.0,Agent,2862
TX0002863,AG01,794 95 46 416,2016,out,OK,2026-02-20,20.0,Agent,2863
TX0002864,AG15,7838215850,3682,out,REUSSI,2026-02-20,37.0,Agent,2864
TX0002865,AG13,+226 773 59 74 480,1449,in,Reussie,2026-02-20,36.0,USSD,2865
TX0002866,AG09,+226 732 85 51 646,713,in,Reussie,2026-02-20,18.0,USSD,2866
TX0002867,AG04,+226 774 72 14 488,3385,in,REUSSI,2026-02-20,85.0,Agent,2867
TX0002868,AG07,7990439725,5127,out,ok,2026-02-20,51.0,USSD,2868
TX0002869,AG11,+226 793 64 97 946,5578,in,ok,2026-02-21,139.0,Agent,2869
TX0002870,AG17,788 43 96 312,1023,out,REUSSI,2026-02-21,10.0,app,2870
TX0002871,AG04,744 72 37 946,5585,out,ok,2026-02-21,56.0,app,2871
TX0002872,AG16,+226 713 30 54 325,3458,out,Reussie,2026-02-21,35.0,USSD,2872
TX0002873,AG04,772 53 09 195,2467,in,Reussie,2026-02-21,62.0,USSD,2873
TX0002874,AG11,7663154831,8181,in,Reussie,2026-02-21,205.0,USSD,2874
TX0002875,AG11,748 68 17 340,300,out,Reussie,2026-02-21,3.0,Agent,2875
TX0002876,AG06,+226 724 70 22 436,3967,in,OK,2026-02-21,99.0,Agent,2876
TX0002877,AG01,7235773232,3331,in,Reussie,2026-02-21,83.0,Agent,2877
TX0002878,AG15,7278223072,1004,in,echec,2026-02-21,25.0,USSD,2878
TX0002879,AG07,+226 754 15 29 904,2761,in,ok,2026-02-21,69.0,USSD,2879
TX0002880,AG10,+226 785 70 99 986,9515,in,ok,2026-02-21,238.0,Agent,2880
TX0002881,AG11,+226 737 58 44 546,3534,out,echec,2026-02-21,35.0,Agent,2881
TX0002882,AG06,788 91 69 390,3055,in,Reussie,2026-02-21,76.0,USSD,2882
TX0002883,AG15,739 41 77 664,2316,in,echec,2026-02-21,58.0,Agent,2883
TX0002884,AG15,7775752077,685,in,OK,2026-02-21,17.0,app,2884
TX0002885,AG04,+226 769 09 06 182,18657,out,OK,2026-02-21,187.0,Agent,2885
TX0002886,AG13,+226 780 58 98 971,11852,out,ok,2026-02-21,119.0,USSD,2886
TX0002887,AG16,+226 794 01 99 575,3357,out,Reussie,2026-02-21,34.0,Agent,2887
TX0002888,AG07,746 74 12 533,3764,out,REUSSI,2026-02-21,38.0,USSD,2888
TX0002889,AG12,725 41 25 979,2843,in,OK,2026-02-21,71.0,USSD,2889
TX0002890,AG02,+226 712 52 70 194,11537,in,ok,2026-02-21,288.0,USSD,2890
TX0002891,AG14,705 97 98 028,1295,in,OK,2026-02-21,32.0,USSD,2891
TX0002892,AG02,7344794972,2514,in,Reussie,2026-02-21,63.0,app,2892
TX0002893,AG15,+226 708 88 25 840,4084,out,echec,2026-02-21,41.0,USSD,2893
TX0002894,AG05,7068790735,1636,out,REUSSI,2026-02-21,16.0,USSD,2894
TX0002895,AG12,783 21 17 848,9274,in,OK,2026-02-21,232.0,Agent,2895
TX0002896,AG09,789 19 61 146,5194,out,Echouee,2026-02-21,52.0,Agent,2896
TX0002897,AG15,721 12 94 697,3870,in,REUSSI,2026-02-21,97.0,USSD,2897
TX0002898,AG07,788 34 89 900,3274,out,echec,2026-02-21,33.0,USSD,2898
TX0002899,AG06,739 43 78 186,3420,out,Reussie,2026-02-21,34.0,app,2899
TX0002900,AG07,738 36 50 953,500,in,OK,2026-02-21,12.0,Agent,2900
TX0002901,AG17,7623426136,2928,in,OK,2026-02-21,73.0,Agent,2901
TX0002902,AG02,705 57 33 219,5387,out,Reussie,2026-02-21,54.0,USSD,2902
TX0002903,AG05,+226 783 52 20 292,4207,in,ok,2026-02-21,105.0,USSD,2903
TX0002904,AG03,+226 750 99 47 499,5312,out,REUSSI,2026-02-21,53.0,Agent,2904
TX0002905,AG15,7261025190,1698,out,OK,2026-02-21,17.0,Agent,2905
TX0002906,AG13,+226 775 64 80 412,783,out,Reussie,2026-02-21,8.0,Agent,2906
TX0002907,AG04,+226 743 20 44 195,1567,in,REUSSI,2026-02-21,39.0,USSD,2907
TX0002908,AG08,+226 715 06 26 704,744,in,ok,2026-02-21,19.0,USSD,2908
TX0002909,AG12,764 61 76 148,2538,out,Echouee,2026-02-21,25.0,app,2909
TX0002910,AG13,+226 742 61 88 582,10127,in,OK,2026-02-21,253.0,USSD,2910
TX0002911,AG02,+226 798 30 61 048,546,out,echec,2026-02-21,5.0,Agent,2911
TX0002912,AG12,743 04 24 443,2921,out,echec,2026-02-22,29.0,Agent,2912
TX0002913,AG01,788 36 03 700,1277,out,ok,2026-02-22,13.0,Agent,2913
TX0002914,AG04,+226 721 08 49 002,7781,in,Reussie,2026-02-22,195.0,Agent,2914
TX0002915,AG15,+226 761 81 36 368,14039,in,Reussie,2026-02-22,351.0,USSD,2915
TX0002916,AG04,782 61 52 190,1323,in,ok,2026-02-22,33.0,Agent,2916
TX0002917,AG14,758 93 81 724,551,in,ok,2026-02-22,14.0,app,2917
TX0002918,AG17,768 36 20 098,3303,out,echec,2026-02-22,33.0,USSD,2918
TX0002919,AG16,783 57 65 168,8131,out,REUSSI,2026-02-22,81.0,Agent,2919
TX0002920,AG20,7510088229,206,out,ok,2026-02-22,2.0,Agent,2920
TX0002921,AG08,750 15 26 667,485,in,OK,2026-02-22,12.0,Agent,2921
TX0002922,AG15,732 97 11 036,3281,out,ok,2026-02-22,33.0,USSD,2922
TX0002923,AG15,708 85 27 988,2296,out,OK,2026-02-22,23.0,USSD,2923
TX0002924,AG02,+226 726 28 57 844,2230,in,Reussie,2026-02-22,56.0,USSD,2924
TX0002925,AG05,773 64 95 682,1758,in,echec,2026-02-23,44.0,Agent,2925
TX0002926,AG08,764 80 36 471,4195,in,Reussie,2026-02-23,105.0,Agent,2926
TX0002927,AG13,723 32 14 135,2575,in,OK,2026-02-23,64.0,USSD,2927
TX0002928,AG02,+226 737 27 81 238,3980,in,OK,2026-02-23,100.0,app,2928
TX0002929,AG03,+226 744 26 71 249,3066,in,Reussie,2026-02-23,77.0,USSD,2929
TX0002930,AG13,7417094446,3732,in,ok,2026-02-23,93.0,app,2930
TX0002931,AG07,+226 745 17 31 933,2947,in,ok,2026-02-23,74.0,USSD,2931
TX0002932,AG10,719 93 83 676,572,in,REUSSI,2026-02-23,14.0,Agent,2932
TX0002933,AG02,+226 759 66 59 531,2529,out,OK,2026-02-23,25.0,Agent,2933
TX0002934,AG13,734 79 65 148,2061,out,REUSSI,2026-02-23,21.0,Agent,2934
TX0002935,AG10,7443006822,6339,in,REUSSI,2026-02-23,158.0,USSD,2935
TX0002936,AG07,744 25 98 480,4437,in,ok,2026-02-23,111.0,USSD,2936
TX0002937,AG06,+226 785 88 03 736,1376,in,REUSSI,2026-02-23,34.0,USSD,2937
TX0002938,AG20,714 05 43 849,2453,out,REUSSI,2026-02-23,25.0,Agent,2938
TX0002939,AG16,+226 745 25 78 367,976,in,Echouee,2026-02-23,24.0,Agent,2939
TX0002940,AG13,+226 729 14 55 090,2865,in,OK,2026-02-23,72.0,Agent,2940
TX0002941,AG06,+226 731 56 29 930,1666,in,REUSSI,2026-02-23,42.0,Agent,2941
TX0002942,AG17,742 53 05 505,1584,out,ok,2026-02-23,16.0,Agent,2942
TX0002943,AG07,+226 730 87 39 014,2105,in,REUSSI,2026-02-23,53.0,USSD,2943
TX0002944,AG18,755 70 61 514,1741,in,echec,2026-02-23,44.0,Agent,2944
TX0002945,AG07,704 39 27 981,1244,in,OK,2026-02-23,31.0,Agent,2945
TX0002946,AG19,+226 724 35 20 067,1215,out,Echouee,2026-02-23,12.0,Agent,2946
TX0002947,AG12,713 07 31 474,1945,out,OK,2026-02-23,19.0,USSD,2947
TX0002948,AG11,+226 797 94 84 847,1523,in,Reussie,2026-02-23,38.0,USSD,2948
TX0002949,AG09,7705322731,1706,in,Reussie,2026-02-23,43.0,USSD,2949
TX0002950,AG06,749 06 01 752,4498,out,echec,2026-02-23,45.0,USSD,2950
TX0002951,AG06,782 34 02 574,711,in,ok,2026-02-23,18.0,Agent,2951
TX0002952,AG18,7484797939,9691,in,Reussie,2026-02-23,242.0,USSD,2952
TX0002953,AG06,755 68 37 194,1000,out,OK,2026-02-23,10.0,USSD,2953
TX0002954,AG04,725 03 72 785,571,out,Reussie,2026-02-23,6.0,USSD,2954
TX0002955,AG04,+226 778 78 13 870,2874,in,ok,2026-02-23,72.0,Agent,2955
TX0002956,AG01,+226 709 34 00 533,7766,out,Echouee,2026-02-23,78.0,app,2956
TX0002957,AG16,+226 765 40 26 549,2512,out,REUSSI,2026-02-23,25.0,Agent,2957
TX0002958,AG02,717 10 55 020,987,in,Reussie,2026-02-23,25.0,USSD,2958
TX0002959,AG16,736 46 14 981,2080,in,REUSSI,2026-02-23,52.0,Agent,2959
TX0002960,AG19,757 24 15 088,11699,out,REUSSI,2026-02-23,117.0,USSD,2960
TX0002961,AG18,795 07 87 007,6257,in,ok,2026-02-23,156.0,Agent,2961
TX0002962,AG19,798 11 88 105,3132,in,Echouee,2026-02-23,78.0,Agent,2962
TX0002963,AG17,734 71 53 973,1257,out,Reussie,2026-02-23,13.0,Agent,2963
TX0002964,AG12,+226 739 69 69 870,1177,out,Reussie,2026-02-23,12.0,USSD,2964
TX0002965,AG20,723 41 19 492,2449,in,REUSSI,2026-02-23,61.0,Agent,2965
TX0002966,AG03,+226 703 66 03 960,1700,out,Reussie,2026-02-23,17.0,Agent,2966
TX0002967,AG19,+226 759 86 57 931,291,in,Reussie,2026-02-23,7.0,Agent,2967
TX0002968,AG03,720 66 06 005,7126,in,Echouee,2026-02-23,178.0,app,2968
TX0002969,AG06,+226 771 38 08 010,1543,out,REUSSI,2026-02-23,15.0,USSD,2969
TX0002970,AG19,7073435693,1060,in,REUSSI,2026-02-23,26.0,app,2970
TX0002971,AG09,779 40 45 541,3792,out,Reussie,2026-02-23,38.0,Agent,2971
TX0002972,AG15,+226 701 44 87 467,24087,in,Reussie,2026-02-23,602.0,USSD,2972
TX0002973,AG08,+226 705 20 94 295,658,in,Reussie,2026-02-23,16.0,Agent,2973
TX0002974,AG12,7042297385,1407,in,OK,2026-02-23,35.0,app,2974
TX0002975,AG06,7702570114,2265,in,REUSSI,2026-02-23,57.0,USSD,2975
TX0002976,AG08,7004360900,6228,out,OK,2026-02-23,62.0,Agent,2976
TX0002977,AG09,797 60 00 947,1349,in,echec,2026-02-23,34.0,Agent,2977
TX0002978,AG10,7714478335,3366,out,ok,2026-02-23,34.0,USSD,2978
TX0002979,AG18,7432681068,2201,in,OK,2026-02-23,55.0,app,2979
TX0002980,AG13,723 94 61 209,2659,out,OK,2026-02-23,27.0,USSD,2980
TX0002981,AG07,+226 777 02 83 690,473,in,OK,2026-02-23,12.0,Agent,2981
TX0002982,AG12,776 56 39 273,1312,in,OK,2026-02-23,33.0,Agent,2982
TX0002983,AG09,702 88 64 430,4518,in,REUSSI,2026-02-23,113.0,Agent,2983
TX0002984,AG14,7238991486,1048,in,REUSSI,2026-02-23,26.0,Agent,2984
TX0002985,AG01,7072629781,3836,in,REUSSI,2026-02-23,96.0,Agent,2985
TX0002986,AG13,7668697525,2381,in,ok,2026-02-23,60.0,Agent,2986
TX0002987,AG08,747 03 78 802,6444,in,REUSSI,2026-02-23,161.0,USSD,2987
TX0002988,AG16,7054306238,1226,in,ok,2026-02-23,31.0,Agent,2988
TX0002989,AG04,+226 721 18 35 134,5909,in,Reussie,2026-02-23,148.0,Agent,2989
TX0002990,AG18,+226 786 22 49 383,1062,in,ok,2026-02-23,27.0,USSD,2990
TX0002991,AG18,730 11 96 240,2056,in,OK,2026-02-23,51.0,Agent,2991
TX0002992,AG05,7291848292,3009,in,echec,2026-02-23,75.0,Agent,2992
TX0002993,AG19,+226 729 96 33 652,1721,in,OK,2026-02-23,43.0,Agent,2993
TX0002994,AG07,772 58 52 316,643,out,REUSSI,2026-02-23,6.0,Agent,2994
TX0002995,AG17,+226 714 89 27 988,296,in,OK,2026-02-23,7.0,USSD,2995
TX0002996,AG09,739 78 46 494,2017,out,OK,2026-02-23,20.0,app,2996
TX0002997,AG11,754 70 26 297,907,out,REUSSI,2026-02-23,9.0,app,2997
TX0002998,AG13,+226 776 73 68 296,781,in,echec,2026-02-23,20.0,Agent,2998
TX0002999,AG11,+226 764 87 00 842,2847,in,Reussie,2026-02-23,71.0,USSD,2999
TX0003000,AG12,733 87 52 842,1189,in,REUSSI,2026-02-23,30.0,USSD,3000
TX0003001,AG06,+226 774 13 23 061,1677,out,REUSSI,2026-02-23,17.0,Agent,3001
TX0003002,AG02,+226 741 00 21 179,1402,in,Reussie,2026-02-23,35.0,Agent,3002
TX0003003,AG19,749 39 86 223,1124,out,echec,2026-02-23,11.0,app,3003
TX0003004,AG13,+226 781 54 64 605,1544,in,OK,2026-02-23,39.0,Agent,3004
TX0003005,AG13,7290246707,6574,in,Reussie,2026-02-23,164.0,USSD,3005
TX0003006,AG11,+226 760 28 49 818,4884,out,echec,2026-02-23,49.0,app,3006
TX0003007,AG18,7298483647,688,in,REUSSI,2026-02-23,17.0,Agent,3007
TX0003008,AG18,7933092012,5886,in,Echouee,2026-02-23,147.0,Agent,3008
TX0003009,AG17,7345295700,2331,out,Reussie,2026-02-23,23.0,Agent,3009
TX0003010,AG06,709 82 02 759,1751,out,REUSSI,2026-02-23,18.0,Agent,3010
TX0003011,AG10,722 73 00 211,3369,in,REUSSI,2026-02-23,84.0,Agent,3011
TX0003012,AG19,7909410757,13842,in,OK,2026-02-23,346.0,USSD,3012
TX0003013,AG19,+226 706 83 36 043,2190,in,REUSSI,2026-02-23,55.0,USSD,3013
TX0003014,AG18,7671295970,1685,in,ok,2026-02-23,42.0,Agent,3014
TX0003015,AG01,731 79 92 599,633,in,ok,2026-02-23,16.0,USSD,3015
TX0003016,AG10,+226 718 22 12 103,2032,out,Reussie,2026-02-23,20.0,app,3016
TX0003017,AG01,+226 716 67 45 314,396,out,Reussie,2026-02-23,4.0,USSD,3017
TX0003018,AG17,7438767374,14707,in,REUSSI,2026-02-23,368.0,Agent,3018
TX0003019,AG16,7484395374,997,in,echec,2026-02-23,25.0,USSD,3019
TX0003020,AG18,750 21 04 470,1841,in,REUSSI,2026-02-23,46.0,Agent,3020
TX0003021,AG20,771 33 62 058,2179,in,ok,2026-02-23,54.0,USSD,3021
TX0003022,AG15,+226 724 91 78 989,1398,out,Echouee,2026-02-23,14.0,USSD,3022
TX0003023,AG07,+226 770 65 67 953,1295,in,Reussie,2026-02-23,32.0,Agent,3023
TX0003024,AG19,7097156442,1253,out,Echouee,2026-02-23,13.0,app,3024
TX0003025,AG11,749 62 78 475,2912,in,REUSSI,2026-02-23,73.0,Agent,3025
TX0003026,AG06,+226 747 91 76 615,1479,out,echec,2026-02-23,15.0,Agent,3026
TX0003027,AG08,797 90 31 321,2809,out,OK,2026-02-23,28.0,Agent,3027
TX0003028,AG01,757 47 52 041,871,out,Reussie,2026-02-23,9.0,USSD,3028
TX0003029,AG11,777 81 30 142,605,in,Reussie,2026-02-23,15.0,Agent,3029
TX0003030,AG14,710 51 91 186,2419,in,OK,2026-02-23,60.0,Agent,3030
TX0003031,AG20,7554463512,9322,out,OK,2026-02-23,93.0,USSD,3031
TX0003032,AG20,721 90 70 208,2770,out,OK,2026-02-23,28.0,USSD,3032
TX0003033,AG16,+226 754 56 64 153,26221,out,ok,2026-02-23,262.0,USSD,3033
TX0003034,AG10,7818651718,1711,out,Reussie,2026-02-23,17.0,USSD,3034
TX0003035,AG11,+226 759 14 52 161,3070,out,Reussie,2026-02-23,31.0,Agent,3035
TX0003036,AG05,+226 719 42 36 020,3779,out,ok,2026-02-23,38.0,Agent,3036
TX0003037,AG20,719 54 73 735,988,in,Reussie,2026-02-23,25.0,Agent,3037
TX0003038,AG16,765 03 73 684,1573,in,OK,2026-02-23,39.0,USSD,3038
TX0003039,AG09,7412666666,1585,out,REUSSI,2026-02-24,16.0,Agent,3039
TX0003040,AG05,7211651124,1113,out,REUSSI,2026-02-24,11.0,USSD,3040
TX0003041,AG13,+226 701 40 10 166,4801,in,OK,2026-02-24,120.0,Agent,3041
TX0003042,AG16,792 23 01 361,7181,in,Echouee,2026-02-24,180.0,Agent,3042
TX0003043,AG14,712 08 54 732,4849,out,OK,2026-02-24,48.0,Agent,3043
TX0003044,AG13,7460878894,3258,out,Echouee,2026-02-24,33.0,USSD,3044
TX0003045,AG09,7883871860,1512,in,REUSSI,2026-02-24,38.0,Agent,3045
TX0003046,AG03,770 93 58 128,4875,out,echec,2026-02-24,49.0,USSD,3046
TX0003047,AG10,+226 729 61 55 938,5643,out,ok,2026-02-24,56.0,Agent,3047
TX0003048,AG07,763 71 35 892,13837,out,OK,2026-02-24,138.0,USSD,3048
TX0003049,AG15,725 24 35 268,3183,in,echec,2026-02-24,80.0,Agent,3049
TX0003050,AG20,740 33 52 957,1219,in,OK,2026-02-24,30.0,USSD,3050
TX0003051,AG13,+226 779 91 49 513,13295,out,Reussie,2026-02-24,133.0,app,3051
TX0003052,AG07,+226 737 97 80 880,5734,in,REUSSI,2026-02-24,143.0,Agent,3052
TX0003053,AG03,720 91 76 065,2846,out,echec,2026-02-24,28.0,Agent,3053
TX0003054,AG20,+226 745 61 98 429,10101,out,OK,2026-02-24,101.0,Agent,3054
TX0003055,AG10,+226 778 02 69 845,1064,in,OK,2026-02-24,27.0,app,3055
TX0003056,AG12,7044141664,1505,in,Reussie,2026-02-24,38.0,USSD,3056
TX0003057,AG15,+226 771 63 60 546,1486,in,Reussie,2026-02-24,37.0,Agent,3057
TX0003058,AG13,+226 744 27 93 250,671,out,Reussie,2026-02-24,7.0,Agent,3058
TX0003059,AG08,7357349940,2752,out,OK,2026-02-24,28.0,USSD,3059
TX0003060,AG13,7115480737,3623,in,ok,2026-02-24,91.0,USSD,3060
TX0003061,AG15,+226 729 83 74 374,922,in,echec,2026-02-24,23.0,Agent,3061
TX0003062,AG20,+226 766 05 70 023,2091,out,echec,2026-02-24,21.0,Agent,3062
TX0003063,AG16,+226 771 26 69 739,1342,in,REUSSI,2026-02-24,34.0,USSD,3063
TX0003064,AG08,737 56 57 528,11255,in,REUSSI,2026-02-24,281.0,USSD,3064
TX0003065,AG10,+226 711 52 18 672,7706,in,ok,2026-02-24,193.0,USSD,3065
TX0003066,AG14,794 78 30 553,5685,in,ok,2026-02-24,142.0,Agent,3066
TX0003067,AG04,+226 794 36 65 982,3279,out,ok,2026-02-24,33.0,Agent,3067
TX0003068,AG08,764 81 04 432,2554,in,OK,2026-02-24,64.0,USSD,3068
TX0003069,AG04,785 92 84 573,2839,in,REUSSI,2026-02-24,71.0,USSD,3069
TX0003070,AG10,742 06 87 173,1806,in,Reussie,2026-02-24,45.0,USSD,3070
TX0003071,AG20,+226 783 69 55 402,6776,out,ok,2026-02-24,68.0,USSD,3071
TX0003072,AG14,+226 770 09 31 458,2745,in,REUSSI,2026-02-24,69.0,USSD,3072
TX0003073,AG17,707 31 15 227,18958,out,OK,2026-02-24,190.0,Agent,3073
TX0003074,AG10,740 32 13 742,809,out,ok,2026-02-24,8.0,USSD,3074
TX0003075,AG15,7945196328,1972,in,ok,2026-02-24,49.0,Agent,3075
TX0003076,AG07,+226 759 98 65 294,2244,out,echec,2026-02-24,22.0,app,3076
TX0003077,AG06,777 20 64 013,5642,out,Reussie,2026-02-24,56.0,USSD,3077
TX0003078,AG10,+226 724 60 93 876,2970,out,ok,2026-02-24,30.0,Agent,3078
TX0003079,AG10,+226 706 01 44 910,3361,out,echec,2026-02-24,34.0,Agent,3079
TX0003080,AG19,+226 779 16 55 938,3063,in,OK,2026-02-24,77.0,Agent,3080
TX0003081,AG19,762 26 75 518,12394,in,REUSSI,2026-02-24,310.0,Agent,3081
TX0003082,AG04,+226 749 70 97 305,2961,in,Reussie,2026-02-24,74.0,USSD,3082
TX0003083,AG16,+226 709 55 25 133,1904,out,REUSSI,2026-02-24,19.0,USSD,3083
TX0003084,AG15,766 57 11 098,1486,in,Reussie,2026-02-24,37.0,Agent,3084
TX0003085,AG15,7151064736,2711,in,Reussie,2026-02-24,68.0,Agent,3085
TX0003086,AG05,7587778001,2856,in,OK,2026-02-24,71.0,app,3086
TX0003087,AG01,762 64 58 135,338,in,Reussie,2026-02-24,8.0,app,3087
TX0003088,AG11,742 59 54 618,1188,in,echec,2026-02-24,30.0,Agent,3088
TX0003089,AG19,+226 787 65 61 844,1075,in,OK,2026-02-24,27.0,Agent,3089
TX0003090,AG06,7985443462,1010,in,REUSSI,2026-02-24,25.0,USSD,3090
TX0003091,AG16,721 08 26 772,2364,out,echec,2026-02-24,24.0,USSD,3091
TX0003092,AG09,748 43 31 071,590,out,Reussie,2026-02-24,6.0,USSD,3092
TX0003093,AG09,718 40 63 230,3765,out,REUSSI,2026-02-24,38.0,USSD,3093
TX0003094,AG06,+226 743 03 61 875,3718,out,echec,2026-02-24,37.0,USSD,3094
TX0003095,AG08,+226 765 29 74 256,394,in,REUSSI,2026-02-24,10.0,Agent,3095
TX0003096,AG09,7082625323,251,in,Echouee,2026-02-25,6.0,Agent,3096
TX0003097,AG13,7152939646,992,in,REUSSI,2026-02-25,25.0,USSD,3097
TX0003098,AG18,+226 713 65 41 423,4605,out,ok,2026-02-25,46.0,Agent,3098
TX0003099,AG09,736 32 07 596,3641,out,ok,2026-02-25,36.0,Agent,3099
TX0003100,AG17,789 25 09 898,2557,out,REUSSI,2026-02-25,26.0,USSD,3100
TX0003101,AG16,731 85 20 110,1866,in,REUSSI,2026-02-25,47.0,Agent,3101
TX0003102,AG18,7649759871,1050,out,ok,2026-02-25,10.0,USSD,3102
TX0003103,AG11,714 60 44 085,2387,out,REUSSI,2026-02-25,24.0,Agent,3103
TX0003104,AG06,7972366398,6762,out,ok,2026-02-25,68.0,Agent,3104
TX0003105,AG15,+226 777 44 90 448,3636,out,ok,2026-02-25,36.0,USSD,3105
TX0003106,AG04,763 47 78 870,2250,out,REUSSI,2026-02-25,22.0,USSD,3106
TX0003107,AG12,791 17 87 757,3583,in,REUSSI,2026-02-25,90.0,Agent,3107
TX0003108,AG10,+226 720 53 48 015,6769,out,OK,2026-02-25,68.0,Agent,3108
TX0003109,AG18,724 20 60 861,12535,out,OK,2026-02-25,125.0,Agent,3109
TX0003110,AG02,742 80 08 574,1273,in,Echouee,2026-02-25,32.0,USSD,3110
TX0003111,AG07,756 08 62 982,1544,out,ok,2026-02-25,15.0,Agent,3111
TX0003112,AG08,778 36 78 360,5555,out,REUSSI,2026-02-25,56.0,Agent,3112
TX0003113,AG14,724 34 53 684,9351,out,ok,2026-02-25,94.0,USSD,3113
TX0003114,AG08,774 98 96 719,1415,in,echec,2026-02-25,35.0,USSD,3114
TX0003115,AG10,7007749120,8749,in,Reussie,2026-02-25,219.0,USSD,3115
TX0003116,AG16,712 13 81 378,2527,in,Reussie,2026-02-25,63.0,Agent,3116
TX0003117,AG04,7632270996,4981,in,REUSSI,2026-02-25,125.0,USSD,3117
TX0003118,AG14,725 12 06 124,12936,out,ok,2026-02-25,129.0,USSD,3118
TX0003119,AG09,+226 785 45 09 279,3152,in,echec,2026-02-25,79.0,Agent,3119
TX0003120,AG17,7663735118,1431,in,Echouee,2026-02-25,36.0,app,3120
TX0003121,AG10,7548235151,1925,in,REUSSI,2026-02-25,48.0,Agent,3121
TX0003122,AG19,+226 738 34 53 996,7978,out,Echouee,2026-02-25,80.0,USSD,3122
TX0003123,AG02,748 01 09 989,7502,out,OK,2026-02-25,75.0,USSD,3123
TX0003124,AG20,708 08 07 361,4265,out,REUSSI,2026-02-25,43.0,Agent,3124
TX0003125,AG01,7083733478,888,in,echec,2026-02-25,22.0,Agent,3125
TX0003126,AG06,+226 783 43 89 450,8877,in,Reussie,2026-02-25,222.0,USSD,3126
TX0003127,AG08,780 56 81 172,2490,in,Reussie,2026-02-25,62.0,Agent,3127
TX0003128,AG11,778 68 17 407,999,in,OK,2026-02-25,25.0,Agent,3128
TX0003129,AG06,733 50 98 950,525,out,ok,2026-02-25,5.0,USSD,3129
TX0003130,AG14,733 84 67 743,6109,in,OK,2026-02-25,153.0,USSD,3130
TX0003131,AG16,+226 745 14 06 315,2652,in,ok,2026-02-25,66.0,Agent,3131
TX0003132,AG12,7716059657,2080,in,ok,2026-02-25,52.0,USSD,3132
TX0003133,AG05,+226 733 02 51 385,2328,in,ok,2026-02-25,58.0,Agent,3133
TX0003134,AG14,7766123476,3643,in,REUSSI,2026-02-25,91.0,USSD,3134
TX0003135,AG06,+226 708 24 84 092,1620,in,ok,2026-02-25,40.0,app,3135
TX0003136,AG18,+226 777 70 24 118,3076,out,OK,2026-02-25,31.0,Agent,3136
TX0003137,AG09,+226 775 11 16 336,9993,out,Reussie,2026-02-25,100.0,Agent,3137
TX0003138,AG08,702 61 90 387,3279,out,OK,2026-02-25,33.0,app,3138
TX0003139,AG04,7362931060,2803,in,echec,2026-02-25,70.0,app,3139
TX0003140,AG09,+226 744 38 63 361,2055,out,ok,2026-02-25,21.0,USSD,3140
TX0003141,AG16,7014492263,2959,out,Reussie,2026-02-25,30.0,USSD,3141
TX0003142,AG12,+226 720 86 79 055,1327,in,REUSSI,2026-02-25,33.0,USSD,3142
TX0003143,AG15,7922671458,1303,in,Echouee,2026-02-25,33.0,Agent,3143
TX0003144,AG13,7701792046,2032,out,ok,2026-02-25,20.0,Agent,3144
TX0003145,AG13,725 50 25 807,3651,in,ok,2026-02-25,91.0,Agent,3145
TX0003146,AG06,+226 764 46 64 509,8555,in,Reussie,2026-02-25,214.0,Agent,3146
TX0003147,AG15,+226 729 61 73 864,565,in,REUSSI,2026-02-25,14.0,USSD,3147
TX0003148,AG08,723 20 34 759,7581,out,ok,2026-02-25,76.0,USSD,3148
TX0003149,AG05,+226 724 99 30 595,1239,in,OK,2026-02-26,31.0,Agent,3149
TX0003150,AG19,7403313401,1787,in,Reussie,2026-02-26,45.0,Agent,3150
TX0003151,AG06,+226 708 59 81 418,771,out,ok,2026-02-26,8.0,USSD,3151
TX0003152,AG04,714 31 53 819,2107,out,REUSSI,2026-02-26,21.0,USSD,3152
TX0003153,AG05,+226 746 53 73 659,1224,out,Reussie,2026-02-26,12.0,USSD,3153
TX0003154,AG19,7502241985,579,out,REUSSI,2026-02-26,6.0,Agent,3154
TX0003155,AG06,+226 764 76 15 228,1349,out,REUSSI,2026-02-26,13.0,USSD,3155
TX0003156,AG18,+226 785 50 95 881,5727,out,echec,2026-02-26,57.0,USSD,3156
TX0003157,AG15,+226 702 89 10 864,7597,in,ok,2026-02-26,190.0,USSD,3157
TX0003158,AG02,+226 780 71 04 102,887,in,OK,2026-02-26,22.0,Agent,3158
TX0003159,AG11,793 59 65 203,4266,out,Reussie,2026-02-26,43.0,USSD,3159
TX0003160,AG20,7558656559,2079,out,ok,2026-02-26,21.0,Agent,3160
TX0003161,AG03,+226 716 61 29 518,11203,in,ok,2026-02-26,280.0,USSD,3161
TX0003162,AG01,+226 735 39 63 489,5126,out,Echouee,2026-02-26,51.0,USSD,3162
TX0003163,AG14,7460489592,382,in,ok,2026-02-26,10.0,Agent,3163
TX0003164,AG06,775 45 15 702,7604,in,ok,2026-02-26,190.0,Agent,3164
TX0003165,AG19,+226 712 50 00 391,1265,out,REUSSI,2026-02-26,13.0,USSD,3165
TX0003166,AG06,+226 748 59 64 870,1929,in,OK,2026-02-26,48.0,USSD,3166
TX0003167,AG14,700 17 16 869,5534,in,echec,2026-02-26,138.0,Agent,3167
TX0003168,AG10,+226 769 87 80 447,2043,out,Reussie,2026-02-26,20.0,Agent,3168
TX0003169,AG03,754 72 00 452,5995,in,Reussie,2026-02-26,150.0,USSD,3169
TX0003170,AG09,789 89 17 855,1104,in,REUSSI,2026-02-26,28.0,Agent,3170
TX0003171,AG16,+226 757 82 16 063,1752,out,Reussie,2026-02-26,18.0,Agent,3171
TX0003172,AG06,+226 751 69 90 923,2610,in,Echouee,2026-02-26,65.0,USSD,3172
TX0003173,AG14,+226 798 65 60 500,3970,in,REUSSI,2026-02-26,99.0,Agent,3173
TX0003174,AG16,7008966319,2652,in,OK,2026-02-26,66.0,Agent,3174
TX0003175,AG09,+226 747 14 84 449,2151,out,REUSSI,2026-02-26,22.0,USSD,3175
TX0003176,AG17,727 53 59 001,6420,in,ok,2026-02-26,160.0,Agent,3176
TX0003177,AG08,+226 741 58 98 917,1351,in,Reussie,2026-02-26,34.0,Agent,3177
TX0003178,AG19,702 91 70 325,3507,in,echec,2026-02-26,88.0,Agent,3178
TX0003179,AG06,+226 756 96 26 278,4089,out,Reussie,2026-02-26,41.0,Agent,3179
TX0003180,AG05,755 56 20 499,3857,out,REUSSI,2026-02-26,39.0,USSD,3180
TX0003181,AG04,760 35 06 377,946,out,ok,2026-02-26,9.0,Agent,3181
TX0003182,AG08,787 59 43 230,2100,out,REUSSI,2026-02-26,21.0,app,3182
TX0003183,AG08,7119840189,1942,in,OK,2026-02-26,49.0,Agent,3183
TX0003184,AG02,+226 798 52 99 123,702,out,echec,2026-02-26,7.0,USSD,3184
TX0003185,AG10,746 41 32 761,980,out,Reussie,2026-02-26,10.0,USSD,3185
TX0003186,AG01,720 68 70 321,6170,out,REUSSI,2026-02-26,62.0,Agent,3186
TX0003187,AG03,+226 762 70 59 628,6375,in,echec,2026-02-26,159.0,Agent,3187
TX0003188,AG17,+226 751 11 44 180,1018,in,Reussie,2026-02-26,25.0,USSD,3188
TX0003189,AG15,7231754438,2275,in,ok,2026-02-26,57.0,app,3189
TX0003190,AG18,722 64 07 331,437,in,REUSSI,2026-02-26,11.0,USSD,3190
TX0003191,AG11,7851612883,3023,out,REUSSI,2026-02-26,30.0,USSD,3191
TX0003192,AG11,7992939075,1962,out,ok,2026-02-26,20.0,Agent,3192
TX0003193,AG01,701 23 09 288,2481,in,Echouee,2026-02-26,62.0,Agent,3193
TX0003194,AG10,7320202345,7552,out,OK,2026-02-26,76.0,Agent,3194
TX0003195,AG04,+226 722 28 29 650,2659,in,echec,2026-02-26,66.0,Agent,3195
TX0003196,AG12,760 54 37 688,681,in,Reussie,2026-02-26,17.0,app,3196
TX0003197,AG11,796 62 70 703,3689,in,REUSSI,2026-02-26,92.0,app,3197
TX0003198,AG02,+226 772 70 98 857,11739,in,Echouee,2026-02-26,293.0,Agent,3198
TX0003199,AG01,7692199441,4785,out,OK,2026-02-26,48.0,USSD,3199
TX0003200,AG02,+226 773 60 23 281,3168,in,REUSSI,2026-02-26,79.0,Agent,3200
TX0003201,AG18,7346120473,4207,in,REUSSI,2026-02-26,105.0,Agent,3201
TX0003202,AG20,7667761720,906,out,ok,2026-02-26,9.0,Agent,3202
TX0003203,AG06,7329585933,1703,in,ok,2026-02-26,43.0,Agent,3203
TX0003204,AG17,+226 797 42 70 921,6642,in,ok,2026-02-26,166.0,Agent,3204
TX0003205,AG02,+226 725 16 92 090,2806,out,Echouee,2026-02-26,28.0,USSD,3205
TX0003206,AG01,7399781539,3167,out,Reussie,2026-02-26,32.0,USSD,3206
TX0003207,AG06,756 31 85 184,3270,in,ok,2026-02-26,82.0,USSD,3207
TX0003208,AG03,+226 719 65 09 130,19532,in,Reussie,2026-02-26,488.0,USSD,3208
TX0003209,AG15,+226 781 62 27 697,1108,out,Echouee,2026-02-26,11.0,Agent,3209
TX0003210,AG02,777 17 83 527,6252,in,OK,2026-02-26,156.0,Agent,3210
TX0003211,AG17,709 27 43 945,1177,out,Echouee,2026-02-26,12.0,Agent,3211
TX0003212,AG12,790 70 14 411,2662,in,ok,2026-02-27,67.0,USSD,3212
TX0003213,AG10,+226 776 75 85 698,744,out,REUSSI,2026-02-27,7.0,Agent,3213
TX0003214,AG07,709 80 85 273,7371,out,ok,2026-02-27,74.0,Agent,3214
TX0003215,AG13,770 46 52 868,2165,out,ok,2026-02-27,22.0,Agent,3215
TX0003216,AG07,+226 796 88 69 117,2112,in,Reussie,2026-02-27,53.0,Agent,3216
TX0003217,AG17,+226 709 79 12 561,4970,in,Reussie,2026-02-27,124.0,USSD,3217
TX0003218,AG19,+226 720 64 48 652,2038,in,REUSSI,2026-02-27,51.0,USSD,3218
TX0003219,AG04,780 15 58 549,2453,in,OK,2026-02-27,61.0,Agent,3219
TX0003220,AG04,+226 726 70 46 956,8786,in,OK,2026-02-27,220.0,Agent,3220
TX0003221,AG05,+226 782 79 99 545,6113,out,REUSSI,2026-02-27,61.0,app,3221
TX0003222,AG16,7123887253,3204,in,ok,2026-02-27,80.0,Agent,3222
TX0003223,AG11,799 01 67 139,4063,in,OK,2026-02-27,102.0,USSD,3223
TX0003224,AG17,764 49 14 693,9465,in,Reussie,2026-02-27,237.0,Agent,3224
TX0003225,AG18,+226 722 05 21 016,2377,in,Echouee,2026-02-27,59.0,USSD,3225
TX0003226,AG15,+226 740 34 59 594,10055,in,Reussie,2026-02-27,251.0,USSD,3226
TX0003227,AG03,7733319974,4984,out,REUSSI,2026-02-27,50.0,Agent,3227
TX0003228,AG01,744 24 38 282,8167,in,Reussie,2026-02-27,204.0,USSD,3228
TX0003229,AG20,7570077828,746,in,ok,2026-02-27,19.0,USSD,3229
TX0003230,AG13,+226 739 54 69 620,2450,out,ok,2026-02-27,24.0,Agent,3230
TX0003231,AG04,7893626449,4835,in,echec,2026-02-27,121.0,Agent,3231
TX0003232,AG18,7917457944,4994,in,OK,2026-02-27,125.0,USSD,3232
TX0003233,AG18,+226 780 97 44 272,2234,out,ok,2026-02-27,22.0,USSD,3233
TX0003234,AG19,+226 741 77 73 975,6995,out,Reussie,2026-02-27,70.0,USSD,3234
TX0003235,AG03,+226 734 96 79 422,1202,in,REUSSI,2026-02-27,30.0,USSD,3235
TX0003236,AG03,737 88 98 614,2695,in,OK,2026-02-27,67.0,USSD,3236
TX0003237,AG04,+226 760 31 04 191,2534,out,Reussie,2026-02-27,25.0,app,3237
TX0003238,AG03,799 48 16 083,2136,in,REUSSI,2026-02-27,53.0,USSD,3238
TX0003239,AG16,751 81 09 931,2232,out,OK,2026-02-27,22.0,Agent,3239
TX0003240,AG10,+226 751 18 05 819,14224,out,REUSSI,2026-02-27,142.0,Agent,3240
TX0003241,AG19,729 45 77 723,1577,in,Reussie,2026-02-27,39.0,Agent,3241
TX0003242,AG07,+226 778 52 27 881,6651,out,OK,2026-02-27,67.0,app,3242
TX0003243,AG11,7304507627,935,out,ok,2026-02-27,9.0,USSD,3243
TX0003244,AG20,730 35 58 706,2441,out,OK,2026-02-27,24.0,Agent,3244
TX0003245,AG03,+226 739 42 47 712,2313,in,echec,2026-02-27,58.0,app,3245
TX0003246,AG09,+226 743 50 32 084,479,out,Reussie,2026-02-27,5.0,USSD,3246
TX0003247,AG02,726 74 91 821,3676,in,OK,2026-02-27,92.0,USSD,3247
TX0003248,AG08,790 91 79 176,1973,out,echec,2026-02-27,20.0,Agent,3248
TX0003249,AG19,7229299659,1641,in,echec,2026-02-27,41.0,Agent,3249
TX0003250,AG09,7801811950,2495,in,REUSSI,2026-02-27,62.0,Agent,3250
TX0003251,AG04,7066324721,1181,in,echec,2026-02-27,30.0,USSD,3251
TX0003252,AG10,765 45 76 436,1268,out,OK,2026-02-27,13.0,Agent,3252
TX0003253,AG18,735 64 23 626,712,in,ok,2026-02-27,18.0,USSD,3253
TX0003254,AG17,742 42 72 524,609,out,REUSSI,2026-02-27,6.0,USSD,3254
TX0003255,AG06,+226 746 53 35 075,11494,in,Reussie,2026-02-27,287.0,USSD,3255
TX0003256,AG17,+226 766 31 98 541,2165,out,echec,2026-02-27,22.0,USSD,3256
TX0003257,AG01,+226 789 21 13 785,16843,out,REUSSI,2026-02-27,168.0,Agent,3257
TX0003258,AG18,+226 723 83 64 111,4721,in,ok,2026-02-27,118.0,app,3258
TX0003259,AG10,757 63 66 875,1214,in,Echouee,2026-02-27,30.0,Agent,3259
TX0003260,AG08,750 32 62 268,3536,out,OK,2026-02-27,35.0,app,3260
TX0003261,AG14,733 46 99 063,3987,out,echec,2026-02-27,40.0,USSD,3261
TX0003262,AG07,+226 736 27 42 304,2121,in,Reussie,2026-02-27,53.0,Agent,3262
TX0003263,AG06,7348783738,7582,in,Echouee,2026-02-27,190.0,Agent,3263
TX0003264,AG19,7731040268,1780,out,REUSSI,2026-02-27,18.0,Agent,3264
TX0003265,AG03,+226 788 47 99 274,2276,in,Reussie,2026-02-27,57.0,Agent,3265
TX0003266,AG14,7456192286,28700,in,OK,2026-02-27,718.0,Agent,3266
TX0003267,AG14,7665193536,6695,out,OK,2026-02-27,67.0,USSD,3267
TX0003268,AG15,773 59 79 787,2466,in,Reussie,2026-02-27,62.0,Agent,3268
TX0003269,AG06,+226 794 84 01 745,2651,in,Reussie,2026-02-27,66.0,Agent,3269
TX0003270,AG04,+226 739 46 17 147,3722,in,echec,2026-02-27,93.0,USSD,3270
TX0003271,AG05,7585078929,2822,in,Reussie,2026-02-27,71.0,Agent,3271
TX0003272,AG07,754 60 02 441,1169,in,ok,2026-02-27,29.0,USSD,3272
TX0003273,AG11,7858204932,2152,in,Echouee,2026-02-27,54.0,USSD,3273
TX0003274,AG12,776 24 31 583,4956,in,REUSSI,2026-02-27,124.0,Agent,3274
TX0003275,AG03,791 25 56 064,249,in,Reussie,2026-02-27,6.0,Agent,3275
TX0003276,AG13,+226 798 45 59 407,407,in,Reussie,2026-02-27,10.0,USSD,3276
TX0003277,AG19,718 22 96 021,2063,in,ok,2026-02-27,52.0,USSD,3277
TX0003278,AG10,728 19 06 867,11323,in,ok,2026-02-27,283.0,USSD,3278
TX0003279,AG09,+226 722 82 46 472,945,in,OK,2026-02-27,24.0,app,3279
TX0003280,AG18,723 12 51 854,17673,out,OK,2026-02-27,177.0,Agent,3280
TX0003281,AG09,7516245374,4444,in,Echouee,2026-02-27,111.0,USSD,3281
TX0003282,AG06,+226 760 19 52 425,1195,out,ok,2026-02-27,12.0,Agent,3282
TX0003283,AG18,778 11 26 634,2029,in,REUSSI,2026-02-27,51.0,USSD,3283
TX0003284,AG10,717 84 93 527,2129,in,Reussie,2026-02-27,53.0,USSD,3284
TX0003285,AG20,+226 779 88 47 675,1232,in,OK,2026-02-27,31.0,USSD,3285
TX0003286,AG13,7591334722,938,in,OK,2026-02-27,23.0,USSD,3286
TX0003287,AG18,+226 737 46 13 078,3221,in,echec,2026-02-27,81.0,USSD,3287
TX0003288,AG19,+226 707 79 81 651,1080,in,Reussie,2026-02-27,27.0,USSD,3288
TX0003289,AG10,+226 754 12 74 333,7800,in,Reussie,2026-02-28,195.0,USSD,3289
TX0003290,AG05,7598940745,7856,in,REUSSI,2026-02-28,196.0,Agent,3290
TX0003291,AG06,778 98 51 467,2031,in,Echouee,2026-02-28,51.0,USSD,3291
TX0003292,AG16,+226 766 23 21 423,223,out,REUSSI,2026-02-28,2.0,app,3292
TX0003293,AG13,780 63 88 436,343,in,Reussie,2026-02-28,9.0,app,3293
TX0003294,AG07,715 88 32 035,2431,in,Reussie,2026-02-28,61.0,app,3294
TX0003295,AG13,+226 749 68 54 435,5038,out,REUSSI,2026-02-28,50.0,Agent,3295
TX0003296,AG01,+226 731 45 89 798,5327,out,OK,2026-02-28,53.0,app,3296
TX0003297,AG19,768 84 66 877,4873,out,Reussie,2026-02-28,49.0,app,3297
TX0003298,AG06,+226 701 12 55 238,12299,in,Reussie,2026-02-28,307.0,USSD,3298
TX0003299,AG16,+226 710 94 31 841,1510,in,echec,2026-02-28,38.0,Agent,3299
TX0003300,AG18,+226 703 57 64 361,1100,out,Reussie,2026-02-28,11.0,USSD,3300
TX0003301,AG08,7122302959,389,out,REUSSI,2026-02-28,4.0,app,3301
TX0003302,AG04,7156982646,4291,in,Reussie,2026-02-28,107.0,Agent,3302
TX0003303,AG08,+226 779 02 37 028,4508,in,REUSSI,2026-02-28,113.0,Agent,3303
TX0003304,AG12,7650329708,2242,in,Reussie,2026-02-28,56.0,Agent,3304
TX0003305,AG17,7021842592,3741,out,echec,2026-02-28,37.0,Agent,3305
TX0003306,AG06,+226 747 70 12 256,708,in,ok,2026-02-28,18.0,USSD,3306
TX0003307,AG04,+226 701 20 09 803,527,in,Reussie,2026-02-28,13.0,app,3307
TX0003308,AG17,759 59 10 397,10263,in,echec,2026-02-28,257.0,Agent,3308
TX0003309,AG03,795 61 43 196,4161,in,OK,2026-02-28,104.0,USSD,3309
TX0003310,AG04,738 13 17 245,4086,out,REUSSI,2026-02-28,41.0,USSD,3310
TX0003311,AG10,787 42 67 023,1508,out,OK,2026-02-28,15.0,Agent,3311
TX0003312,AG15,+226 754 98 45 853,6458,out,ok,2026-02-28,65.0,Agent,3312
TX0003313,AG18,+226 769 51 63 486,7138,in,Echouee,2026-02-28,178.0,USSD,3313
TX0003314,AG12,7306713402,1569,in,echec,2026-02-28,39.0,USSD,3314
TX0003315,AG06,710 87 46 199,1682,in,ok,2026-02-28,42.0,Agent,3315
TX0003316,AG18,763 23 28 445,1572,in,Reussie,2026-02-28,39.0,USSD,3316
TX0003317,AG20,771 20 95 546,4739,in,REUSSI,2026-02-28,118.0,USSD,3317
TX0003318,AG06,767 46 52 624,2047,out,REUSSI,2026-02-28,20.0,Agent,3318
TX0003319,AG16,+226 774 71 13 479,1761,out,echec,2026-02-28,18.0,USSD,3319
TX0003320,AG08,+226 751 89 76 702,3573,out,ok,2026-02-28,36.0,Agent,3320
TX0003321,AG04,+226 729 72 01 336,4940,out,ok,2026-02-28,49.0,Agent,3321
TX0003322,AG11,7646266033,3880,out,Echouee,2026-02-28,39.0,app,3322
TX0003323,AG01,+226 703 65 24 903,291,in,ok,2026-02-28,7.0,app,3323
TX0003324,AG06,7362709527,662,in,Reussie,2026-02-28,17.0,USSD,3324
TX0003325,AG16,792 03 88 214,1447,in,ok,2026-02-28,36.0,Agent,3325
TX0003326,AG17,7379065745,1896,in,ok,2026-02-28,47.0,USSD,3326
TX0003327,AG16,765 27 45 830,3988,in,OK,2026-02-28,100.0,Agent,3327
TX0003328,AG07,754 99 99 200,5957,in,OK,2026-02-28,149.0,USSD,3328
TX0003329,AG12,+226 749 02 20 544,3647,in,Reussie,2026-02-28,91.0,Agent,3329
TX0003330,AG14,700 06 35 547,674,in,OK,2026-02-28,17.0,USSD,3330
TX0003331,AG03,+226 733 82 94 273,5655,in,REUSSI,2026-02-28,141.0,Agent,3331
TX0003332,AG09,+226 714 02 01 212,6371,in,REUSSI,2026-02-28,159.0,Agent,3332
TX0003333,AG07,+226 794 54 78 266,1071,out,OK,2026-03-01,11.0,app,3333
TX0003334,AG14,7014755972,3024,in,REUSSI,2026-03-01,76.0,USSD,3334
TX0003335,AG06,+226 707 62 34 045,4150,in,Echouee,2026-03-01,104.0,Agent,3335
TX0003336,AG06,+226 786 28 28 834,1456,in,echec,2026-03-01,36.0,USSD,3336
TX0003337,AG05,773 86 42 322,5013,in,Echouee,2026-03-01,125.0,Agent,3337
TX0003338,AG11,+226 760 09 15 682,3963,out,ok,2026-03-01,40.0,Agent,3338
TX0003339,AG16,+226 761 04 61 585,1003,in,ok,2026-03-01,25.0,app,3339
TX0003340,AG20,789 22 06 265,1684,out,Reussie,2026-03-01,17.0,USSD,3340
TX0003341,AG03,703 09 46 834,684,in,OK,2026-03-02,17.0,Agent,3341
TX0003342,AG08,+226 739 33 06 861,2882,out,ok,2026-03-02,29.0,Agent,3342
TX0003343,AG05,783 33 13 472,1428,out,Reussie,2026-03-02,14.0,USSD,3343
TX0003344,AG02,7576785320,1425,in,REUSSI,2026-03-02,36.0,USSD,3344
TX0003345,AG04,+226 770 51 53 208,5578,in,echec,2026-03-02,139.0,USSD,3345
TX0003346,AG15,+226 799 51 18 727,4730,out,OK,2026-03-02,47.0,USSD,3346
TX0003347,AG02,+226 750 87 09 246,2616,in,ok,2026-03-02,65.0,app,3347
TX0003348,AG09,7843912626,3328,out,Reussie,2026-03-02,33.0,Agent,3348
TX0003349,AG07,+226 760 04 39 786,261,in,Reussie,2026-03-02,7.0,Agent,3349
TX0003350,AG15,701 29 28 049,923,out,Reussie,2026-03-02,9.0,USSD,3350
TX0003351,AG01,705 54 14 280,5743,out,Reussie,2026-03-02,57.0,Agent,3351
TX0003352,AG14,722 09 89 790,1908,in,OK,2026-03-02,48.0,Agent,3352
TX0003353,AG06,780 74 22 338,3003,in,Reussie,2026-03-02,75.0,app,3353
TX0003354,AG17,743 02 04 836,738,out,REUSSI,2026-03-02,7.0,Agent,3354
TX0003355,AG11,+226 766 43 20 327,727,out,echec,2026-03-02,7.0,Agent,3355
TX0003356,AG14,+226 702 09 80 136,24685,in,Echouee,2026-03-02,617.0,Agent,3356
TX0003357,AG08,+226 705 62 42 462,465,in,Echouee,2026-03-02,12.0,USSD,3357
TX0003358,AG17,+226 741 07 02 982,2840,in,Echouee,2026-03-02,71.0,USSD,3358
TX0003359,AG01,+226 768 66 80 001,11049,in,REUSSI,2026-03-02,276.0,Agent,3359
TX0003360,AG06,+226 734 56 97 775,691,out,REUSSI,2026-03-02,7.0,Agent,3360
TX0003361,AG01,7088848040,850,in,OK,2026-03-02,21.0,app,3361
TX0003362,AG05,721 62 72 050,2215,out,OK,2026-03-02,22.0,Agent,3362
TX0003363,AG13,704 73 90 846,1461,in,ok,2026-03-02,37.0,USSD,3363
TX0003364,AG15,+226 768 85 52 166,3870,out,ok,2026-03-02,39.0,app,3364
TX0003365,AG13,+226 705 19 76 379,2965,out,REUSSI,2026-03-02,30.0,USSD,3365
TX0003366,AG04,705 38 00 132,7552,in,ok,2026-03-02,189.0,USSD,3366
TX0003367,AG12,7879251282,5046,out,ok,2026-03-02,50.0,Agent,3367
TX0003368,AG17,+226 721 95 33 520,5738,in,ok,2026-03-02,143.0,USSD,3368
TX0003369,AG07,717 34 73 000,3505,out,ok,2026-03-02,35.0,USSD,3369
TX0003370,AG01,7401004072,2686,in,Echouee,2026-03-02,67.0,Agent,3370
TX0003371,AG10,+226 708 02 73 853,466,out,echec,2026-03-02,5.0,Agent,3371
TX0003372,AG02,+226 700 30 50 059,1257,out,ok,2026-03-02,13.0,USSD,3372
TX0003373,AG01,7165930907,1609,out,ok,2026-03-02,16.0,USSD,3373
TX0003374,AG10,+226 712 38 78 057,4145,in,REUSSI,2026-03-02,104.0,USSD,3374
TX0003375,AG14,7133525989,3906,out,OK,2026-03-02,39.0,Agent,3375
TX0003376,AG11,7556426092,1227,in,REUSSI,2026-03-02,31.0,Agent,3376
TX0003377,AG01,+226 752 93 05 629,1429,out,REUSSI,2026-03-02,14.0,Agent,3377
TX0003378,AG03,7802919541,2911,out,OK,2026-03-02,29.0,USSD,3378
TX0003379,AG10,722 90 88 880,393,in,REUSSI,2026-03-02,10.0,Agent,3379
TX0003380,AG14,701 02 64 203,1106,in,ok,2026-03-02,28.0,USSD,3380
TX0003381,AG12,+226 784 22 15 409,2426,in,ok,2026-03-02,61.0,app,3381
TX0003382,AG04,+226 753 31 61 569,6629,out,REUSSI,2026-03-02,66.0,Agent,3382
TX0003383,AG16,+226 728 14 55 707,3053,in,ok,2026-03-02,76.0,Agent,3383
TX0003384,AG08,773 74 30 935,827,in,REUSSI,2026-03-02,21.0,Agent,3384
TX0003385,AG18,7423185271,974,in,ok,2026-03-02,24.0,app,3385
TX0003386,AG05,769 12 46 287,1856,in,ok,2026-03-02,46.0,Agent,3386
TX0003387,AG02,+226 711 71 56 555,1382,in,Reussie,2026-03-02,35.0,USSD,3387
TX0003388,AG11,+226 763 28 58 371,3802,in,Echouee,2026-03-02,95.0,USSD,3388
TX0003389,AG18,703 71 91 729,4725,in,Reussie,2026-03-02,118.0,Agent,3389
TX0003390,AG16,+226 730 46 13 450,1535,out,Reussie,2026-03-02,15.0,USSD,3390
TX0003391,AG07,7233383363,2815,out,Echouee,2026-03-02,28.0,USSD,3391
TX0003392,AG01,7643237121,3810,in,Reussie,2026-03-02,95.0,Agent,3392
TX0003393,AG04,+226 753 01 39 528,2062,out,OK,2026-03-02,,app,3393
TX0003394,AG05,+226 780 58 74 223,463,out,ok,2026-03-02,5.0,USSD,3394
TX0003395,AG16,753 85 76 275,252,out,OK,2026-03-02,3.0,Agent,3395
TX0003396,AG08,710 85 37 863,1995,in,OK,2026-03-02,50.0,USSD,3396
TX0003397,AG05,+226 728 23 84 597,1842,out,Reussie,2026-03-02,18.0,Agent,3397
TX0003398,AG17,+226 790 16 41 075,2852,in,Reussie,2026-03-02,71.0,app,3398
TX0003399,AG16,767 63 41 221,2845,in,ok,2026-03-02,71.0,Agent,3399
TX0003400,AG14,743 20 64 107,1600,in,Reussie,2026-03-02,40.0,Agent,3400
TX0003401,AG08,+226 731 89 51 392,778,out,REUSSI,2026-03-02,8.0,Agent,3401
TX0003402,AG11,+226 722 96 95 006,1743,in,REUSSI,2026-03-02,44.0,Agent,3402
TX0003403,AG02,7206387323,1226,in,ok,2026-03-02,31.0,app,3403
TX0003404,AG10,+226 746 73 03 721,2004,out,ok,2026-03-02,20.0,USSD,3404
TX0003405,AG20,768 07 36 917,474,out,Echouee,2026-03-02,5.0,USSD,3405
TX0003406,AG15,762 68 54 372,3996,out,OK,2026-03-02,40.0,Agent,3406
TX0003407,AG19,778 97 70 689,7743,in,REUSSI,2026-03-02,194.0,Agent,3407
TX0003408,AG13,7422783409,1316,out,REUSSI,2026-03-02,13.0,app,3408
TX0003409,AG10,706 82 44 389,1150,out,REUSSI,2026-03-02,12.0,Agent,3409
TX0003410,AG09,+226 736 25 81 345,605,in,REUSSI,2026-03-02,15.0,USSD,3410
TX0003411,AG05,+226 765 19 80 985,3780,in,OK,2026-03-02,94.0,Agent,3411
TX0003412,AG13,7375745139,9901,in,Echouee,2026-03-02,248.0,Agent,3412
TX0003413,AG07,713 24 97 917,3027,out,OK,2026-03-02,30.0,USSD,3413
TX0003414,AG04,719 98 11 347,3278,in,OK,2026-03-02,82.0,USSD,3414
TX0003415,AG14,+226 771 26 67 903,4882,in,REUSSI,2026-03-02,122.0,Agent,3415
TX0003416,AG10,7606676171,2208,in,ok,2026-03-02,55.0,USSD,3416
TX0003417,AG16,709 59 27 753,785,in,OK,2026-03-02,20.0,Agent,3417
TX0003418,AG10,779 79 42 706,4010,in,Reussie,2026-03-02,100.0,Agent,3418
TX0003419,AG11,771 87 62 034,3625,out,ok,2026-03-02,36.0,USSD,3419
TX0003420,AG10,+226 706 65 36 603,2359,in,REUSSI,2026-03-02,59.0,USSD,3420
TX0003421,AG13,748 11 72 643,3180,out,ok,2026-03-02,32.0,USSD,3421
TX0003422,AG19,7619278435,2404,in,Reussie,2026-03-02,60.0,USSD,3422
TX0003423,AG03,+226 764 53 86 962,7544,in,OK,2026-03-02,189.0,app,3423
TX0003424,AG09,770 47 09 017,1681,out,Reussie,2026-03-02,17.0,Agent,3424
TX0003425,AG07,+226 761 14 50 017,5271,in,Echouee,2026-03-02,132.0,Agent,3425
TX0003426,AG08,+226 765 29 90 897,24017,in,REUSSI,2026-03-02,600.0,USSD,3426
TX0003427,AG08,+226 739 09 47 472,2046,out,OK,2026-03-02,20.0,USSD,3427
TX0003428,AG19,+226 705 83 97 266,2521,in,ok,2026-03-02,63.0,USSD,3428
TX0003429,AG17,777 89 27 302,1713,out,Reussie,2026-03-02,17.0,Agent,3429
TX0003430,AG15,723 84 51 832,681,in,ok,2026-03-02,17.0,USSD,3430
TX0003431,AG16,747 47 70 404,8370,in,REUSSI,2026-03-02,,Agent,3431
TX0003432,AG19,+226 736 77 85 199,2624,in,ok,2026-03-02,66.0,USSD,3432
TX0003433,AG06,715 54 75 247,1320,out,Reussie,2026-03-02,13.0,Agent,3433
TX0003434,AG07,+226 719 18 18 601,5915,in,Reussie,2026-03-02,148.0,Agent,3434
TX0003435,AG18,+226 727 94 18 437,1993,out,OK,2026-03-02,20.0,Agent,3435
TX0003436,AG06,+226 733 45 48 557,2338,in,Reussie,2026-03-02,58.0,Agent,3436
TX0003437,AG17,7336446546,784,out,echec,2026-03-02,8.0,USSD,3437
TX0003438,AG17,768 53 77 545,2149,in,OK,2026-03-02,54.0,USSD,3438
TX0003439,AG10,+226 743 35 04 346,3856,in,ok,2026-03-03,96.0,USSD,3439
TX0003440,AG06,+226 755 62 18 344,2028,in,ok,2026-03-03,51.0,USSD,3440
TX0003441,AG15,+226 722 86 47 430,2691,in,ok,2026-03-03,67.0,USSD,3441
TX0003442,AG13,+226 755 87 10 138,857,out,ok,2026-03-03,9.0,USSD,3442
TX0003443,AG11,774 22 34 746,5423,out,REUSSI,2026-03-03,54.0,app,3443
TX0003444,AG15,740 03 75 304,5084,out,Reussie,2026-03-03,51.0,Agent,3444
TX0003445,AG10,725 65 86 822,1628,in,OK,2026-03-03,41.0,Agent,3445
TX0003446,AG19,767 60 28 203,1850,in,REUSSI,2026-03-03,46.0,Agent,3446
TX0003447,AG03,748 97 65 301,1006,in,ok,2026-03-03,25.0,USSD,3447
TX0003448,AG10,7897437036,13844,in,OK,2026-03-03,346.0,Agent,3448
TX0003449,AG04,+226 750 59 19 390,7942,in,Reussie,2026-03-03,199.0,USSD,3449
TX0003450,AG05,7972504675,415,out,OK,2026-03-03,4.0,USSD,3450
TX0003451,AG02,+226 754 14 74 809,1932,in,Reussie,2026-03-03,48.0,Agent,3451
TX0003452,AG03,7771992550,11699,out,Reussie,2026-03-03,117.0,USSD,3452
TX0003453,AG02,759 71 42 988,849,out,ok,2026-03-03,8.0,app,3453
TX0003454,AG01,737 86 51 541,5418,in,Reussie,2026-03-03,135.0,Agent,3454
TX0003455,AG09,+226 749 41 93 441,7615,in,REUSSI,2026-03-03,190.0,Agent,3455
TX0003456,AG17,+226 711 61 62 993,2400,in,OK,2026-03-03,60.0,USSD,3456
TX0003457,AG10,7641289929,2414,in,echec,2026-03-03,60.0,Agent,3457
TX0003458,AG11,736 85 09 130,930,out,OK,2026-03-03,9.0,USSD,3458
TX0003459,AG16,+226 732 89 69 568,1250,out,OK,2026-03-03,12.0,Agent,3459
TX0003460,AG06,+226 721 61 74 522,3052,out,OK,2026-03-03,31.0,Agent,3460
TX0003461,AG02,729 55 51 549,1880,out,echec,2026-03-03,19.0,USSD,3461
TX0003462,AG14,737 98 14 953,4936,in,echec,2026-03-03,123.0,USSD,3462
TX0003463,AG16,+226 781 61 08 190,836,in,ok,2026-03-03,21.0,USSD,3463
TX0003464,AG20,776 35 94 318,4190,out,Reussie,2026-03-03,42.0,Agent,3464
TX0003465,AG20,+226 797 35 24 983,2216,in,Reussie,2026-03-03,55.0,Agent,3465
TX0003466,AG13,705 10 21 449,2684,in,OK,2026-03-03,67.0,Agent,3466
TX0003467,AG03,+226 766 86 23 141,312,in,Echouee,2026-03-03,8.0,USSD,3467
TX0003468,AG14,744 84 05 211,1024,out,ok,2026-03-03,10.0,Agent,3468
TX0003469,AG19,+226 781 01 30 422,2340,in,Reussie,2026-03-03,58.0,Agent,3469
TX0003470,AG03,7686389632,9859,in,OK,2026-03-03,246.0,Agent,3470
TX0003471,AG01,737 01 73 598,2726,out,Reussie,2026-03-03,27.0,Agent,3471
TX0003472,AG12,733 44 10 336,3754,out,echec,2026-03-03,38.0,Agent,3472
TX0003473,AG05,7999270939,2541,out,REUSSI,2026-03-03,25.0,Agent,3473
TX0003474,AG07,+226 792 54 49 460,557,in,Reussie,2026-03-03,14.0,Agent,3474
TX0003475,AG10,724 57 15 754,3667,in,REUSSI,2026-03-03,92.0,USSD,3475
TX0003476,AG08,+226 715 91 37 964,4678,out,echec,2026-03-03,47.0,USSD,3476
TX0003477,AG10,+226 737 59 70 682,920,out,echec,2026-03-03,9.0,USSD,3477
TX0003478,AG15,+226 754 54 10 728,12903,in,Echouee,2026-03-03,323.0,Agent,3478
TX0003479,AG04,7434395629,1045,in,Reussie,2026-03-03,26.0,USSD,3479
TX0003480,AG07,715 26 10 413,1865,in,REUSSI,2026-03-03,47.0,Agent,3480
TX0003481,AG02,7914061457,2814,in,REUSSI,2026-03-03,70.0,app,3481
TX0003482,AG11,705 74 52 959,1035,out,ok,2026-03-03,10.0,USSD,3482
TX0003483,AG12,739 79 75 657,3255,out,echec,2026-03-03,33.0,Agent,3483
TX0003484,AG11,7855423472,2081,in,ok,2026-03-03,52.0,Agent,3484
TX0003485,AG01,+226 731 71 70 926,1139,out,echec,2026-03-03,11.0,Agent,3485
TX0003486,AG05,+226 733 49 50 772,1737,out,REUSSI,2026-03-03,17.0,Agent,3486
TX0003487,AG17,+226 757 33 89 558,2391,out,OK,2026-03-03,24.0,USSD,3487
TX0003488,AG18,732 60 56 735,24631,in,Echouee,2026-03-03,616.0,Agent,3488
TX0003489,AG17,766 15 37 795,4656,out,ok,2026-03-03,47.0,Agent,3489
TX0003490,AG11,7775998424,2557,out,REUSSI,2026-03-03,26.0,Agent,3490
TX0003491,AG09,7603824949,1043,in,REUSSI,2026-03-03,26.0,Agent,3491
TX0003492,AG07,764 14 62 180,101,in,Reussie,2026-03-03,3.0,app,3492
TX0003493,AG17,+226 703 61 13 622,4198,out,REUSSI,2026-03-03,42.0,USSD,3493
TX0003494,AG17,747 54 07 093,2857,in,echec,2026-03-03,71.0,Agent,3494
TX0003495,AG13,746 54 68 209,4306,in,ok,2026-03-03,108.0,Agent,3495
TX0003496,AG09,795 41 47 285,703,in,REUSSI,2026-03-03,18.0,USSD,3496
TX0003497,AG18,+226 760 39 58 399,9929,out,Reussie,2026-03-03,99.0,USSD,3497
TX0003498,AG06,704 34 78 389,968,in,OK,2026-03-03,24.0,Agent,3498
TX0003499,AG14,7185840279,1777,in,Reussie,2026-03-03,44.0,USSD,3499
TX0003500,AG04,+226 772 18 76 101,2061,in,Reussie,2026-03-03,52.0,Agent,3500
TX0003501,AG11,7910602980,588,in,REUSSI,2026-03-03,15.0,USSD,3501
TX0003502,AG16,782 20 74 784,2751,in,OK,2026-03-03,69.0,USSD,3502
TX0003503,AG14,+226 740 50 21 461,10034,out,OK,2026-03-03,100.0,app,3503
TX0003504,AG19,+226 734 11 17 764,5959,out,REUSSI,2026-03-03,60.0,app,3504
TX0003505,AG06,7555311471,3958,in,ok,2026-03-04,99.0,app,3505
TX0003506,AG04,7572309955,1999,in,OK,2026-03-04,50.0,USSD,3506
TX0003507,AG12,736 12 11 001,1086,in,echec,2026-03-04,27.0,app,3507
TX0003508,AG07,7650536965,1652,in,OK,2026-03-04,41.0,Agent,3508
TX0003509,AG17,+226 765 23 29 126,1714,in,Reussie,2026-03-04,43.0,Agent,3509
TX0003510,AG16,+226 742 81 93 165,1495,out,ok,2026-03-04,15.0,Agent,3510
TX0003511,AG17,774 03 80 481,726,in,ok,2026-03-04,18.0,Agent,3511
TX0003512,AG11,+226 783 29 18 705,1493,out,ok,2026-03-04,15.0,Agent,3512
TX0003513,AG01,+226 743 62 11 676,4461,in,ok,2026-03-04,112.0,app,3513
TX0003514,AG12,+226 797 23 22 653,552,out,REUSSI,2026-03-04,6.0,Agent,3514
TX0003515,AG16,+226 724 58 64 664,4044,in,Reussie,2026-03-04,101.0,Agent,3515
TX0003516,AG06,7660979491,1927,in,Reussie,2026-03-04,48.0,Agent,3516
TX0003517,AG04,7480868363,759,in,Reussie,2026-03-04,19.0,app,3517
TX0003518,AG15,785 09 73 195,2393,in,echec,2026-03-04,60.0,Agent,3518
TX0003519,AG07,7649135227,4618,in,REUSSI,2026-03-04,115.0,USSD,3519
TX0003520,AG18,7925256627,1694,out,Echouee,2026-03-04,17.0,Agent,3520
TX0003521,AG04,754 29 05 454,2391,out,ok,2026-03-04,24.0,Agent,3521
TX0003522,AG04,7604993514,1617,out,Reussie,2026-03-04,16.0,USSD,3522
TX0003523,AG08,+226 785 85 82 150,5677,in,REUSSI,2026-03-04,142.0,Agent,3523
TX0003524,AG15,770 63 58 097,1142,in,ok,2026-03-04,29.0,Agent,3524
TX0003525,AG07,7129067867,1452,in,ok,2026-03-04,36.0,USSD,3525
TX0003526,AG06,+226 712 69 94 518,4473,in,Echouee,2026-03-04,112.0,USSD,3526
TX0003527,AG01,764 75 03 226,1963,in,ok,2026-03-04,49.0,Agent,3527
TX0003528,AG15,+226 771 25 97 715,456,in,ok,2026-03-04,11.0,Agent,3528
TX0003529,AG18,758 89 02 194,2176,in,ok,2026-03-04,54.0,Agent,3529
TX0003530,AG02,707 60 29 133,1083,in,OK,2026-03-04,27.0,Agent,3530
TX0003531,AG04,739 91 37 135,3193,in,echec,2026-03-04,80.0,Agent,3531
TX0003532,AG09,749 48 82 808,973,out,OK,2026-03-04,10.0,Agent,3532
TX0003533,AG18,739 02 80 325,2066,out,OK,2026-03-04,21.0,USSD,3533
TX0003534,AG12,+226 752 39 03 763,1420,in,echec,2026-03-04,36.0,USSD,3534
TX0003535,AG07,785 34 46 253,4150,in,Echouee,2026-03-04,104.0,USSD,3535
TX0003536,AG08,7896287440,6695,out,REUSSI,2026-03-04,67.0,USSD,3536
TX0003537,AG13,+226 755 21 76 769,9152,out,REUSSI,2026-03-04,92.0,Agent,3537
TX0003538,AG11,+226 789 11 39 923,8139,in,REUSSI,2026-03-04,203.0,USSD,3538
TX0003539,AG14,7137897729,507,in,OK,2026-03-04,13.0,Agent,3539
TX0003540,AG04,769 63 68 364,4473,out,Reussie,2026-03-04,45.0,Agent,3540
TX0003541,AG11,+226 777 78 97 393,5553,in,ok,2026-03-04,139.0,Agent,3541
TX0003542,AG01,705 34 82 869,2215,in,Reussie,2026-03-04,55.0,Agent,3542
TX0003543,AG11,7436284794,11534,out,Reussie,2026-03-04,115.0,Agent,3543
TX0003544,AG14,7342988996,1837,in,OK,2026-03-04,46.0,USSD,3544
TX0003545,AG17,7083911890,3478,out,Echouee,2026-03-04,35.0,Agent,3545
TX0003546,AG14,7316917518,721,in,OK,2026-03-04,18.0,app,3546
TX0003547,AG03,7311653095,2014,out,OK,2026-03-04,20.0,USSD,3547
TX0003548,AG03,7044943848,8800,out,OK,2026-03-04,88.0,Agent,3548
TX0003549,AG20,+226 737 06 23 821,2073,in,echec,2026-03-04,52.0,Agent,3549
TX0003550,AG15,+226 792 24 48 652,415,in,REUSSI,2026-03-04,10.0,Agent,3550
TX0003551,AG16,+226 751 07 65 445,2550,out,Echouee,2026-03-04,26.0,Agent,3551
TX0003552,AG14,+226 714 88 75 289,1315,in,OK,2026-03-04,33.0,Agent,3552
TX0003553,AG14,767 65 27 425,973,out,ok,2026-03-04,10.0,USSD,3553
TX0003554,AG01,+226 790 09 49 940,7774,out,echec,2026-03-04,78.0,Agent,3554
TX0003555,AG12,722 15 89 487,4452,in,Echouee,2026-03-04,111.0,Agent,3555
TX0003556,AG06,7962401596,6185,out,Reussie,2026-03-04,62.0,app,3556
TX0003557,AG01,783 00 79 683,6096,in,OK,2026-03-05,152.0,Agent,3557
TX0003558,AG09,+226 735 02 54 345,917,out,echec,2026-03-05,9.0,Agent,3558
TX0003559,AG13,+226 784 91 17 762,4159,in,Echouee,2026-03-05,104.0,Agent,3559
TX0003560,AG03,+226 789 93 21 128,2076,in,Reussie,2026-03-05,52.0,Agent,3560
TX0003561,AG10,7954273031,1876,in,REUSSI,2026-03-05,47.0,Agent,3561
TX0003562,AG09,+226 720 82 49 639,1791,in,Reussie,2026-03-05,45.0,USSD,3562
TX0003563,AG15,763 87 29 623,1213,in,REUSSI,2026-03-05,30.0,Agent,3563
TX0003564,AG08,774 21 28 386,2454,in,OK,2026-03-05,61.0,USSD,3564
TX0003565,AG06,+226 790 66 07 407,4988,out,ok,2026-03-05,50.0,USSD,3565
TX0003566,AG16,+226 736 46 49 557,206,in,OK,2026-03-05,5.0,USSD,3566
TX0003567,AG19,+226 709 67 09 308,1751,out,ok,2026-03-05,18.0,Agent,3567
TX0003568,AG12,+226 752 96 03 192,8242,out,ok,2026-03-05,82.0,USSD,3568
TX0003569,AG08,7622599961,907,in,OK,2026-03-05,23.0,Agent,3569
TX0003570,AG15,+226 716 74 49 397,10869,in,Echouee,2026-03-05,272.0,Agent,3570
TX0003571,AG07,750 79 57 348,9711,in,ok,2026-03-05,243.0,USSD,3571
TX0003572,AG16,+226 786 39 21 446,11746,in,REUSSI,2026-03-05,294.0,USSD,3572
TX0003573,AG04,774 61 67 099,4357,out,REUSSI,2026-03-05,44.0,USSD,3573
TX0003574,AG02,+226 783 08 07 740,8927,in,Reussie,2026-03-05,223.0,Agent,3574
TX0003575,AG15,775 43 16 727,491,in,ok,2026-03-05,12.0,Agent,3575
TX0003576,AG12,+226 758 57 70 264,3969,out,REUSSI,2026-03-05,40.0,USSD,3576
TX0003577,AG10,+226 703 32 99 164,1531,out,Echouee,2026-03-05,15.0,Agent,3577
TX0003578,AG07,712 65 81 987,2202,in,Echouee,2026-03-05,55.0,Agent,3578
TX0003579,AG07,706 37 53 813,781,in,Echouee,2026-03-05,20.0,Agent,3579
TX0003580,AG20,+226 709 64 40 825,753,in,Reussie,2026-03-05,19.0,Agent,3580
TX0003581,AG20,784 69 24 503,8497,out,ok,2026-03-05,85.0,Agent,3581
TX0003582,AG01,767 58 47 640,3907,out,ok,2026-03-05,39.0,Agent,3582
TX0003583,AG01,+226 719 01 43 708,1410,out,OK,2026-03-05,14.0,Agent,3583
TX0003584,AG01,7933921881,24460,out,REUSSI,2026-03-05,245.0,Agent,3584
TX0003585,AG08,+226 711 15 54 266,2236,out,OK,2026-03-05,22.0,Agent,3585
TX0003586,AG10,797 10 17 221,5196,in,ok,2026-03-05,130.0,Agent,3586
TX0003587,AG03,+226 753 98 26 654,8183,in,Reussie,2026-03-05,205.0,USSD,3587
TX0003588,AG06,734 84 01 026,6696,in,ok,2026-03-05,167.0,Agent,3588
TX0003589,AG16,747 70 50 060,3866,in,REUSSI,2026-03-05,97.0,Agent,3589
TX0003590,AG13,7931302659,3369,in,ok,2026-03-05,84.0,Agent,3590
TX0003591,AG13,+226 760 76 32 708,3322,out,Reussie,2026-03-05,33.0,Agent,3591
TX0003592,AG15,783 97 70 634,3194,in,OK,2026-03-05,80.0,USSD,3592
TX0003593,AG12,+226 735 18 60 995,5847,in,OK,2026-03-05,146.0,Agent,3593
TX0003594,AG19,765 33 04 443,2460,in,Reussie,2026-03-05,62.0,USSD,3594
TX0003595,AG14,711 67 79 130,9887,in,REUSSI,2026-03-05,247.0,USSD,3595
TX0003596,AG07,+226 794 67 68 137,2020,in,OK,2026-03-05,50.0,Agent,3596
TX0003597,AG17,+226 733 18 25 080,1120,in,REUSSI,2026-03-05,28.0,USSD,3597
TX0003598,AG14,729 11 46 005,7193,out,ok,2026-03-05,72.0,Agent,3598
TX0003599,AG18,+226 795 66 85 235,1570,in,Reussie,2026-03-05,39.0,Agent,3599
TX0003600,AG15,+226 754 06 40 153,2345,in,ok,2026-03-05,59.0,USSD,3600
TX0003601,AG19,+226 739 49 88 444,9128,in,Echouee,2026-03-05,228.0,Agent,3601
TX0003602,AG10,+226 789 31 69 589,1958,in,echec,2026-03-05,49.0,Agent,3602
TX0003603,AG17,+226 706 53 69 994,6881,in,Reussie,2026-03-05,172.0,USSD,3603
TX0003604,AG01,710 13 02 635,4763,in,ok,2026-03-05,119.0,USSD,3604
TX0003605,AG03,7869368187,10228,out,Reussie,2026-03-05,102.0,Agent,3605
TX0003606,AG07,+226 763 32 28 452,745,in,Reussie,2026-03-05,19.0,USSD,3606
TX0003607,AG09,7103174782,770,in,ok,2026-03-05,19.0,USSD,3607
TX0003608,AG14,+226 784 05 09 450,1018,out,Reussie,2026-03-05,10.0,Agent,3608
TX0003609,AG08,+226 711 79 24 530,1763,in,Reussie,2026-03-05,44.0,Agent,3609
TX0003610,AG07,742 36 07 362,7067,in,Reussie,2026-03-05,177.0,USSD,3610
TX0003611,AG18,+226 775 18 58 324,2067,out,ok,2026-03-05,21.0,USSD,3611
TX0003612,AG01,+226 713 71 25 416,1774,in,echec,2026-03-05,44.0,USSD,3612
TX0003613,AG13,+226 772 27 21 208,6135,in,Reussie,2026-03-05,153.0,Agent,3613
TX0003614,AG13,7937354760,4189,out,REUSSI,2026-03-06,42.0,USSD,3614
TX0003615,AG09,+226 797 16 74 162,2578,in,Reussie,2026-03-06,64.0,Agent,3615
TX0003616,AG14,+226 731 80 44 332,980,out,REUSSI,2026-03-06,10.0,USSD,3616
TX0003617,AG10,7863105796,859,out,REUSSI,2026-03-06,9.0,USSD,3617
TX0003618,AG18,7224918969,17366,out,Reussie,2026-03-06,174.0,USSD,3618
TX0003619,AG01,+226 777 06 78 481,1434,out,Reussie,2026-03-06,14.0,Agent,3619
TX0003620,AG07,7481807943,3055,out,ok,2026-03-06,31.0,app,3620
TX0003621,AG12,723 72 84 017,563,out,Echouee,2026-03-06,6.0,USSD,3621
TX0003622,AG20,719 29 79 085,2076,out,echec,2026-03-06,21.0,app,3622
TX0003623,AG17,7436230189,2733,in,Reussie,2026-03-06,68.0,Agent,3623
TX0003624,AG06,+226 771 59 52 400,3790,out,Reussie,2026-03-06,38.0,Agent,3624
TX0003625,AG02,713 69 60 476,3919,in,Reussie,2026-03-06,98.0,app,3625
TX0003626,AG11,7984971543,3726,out,Reussie,2026-03-06,37.0,Agent,3626
TX0003627,AG18,717 42 13 550,919,in,REUSSI,2026-03-06,23.0,app,3627
TX0003628,AG14,+226 727 31 02 987,9891,out,ok,2026-03-06,99.0,USSD,3628
TX0003629,AG11,785 40 03 542,504,in,REUSSI,2026-03-06,13.0,Agent,3629
TX0003630,AG03,752 18 67 314,3407,out,Reussie,2026-03-06,34.0,USSD,3630
TX0003631,AG10,+226 763 53 24 849,3261,in,ok,2026-03-06,82.0,Agent,3631
TX0003632,AG16,+226 782 07 46 045,3026,in,echec,2026-03-06,76.0,USSD,3632
TX0003633,AG15,+226 738 95 92 928,542,out,Reussie,2026-03-06,5.0,USSD,3633
TX0003634,AG05,722 77 70 796,1571,in,echec,2026-03-06,39.0,USSD,3634
TX0003635,AG05,706 39 22 342,1411,in,Reussie,2026-03-06,35.0,app,3635
TX0003636,AG07,756 12 32 884,1955,out,OK,2026-03-06,20.0,USSD,3636
TX0003637,AG20,7092427599,1179,in,ok,2026-03-06,29.0,Agent,3637
TX0003638,AG08,+226 714 53 72 870,5218,in,Reussie,2026-03-06,130.0,app,3638
TX0003639,AG01,717 21 50 087,1975,out,REUSSI,2026-03-06,20.0,USSD,3639
TX0003640,AG04,+226 785 29 40 830,1308,out,REUSSI,2026-03-06,13.0,USSD,3640
TX0003641,AG13,+226 787 53 64 338,3382,out,OK,2026-03-06,34.0,Agent,3641
TX0003642,AG14,+226 747 19 44 354,2966,out,REUSSI,2026-03-06,30.0,Agent,3642
TX0003643,AG05,+226 792 73 07 745,864,in,REUSSI,2026-03-06,22.0,app,3643
TX0003644,AG16,783 31 54 521,4269,out,Reussie,2026-03-06,43.0,Agent,3644
TX0003645,AG10,751 89 76 469,319,out,Echouee,2026-03-06,3.0,USSD,3645
TX0003646,AG09,+226 720 45 32 890,2833,in,Reussie,2026-03-06,71.0,Agent,3646
TX0003647,AG17,781 59 66 833,4957,out,REUSSI,2026-03-06,50.0,USSD,3647
TX0003648,AG07,758 04 83 650,1843,in,Reussie,2026-03-06,46.0,Agent,3648
TX0003649,AG16,7200676819,7850,out,echec,2026-03-06,78.0,USSD,3649
TX0003650,AG09,7843410063,2515,in,Echouee,2026-03-06,63.0,USSD,3650
TX0003651,AG02,+226 776 29 97 234,1473,out,ok,2026-03-06,15.0,USSD,3651
TX0003652,AG17,+226 705 25 58 513,3187,out,REUSSI,2026-03-06,32.0,app,3652
TX0003653,AG14,795 34 62 881,2879,out,REUSSI,2026-03-06,29.0,USSD,3653
TX0003654,AG12,+226 711 04 91 509,6523,in,OK,2026-03-06,163.0,Agent,3654
TX0003655,AG05,753 87 93 521,4573,in,Echouee,2026-03-06,114.0,Agent,3655
TX0003656,AG06,733 36 90 521,7523,in,ok,2026-03-06,188.0,app,3656
TX0003657,AG07,7621901175,3993,out,Reussie,2026-03-06,40.0,Agent,3657
TX0003658,AG20,789 68 59 804,873,in,ok,2026-03-06,22.0,Agent,3658
TX0003659,AG03,7117912554,3758,out,ok,2026-03-06,38.0,Agent,3659
TX0003660,AG09,+226 759 50 73 794,938,in,ok,2026-03-06,23.0,Agent,3660
TX0003661,AG03,+226 771 07 64 127,1689,out,Echouee,2026-03-06,17.0,Agent,3661
TX0003662,AG02,+226 715 67 31 163,11371,in,REUSSI,2026-03-06,284.0,Agent,3662
TX0003663,AG05,739 94 74 425,11738,out,Reussie,2026-03-06,117.0,Agent,3663
TX0003664,AG03,+226 762 60 39 513,1635,in,ok,2026-03-06,41.0,USSD,3664
TX0003665,AG17,+226 745 53 02 012,558,in,REUSSI,2026-03-06,14.0,USSD,3665
TX0003666,AG19,7669850608,3020,in,Reussie,2026-03-06,76.0,Agent,3666
TX0003667,AG14,722 16 93 370,6095,in,OK,2026-03-06,152.0,USSD,3667
TX0003668,AG17,+226 771 26 64 562,7730,in,Reussie,2026-03-06,193.0,USSD,3668
TX0003669,AG15,+226 730 74 99 622,1260,in,echec,2026-03-06,32.0,USSD,3669
TX0003670,AG18,+226 780 19 83 951,2919,in,Reussie,2026-03-06,73.0,Agent,3670
TX0003671,AG02,+226 706 84 58 628,4197,in,Echouee,2026-03-07,105.0,Agent,3671
TX0003672,AG18,7130373982,2577,in,echec,2026-03-07,64.0,Agent,3672
TX0003673,AG10,750 58 00 959,1137,in,ok,2026-03-07,28.0,Agent,3673
TX0003674,AG14,754 38 36 387,1029,in,OK,2026-03-07,26.0,USSD,3674
TX0003675,AG12,729 01 03 177,1033,in,echec,2026-03-07,26.0,Agent,3675
TX0003676,AG12,+226 788 81 26 891,2773,in,Reussie,2026-03-07,69.0,USSD,3676
TX0003677,AG19,798 72 78 810,2463,in,OK,2026-03-07,,USSD,3677
TX0003678,AG20,758 85 60 509,8943,out,REUSSI,2026-03-07,89.0,app,3678
TX0003679,AG07,7803683495,1611,in,ok,2026-03-07,40.0,Agent,3679
TX0003680,AG03,+226 714 92 18 250,15529,in,ok,2026-03-07,388.0,Agent,3680
TX0003681,AG09,+226 765 94 00 776,796,out,ok,2026-03-07,8.0,Agent,3681
TX0003682,AG20,7181915873,8119,in,OK,2026-03-07,203.0,Agent,3682
TX0003683,AG06,+226 744 95 18 123,2395,out,Reussie,2026-03-07,24.0,USSD,3683
TX0003684,AG04,7434444079,1226,out,Echouee,2026-03-07,12.0,Agent,3684
TX0003685,AG11,729 39 07 222,1266,in,OK,2026-03-07,32.0,Agent,3685
TX0003686,AG17,+226 731 20 27 143,398,out,Reussie,2026-03-07,4.0,Agent,3686
TX0003687,AG01,763 95 18 920,3557,in,Reussie,2026-03-07,89.0,USSD,3687
TX0003688,AG18,7512682151,546,in,echec,2026-03-07,14.0,USSD,3688
TX0003689,AG12,7648107357,4391,out,REUSSI,2026-03-07,44.0,Agent,3689
TX0003690,AG08,775 12 22 657,863,in,echec,2026-03-07,22.0,USSD,3690
TX0003691,AG04,+226 746 03 19 376,173,in,REUSSI,2026-03-07,4.0,Agent,3691
TX0003692,AG15,729 79 96 822,2200,in,Echouee,2026-03-07,55.0,Agent,3692
TX0003693,AG19,727 58 81 215,2522,out,REUSSI,2026-03-07,25.0,Agent,3693
TX0003694,AG05,732 33 68 134,4691,out,OK,2026-03-07,47.0,Agent,3694
TX0003695,AG10,+226 701 50 19 399,1450,out,Reussie,2026-03-07,14.0,Agent,3695
TX0003696,AG09,+226 740 19 36 459,17288,in,ok,2026-03-07,432.0,app,3696
TX0003697,AG19,+226 701 02 50 527,1148,in,Reussie,2026-03-07,29.0,Agent,3697
TX0003698,AG13,724 21 40 622,1297,in,OK,2026-03-07,32.0,Agent,3698
TX0003699,AG14,+226 741 45 00 980,3811,out,REUSSI,2026-03-07,38.0,Agent,3699
TX0003700,AG02,+226 718 98 15 600,16347,out,Reussie,2026-03-07,163.0,app,3700
TX0003701,AG15,7359286263,1057,out,Reussie,2026-03-07,11.0,USSD,3701
TX0003702,AG14,+226 765 10 36 472,1365,out,REUSSI,2026-03-07,14.0,USSD,3702
TX0003703,AG11,+226 768 52 25 207,5899,out,OK,2026-03-07,59.0,Agent,3703
TX0003704,AG18,716 33 13 031,18484,out,REUSSI,2026-03-07,185.0,Agent,3704
TX0003705,AG14,+226 731 81 44 376,865,in,Reussie,2026-03-07,22.0,Agent,3705
TX0003706,AG02,7302328513,2741,out,OK,2026-03-07,27.0,Agent,3706
TX0003707,AG07,785 98 34 095,5556,out,Echouee,2026-03-08,56.0,USSD,3707
TX0003708,AG12,7330310267,1820,in,OK,2026-03-08,46.0,Agent,3708
TX0003709,AG17,7596139103,2641,in,REUSSI,2026-03-08,66.0,Agent,3709
TX0003710,AG15,7974828254,2056,out,OK,2026-03-08,21.0,Agent,3710
TX0003711,AG12,+226 742 18 16 715,1259,in,ok,2026-03-08,31.0,USSD,3711
TX0003712,AG06,758 25 32 225,1238,in,REUSSI,2026-03-08,31.0,Agent,3712
TX0003713,AG02,780 18 15 416,5588,in,REUSSI,2026-03-08,140.0,USSD,3713
TX0003714,AG16,7467223962,547,in,ok,2026-03-08,14.0,Agent,3714
TX0003715,AG19,766 05 24 445,1488,out,Reussie,2026-03-09,15.0,Agent,3715
TX0003716,AG09,7490391553,4531,in,Reussie,2026-03-09,113.0,Agent,3716
TX0003717,AG03,+226 784 50 85 228,1333,out,echec,2026-03-09,13.0,app,3717
TX0003718,AG02,+226 702 25 89 787,7220,in,REUSSI,2026-03-09,180.0,USSD,3718
TX0003719,AG20,+226 771 39 11 073,596,in,Reussie,2026-03-09,15.0,USSD,3719
TX0003720,AG05,706 42 22 007,2791,in,ok,2026-03-09,70.0,USSD,3720
TX0003721,AG17,730 09 92 567,568,out,Reussie,2026-03-09,6.0,USSD,3721
TX0003722,AG20,708 13 06 059,214,in,Echouee,2026-03-09,5.0,USSD,3722
TX0003723,AG13,+226 778 00 77 576,2194,out,Reussie,2026-03-09,22.0,Agent,3723
TX0003724,AG11,+226 794 74 89 745,1068,in,Reussie,2026-03-09,27.0,USSD,3724
TX0003725,AG18,7244503740,9910,in,OK,2026-03-09,248.0,Agent,3725
TX0003726,AG01,701 30 54 732,1278,in,echec,2026-03-09,32.0,Agent,3726
TX0003727,AG16,7340298333,3101,in,ok,2026-03-09,78.0,app,3727
TX0003728,AG10,+226 741 83 17 814,1289,in,OK,2026-03-09,32.0,USSD,3728
TX0003729,AG05,739 19 96 513,2893,out,Reussie,2026-03-09,29.0,Agent,3729
TX0003730,AG03,764 39 26 910,560,in,ok,2026-03-09,14.0,Agent,3730
TX0003731,AG03,7063810448,601,in,ok,2026-03-09,15.0,USSD,3731
TX0003732,AG11,772 72 86 934,413,out,ok,2026-03-09,4.0,Agent,3732
TX0003733,AG16,7637796998,4406,in,REUSSI,2026-03-09,110.0,Agent,3733
TX0003734,AG05,7252325658,14755,in,OK,2026-03-09,369.0,USSD,3734
TX0003735,AG05,+226 780 59 71 913,2552,in,Reussie,2026-03-09,64.0,USSD,3735
TX0003736,AG04,+226 790 26 45 145,1335,in,OK,2026-03-09,33.0,Agent,3736
TX0003737,AG16,+226 790 77 42 532,3698,in,REUSSI,2026-03-09,92.0,Agent,3737
TX0003738,AG03,7726628289,2869,in,Reussie,2026-03-09,72.0,USSD,3738
TX0003739,AG14,+226 797 32 86 788,776,in,Echouee,2026-03-09,19.0,Agent,3739
TX0003740,AG13,7354197227,3800,in,Reussie,2026-03-09,95.0,Agent,3740
TX0003741,AG01,723 45 14 526,1528,in,echec,2026-03-09,38.0,USSD,3741
TX0003742,AG18,7488271231,8998,out,ok,2026-03-09,90.0,Agent,3742
TX0003743,AG10,+226 799 97 72 642,5883,in,Reussie,2026-03-09,147.0,Agent,3743
TX0003744,AG01,+226 741 97 33 789,2998,in,Reussie,2026-03-09,75.0,USSD,3744
TX0003745,AG07,+226 780 57 13 872,631,out,OK,2026-03-09,6.0,app,3745
TX0003746,AG13,753 64 16 554,641,in,Reussie,2026-03-09,16.0,Agent,3746
TX0003747,AG07,732 58 26 730,5877,in,Reussie,2026-03-09,147.0,app,3747
TX0003748,AG20,717 19 40 659,2165,in,ok,2026-03-09,54.0,Agent,3748
TX0003749,AG11,7586611613,2936,in,OK,2026-03-09,73.0,Agent,3749
TX0003750,AG18,7565135439,5976,in,OK,2026-03-09,149.0,Agent,3750
TX0003751,AG16,7102444950,7560,in,Reussie,2026-03-09,189.0,USSD,3751
TX0003752,AG10,743 83 60 444,6634,out,echec,2026-03-09,66.0,Agent,3752
TX0003753,AG01,754 12 23 669,2892,in,REUSSI,2026-03-09,72.0,app,3753
TX0003754,AG20,+226 746 98 96 060,1432,in,echec,2026-03-09,36.0,Agent,3754
TX0003755,AG03,733 32 15 463,3694,in,Reussie,2026-03-09,92.0,Agent,3755
TX0003756,AG09,+226 736 83 88 112,1593,in,Reussie,2026-03-09,40.0,Agent,3756
TX0003757,AG07,725 73 38 633,3142,in,OK,2026-03-09,79.0,USSD,3757
TX0003758,AG10,724 30 49 043,1884,in,Echouee,2026-03-09,47.0,Agent,3758
TX0003759,AG19,798 73 37 516,2677,out,echec,2026-03-09,27.0,Agent,3759
TX0003760,AG15,761 70 99 521,6388,in,Echouee,2026-03-09,160.0,Agent,3760
TX0003761,AG05,+226 707 32 24 875,1757,in,echec,2026-03-09,44.0,Agent,3761
TX0003762,AG06,752 40 98 360,1746,out,echec,2026-03-09,17.0,app,3762
TX0003763,AG15,+226 789 43 64 040,975,in,Echouee,2026-03-09,24.0,USSD,3763
TX0003764,AG05,+226 720 58 76 073,1484,out,REUSSI,2026-03-09,15.0,Agent,3764
TX0003765,AG17,785 52 35 430,1349,in,ok,2026-03-09,34.0,USSD,3765
TX0003766,AG05,768 13 24 063,6186,in,ok,2026-03-09,155.0,app,3766
TX0003767,AG07,7616181794,2775,in,Reussie,2026-03-09,69.0,app,3767
TX0003768,AG11,7618026336,1307,in,ok,2026-03-09,33.0,Agent,3768
TX0003769,AG10,+226 789 21 26 496,2841,out,echec,2026-03-09,28.0,Agent,3769
TX0003770,AG11,+226 723 15 94 137,8838,in,ok,2026-03-09,221.0,app,3770
TX0003771,AG02,+226 760 05 76 392,4517,out,Echouee,2026-03-09,45.0,Agent,3771
TX0003772,AG10,7395324493,2135,in,Reussie,2026-03-09,53.0,Agent,3772
TX0003773,AG18,788 01 90 223,1344,out,echec,2026-03-09,13.0,USSD,3773
TX0003774,AG15,+226 771 99 92 670,7211,in,ok,2026-03-09,180.0,Agent,3774
TX0003775,AG10,794 42 04 917,2199,out,REUSSI,2026-03-09,22.0,USSD,3775
TX0003776,AG05,7606748230,706,in,OK,2026-03-09,18.0,USSD,3776
TX0003777,AG14,+226 700 50 41 934,979,out,OK,2026-03-09,10.0,Agent,3777
TX0003778,AG07,776 38 33 963,3230,out,Echouee,2026-03-09,32.0,Agent,3778
TX0003779,AG05,+226 740 84 56 228,1893,in,REUSSI,2026-03-09,47.0,Agent,3779
TX0003780,AG10,703 12 92 649,4205,in,Echouee,2026-03-09,105.0,Agent,3780
TX0003781,AG06,+226 714 89 04 771,3359,in,echec,2026-03-09,84.0,Agent,3781
TX0003782,AG14,7065228678,4919,in,ok,2026-03-09,123.0,Agent,3782
TX0003783,AG06,+226 765 65 30 889,3786,out,ok,2026-03-09,38.0,USSD,3783
TX0003784,AG12,796 86 95 962,7073,in,Reussie,2026-03-09,177.0,USSD,3784
TX0003785,AG04,+226 772 15 95 401,1064,in,OK,2026-03-09,27.0,Agent,3785
TX0003786,AG09,7805833147,1341,out,Reussie,2026-03-09,13.0,Agent,3786
TX0003787,AG13,716 04 28 328,4393,out,REUSSI,2026-03-09,44.0,Agent,3787
TX0003788,AG03,7798193980,2217,out,ok,2026-03-09,22.0,USSD,3788
TX0003789,AG05,735 75 17 939,2883,in,ok,2026-03-09,72.0,Agent,3789
TX0003790,AG02,709 61 02 236,2282,out,Reussie,2026-03-09,23.0,USSD,3790
TX0003791,AG04,+226 706 11 20 584,9895,in,echec,2026-03-09,247.0,Agent,3791
TX0003792,AG07,721 16 91 783,1627,in,ok,2026-03-09,41.0,Agent,3792
TX0003793,AG03,7783578663,1202,out,Reussie,2026-03-09,12.0,Agent,3793
TX0003794,AG20,+226 780 58 23 934,1623,out,OK,2026-03-09,16.0,Agent,3794
TX0003795,AG03,708 25 20 943,4076,in,ok,2026-03-09,102.0,USSD,3795
TX0003796,AG14,7021967118,1409,in,REUSSI,2026-03-09,35.0,USSD,3796
TX0003797,AG14,768 40 99 829,1547,out,Reussie,2026-03-09,15.0,app,3797
TX0003798,AG02,+226 733 47 30 926,806,in,Echouee,2026-03-09,20.0,USSD,3798
TX0003799,AG12,700 55 51 466,3619,out,REUSSI,2026-03-09,36.0,Agent,3799
TX0003800,AG09,731 20 03 424,8795,in,OK,2026-03-09,220.0,USSD,3800
TX0003801,AG09,785 18 25 134,2482,in,REUSSI,2026-03-09,,USSD,3801
TX0003802,AG18,769 59 64 052,1495,in,REUSSI,2026-03-09,37.0,USSD,3802
TX0003803,AG02,794 34 24 643,1479,in,echec,2026-03-09,37.0,Agent,3803
TX0003804,AG16,759 64 92 153,7191,in,Reussie,2026-03-09,180.0,USSD,3804
TX0003805,AG13,7944420146,3621,in,OK,2026-03-09,91.0,Agent,3805
TX0003806,AG09,795 98 78 813,1039,out,Reussie,2026-03-09,10.0,USSD,3806
TX0003807,AG17,737 12 04 673,2349,in,ok,2026-03-09,59.0,USSD,3807
TX0003808,AG08,7156050963,1562,in,Echouee,2026-03-09,39.0,Agent,3808
TX0003809,AG13,+226 786 36 02 250,6948,in,ok,2026-03-09,174.0,Agent,3809
TX0003810,AG18,732 47 51 010,4098,out,echec,2026-03-09,41.0,Agent,3810
TX0003811,AG10,7836669719,734,out,REUSSI,2026-03-09,7.0,USSD,3811
TX0003812,AG06,+226 784 23 00 416,1379,in,Reussie,2026-03-10,34.0,Agent,3812
TX0003813,AG06,+226 720 25 35 277,799,in,echec,2026-03-10,20.0,app,3813
TX0003814,AG03,779 96 81 651,7223,in,REUSSI,2026-03-10,181.0,USSD,3814
TX0003815,AG06,+226 731 00 11 448,9759,in,Reussie,2026-03-10,244.0,USSD,3815
TX0003816,AG16,733 97 02 573,635,out,ok,2026-03-10,6.0,Agent,3816
TX0003817,AG20,775 27 99 776,956,in,Reussie,2026-03-10,24.0,USSD,3817
TX0003818,AG07,+226 757 93 79 598,10333,in,REUSSI,2026-03-10,258.0,Agent,3818
TX0003819,AG17,+226 759 51 06 357,2419,in,OK,2026-03-10,60.0,Agent,3819
TX0003820,AG06,796 17 20 073,6398,in,OK,2026-03-10,160.0,app,3820
TX0003821,AG14,7503237176,1180,out,ok,2026-03-10,12.0,USSD,3821
TX0003822,AG04,798 92 70 310,1700,out,OK,2026-03-10,17.0,app,3822
TX0003823,AG08,+226 736 10 16 900,7771,in,ok,2026-03-10,194.0,USSD,3823
TX0003824,AG18,+226 739 26 66 778,8129,out,OK,2026-03-10,81.0,Agent,3824
TX0003825,AG15,+226 706 53 43 259,1040,out,Reussie,2026-03-10,10.0,Agent,3825
TX0003826,AG03,+226 711 17 12 200,390,in,Reussie,2026-03-10,10.0,app,3826
TX0003827,AG10,+226 748 23 47 045,6243,in,REUSSI,2026-03-10,156.0,USSD,3827
TX0003828,AG20,+226 774 67 80 908,1504,in,OK,2026-03-10,38.0,Agent,3828
TX0003829,AG09,+226 760 32 50 595,1590,in,Reussie,2026-03-10,40.0,Agent,3829
TX0003830,AG20,+226 766 28 36 719,1213,out,REUSSI,2026-03-10,12.0,Agent,3830
TX0003831,AG20,+226 794 30 92 898,4302,in,Reussie,2026-03-10,108.0,Agent,3831
TX0003832,AG10,787 90 88 225,2985,in,Reussie,2026-03-10,75.0,USSD,3832
TX0003833,AG01,+226 752 95 43 291,5801,in,Reussie,2026-03-10,145.0,USSD,3833
TX0003834,AG09,746 92 77 644,4270,in,ok,2026-03-10,107.0,Agent,3834
TX0003835,AG20,+226 726 59 74 649,1262,in,ok,2026-03-10,32.0,USSD,3835
TX0003836,AG08,7752665806,2228,out,OK,2026-03-10,22.0,USSD,3836
TX0003837,AG06,742 54 59 746,2307,out,ok,2026-03-10,23.0,Agent,3837
TX0003838,AG15,715 81 01 704,1746,in,Reussie,2026-03-10,44.0,USSD,3838
TX0003839,AG20,704 67 09 054,2658,out,OK,2026-03-10,27.0,USSD,3839
TX0003840,AG19,790 09 21 380,5186,in,REUSSI,2026-03-10,130.0,Agent,3840
TX0003841,AG13,7063357355,1293,in,ok,2026-03-10,32.0,Agent,3841
TX0003842,AG16,770 76 30 981,3511,in,Reussie,2026-03-10,88.0,USSD,3842
TX0003843,AG18,7869382825,3194,in,ok,2026-03-10,80.0,Agent,3843
TX0003844,AG04,770 31 63 279,2974,in,Reussie,2026-03-10,74.0,USSD,3844
TX0003845,AG13,+226 757 50 02 289,4460,out,OK,2026-03-10,45.0,USSD,3845
TX0003846,AG05,748 51 12 413,2826,out,OK,2026-03-10,28.0,USSD,3846
TX0003847,AG16,718 99 81 467,853,out,REUSSI,2026-03-10,9.0,Agent,3847
TX0003848,AG15,7661456052,1708,out,echec,2026-03-10,17.0,USSD,3848
TX0003849,AG10,708 20 57 877,2215,out,ok,2026-03-10,22.0,Agent,3849
TX0003850,AG18,748 75 27 981,18458,in,Reussie,2026-03-10,461.0,app,3850
TX0003851,AG03,+226 770 45 68 191,1038,in,OK,2026-03-10,26.0,USSD,3851
TX0003852,AG05,7529630783,1137,in,REUSSI,2026-03-10,28.0,Agent,3852
TX0003853,AG17,7547320055,4416,in,Reussie,2026-03-10,110.0,app,3853
TX0003854,AG13,758 43 59 439,4070,out,Echouee,2026-03-10,41.0,Agent,3854
TX0003855,AG15,7883009908,4197,in,echec,2026-03-10,105.0,Agent,3855
TX0003856,AG18,7971689919,3388,out,Echouee,2026-03-10,34.0,USSD,3856
TX0003857,AG04,+226 778 35 77 271,2453,in,Reussie,2026-03-10,61.0,USSD,3857
TX0003858,AG14,722 92 31 914,1671,in,ok,2026-03-10,42.0,app,3858
TX0003859,AG19,7381022988,1362,in,REUSSI,2026-03-10,34.0,USSD,3859
TX0003860,AG18,7984792933,1408,in,echec,2026-03-10,35.0,Agent,3860
TX0003861,AG08,795 94 78 035,4825,in,echec,2026-03-10,121.0,Agent,3861
TX0003862,AG05,712 53 18 461,4303,out,OK,2026-03-10,43.0,USSD,3862
TX0003863,AG20,7099951380,2752,in,REUSSI,2026-03-10,69.0,Agent,3863
TX0003864,AG09,+226 731 89 11 882,1481,in,ok,2026-03-10,37.0,Agent,3864
TX0003865,AG03,+226 705 70 29 760,9741,in,Reussie,2026-03-10,244.0,app,3865
TX0003866,AG18,781 64 43 966,2222,in,REUSSI,2026-03-10,56.0,Agent,3866
TX0003867,AG04,+226 786 96 86 073,3081,in,ok,2026-03-11,77.0,Agent,3867
TX0003868,AG12,+226 735 34 50 668,1067,in,echec,2026-03-11,27.0,USSD,3868
TX0003869,AG06,708 47 14 716,3960,in,Reussie,2026-03-11,99.0,Agent,3869
TX0003870,AG10,+226 797 38 82 977,7172,out,ok,2026-03-11,72.0,Agent,3870
TX0003871,AG18,+226 735 14 59 748,6824,in,Reussie,2026-03-11,171.0,USSD,3871
TX0003872,AG17,780 97 31 274,1921,in,Echouee,2026-03-11,48.0,USSD,3872
TX0003873,AG17,735 29 37 871,1145,in,Echouee,2026-03-11,29.0,USSD,3873
TX0003874,AG09,+226 710 43 67 222,2513,in,ok,2026-03-11,63.0,app,3874
TX0003875,AG03,733 04 21 819,2812,in,Reussie,2026-03-11,70.0,Agent,3875
TX0003876,AG19,779 32 87 629,8302,out,Reussie,2026-03-11,83.0,app,3876
TX0003877,AG20,713 94 46 303,2853,out,Reussie,2026-03-11,29.0,Agent,3877
TX0003878,AG12,+226 719 74 44 801,7007,in,Reussie,2026-03-11,175.0,USSD,3878
TX0003879,AG04,+226 797 59 52 745,3146,out,REUSSI,2026-03-11,31.0,Agent,3879
TX0003880,AG07,+226 733 58 95 474,1327,in,REUSSI,2026-03-11,33.0,USSD,3880
TX0003881,AG04,778 74 19 527,3361,in,OK,2026-03-11,84.0,USSD,3881
TX0003882,AG19,7746761264,13200,out,ok,2026-03-11,132.0,Agent,3882
TX0003883,AG13,774 70 93 350,5820,out,REUSSI,2026-03-11,58.0,Agent,3883
TX0003884,AG10,766 08 18 950,484,out,ok,2026-03-11,5.0,Agent,3884
TX0003885,AG16,724 44 85 281,909,in,OK,2026-03-11,23.0,Agent,3885
TX0003886,AG04,774 42 15 341,1754,out,REUSSI,2026-03-11,18.0,USSD,3886
TX0003887,AG03,+226 742 40 59 146,2257,in,ok,2026-03-11,56.0,Agent,3887
TX0003888,AG20,7455143928,524,in,OK,2026-03-11,13.0,USSD,3888
TX0003889,AG01,700 86 14 739,1014,in,ok,2026-03-11,25.0,app,3889
TX0003890,AG10,734 71 43 319,3814,in,OK,2026-03-11,95.0,Agent,3890
TX0003891,AG04,+226 792 84 00 647,1065,out,REUSSI,2026-03-11,11.0,Agent,3891
TX0003892,AG08,7183168658,882,in,REUSSI,2026-03-11,22.0,USSD,3892
TX0003893,AG08,717 50 20 958,855,out,ok,2026-03-11,9.0,app,3893
TX0003894,AG01,+226 750 09 30 870,2221,in,OK,2026-03-11,56.0,USSD,3894
TX0003895,AG13,+226 762 92 96 101,2098,in,echec,2026-03-11,52.0,Agent,3895
TX0003896,AG10,7870965495,1312,out,Reussie,2026-03-11,13.0,Agent,3896
TX0003897,AG15,712 30 12 751,3155,out,REUSSI,2026-03-11,32.0,USSD,3897
TX0003898,AG05,774 06 45 223,4128,out,ok,2026-03-11,41.0,Agent,3898
TX0003899,AG04,795 86 61 894,2486,out,REUSSI,2026-03-11,25.0,Agent,3899
TX0003900,AG04,+226 759 71 54 988,2881,out,Reussie,2026-03-11,29.0,USSD,3900
TX0003901,AG04,+226 717 36 11 386,1649,in,Reussie,2026-03-11,41.0,Agent,3901
TX0003902,AG12,732 80 19 551,4889,in,ok,2026-03-11,122.0,USSD,3902
TX0003903,AG03,+226 712 06 76 491,2430,out,REUSSI,2026-03-11,24.0,Agent,3903
TX0003904,AG20,783 93 65 300,2763,in,Reussie,2026-03-11,69.0,USSD,3904
TX0003905,AG14,760 90 64 170,5431,in,OK,2026-03-11,136.0,app,3905
TX0003906,AG02,725 12 51 395,718,in,Reussie,2026-03-11,18.0,Agent,3906
TX0003907,AG16,+226 792 84 61 477,13587,in,Echouee,2026-03-11,340.0,Agent,3907
TX0003908,AG11,+226 753 09 48 506,2044,in,OK,2026-03-11,51.0,Agent,3908
TX0003909,AG16,717 15 44 979,1296,in,REUSSI,2026-03-11,32.0,Agent,3909
TX0003910,AG01,783 50 18 121,3361,in,Echouee,2026-03-11,84.0,Agent,3910
TX0003911,AG04,+226 755 44 76 913,3941,in,ok,2026-03-11,99.0,app,3911
TX0003912,AG02,+226 780 96 78 920,12034,out,ok,2026-03-11,120.0,app,3912
TX0003913,AG11,+226 745 68 92 469,3924,out,REUSSI,2026-03-11,39.0,Agent,3913
TX0003914,AG07,754 76 56 854,3171,out,Reussie,2026-03-11,32.0,USSD,3914
TX0003915,AG08,+226 798 67 35 410,1484,out,Reussie,2026-03-11,15.0,USSD,3915
TX0003916,AG05,773 67 12 778,2362,out,echec,2026-03-11,24.0,Agent,3916
TX0003917,AG04,+226 786 94 32 918,1390,out,REUSSI,2026-03-11,14.0,Agent,3917
TX0003918,AG20,728 86 39 270,8769,out,ok,2026-03-11,88.0,USSD,3918
TX0003919,AG13,746 93 53 784,3231,out,ok,2026-03-11,32.0,USSD,3919
TX0003920,AG15,7843497278,22811,out,OK,2026-03-11,228.0,Agent,3920
TX0003921,AG09,758 64 58 242,13592,in,Reussie,2026-03-11,340.0,USSD,3921
TX0003922,AG11,+226 762 93 17 266,4808,in,echec,2026-03-11,120.0,Agent,3922
TX0003923,AG20,770 84 89 119,1055,in,Echouee,2026-03-11,26.0,Agent,3923
TX0003924,AG17,760 38 33 991,1647,in,OK,2026-03-12,,USSD,3924
TX0003925,AG20,7563892918,31827,out,OK,2026-03-12,318.0,USSD,3925
TX0003926,AG09,+226 765 59 38 376,7910,in,ok,2026-03-12,198.0,USSD,3926
TX0003927,AG19,+226 756 28 01 001,5696,in,echec,2026-03-12,142.0,Agent,3927
TX0003928,AG10,729 29 22 887,2685,out,echec,2026-03-12,27.0,USSD,3928
TX0003929,AG03,745 49 63 891,13623,in,OK,2026-03-12,341.0,USSD,3929
TX0003930,AG09,+226 723 70 46 836,10046,in,Reussie,2026-03-12,251.0,USSD,3930
TX0003931,AG08,7953965279,2776,in,ok,2026-03-12,69.0,USSD,3931
TX0003932,AG11,7119221915,788,out,OK,2026-03-12,8.0,USSD,3932
TX0003933,AG13,+226 712 51 95 905,11453,out,ok,2026-03-12,115.0,Agent,3933
TX0003934,AG05,783 23 80 428,1764,in,ok,2026-03-12,44.0,USSD,3934
TX0003935,AG10,764 17 71 083,6739,in,echec,2026-03-12,168.0,USSD,3935
TX0003936,AG11,+226 779 30 01 744,2200,in,Echouee,2026-03-12,55.0,USSD,3936
TX0003937,AG19,+226 705 21 73 582,154,out,echec,2026-03-12,2.0,Agent,3937
TX0003938,AG20,758 85 11 314,9644,out,REUSSI,2026-03-12,96.0,Agent,3938
TX0003939,AG15,+226 799 38 55 526,1506,out,Reussie,2026-03-12,15.0,USSD,3939
TX0003940,AG13,+226 755 07 71 410,6038,out,OK,2026-03-12,60.0,Agent,3940
TX0003941,AG03,+226 738 62 33 595,2606,in,ok,2026-03-12,65.0,Agent,3941
TX0003942,AG20,+226 748 72 01 541,1484,in,ok,2026-03-12,37.0,Agent,3942
TX0003943,AG06,+226 722 40 23 821,1196,out,OK,2026-03-12,12.0,app,3943
TX0003944,AG20,707 59 34 326,947,out,Reussie,2026-03-12,9.0,Agent,3944
TX0003945,AG13,703 64 91 194,5461,in,REUSSI,2026-03-12,137.0,Agent,3945
TX0003946,AG18,770 71 84 272,868,in,ok,2026-03-12,22.0,Agent,3946
TX0003947,AG14,730 35 13 864,506,in,Reussie,2026-03-12,13.0,Agent,3947
TX0003948,AG03,+226 770 35 53 226,1120,out,Reussie,2026-03-12,11.0,Agent,3948
TX0003949,AG06,751 27 28 749,1100,in,Echouee,2026-03-12,28.0,USSD,3949
TX0003950,AG10,7622731705,1760,in,OK,2026-03-12,44.0,Agent,3950
TX0003951,AG05,+226 794 89 46 964,1843,out,OK,2026-03-12,18.0,app,3951
TX0003952,AG06,777 69 63 111,2679,in,Echouee,2026-03-12,67.0,USSD,3952
TX0003953,AG16,+226 707 40 80 031,1657,out,REUSSI,2026-03-12,17.0,Agent,3953
TX0003954,AG06,7978612129,7787,in,Reussie,2026-03-12,195.0,Agent,3954
TX0003955,AG04,+226 785 87 63 710,1669,in,REUSSI,2026-03-12,42.0,Agent,3955
TX0003956,AG06,+226 737 80 73 770,3774,out,Reussie,2026-03-12,38.0,USSD,3956
TX0003957,AG12,745 86 22 387,3395,out,echec,2026-03-12,34.0,USSD,3957
TX0003958,AG08,749 48 57 410,661,in,echec,2026-03-12,17.0,app,3958
TX0003959,AG02,775 36 07 541,789,out,ok,2026-03-12,8.0,Agent,3959
TX0003960,AG18,+226 742 28 55 462,2931,in,Reussie,2026-03-12,73.0,Agent,3960
TX0003961,AG02,7037244814,1132,out,ok,2026-03-12,11.0,Agent,3961
TX0003962,AG07,7910509862,4759,in,Reussie,2026-03-12,119.0,USSD,3962
TX0003963,AG02,+226 754 10 98 217,860,out,Echouee,2026-03-12,9.0,Agent,3963
TX0003964,AG11,760 89 51 704,1805,out,REUSSI,2026-03-12,18.0,Agent,3964
TX0003965,AG02,746 64 17 879,2294,out,REUSSI,2026-03-12,23.0,Agent,3965
TX0003966,AG20,+226 748 79 13 747,2513,out,ok,2026-03-12,25.0,Agent,3966
TX0003967,AG12,+226 781 95 87 292,4433,in,Reussie,2026-03-12,111.0,USSD,3967
TX0003968,AG02,+226 775 08 01 137,6408,in,OK,2026-03-12,160.0,Agent,3968
TX0003969,AG11,+226 792 78 64 462,1449,out,REUSSI,2026-03-12,14.0,Agent,3969
TX0003970,AG17,749 61 82 335,423,in,Reussie,2026-03-12,11.0,Agent,3970
TX0003971,AG06,704 85 42 545,2724,in,OK,2026-03-12,68.0,Agent,3971
TX0003972,AG04,7671993654,1308,in,Reussie,2026-03-12,33.0,Agent,3972
TX0003973,AG09,794 29 97 750,2433,in,Reussie,2026-03-12,61.0,USSD,3973
TX0003974,AG04,744 76 31 582,486,in,OK,2026-03-12,12.0,Agent,3974
TX0003975,AG07,729 58 32 167,4444,in,ok,2026-03-12,111.0,app,3975
TX0003976,AG06,7791302572,2003,in,OK,2026-03-12,50.0,Agent,3976
TX0003977,AG18,753 33 53 389,3510,in,REUSSI,2026-03-12,88.0,Agent,3977
TX0003978,AG07,708 06 48 705,1112,in,OK,2026-03-12,28.0,USSD,3978
TX0003979,AG02,+226 771 41 20 371,1947,in,Reussie,2026-03-13,49.0,USSD,3979
TX0003980,AG13,7719055510,5993,in,ok,2026-03-13,150.0,Agent,3980
TX0003981,AG12,770 66 95 980,414,in,ok,2026-03-13,10.0,USSD,3981
TX0003982,AG09,+226 786 57 34 190,9129,in,OK,2026-03-13,228.0,USSD,3982
TX0003983,AG04,710 03 53 937,3671,out,REUSSI,2026-03-13,37.0,Agent,3983
TX0003984,AG13,+226 728 06 73 667,3482,out,Echouee,2026-03-13,35.0,USSD,3984
TX0003985,AG19,7164501438,720,out,ok,2026-03-13,7.0,Agent,3985
TX0003986,AG02,+226 736 05 87 811,2518,out,REUSSI,2026-03-13,25.0,Agent,3986
TX0003987,AG10,733 79 00 650,3868,out,Reussie,2026-03-13,39.0,Agent,3987
TX0003988,AG19,718 28 96 861,963,out,ok,2026-03-13,10.0,USSD,3988
TX0003989,AG03,+226 709 96 29 991,1245,in,echec,2026-03-13,31.0,Agent,3989
TX0003990,AG09,7680046702,3300,out,Reussie,2026-03-13,33.0,Agent,3990
TX0003991,AG16,+226 777 95 34 263,1652,out,Echouee,2026-03-13,17.0,USSD,3991
TX0003992,AG02,738 50 06 385,2877,in,Reussie,2026-03-13,72.0,Agent,3992
TX0003993,AG02,+226 796 07 79 154,3228,in,OK,2026-03-13,81.0,Agent,3993
TX0003994,AG08,785 29 76 689,5001,in,REUSSI,2026-03-13,125.0,Agent,3994
TX0003995,AG10,+226 787 11 76 134,325,out,Reussie,2026-03-13,3.0,USSD,3995
TX0003996,AG20,+226 725 70 72 611,2880,in,Reussie,2026-03-13,72.0,Agent,3996
TX0003997,AG19,+226 749 65 09 418,3799,in,Reussie,2026-03-13,95.0,USSD,3997
TX0003998,AG01,+226 743 37 68 515,992,out,echec,2026-03-13,10.0,app,3998
TX0003999,AG04,7201469132,13177,in,OK,2026-03-13,329.0,app,3999
TX0004000,AG15,7494164636,3463,in,Reussie,2026-03-13,87.0,app,4000
TX0004001,AG09,7352049496,1328,out,Reussie,2026-03-13,13.0,USSD,4001
TX0004002,AG19,7540417370,3549,in,echec,2026-03-13,89.0,USSD,4002
TX0004003,AG01,728 82 31 389,1270,in,ok,2026-03-13,32.0,Agent,4003
TX0004004,AG12,+226 755 10 41 087,4556,in,Reussie,2026-03-13,114.0,Agent,4004
TX0004005,AG05,777 72 80 352,4974,in,echec,2026-03-13,124.0,Agent,4005
TX0004006,AG18,+226 731 53 63 698,6333,in,ok,2026-03-13,158.0,USSD,4006
TX0004007,AG07,769 57 94 238,1247,out,echec,2026-03-13,12.0,Agent,4007
TX0004008,AG01,+226 764 87 91 632,2139,out,echec,2026-03-13,21.0,app,4008
TX0004009,AG20,7341805718,1717,in,OK,2026-03-13,43.0,USSD,4009
TX0004010,AG02,+226 734 65 01 652,11285,in,Reussie,2026-03-13,282.0,Agent,4010
TX0004011,AG11,740 14 81 893,897,out,ok,2026-03-13,9.0,Agent,4011
TX0004012,AG11,+226 785 28 60 926,1588,in,ok,2026-03-13,40.0,USSD,4012
TX0004013,AG07,+226 778 06 20 074,3760,out,Echouee,2026-03-13,38.0,Agent,4013
TX0004014,AG14,787 20 63 052,41563,in,Reussie,2026-03-13,1039.0,USSD,4014
TX0004015,AG14,725 68 79 437,1997,in,REUSSI,2026-03-13,50.0,Agent,4015
TX0004016,AG17,+226 782 67 47 432,3991,out,ok,2026-03-13,40.0,Agent,4016
TX0004017,AG16,750 03 57 525,1613,out,ok,2026-03-13,16.0,USSD,4017
TX0004018,AG12,723 34 68 765,1114,in,OK,2026-03-13,28.0,app,4018
TX0004019,AG17,+226 764 16 57 870,2554,out,Echouee,2026-03-13,26.0,app,4019
TX0004020,AG04,719 23 58 670,1851,out,ok,2026-03-13,19.0,Agent,4020
TX0004021,AG04,730 30 69 805,463,in,ok,2026-03-13,12.0,app,4021
TX0004022,AG06,+226 729 78 61 389,2248,out,REUSSI,2026-03-13,22.0,USSD,4022
TX0004023,AG18,+226 727 57 71 144,1947,in,echec,2026-03-13,49.0,Agent,4023
TX0004024,AG05,796 77 60 685,881,out,OK,2026-03-13,9.0,USSD,4024
TX0004025,AG06,766 10 12 763,1208,out,ok,2026-03-13,12.0,USSD,4025
TX0004026,AG18,7748396892,2226,in,OK,2026-03-13,56.0,Agent,4026
TX0004027,AG07,+226 752 94 09 941,2322,in,ok,2026-03-13,58.0,Agent,4027
TX0004028,AG01,756 41 29 424,1167,in,REUSSI,2026-03-13,29.0,app,4028
TX0004029,AG03,+226 744 86 66 627,767,out,Reussie,2026-03-13,8.0,USSD,4029
TX0004030,AG08,752 36 74 128,3678,in,OK,2026-03-13,92.0,Agent,4030
TX0004031,AG12,7300602966,8770,out,REUSSI,2026-03-13,88.0,Agent,4031
TX0004032,AG05,+226 784 59 18 435,1769,in,echec,2026-03-13,44.0,USSD,4032
TX0004033,AG13,+226 793 30 53 379,1122,in,ok,2026-03-13,28.0,Agent,4033
TX0004034,AG11,792 56 68 314,3545,in,echec,2026-03-13,89.0,Agent,4034
TX0004035,AG09,7656768386,1086,in,Echouee,2026-03-13,27.0,USSD,4035
TX0004036,AG04,+226 765 16 91 774,1379,in,Reussie,2026-03-13,34.0,Agent,4036
TX0004037,AG08,+226 774 37 20 780,721,in,ok,2026-03-13,18.0,Agent,4037
TX0004038,AG13,+226 795 05 45 546,577,out,Echouee,2026-03-13,6.0,Agent,4038
TX0004039,AG02,+226 732 37 18 210,1170,in,echec,2026-03-13,29.0,USSD,4039
TX0004040,AG03,709 58 37 012,761,in,OK,2026-03-13,19.0,USSD,4040
TX0004041,AG18,713 32 75 102,2319,in,ok,2026-03-13,58.0,Agent,4041
TX0004042,AG15,+226 708 10 68 351,7632,in,OK,2026-03-13,191.0,Agent,4042
TX0004043,AG08,783 09 14 278,2687,in,REUSSI,2026-03-13,67.0,Agent,4043
TX0004044,AG03,710 36 29 814,1386,out,ok,2026-03-13,14.0,Agent,4044
TX0004045,AG03,+226 751 58 33 821,899,in,OK,2026-03-13,22.0,Agent,4045
TX0004046,AG16,712 72 90 117,2416,in,REUSSI,2026-03-13,60.0,Agent,4046
TX0004047,AG18,+226 739 92 97 441,3502,in,Echouee,2026-03-13,88.0,USSD,4047
TX0004048,AG03,+226 739 58 46 908,1235,out,REUSSI,2026-03-13,12.0,Agent,4048
TX0004049,AG10,727 09 25 370,4298,out,Echouee,2026-03-13,43.0,Agent,4049
TX0004050,AG11,757 33 65 510,2317,in,Reussie,2026-03-14,58.0,Agent,4050
TX0004051,AG10,757 51 68 321,5261,in,Reussie,2026-03-14,132.0,USSD,4051
TX0004052,AG12,709 09 15 861,1901,in,ok,2026-03-14,48.0,Agent,4052
TX0004053,AG18,759 14 58 917,1886,in,OK,2026-03-14,47.0,Agent,4053
TX0004054,AG02,719 69 72 039,1709,in,Reussie,2026-03-14,43.0,Agent,4054
TX0004055,AG18,+226 773 30 47 730,1323,in,ok,2026-03-14,,app,4055
TX0004056,AG05,7073223162,1773,in,Reussie,2026-03-14,44.0,Agent,4056
TX0004057,AG15,7242308204,586,in,OK,2026-03-14,15.0,Agent,4057
TX0004058,AG08,7049674532,6632,out,Echouee,2026-03-14,66.0,USSD,4058
TX0004059,AG08,7813537036,1264,in,Reussie,2026-03-14,32.0,Agent,4059
TX0004060,AG03,7546806422,2115,out,Reussie,2026-03-14,21.0,app,4060
TX0004061,AG02,707 12 75 128,3248,in,OK,2026-03-14,81.0,Agent,4061
TX0004062,AG18,+226 771 39 73 972,1461,in,OK,2026-03-14,37.0,USSD,4062
TX0004063,AG06,752 53 25 349,707,in,ok,2026-03-14,18.0,USSD,4063
TX0004064,AG02,7946308576,933,in,ok,2026-03-14,23.0,Agent,4064
TX0004065,AG20,764 82 86 067,7640,in,OK,2026-03-14,191.0,Agent,4065
TX0004066,AG14,7114485540,1688,out,OK,2026-03-14,17.0,Agent,4066
TX0004067,AG03,+226 755 61 48 852,7666,in,OK,2026-03-14,192.0,USSD,4067
TX0004068,AG08,+226 774 22 29 130,1030,in,OK,2026-03-14,26.0,Agent,4068
TX0004069,AG05,+226 718 16 34 973,1158,in,OK,2026-03-14,29.0,USSD,4069
TX0004070,AG15,7886250453,10138,in,Echouee,2026-03-14,253.0,USSD,4070
TX0004071,AG20,7715988576,1144,in,ok,2026-03-14,29.0,Agent,4071
TX0004072,AG01,7672463568,874,out,Reussie,2026-03-14,9.0,USSD,4072
TX0004073,AG18,+226 729 32 96 222,3815,out,Echouee,2026-03-14,38.0,USSD,4073
TX0004074,AG07,782 70 81 041,825,out,REUSSI,2026-03-14,8.0,USSD,4074
TX0004075,AG10,7294917133,2657,out,ok,2026-03-14,27.0,Agent,4075
TX0004076,AG15,751 09 87 989,10057,out,Reussie,2026-03-14,101.0,USSD,4076
TX0004077,AG11,7606209560,4543,out,OK,2026-03-14,45.0,Agent,4077
TX0004078,AG12,7768698875,1958,in,ok,2026-03-14,49.0,Agent,4078
TX0004079,AG02,+226 786 88 78 950,2780,in,ok,2026-03-14,70.0,Agent,4079
TX0004080,AG12,+226 702 13 31 851,5966,out,Reussie,2026-03-14,60.0,Agent,4080
TX0004081,AG10,+226 748 21 32 540,1681,out,Echouee,2026-03-14,17.0,Agent,4081
TX0004082,AG01,+226 721 63 76 979,1697,in,REUSSI,2026-03-14,42.0,USSD,4082
TX0004083,AG09,+226 753 29 93 164,1520,in,OK,2026-03-15,38.0,Agent,4083
TX0004084,AG08,+226 713 17 50 166,7279,in,OK,2026-03-15,182.0,Agent,4084
TX0004085,AG02,+226 782 73 10 734,1871,in,Reussie,2026-03-15,47.0,USSD,4085
TX0004086,AG07,790 61 62 919,4350,in,echec,2026-03-15,109.0,USSD,4086
TX0004087,AG08,7501469322,1744,out,REUSSI,2026-03-15,17.0,USSD,4087
TX0004088,AG04,+226 759 68 76 899,3910,out,OK,2026-03-15,39.0,Agent,4088
TX0004089,AG02,+226 767 71 66 565,1469,in,REUSSI,2026-03-15,37.0,USSD,4089
TX0004090,AG12,779 47 62 420,1005,in,REUSSI,2026-03-15,25.0,Agent,4090
TX0004091,AG18,728 45 79 400,2791,in,OK,2026-03-16,70.0,USSD,4091
TX0004092,AG16,717 02 77 776,2918,in,Reussie,2026-03-16,73.0,USSD,4092
TX0004093,AG18,7776467060,2986,in,Reussie,2026-03-16,75.0,Agent,4093
TX0004094,AG01,+226 760 02 84 128,2027,in,ok,2026-03-16,51.0,USSD,4094
TX0004095,AG09,793 16 94 601,3282,out,OK,2026-03-16,33.0,USSD,4095
TX0004096,AG02,7973357519,6100,in,REUSSI,2026-03-16,152.0,app,4096
TX0004097,AG16,+226 779 57 22 945,6728,out,REUSSI,2026-03-16,67.0,USSD,4097
TX0004098,AG07,+226 719 04 92 940,5044,in,echec,2026-03-16,126.0,Agent,4098
TX0004099,AG10,7073803397,1965,in,OK,2026-03-16,49.0,app,4099
TX0004100,AG20,+226 734 12 48 294,429,in,Reussie,2026-03-16,11.0,Agent,4100
TX0004101,AG19,7653391882,2208,out,echec,2026-03-16,22.0,USSD,4101
TX0004102,AG04,+226 780 04 12 065,5149,out,OK,2026-03-16,51.0,Agent,4102
TX0004103,AG10,713 23 02 179,9865,in,Reussie,2026-03-16,247.0,USSD,4103
TX0004104,AG13,766 00 99 784,674,out,OK,2026-03-16,7.0,Agent,4104
TX0004105,AG18,759 63 02 453,1293,in,Reussie,2026-03-16,32.0,USSD,4105
TX0004106,AG06,732 31 04 525,2444,in,OK,2026-03-16,61.0,app,4106
TX0004107,AG18,+226 782 87 65 237,8580,in,REUSSI,2026-03-16,214.0,Agent,4107
TX0004108,AG17,784 78 03 497,3507,in,ok,2026-03-16,88.0,Agent,4108
TX0004109,AG18,725 38 24 159,3625,in,REUSSI,2026-03-16,91.0,USSD,4109
TX0004110,AG10,+226 759 82 09 827,2013,out,REUSSI,2026-03-16,20.0,Agent,4110
TX0004111,AG20,+226 714 60 68 441,3559,in,OK,2026-03-16,89.0,Agent,4111
TX0004112,AG10,7311849357,8345,out,OK,2026-03-16,83.0,USSD,4112
TX0004113,AG20,+226 730 21 14 501,1763,in,REUSSI,2026-03-16,44.0,Agent,4113
TX0004114,AG07,704 18 50 761,3453,in,OK,2026-03-16,86.0,USSD,4114
TX0004115,AG08,+226 727 60 27 418,3742,out,REUSSI,2026-03-16,37.0,USSD,4115
TX0004116,AG10,7073385343,1801,in,OK,2026-03-16,45.0,Agent,4116
TX0004117,AG02,7540655693,1718,out,Reussie,2026-03-16,17.0,USSD,4117
TX0004118,AG19,749 83 63 483,2973,in,Reussie,2026-03-16,74.0,app,4118
TX0004119,AG08,731 85 33 330,1702,in,Echouee,2026-03-16,43.0,USSD,4119
TX0004120,AG14,7218790144,1851,in,OK,2026-03-16,46.0,Agent,4120
TX0004121,AG07,+226 712 85 05 775,2166,in,echec,2026-03-16,54.0,Agent,4121
TX0004122,AG14,704 59 46 533,1794,in,Echouee,2026-03-16,45.0,Agent,4122
TX0004123,AG10,+226 790 13 79 305,7331,out,OK,2026-03-16,73.0,Agent,4123
TX0004124,AG13,784 11 78 636,2613,in,OK,2026-03-16,65.0,USSD,4124
TX0004125,AG13,742 14 27 701,11542,out,OK,2026-03-16,115.0,USSD,4125
TX0004126,AG18,7626145684,4823,out,Reussie,2026-03-16,48.0,USSD,4126
TX0004127,AG19,7628919372,466,in,OK,2026-03-16,12.0,Agent,4127
TX0004128,AG15,785 69 38 787,1265,in,REUSSI,2026-03-16,32.0,Agent,4128
TX0004129,AG17,747 92 50 100,4408,out,Reussie,2026-03-16,44.0,USSD,4129
TX0004130,AG09,771 63 03 088,8745,out,Reussie,2026-03-16,87.0,USSD,4130
TX0004131,AG03,+226 779 62 46 826,2282,in,REUSSI,2026-03-16,57.0,Agent,4131
TX0004132,AG13,740 80 68 466,1908,in,OK,2026-03-16,48.0,Agent,4132
TX0004133,AG07,+226 757 43 02 682,16747,in,REUSSI,2026-03-16,419.0,Agent,4133
TX0004134,AG13,+226 783 45 26 740,4048,out,echec,2026-03-16,40.0,USSD,4134
TX0004135,AG05,773 43 36 938,3579,out,Echouee,2026-03-16,36.0,USSD,4135
TX0004136,AG03,+226 782 67 83 906,2832,in,REUSSI,2026-03-16,71.0,Agent,4136
TX0004137,AG08,+226 763 55 08 215,2043,in,ok,2026-03-16,51.0,USSD,4137
TX0004138,AG17,7291546350,479,out,OK,2026-03-16,5.0,Agent,4138
TX0004139,AG07,765 16 66 549,12849,in,ok,2026-03-16,321.0,Agent,4139
TX0004140,AG02,+226 760 98 90 782,1158,in,REUSSI,2026-03-16,29.0,Agent,4140
TX0004141,AG05,7021893303,1165,in,ok,2026-03-16,29.0,Agent,4141
TX0004142,AG05,762 20 97 465,2184,out,REUSSI,2026-03-16,22.0,Agent,4142
TX0004143,AG08,+226 718 16 75 645,440,in,REUSSI,2026-03-16,11.0,Agent,4143
TX0004144,AG13,+226 740 57 62 980,4419,in,OK,2026-03-16,110.0,USSD,4144
TX0004145,AG01,710 07 96 929,7979,out,Reussie,2026-03-16,80.0,USSD,4145
TX0004146,AG05,755 04 88 028,313,in,ok,2026-03-16,8.0,USSD,4146
TX0004147,AG04,786 94 96 699,1493,out,Reussie,2026-03-16,15.0,Agent,4147
TX0004148,AG17,7406772845,2220,in,OK,2026-03-16,56.0,Agent,4148
TX0004149,AG17,+226 710 19 43 442,1011,in,echec,2026-03-16,25.0,Agent,4149
TX0004150,AG06,700 70 66 594,2362,in,echec,2026-03-16,59.0,Agent,4150
TX0004151,AG04,767 35 81 722,1598,in,OK,2026-03-16,40.0,Agent,4151
TX0004152,AG04,7719611699,506,out,Reussie,2026-03-16,5.0,USSD,4152
TX0004153,AG11,+226 752 18 95 459,11521,in,OK,2026-03-16,288.0,USSD,4153
TX0004154,AG17,741 91 46 433,1746,out,OK,2026-03-16,17.0,USSD,4154
TX0004155,AG13,+226 713 61 27 720,7448,in,Reussie,2026-03-16,186.0,Agent,4155
TX0004156,AG07,780 24 80 644,2013,out,Reussie,2026-03-16,20.0,USSD,4156
TX0004157,AG11,+226 708 60 16 156,1230,out,echec,2026-03-16,12.0,USSD,4157
TX0004158,AG04,798 55 75 472,5891,out,OK,2026-03-16,59.0,Agent,4158
TX0004159,AG15,+226 780 86 80 856,2052,out,OK,2026-03-16,21.0,Agent,4159
TX0004160,AG03,7146419464,6043,in,echec,2026-03-16,151.0,app,4160
TX0004161,AG10,7771034514,723,in,OK,2026-03-16,18.0,Agent,4161
TX0004162,AG18,7336193046,1732,in,REUSSI,2026-03-16,43.0,Agent,4162
TX0004163,AG01,+226 736 17 18 972,1817,in,echec,2026-03-16,45.0,Agent,4163
TX0004164,AG07,+226 721 55 77 599,871,in,REUSSI,2026-03-16,22.0,USSD,4164
TX0004165,AG14,+226 773 67 82 380,1884,out,Reussie,2026-03-16,19.0,app,4165
TX0004166,AG15,+226 791 98 32 992,3717,in,Echouee,2026-03-16,93.0,USSD,4166
TX0004167,AG01,723 67 33 636,1197,in,OK,2026-03-16,30.0,USSD,4167
TX0004168,AG15,742 42 34 420,2082,out,Reussie,2026-03-16,21.0,Agent,4168
TX0004169,AG03,7101450368,2388,out,Echouee,2026-03-16,24.0,Agent,4169
TX0004170,AG01,+226 799 49 98 619,4578,out,REUSSI,2026-03-16,46.0,Agent,4170
TX0004171,AG19,799 34 26 275,1203,in,ok,2026-03-16,30.0,Agent,4171
TX0004172,AG10,+226 748 28 89 442,574,out,Reussie,2026-03-16,6.0,USSD,4172
TX0004173,AG06,795 79 92 215,4932,in,Echouee,2026-03-16,123.0,Agent,4173
TX0004174,AG10,+226 794 23 66 731,2313,in,Reussie,2026-03-16,58.0,Agent,4174
TX0004175,AG02,+226 741 77 39 828,906,in,Reussie,2026-03-16,23.0,Agent,4175
TX0004176,AG13,715 01 82 046,4706,out,OK,2026-03-16,47.0,Agent,4176
TX0004177,AG05,7889499160,8840,in,OK,2026-03-16,221.0,Agent,4177
TX0004178,AG01,762 17 60 108,1076,in,ok,2026-03-16,27.0,Agent,4178
TX0004179,AG13,778 39 85 377,9411,in,OK,2026-03-16,235.0,Agent,4179
TX0004180,AG10,790 02 36 671,1624,out,Reussie,2026-03-16,16.0,USSD,4180
TX0004181,AG16,790 20 99 710,2583,in,ok,2026-03-16,65.0,Agent,4181
TX0004182,AG02,788 64 86 645,3382,in,REUSSI,2026-03-17,85.0,Agent,4182
TX0004183,AG15,+226 793 45 07 446,2223,in,REUSSI,2026-03-17,56.0,Agent,4183
TX0004184,AG01,+226 773 39 44 978,7670,in,REUSSI,2026-03-17,192.0,Agent,4184
TX0004185,AG15,741 99 44 655,31914,out,echec,2026-03-17,319.0,USSD,4185
TX0004186,AG14,+226 769 48 86 449,22885,in,Reussie,2026-03-17,572.0,Agent,4186
TX0004187,AG12,737 13 99 058,3883,in,ok,2026-03-17,97.0,Agent,4187
TX0004188,AG16,787 26 64 728,2124,in,REUSSI,2026-03-17,53.0,Agent,4188
TX0004189,AG15,7201239672,1717,in,REUSSI,2026-03-17,43.0,app,4189
TX0004190,AG13,737 07 45 546,736,in,OK,2026-03-17,18.0,Agent,4190
TX0004191,AG06,748 82 49 945,26585,out,ok,2026-03-17,266.0,Agent,4191
TX0004192,AG04,+226 773 01 26 069,8086,in,REUSSI,2026-03-17,202.0,USSD,4192
TX0004193,AG02,+226 762 54 07 494,1875,in,ok,2026-03-17,47.0,Agent,4193
TX0004194,AG09,+226 771 81 85 662,4230,out,OK,2026-03-17,42.0,Agent,4194
TX0004195,AG06,+226 734 25 02 056,6897,in,OK,2026-03-17,172.0,app,4195
TX0004196,AG09,765 40 61 428,2151,in,REUSSI,2026-03-17,54.0,USSD,4196
TX0004197,AG15,700 38 89 543,1082,out,OK,2026-03-17,11.0,USSD,4197
TX0004198,AG09,+226 761 87 88 752,1242,out,OK,2026-03-17,12.0,USSD,4198
TX0004199,AG08,721 01 83 407,1201,in,REUSSI,2026-03-17,30.0,Agent,4199
TX0004200,AG06,719 77 48 964,7810,in,REUSSI,2026-03-17,195.0,Agent,4200
TX0004201,AG10,+226 700 02 17 693,2020,out,OK,2026-03-17,20.0,Agent,4201
TX0004202,AG04,712 46 20 895,6885,in,ok,2026-03-17,172.0,USSD,4202
TX0004203,AG06,7495867337,4035,out,ok,2026-03-17,40.0,USSD,4203
TX0004204,AG01,7442740923,1775,in,REUSSI,2026-03-17,44.0,Agent,4204
TX0004205,AG09,781 94 49 042,1708,out,echec,2026-03-17,17.0,Agent,4205
TX0004206,AG02,740 27 04 045,928,out,REUSSI,2026-03-17,9.0,USSD,4206
TX0004207,AG16,7581863569,1886,in,ok,2026-03-17,47.0,Agent,4207
TX0004208,AG13,+226 705 20 65 447,2877,in,ok,2026-03-17,72.0,Agent,4208
TX0004209,AG14,7432774238,3791,in,REUSSI,2026-03-17,95.0,USSD,4209
TX0004210,AG15,+226 762 02 33 982,3801,in,Reussie,2026-03-17,95.0,USSD,4210
TX0004211,AG03,759 92 92 239,3021,out,OK,2026-03-17,30.0,app,4211
TX0004212,AG18,+226 799 43 97 991,4043,in,REUSSI,2026-03-17,101.0,Agent,4212
TX0004213,AG14,726 75 72 282,934,in,Reussie,2026-03-17,23.0,Agent,4213
TX0004214,AG05,706 75 54 295,1948,in,REUSSI,2026-03-17,49.0,USSD,4214
TX0004215,AG16,+226 779 29 56 864,626,in,REUSSI,2026-03-17,16.0,Agent,4215
TX0004216,AG10,766 53 46 386,960,in,REUSSI,2026-03-17,24.0,USSD,4216
TX0004217,AG03,+226 759 15 29 512,890,in,OK,2026-03-17,22.0,Agent,4217
TX0004218,AG08,+226 700 79 82 402,1192,in,ok,2026-03-17,30.0,USSD,4218
TX0004219,AG13,744 21 48 517,3908,in,OK,2026-03-17,98.0,Agent,4219
TX0004220,AG05,768 23 28 247,5752,in,Echouee,2026-03-17,144.0,Agent,4220
TX0004221,AG10,786 63 92 253,4086,in,Reussie,2026-03-17,102.0,USSD,4221
TX0004222,AG05,+226 704 87 38 758,2489,out,echec,2026-03-17,25.0,USSD,4222
TX0004223,AG20,728 79 77 067,874,in,REUSSI,2026-03-17,22.0,USSD,4223
TX0004224,AG02,+226 756 12 37 259,3143,in,Echouee,2026-03-17,79.0,USSD,4224
TX0004225,AG06,716 09 41 612,3239,in,OK,2026-03-17,81.0,USSD,4225
TX0004226,AG02,762 81 48 849,10709,out,OK,2026-03-17,107.0,Agent,4226
TX0004227,AG02,+226 786 00 74 067,5555,out,Reussie,2026-03-17,56.0,USSD,4227
TX0004228,AG02,7140733446,1092,in,Reussie,2026-03-17,27.0,USSD,4228
TX0004229,AG13,+226 748 15 69 849,2168,in,OK,2026-03-17,54.0,USSD,4229
TX0004230,AG20,7048757516,1020,in,ok,2026-03-17,26.0,USSD,4230
TX0004231,AG17,+226 720 40 53 653,4626,in,Reussie,2026-03-17,116.0,Agent,4231
TX0004232,AG03,+226 774 39 35 373,1981,in,ok,2026-03-17,50.0,Agent,4232
TX0004233,AG14,7574598646,1134,out,REUSSI,2026-03-17,11.0,Agent,4233
TX0004234,AG19,741 11 64 939,2907,out,OK,2026-03-17,29.0,USSD,4234
TX0004235,AG08,773 96 27 484,944,out,echec,2026-03-17,9.0,USSD,4235
TX0004236,AG16,707 48 45 692,1213,out,Echouee,2026-03-17,12.0,Agent,4236
TX0004237,AG18,719 97 98 662,4428,out,ok,2026-03-17,44.0,Agent,4237
TX0004238,AG20,+226 765 27 74 268,3909,out,OK,2026-03-17,39.0,USSD,4238
TX0004239,AG17,770 22 19 578,4511,out,REUSSI,2026-03-17,45.0,Agent,4239
TX0004240,AG07,771 47 41 450,5054,out,echec,2026-03-17,51.0,Agent,4240
TX0004241,AG13,+226 700 35 49 125,3079,in,Reussie,2026-03-17,77.0,Agent,4241
TX0004242,AG11,+226 787 17 41 440,22907,out,echec,2026-03-17,229.0,app,4242
TX0004243,AG01,7758546930,1943,in,Reussie,2026-03-17,49.0,USSD,4243
TX0004244,AG12,7566822475,6141,in,Reussie,2026-03-18,154.0,Agent,4244
TX0004245,AG09,+226 759 33 05 637,1107,out,ok,2026-03-18,11.0,Agent,4245
TX0004246,AG04,714 18 41 223,2025,out,OK,2026-03-18,20.0,Agent,4246
TX0004247,AG08,735 39 32 402,3107,in,OK,2026-03-18,78.0,Agent,4247
TX0004248,AG01,+226 718 09 52 840,2369,in,ok,2026-03-18,59.0,USSD,4248
TX0004249,AG07,+226 790 56 51 315,1401,out,echec,2026-03-18,14.0,USSD,4249
TX0004250,AG12,+226 753 04 10 601,1117,in,ok,2026-03-18,28.0,Agent,4250
TX0004251,AG04,7369776946,1891,in,ok,2026-03-18,47.0,USSD,4251
TX0004252,AG14,755 69 85 749,7138,in,Reussie,2026-03-18,178.0,app,4252
TX0004253,AG06,+226 793 04 95 399,3774,out,Echouee,2026-03-18,38.0,USSD,4253
TX0004254,AG10,769 96 70 661,2019,out,Reussie,2026-03-18,20.0,Agent,4254
TX0004255,AG14,7979450013,1983,in,OK,2026-03-18,50.0,Agent,4255
TX0004256,AG15,720 14 92 408,3420,in,echec,2026-03-18,86.0,USSD,4256
TX0004257,AG03,703 11 74 551,2359,in,ok,2026-03-18,59.0,Agent,4257
TX0004258,AG11,7838984306,8375,out,REUSSI,2026-03-18,84.0,Agent,4258
TX0004259,AG14,741 91 57 475,623,in,ok,2026-03-18,16.0,Agent,4259
TX0004260,AG10,764 33 94 918,3267,out,OK,2026-03-18,33.0,USSD,4260
TX0004261,AG02,7954699527,9067,in,Echouee,2026-03-18,227.0,USSD,4261
TX0004262,AG05,7107128658,2218,out,OK,2026-03-18,22.0,USSD,4262
TX0004263,AG18,+226 787 64 84 701,1077,in,REUSSI,2026-03-18,27.0,Agent,4263
TX0004264,AG11,7769900060,5929,in,OK,2026-03-18,148.0,USSD,4264
TX0004265,AG02,+226 719 39 11 780,1351,in,REUSSI,2026-03-18,34.0,USSD,4265
TX0004266,AG19,712 07 66 895,1551,in,ok,2026-03-18,39.0,USSD,4266
TX0004267,AG12,776 23 47 673,19913,out,Reussie,2026-03-18,199.0,Agent,4267
TX0004268,AG05,+226 766 27 34 868,7544,in,Reussie,2026-03-18,189.0,USSD,4268
TX0004269,AG07,732 28 31 208,2435,in,echec,2026-03-18,61.0,USSD,4269
TX0004270,AG16,743 59 31 988,1981,in,ok,2026-03-18,50.0,Agent,4270
TX0004271,AG16,+226 708 15 86 740,8982,in,echec,2026-03-18,225.0,Agent,4271
TX0004272,AG04,7080151318,6150,out,Reussie,2026-03-18,62.0,Agent,4272
TX0004273,AG13,792 95 69 996,2349,out,Reussie,2026-03-18,23.0,Agent,4273
TX0004274,AG07,7273829401,2207,out,REUSSI,2026-03-18,22.0,Agent,4274
TX0004275,AG02,7700980409,34191,in,echec,2026-03-18,855.0,Agent,4275
TX0004276,AG08,+226 761 93 74 346,1606,out,REUSSI,2026-03-18,16.0,USSD,4276
TX0004277,AG18,+226 775 53 90 273,4006,in,OK,2026-03-18,100.0,Agent,4277
TX0004278,AG05,789 29 77 089,1122,out,Echouee,2026-03-18,11.0,USSD,4278
TX0004279,AG06,+226 707 34 88 294,1826,out,REUSSI,2026-03-18,18.0,app,4279
TX0004280,AG02,701 46 04 253,2154,out,REUSSI,2026-03-18,22.0,USSD,4280
TX0004281,AG19,7615104040,12061,out,OK,2026-03-18,121.0,Agent,4281
TX0004282,AG13,753 95 25 089,10196,out,Reussie,2026-03-18,102.0,USSD,4282
TX0004283,AG02,782 35 69 143,1962,in,OK,2026-03-18,49.0,USSD,4283
TX0004284,AG10,+226 731 83 13 338,6928,out,Reussie,2026-03-18,69.0,Agent,4284
TX0004285,AG01,+226 755 29 12 526,3967,out,ok,2026-03-18,40.0,Agent,4285
TX0004286,AG08,+226 763 10 38 873,2396,in,OK,2026-03-18,60.0,USSD,4286
TX0004287,AG13,713 49 25 431,2205,out,REUSSI,2026-03-18,22.0,Agent,4287
TX0004288,AG05,+226 733 90 66 337,1407,out,Echouee,2026-03-18,14.0,USSD,4288
TX0004289,AG13,+226 737 53 79 487,12751,in,Reussie,2026-03-18,319.0,Agent,4289
TX0004290,AG17,+226 700 28 93 467,2403,in,ok,2026-03-18,60.0,USSD,4290
TX0004291,AG03,748 12 97 482,4946,in,Echouee,2026-03-18,124.0,USSD,4291
TX0004292,AG17,+226 776 00 99 510,7498,out,OK,2026-03-18,75.0,USSD,4292
TX0004293,AG13,+226 775 76 18 054,1486,in,ok,2026-03-18,37.0,USSD,4293
TX0004294,AG18,761 80 23 889,1559,out,OK,2026-03-18,16.0,Agent,4294
TX0004295,AG16,763 05 39 009,670,in,REUSSI,2026-03-18,17.0,USSD,4295
TX0004296,AG16,7096180948,3732,in,OK,2026-03-18,93.0,app,4296
TX0004297,AG15,+226 722 46 26 702,659,out,OK,2026-03-18,7.0,Agent,4297
TX0004298,AG04,727 61 65 992,659,in,ok,2026-03-18,16.0,Agent,4298
TX0004299,AG18,7460045907,2251,in,ok,2026-03-18,56.0,Agent,4299
TX0004300,AG11,+226 752 71 38 177,3429,in,OK,2026-03-18,86.0,USSD,4300
TX0004301,AG05,762 69 73 398,2642,in,Reussie,2026-03-19,66.0,app,4301
TX0004302,AG06,777 07 09 900,359,out,Reussie,2026-03-19,4.0,Agent,4302
TX0004303,AG11,734 66 95 554,5515,out,OK,2026-03-19,55.0,USSD,4303
TX0004304,AG14,7472786677,2832,in,OK,2026-03-19,71.0,USSD,4304
TX0004305,AG19,+226 775 78 62 626,1524,in,ok,2026-03-19,38.0,Agent,4305
TX0004306,AG15,776 34 71 139,7803,out,Echouee,2026-03-19,78.0,Agent,4306
TX0004307,AG19,+226 711 89 45 046,3375,out,ok,2026-03-19,34.0,USSD,4307
TX0004308,AG01,+226 797 59 50 206,3033,out,REUSSI,2026-03-19,30.0,Agent,4308
TX0004309,AG11,783 95 95 499,2933,in,OK,2026-03-19,73.0,Agent,4309
TX0004310,AG07,+226 727 55 56 563,566,out,OK,2026-03-19,6.0,Agent,4310
TX0004311,AG02,+226 787 41 44 202,3000,in,REUSSI,2026-03-19,75.0,app,4311
TX0004312,AG06,713 67 09 226,1100,out,Reussie,2026-03-19,11.0,Agent,4312
TX0004313,AG10,715 78 07 575,2894,out,REUSSI,2026-03-19,29.0,Agent,4313
TX0004314,AG15,+226 772 89 88 926,1263,out,ok,2026-03-19,13.0,Agent,4314
TX0004315,AG08,+226 712 31 69 698,1532,out,REUSSI,2026-03-19,15.0,app,4315
TX0004316,AG04,744 20 24 564,29857,out,OK,2026-03-19,299.0,USSD,4316
TX0004317,AG11,+226 761 52 68 693,2423,in,Reussie,2026-03-19,61.0,Agent,4317
TX0004318,AG12,+226 762 39 19 668,6253,out,echec,2026-03-19,63.0,USSD,4318
TX0004319,AG13,+226 779 71 56 156,9203,in,Echouee,2026-03-19,230.0,Agent,4319
TX0004320,AG02,+226 715 26 43 122,19435,out,REUSSI,2026-03-19,194.0,app,4320
TX0004321,AG14,757 47 74 138,9920,in,Reussie,2026-03-19,248.0,USSD,4321
TX0004322,AG01,+226 722 35 90 513,2126,in,echec,2026-03-19,53.0,USSD,4322
TX0004323,AG01,7379334051,6146,out,Echouee,2026-03-19,61.0,Agent,4323
TX0004324,AG07,7169467260,4486,in,REUSSI,2026-03-19,112.0,Agent,4324
TX0004325,AG04,758 77 86 969,628,in,Echouee,2026-03-19,16.0,USSD,4325
TX0004326,AG05,+226 780 47 77 232,984,in,Echouee,2026-03-19,25.0,USSD,4326
TX0004327,AG02,+226 784 82 14 544,3981,out,OK,2026-03-19,40.0,Agent,4327
TX0004328,AG19,737 16 49 917,1206,out,REUSSI,2026-03-19,12.0,Agent,4328
TX0004329,AG10,+226 724 10 29 773,4656,out,Echouee,2026-03-19,47.0,Agent,4329
TX0004330,AG17,7455751224,2496,in,ok,2026-03-19,62.0,USSD,4330
TX0004331,AG15,762 06 53 405,4355,out,Echouee,2026-03-19,44.0,Agent,4331
TX0004332,AG11,7704784037,2969,in,OK,2026-03-19,74.0,Agent,4332
TX0004333,AG11,7301649929,2385,in,REUSSI,2026-03-19,60.0,Agent,4333
TX0004334,AG04,700 59 50 338,2514,out,REUSSI,2026-03-19,25.0,Agent,4334
TX0004335,AG15,781 85 22 381,1797,in,OK,2026-03-19,45.0,Agent,4335
TX0004336,AG12,+226 782 90 05 263,2403,in,OK,2026-03-19,60.0,USSD,4336
TX0004337,AG20,737 82 62 654,4082,out,OK,2026-03-19,41.0,Agent,4337
TX0004338,AG04,770 95 64 559,7541,in,ok,2026-03-19,189.0,USSD,4338
TX0004339,AG18,743 89 13 825,3959,in,OK,2026-03-19,99.0,Agent,4339
TX0004340,AG18,+226 730 79 61 994,11673,out,ok,2026-03-19,117.0,Agent,4340
TX0004341,AG02,754 96 86 167,188,out,echec,2026-03-19,2.0,Agent,4341
TX0004342,AG15,768 58 72 120,1800,in,echec,2026-03-19,45.0,app,4342
TX0004343,AG06,+226 708 40 64 050,1895,in,REUSSI,2026-03-19,47.0,Agent,4343
TX0004344,AG15,782 11 87 725,2043,in,Echouee,2026-03-19,51.0,Agent,4344
TX0004345,AG08,729 62 16 928,823,in,REUSSI,2026-03-19,21.0,Agent,4345
TX0004346,AG09,739 97 74 216,4017,out,echec,2026-03-19,40.0,USSD,4346
TX0004347,AG02,799 38 06 234,1751,out,Echouee,2026-03-19,18.0,Agent,4347
TX0004348,AG20,+226 727 79 89 137,1062,out,ok,2026-03-19,11.0,Agent,4348
TX0004349,AG05,763 06 27 453,4607,out,ok,2026-03-19,46.0,app,4349
TX0004350,AG01,+226 794 90 40 704,5108,in,REUSSI,2026-03-19,128.0,Agent,4350
TX0004351,AG19,7664908449,7460,in,echec,2026-03-19,186.0,Agent,4351
TX0004352,AG12,7119749608,2130,out,ok,2026-03-19,21.0,USSD,4352
TX0004353,AG15,716 93 46 428,8296,in,ok,2026-03-19,207.0,Agent,4353
TX0004354,AG02,+226 798 93 15 906,1298,in,ok,2026-03-19,32.0,Agent,4354
TX0004355,AG16,+226 791 56 43 485,8441,in,OK,2026-03-19,211.0,Agent,4355
TX0004356,AG16,7971650247,1100,in,REUSSI,2026-03-19,28.0,Agent,4356
TX0004357,AG02,700 69 99 656,1707,out,REUSSI,2026-03-19,17.0,Agent,4357
TX0004358,AG03,+226 703 73 51 783,623,out,REUSSI,2026-03-19,6.0,Agent,4358
TX0004359,AG03,708 98 02 323,6606,out,REUSSI,2026-03-19,66.0,Agent,4359
TX0004360,AG18,+226 766 50 74 955,1036,out,OK,2026-03-19,10.0,Agent,4360
TX0004361,AG03,+226 704 96 94 342,1979,in,Reussie,2026-03-19,49.0,USSD,4361
TX0004362,AG05,+226 700 71 92 235,10074,in,Reussie,2026-03-19,252.0,USSD,4362
TX0004363,AG19,7235441728,554,in,Reussie,2026-03-19,14.0,Agent,4363
TX0004364,AG11,+226 715 90 25 726,3130,in,echec,2026-03-19,78.0,USSD,4364
TX0004365,AG18,749 74 07 554,1602,in,Echouee,2026-03-19,40.0,USSD,4365
TX0004366,AG06,703 42 59 534,3526,out,Reussie,2026-03-19,35.0,Agent,4366
TX0004367,AG02,797 40 21 096,1363,out,REUSSI,2026-03-19,14.0,USSD,4367
TX0004368,AG04,795 40 53 050,2652,in,ok,2026-03-19,66.0,USSD,4368
TX0004369,AG07,+226 771 55 63 142,3738,in,Reussie,2026-03-20,93.0,Agent,4369
TX0004370,AG15,7688009528,6929,out,ok,2026-03-20,69.0,USSD,4370
TX0004371,AG07,+226 720 90 49 191,16356,in,ok,2026-03-20,409.0,app,4371
TX0004372,AG18,741 85 43 745,6654,in,REUSSI,2026-03-20,166.0,Agent,4372
TX0004373,AG20,+226 752 76 49 682,1172,out,OK,2026-03-20,12.0,Agent,4373
TX0004374,AG15,740 88 03 277,3067,in,echec,2026-03-20,77.0,USSD,4374
TX0004375,AG02,7299761297,1274,out,echec,2026-03-20,13.0,USSD,4375
TX0004376,AG01,+226 714 89 06 802,415,out,ok,2026-03-20,4.0,USSD,4376
TX0004377,AG17,7338313136,1748,in,Reussie,2026-03-20,44.0,USSD,4377
TX0004378,AG12,+226 752 82 41 322,967,in,echec,2026-03-20,24.0,USSD,4378
TX0004379,AG04,793 53 79 661,3206,in,ok,2026-03-20,80.0,app,4379
TX0004380,AG10,7905331244,1267,out,echec,2026-03-20,13.0,Agent,4380
TX0004381,AG12,786 82 81 190,1160,in,ok,2026-03-20,29.0,USSD,4381
TX0004382,AG04,7200994034,1309,in,Reussie,2026-03-20,33.0,USSD,4382
TX0004383,AG03,705 86 18 132,954,in,REUSSI,2026-03-20,24.0,app,4383
TX0004384,AG09,7879675182,10833,in,REUSSI,2026-03-20,271.0,USSD,4384
TX0004385,AG15,7926369919,7134,in,Echouee,2026-03-20,178.0,Agent,4385
TX0004386,AG11,+226 749 78 90 326,3229,in,OK,2026-03-20,81.0,USSD,4386
TX0004387,AG08,+226 762 63 13 959,430,out,OK,2026-03-20,4.0,Agent,4387
TX0004388,AG09,701 03 93 005,1548,in,OK,2026-03-20,39.0,USSD,4388
TX0004389,AG06,7561676584,1358,in,ok,2026-03-20,34.0,Agent,4389
TX0004390,AG14,736 24 09 899,3249,in,Reussie,2026-03-20,81.0,USSD,4390
TX0004391,AG11,+226 766 84 68 575,767,in,Echouee,2026-03-20,19.0,Agent,4391
TX0004392,AG05,+226 787 42 78 893,588,in,echec,2026-03-20,15.0,USSD,4392
TX0004393,AG08,+226 725 65 49 830,6794,out,OK,2026-03-20,68.0,Agent,4393
TX0004394,AG03,+226 729 65 83 611,12014,in,echec,2026-03-20,300.0,app,4394
TX0004395,AG05,743 67 83 723,6169,in,REUSSI,2026-03-20,154.0,USSD,4395
TX0004396,AG12,7987333810,1803,out,OK,2026-03-20,18.0,Agent,4396
TX0004397,AG12,7041769177,8775,in,echec,2026-03-20,219.0,USSD,4397
TX0004398,AG18,+226 705 12 05 640,13444,in,ok,2026-03-20,336.0,app,4398
TX0004399,AG08,+226 742 68 07 949,5833,in,echec,2026-03-20,146.0,USSD,4399
TX0004400,AG06,7945718030,2237,out,OK,2026-03-20,22.0,app,4400
TX0004401,AG05,+226 794 50 77 178,4874,out,OK,2026-03-20,49.0,app,4401
TX0004402,AG02,+226 794 49 80 222,12870,in,Reussie,2026-03-20,322.0,Agent,4402
TX0004403,AG13,786 65 51 612,1619,out,REUSSI,2026-03-20,16.0,Agent,4403
TX0004404,AG13,749 08 56 187,7660,in,ok,2026-03-20,192.0,USSD,4404
TX0004405,AG20,702 34 91 933,3746,in,REUSSI,2026-03-20,94.0,Agent,4405
TX0004406,AG08,778 87 51 521,3429,out,ok,2026-03-20,34.0,Agent,4406
TX0004407,AG12,724 68 57 642,237,in,OK,2026-03-20,6.0,USSD,4407
TX0004408,AG09,7622565402,3738,in,Reussie,2026-03-20,93.0,Agent,4408
TX0004409,AG05,+226 721 51 80 635,2053,in,REUSSI,2026-03-20,51.0,Agent,4409
TX0004410,AG12,+226 758 24 24 995,6009,out,Echouee,2026-03-20,60.0,Agent,4410
TX0004411,AG06,7809598751,7634,out,ok,2026-03-20,76.0,Agent,4411
TX0004412,AG07,7174452822,1288,out,OK,2026-03-20,13.0,Agent,4412
TX0004413,AG12,+226 765 58 21 359,4046,out,echec,2026-03-20,40.0,app,4413
TX0004414,AG08,7210382878,3449,out,Reussie,2026-03-20,34.0,Agent,4414
TX0004415,AG12,+226 710 36 64 844,20036,in,Echouee,2026-03-20,501.0,app,4415
TX0004416,AG12,7272596522,5041,in,OK,2026-03-20,126.0,Agent,4416
TX0004417,AG12,+226 750 13 23 163,2104,out,Reussie,2026-03-20,21.0,Agent,4417
TX0004418,AG19,706 97 88 545,4585,in,ok,2026-03-20,115.0,USSD,4418
TX0004419,AG18,728 90 87 520,3423,out,OK,2026-03-20,34.0,Agent,4419
TX0004420,AG01,+226 739 59 30 078,5230,in,ok,2026-03-20,131.0,USSD,4420
TX0004421,AG16,793 83 83 668,3458,in,echec,2026-03-20,86.0,Agent,4421
TX0004422,AG02,7926930990,7866,out,OK,2026-03-20,79.0,USSD,4422
TX0004423,AG05,742 42 57 507,3636,out,REUSSI,2026-03-20,36.0,Agent,4423
TX0004424,AG05,779 09 25 038,599,in,Reussie,2026-03-20,15.0,Agent,4424
TX0004425,AG15,709 99 21 712,6714,in,REUSSI,2026-03-20,168.0,USSD,4425
TX0004426,AG20,7245239780,1382,out,ok,2026-03-20,14.0,USSD,4426
TX0004427,AG18,715 92 25 856,752,in,ok,2026-03-20,19.0,app,4427
TX0004428,AG07,718 03 47 076,1128,in,Reussie,2026-03-20,28.0,Agent,4428
TX0004429,AG20,7125657973,10901,in,OK,2026-03-20,273.0,Agent,4429
TX0004430,AG02,+226 702 37 93 947,3716,in,Reussie,2026-03-20,93.0,USSD,4430
TX0004431,AG11,+226 759 82 91 536,1290,in,Reussie,2026-03-20,32.0,Agent,4431
TX0004432,AG17,765 25 59 756,696,out,OK,2026-03-20,7.0,Agent,4432
TX0004433,AG04,+226 769 29 82 820,4078,out,Echouee,2026-03-20,41.0,USSD,4433
TX0004434,AG05,+226 785 08 03 294,5450,out,Reussie,2026-03-20,54.0,USSD,4434
TX0004435,AG18,728 20 44 750,3060,in,REUSSI,2026-03-20,76.0,USSD,4435
TX0004436,AG20,7292346340,6371,in,REUSSI,2026-03-20,159.0,Agent,4436
TX0004437,AG04,+226 741 90 95 767,1003,out,Reussie,2026-03-20,10.0,Agent,4437
TX0004438,AG07,7316483214,917,out,ok,2026-03-20,9.0,app,4438
TX0004439,AG12,+226 724 17 24 065,9203,out,Reussie,2026-03-20,92.0,USSD,4439
TX0004440,AG01,754 12 48 402,4533,in,ok,2026-03-20,113.0,USSD,4440
TX0004441,AG15,7007966120,9064,in,ok,2026-03-20,227.0,app,4441
TX0004442,AG17,781 41 92 028,776,out,REUSSI,2026-03-21,8.0,Agent,4442
TX0004443,AG08,797 57 72 276,2313,in,OK,2026-03-21,58.0,Agent,4443
TX0004444,AG09,706 17 67 725,5582,out,Echouee,2026-03-21,56.0,app,4444
TX0004445,AG05,785 85 08 925,11070,in,OK,2026-03-21,277.0,Agent,4445
TX0004446,AG06,+226 733 27 98 173,2869,out,echec,2026-03-21,29.0,USSD,4446
TX0004447,AG11,752 60 64 543,3197,in,OK,2026-03-21,80.0,Agent,4447
TX0004448,AG13,754 12 66 990,2622,out,REUSSI,2026-03-21,26.0,Agent,4448
TX0004449,AG10,733 11 27 815,6779,in,ok,2026-03-21,169.0,USSD,4449
TX0004450,AG13,743 23 81 215,564,out,OK,2026-03-21,6.0,Agent,4450
TX0004451,AG07,7515647862,2581,out,Reussie,2026-03-21,26.0,app,4451
TX0004452,AG18,785 23 53 721,1557,in,Reussie,2026-03-21,39.0,Agent,4452
TX0004453,AG19,711 08 57 361,1987,out,OK,2026-03-21,20.0,Agent,4453
TX0004454,AG14,+226 785 42 71 802,15299,in,ok,2026-03-21,382.0,Agent,4454
TX0004455,AG20,746 24 90 589,5955,in,REUSSI,2026-03-21,149.0,Agent,4455
TX0004456,AG14,+226 797 83 21 899,875,out,Reussie,2026-03-21,9.0,USSD,4456
TX0004457,AG11,+226 700 65 39 651,3543,in,REUSSI,2026-03-21,89.0,USSD,4457
TX0004458,AG02,+226 771 09 20 490,629,in,REUSSI,2026-03-21,16.0,USSD,4458
TX0004459,AG14,752 15 40 685,3721,out,REUSSI,2026-03-21,37.0,Agent,4459
TX0004460,AG12,+226 768 76 65 930,860,out,Reussie,2026-03-21,9.0,USSD,4460
TX0004461,AG18,+226 764 86 81 430,1301,in,REUSSI,2026-03-21,33.0,Agent,4461
TX0004462,AG16,+226 787 70 37 256,5710,out,ok,2026-03-21,57.0,Agent,4462
TX0004463,AG09,734 72 54 989,638,out,REUSSI,2026-03-21,6.0,Agent,4463
TX0004464,AG01,7532652106,2587,in,REUSSI,2026-03-21,65.0,app,4464
TX0004465,AG04,7432078120,3316,in,echec,2026-03-21,83.0,Agent,4465
TX0004466,AG02,757 75 57 635,1741,out,OK,2026-03-21,17.0,USSD,4466
TX0004467,AG07,7113150102,872,out,OK,2026-03-21,9.0,app,4467
TX0004468,AG13,+226 797 60 28 794,460,in,REUSSI,2026-03-21,12.0,USSD,4468
TX0004469,AG17,722 74 74 300,2565,in,Reussie,2026-03-21,64.0,USSD,4469
TX0004470,AG10,7691145183,2604,in,echec,2026-03-21,65.0,Agent,4470
TX0004471,AG04,+226 790 66 65 812,1208,out,OK,2026-03-21,12.0,Agent,4471
TX0004472,AG04,7793565045,2255,out,Reussie,2026-03-21,23.0,Agent,4472
TX0004473,AG05,771 20 40 743,364,out,Echouee,2026-03-21,4.0,USSD,4473
TX0004474,AG10,7627412532,688,out,OK,2026-03-21,7.0,USSD,4474
TX0004475,AG09,+226 758 59 40 664,2623,out,Reussie,2026-03-21,26.0,Agent,4475
TX0004476,AG16,7859967090,1714,in,ok,2026-03-21,43.0,Agent,4476
TX0004477,AG03,+226 724 24 55 523,659,in,REUSSI,2026-03-21,16.0,USSD,4477
TX0004478,AG08,+226 717 88 89 284,349,out,Echouee,2026-03-21,3.0,Agent,4478
TX0004479,AG04,+226 794 80 23 334,972,in,Reussie,2026-03-21,24.0,Agent,4479
TX0004480,AG13,787 21 56 226,1625,out,echec,2026-03-21,16.0,USSD,4480
TX0004481,AG10,732 73 85 352,6359,in,OK,2026-03-21,159.0,Agent,4481
TX0004482,AG17,790 87 42 192,2681,out,echec,2026-03-21,27.0,USSD,4482
TX0004483,AG06,+226 704 84 44 014,1358,in,OK,2026-03-21,34.0,Agent,4483
TX0004484,AG02,752 19 32 362,455,out,OK,2026-03-21,5.0,USSD,4484
TX0004485,AG19,+226 752 18 91 851,26771,in,OK,2026-03-22,669.0,USSD,4485
TX0004486,AG01,7092324284,1861,in,ok,2026-03-22,47.0,USSD,4486
TX0004487,AG06,+226 722 41 86 500,2011,in,Reussie,2026-03-22,50.0,USSD,4487
TX0004488,AG17,+226 716 93 90 622,3251,in,Echouee,2026-03-22,81.0,USSD,4488
TX0004489,AG02,7943847728,1875,in,REUSSI,2026-03-22,47.0,Agent,4489
TX0004490,AG11,+226 702 22 74 763,6675,in,REUSSI,2026-03-22,167.0,USSD,4490
TX0004491,AG13,+226 757 51 62 055,762,in,ok,2026-03-22,19.0,USSD,4491
TX0004492,AG05,+226 735 72 53 993,1976,out,Echouee,2026-03-22,20.0,Agent,4492
TX0004493,AG04,747 64 51 269,1634,in,ok,2026-03-23,41.0,Agent,4493
TX0004494,AG03,726 93 55 451,2059,out,Reussie,2026-03-23,21.0,USSD,4494
TX0004495,AG02,+226 778 30 09 291,932,in,Reussie,2026-03-23,23.0,USSD,4495
TX0004496,AG06,+226 700 40 89 141,1166,in,ok,2026-03-23,29.0,USSD,4496
TX0004497,AG02,799 66 35 863,3341,out,OK,2026-03-23,33.0,Agent,4497
TX0004498,AG19,+226 799 00 23 402,1289,out,ok,2026-03-23,13.0,app,4498
TX0004499,AG03,773 44 26 681,3296,in,ok,2026-03-23,82.0,Agent,4499
TX0004500,AG10,+226 728 61 61 517,3395,out,Echouee,2026-03-23,34.0,USSD,4500
TX0004501,AG17,7050634283,2566,in,OK,2026-03-23,64.0,Agent,4501
TX0004502,AG10,738 32 70 822,7162,out,OK,2026-03-23,72.0,USSD,4502
TX0004503,AG06,719 97 35 064,1443,out,echec,2026-03-23,14.0,Agent,4503
TX0004504,AG01,734 95 27 404,4018,out,Echouee,2026-03-23,40.0,Agent,4504
TX0004505,AG14,+226 773 73 93 904,830,in,echec,2026-03-23,21.0,Agent,4505
TX0004506,AG12,790 94 53 617,7159,out,OK,2026-03-23,72.0,app,4506
TX0004507,AG12,+226 770 07 95 093,1149,out,OK,2026-03-23,11.0,USSD,4507
TX0004508,AG11,+226 729 63 51 053,1689,in,Reussie,2026-03-23,42.0,USSD,4508
TX0004509,AG18,7226735071,1877,out,REUSSI,2026-03-23,19.0,app,4509
TX0004510,AG11,730 76 90 487,5081,in,ok,2026-03-23,127.0,Agent,4510
TX0004511,AG08,785 92 23 048,1567,out,REUSSI,2026-03-23,16.0,USSD,4511
TX0004512,AG17,+226 792 63 56 686,1407,in,OK,2026-03-23,35.0,USSD,4512
TX0004513,AG06,+226 711 88 80 063,905,in,echec,2026-03-23,23.0,app,4513
TX0004514,AG04,776 44 65 037,2039,out,OK,2026-03-23,20.0,app,4514
TX0004515,AG20,786 77 66 986,2102,in,OK,2026-03-23,53.0,Agent,4515
TX0004516,AG08,+226 709 91 97 774,2941,in,echec,2026-03-23,74.0,Agent,4516
TX0004517,AG14,+226 781 12 80 489,1842,out,Reussie,2026-03-23,18.0,app,4517
TX0004518,AG17,761 79 96 447,5269,in,OK,2026-03-23,132.0,USSD,4518
TX0004519,AG07,7680834463,2089,in,ok,2026-03-23,52.0,USSD,4519
TX0004520,AG12,+226 750 45 06 317,3569,out,OK,2026-03-23,36.0,Agent,4520
TX0004521,AG18,+226 756 08 16 764,1401,in,Echouee,2026-03-23,35.0,USSD,4521
TX0004522,AG19,761 09 98 855,1490,in,REUSSI,2026-03-23,37.0,Agent,4522
TX0004523,AG18,+226 785 34 12 107,459,in,REUSSI,2026-03-23,11.0,Agent,4523
TX0004524,AG10,716 11 94 873,1625,in,ok,2026-03-23,41.0,USSD,4524
TX0004525,AG17,7417769032,2906,out,OK,2026-03-23,29.0,USSD,4525
TX0004526,AG18,+226 722 91 09 154,405,in,OK,2026-03-23,10.0,Agent,4526
TX0004527,AG14,730 30 67 720,4498,in,ok,2026-03-23,112.0,Agent,4527
TX0004528,AG15,706 03 27 471,7848,out,ok,2026-03-23,78.0,Agent,4528
TX0004529,AG09,+226 723 23 12 621,2852,out,Echouee,2026-03-23,29.0,Agent,4529
TX0004530,AG18,7148235298,5357,in,ok,2026-03-23,134.0,Agent,4530
TX0004531,AG13,7263883528,5307,out,OK,2026-03-23,53.0,USSD,4531
TX0004532,AG18,705 06 90 733,6573,in,ok,2026-03-23,164.0,Agent,4532
TX0004533,AG14,+226 790 84 86 588,2661,in,ok,2026-03-23,67.0,Agent,4533
TX0004534,AG10,+226 736 40 76 970,6815,in,OK,2026-03-23,170.0,Agent,4534
TX0004535,AG14,+226 771 82 44 632,1953,in,REUSSI,2026-03-23,49.0,USSD,4535
TX0004536,AG09,+226 795 85 05 251,3598,out,ok,2026-03-23,36.0,app,4536
TX0004537,AG02,+226 796 80 38 321,2803,out,REUSSI,2026-03-23,28.0,Agent,4537
TX0004538,AG06,797 37 67 223,2191,in,OK,2026-03-23,55.0,USSD,4538
TX0004539,AG12,7369015438,9501,out,Reussie,2026-03-23,95.0,USSD,4539
TX0004540,AG20,704 27 99 204,10674,in,OK,2026-03-23,267.0,Agent,4540
TX0004541,AG11,+226 767 88 35 139,546,in,ok,2026-03-23,14.0,USSD,4541
TX0004542,AG04,781 68 91 870,746,out,Reussie,2026-03-23,7.0,Agent,4542
TX0004543,AG09,704 01 40 970,2879,out,Reussie,2026-03-23,29.0,USSD,4543
TX0004544,AG01,+226 769 89 54 799,2665,out,Echouee,2026-03-23,27.0,USSD,4544
TX0004545,AG17,+226 732 47 50 432,1126,out,ok,2026-03-23,11.0,Agent,4545
TX0004546,AG16,7474018589,1035,out,echec,2026-03-23,10.0,app,4546
TX0004547,AG18,798 89 25 904,2930,in,OK,2026-03-23,73.0,USSD,4547
TX0004548,AG11,752 96 95 185,4557,in,ok,2026-03-23,114.0,Agent,4548
TX0004549,AG04,+226 763 07 50 444,5394,out,ok,2026-03-23,54.0,Agent,4549
TX0004550,AG08,706 73 74 153,2955,out,OK,2026-03-23,30.0,Agent,4550
TX0004551,AG03,747 52 04 735,1380,out,Echouee,2026-03-23,14.0,USSD,4551
TX0004552,AG17,+226 742 64 00 183,3321,out,OK,2026-03-23,33.0,Agent,4552
TX0004553,AG10,7859166222,2264,in,Echouee,2026-03-23,57.0,USSD,4553
TX0004554,AG10,7649018494,520,out,echec,2026-03-23,5.0,USSD,4554
TX0004555,AG12,+226 796 21 18 733,1273,out,Reussie,2026-03-23,13.0,Agent,4555
TX0004556,AG14,707 47 44 431,939,in,ok,2026-03-23,23.0,USSD,4556
TX0004557,AG16,769 39 49 844,1954,in,ok,2026-03-23,49.0,Agent,4557
TX0004558,AG02,+226 793 35 02 561,3124,in,OK,2026-03-23,78.0,Agent,4558
TX0004559,AG15,+226 703 40 61 982,4303,in,REUSSI,2026-03-23,108.0,Agent,4559
TX0004560,AG07,+226 709 23 91 150,1872,out,OK,2026-03-23,19.0,Agent,4560
TX0004561,AG02,799 66 41 602,4419,in,OK,2026-03-23,110.0,Agent,4561
TX0004562,AG15,772 86 91 032,2446,out,OK,2026-03-23,24.0,Agent,4562
TX0004563,AG05,785 18 62 584,1602,out,Reussie,2026-03-23,16.0,USSD,4563
TX0004564,AG11,715 79 46 639,1472,in,OK,2026-03-23,37.0,Agent,4564
TX0004565,AG18,+226 783 54 00 361,604,in,REUSSI,2026-03-23,15.0,USSD,4565
TX0004566,AG06,7864204337,2280,in,Reussie,2026-03-23,57.0,Agent,4566
TX0004567,AG09,730 21 21 861,4420,in,REUSSI,2026-03-24,110.0,Agent,4567
TX0004568,AG17,+226 785 26 50 768,647,in,OK,2026-03-24,16.0,USSD,4568
TX0004569,AG01,762 28 01 895,5661,in,ok,2026-03-24,142.0,Agent,4569
TX0004570,AG12,733 91 39 499,568,in,Reussie,2026-03-24,14.0,USSD,4570
TX0004571,AG02,7342961258,1705,out,Echouee,2026-03-24,17.0,app,4571
TX0004572,AG13,768 48 23 365,683,in,ok,2026-03-24,17.0,USSD,4572
TX0004573,AG15,782 41 84 901,4162,out,echec,2026-03-24,42.0,Agent,4573
TX0004574,AG18,+226 705 49 54 726,665,out,Reussie,2026-03-24,7.0,USSD,4574
TX0004575,AG09,+226 754 85 51 833,3399,out,ok,2026-03-24,34.0,USSD,4575
TX0004576,AG13,7948912230,2834,in,OK,2026-03-24,71.0,USSD,4576
TX0004577,AG13,+226 753 83 03 588,3339,out,OK,2026-03-24,33.0,USSD,4577
TX0004578,AG10,+226 779 08 75 370,903,in,echec,2026-03-24,23.0,Agent,4578
TX0004579,AG09,+226 706 14 73 720,1407,out,ok,2026-03-24,14.0,Agent,4579
TX0004580,AG13,751 76 55 035,19330,out,REUSSI,2026-03-24,193.0,USSD,4580
TX0004581,AG10,+226 766 02 16 769,3057,in,OK,2026-03-24,76.0,Agent,4581
TX0004582,AG13,+226 784 55 82 650,1878,out,ok,2026-03-24,19.0,Agent,4582
TX0004583,AG05,7710831012,1263,out,OK,2026-03-24,13.0,Agent,4583
TX0004584,AG20,+226 708 73 64 229,744,in,REUSSI,2026-03-24,19.0,USSD,4584
TX0004585,AG18,+226 775 12 35 078,1794,in,OK,2026-03-24,45.0,Agent,4585
TX0004586,AG14,+226 701 20 04 848,4823,in,ok,2026-03-24,121.0,Agent,4586
TX0004587,AG18,7059322517,446,in,Reussie,2026-03-24,11.0,USSD,4587
TX0004588,AG14,+226 761 97 26 112,8630,in,OK,2026-03-24,216.0,Agent,4588
TX0004589,AG14,+226 770 35 99 276,6334,in,REUSSI,2026-03-24,158.0,USSD,4589
TX0004590,AG10,748 58 04 417,637,out,ok,2026-03-24,6.0,USSD,4590
TX0004591,AG14,777 33 67 373,8358,in,Echouee,2026-03-24,209.0,USSD,4591
TX0004592,AG07,+226 798 41 33 228,1965,in,REUSSI,2026-03-24,49.0,USSD,4592
TX0004593,AG10,+226 795 24 51 071,8192,out,OK,2026-03-24,82.0,Agent,4593
TX0004594,AG13,718 56 64 319,1840,in,Reussie,2026-03-24,46.0,Agent,4594
TX0004595,AG19,+226 753 48 52 719,1944,in,ok,2026-03-24,49.0,USSD,4595
TX0004596,AG13,725 20 22 611,1261,out,echec,2026-03-24,13.0,USSD,4596
TX0004597,AG11,+226 787 52 20 213,1271,out,echec,2026-03-24,13.0,Agent,4597
TX0004598,AG03,+226 782 78 68 536,1328,in,Reussie,2026-03-24,33.0,Agent,4598
TX0004599,AG08,798 40 89 001,3117,in,Echouee,2026-03-24,78.0,Agent,4599
TX0004600,AG06,+226 774 93 88 293,728,out,Reussie,2026-03-24,7.0,USSD,4600
TX0004601,AG20,749 10 53 875,3683,out,Echouee,2026-03-24,37.0,app,4601
TX0004602,AG03,+226 710 67 70 165,2768,out,Reussie,2026-03-24,28.0,USSD,4602
TX0004603,AG16,737 70 91 870,2544,in,OK,2026-03-24,64.0,Agent,4603
TX0004604,AG20,+226 736 43 73 839,5402,in,REUSSI,2026-03-24,135.0,USSD,4604
TX0004605,AG03,789 20 52 788,8298,in,REUSSI,2026-03-24,207.0,USSD,4605
TX0004606,AG01,759 12 42 383,5278,out,ok,2026-03-24,53.0,Agent,4606
TX0004607,AG05,7193170544,782,in,ok,2026-03-24,20.0,USSD,4607
TX0004608,AG17,+226 763 29 86 942,3113,in,Echouee,2026-03-24,78.0,USSD,4608
TX0004609,AG01,720 12 59 300,2830,in,ok,2026-03-24,71.0,Agent,4609
TX0004610,AG01,777 82 05 619,2999,out,Reussie,2026-03-24,30.0,Agent,4610
TX0004611,AG19,+226 703 78 07 774,2185,in,OK,2026-03-24,55.0,Agent,4611
TX0004612,AG01,+226 753 66 53 132,5614,in,REUSSI,2026-03-24,140.0,USSD,4612
TX0004613,AG18,+226 728 09 72 961,1195,in,Reussie,2026-03-24,30.0,Agent,4613
TX0004614,AG20,+226 701 59 87 838,1945,out,echec,2026-03-24,19.0,Agent,4614
TX0004615,AG07,+226 748 39 70 668,9885,in,Reussie,2026-03-24,247.0,app,4615
TX0004616,AG11,+226 748 94 48 397,2611,out,Reussie,2026-03-24,26.0,Agent,4616
TX0004617,AG17,740 52 59 600,2211,out,Reussie,2026-03-24,22.0,USSD,4617
TX0004618,AG19,797 82 06 410,935,in,REUSSI,2026-03-24,23.0,USSD,4618
TX0004619,AG02,+226 765 07 33 280,3830,out,REUSSI,2026-03-24,38.0,Agent,4619
TX0004620,AG11,7697952836,1201,out,OK,2026-03-24,12.0,USSD,4620
TX0004621,AG17,733 38 08 799,2776,in,OK,2026-03-24,69.0,USSD,4621
TX0004622,AG01,766 55 94 215,896,in,OK,2026-03-24,22.0,USSD,4622
TX0004623,AG10,764 67 99 789,3312,in,REUSSI,2026-03-24,83.0,USSD,4623
TX0004624,AG20,+226 746 14 37 579,4253,out,Echouee,2026-03-24,43.0,Agent,4624
TX0004625,AG11,+226 728 58 23 765,1297,in,echec,2026-03-24,32.0,Agent,4625
TX0004626,AG06,718 43 26 834,2015,in,echec,2026-03-24,50.0,Agent,4626
TX0004627,AG07,+226 765 61 40 085,1158,in,OK,2026-03-24,29.0,USSD,4627
TX0004628,AG15,+226 741 17 88 952,5447,out,Reussie,2026-03-25,54.0,USSD,4628
TX0004629,AG09,+226 728 80 25 892,3342,in,OK,2026-03-25,84.0,USSD,4629
TX0004630,AG06,+226 705 60 02 062,4714,in,Reussie,2026-03-25,118.0,Agent,4630
TX0004631,AG09,+226 760 52 89 768,6331,in,Reussie,2026-03-25,158.0,Agent,4631
TX0004632,AG08,7505772910,3084,out,echec,2026-03-25,31.0,Agent,4632
TX0004633,AG16,765 13 47 577,4640,in,REUSSI,2026-03-25,116.0,Agent,4633
TX0004634,AG07,787 87 30 496,4135,in,ok,2026-03-25,103.0,Agent,4634
TX0004635,AG05,714 04 23 102,3961,in,ok,2026-03-25,99.0,Agent,4635
TX0004636,AG10,+226 769 58 17 129,1907,in,echec,2026-03-25,48.0,USSD,4636
TX0004637,AG07,7752233339,848,in,OK,2026-03-25,21.0,Agent,4637
TX0004638,AG14,791 89 48 716,1151,in,Reussie,2026-03-25,29.0,USSD,4638
TX0004639,AG12,745 13 70 348,2285,out,ok,2026-03-25,23.0,USSD,4639
TX0004640,AG06,731 70 99 520,8985,in,REUSSI,2026-03-25,225.0,USSD,4640
TX0004641,AG13,788 64 77 024,8722,in,ok,2026-03-25,218.0,Agent,4641
TX0004642,AG16,742 86 14 544,3400,in,OK,2026-03-25,85.0,USSD,4642
TX0004643,AG07,+226 714 09 06 853,2167,in,OK,2026-03-25,54.0,USSD,4643
TX0004644,AG06,728 56 50 742,1721,out,Reussie,2026-03-25,17.0,USSD,4644
TX0004645,AG13,+226 741 31 92 886,1918,in,echec,2026-03-25,48.0,Agent,4645
TX0004646,AG12,+226 743 55 59 011,771,out,REUSSI,2026-03-25,8.0,Agent,4646
TX0004647,AG08,704 02 29 630,4329,in,OK,2026-03-25,108.0,USSD,4647
TX0004648,AG20,783 03 29 813,378,in,echec,2026-03-25,9.0,USSD,4648
TX0004649,AG13,+226 726 76 39 714,10206,out,OK,2026-03-25,102.0,USSD,4649
TX0004650,AG17,+226 763 51 71 940,6292,out,Reussie,2026-03-25,63.0,USSD,4650
TX0004651,AG20,701 30 02 559,2985,in,Echouee,2026-03-25,75.0,USSD,4651
TX0004652,AG03,716 38 00 384,515,in,OK,2026-03-25,13.0,Agent,4652
TX0004653,AG02,+226 713 08 79 116,1659,out,OK,2026-03-25,17.0,USSD,4653
TX0004654,AG14,7862452491,891,in,OK,2026-03-25,22.0,USSD,4654
TX0004655,AG13,784 83 89 243,4050,in,REUSSI,2026-03-25,101.0,Agent,4655
TX0004656,AG06,+226 717 47 42 679,2104,in,REUSSI,2026-03-25,53.0,Agent,4656
TX0004657,AG13,7811455959,2591,in,Reussie,2026-03-25,65.0,Agent,4657
TX0004658,AG13,708 59 86 241,1810,in,REUSSI,2026-03-25,45.0,app,4658
TX0004659,AG17,707 32 52 977,6068,out,OK,2026-03-25,61.0,Agent,4659
TX0004660,AG17,791 17 98 620,2431,in,OK,2026-03-25,61.0,app,4660
TX0004661,AG10,+226 719 67 56 913,4802,in,Reussie,2026-03-25,120.0,USSD,4661
TX0004662,AG19,+226 760 91 25 747,9682,out,Reussie,2026-03-25,97.0,USSD,4662
TX0004663,AG13,728 53 18 689,2442,in,Reussie,2026-03-25,61.0,USSD,4663
TX0004664,AG20,751 39 64 078,3791,in,Echouee,2026-03-25,95.0,USSD,4664
TX0004665,AG10,+226 700 34 35 253,3386,in,Reussie,2026-03-25,85.0,USSD,4665
TX0004666,AG17,758 70 83 544,1303,out,OK,2026-03-25,13.0,Agent,4666
TX0004667,AG03,792 57 01 241,2056,out,REUSSI,2026-03-25,21.0,Agent,4667
TX0004668,AG02,+226 731 14 38 721,2955,out,Reussie,2026-03-25,30.0,Agent,4668
TX0004669,AG13,+226 799 65 49 849,5501,in,ok,2026-03-25,138.0,USSD,4669
TX0004670,AG16,+226 777 26 42 702,1889,out,ok,2026-03-25,19.0,Agent,4670
TX0004671,AG08,+226 789 23 93 048,4874,in,REUSSI,2026-03-25,122.0,USSD,4671
TX0004672,AG17,+226 736 29 86 052,5980,in,OK,2026-03-25,150.0,app,4672
TX0004673,AG16,+226 709 94 22 637,700,in,Echouee,2026-03-25,18.0,USSD,4673
TX0004674,AG04,730 52 55 594,1359,in,OK,2026-03-25,34.0,USSD,4674
TX0004675,AG17,+226 758 33 97 344,6117,in,Reussie,2026-03-25,153.0,USSD,4675
TX0004676,AG03,+226 736 65 47 483,11465,out,OK,2026-03-25,115.0,USSD,4676
TX0004677,AG11,+226 749 35 71 094,1148,in,echec,2026-03-25,29.0,Agent,4677
TX0004678,AG07,7830058816,2910,in,echec,2026-03-25,73.0,Agent,4678
TX0004679,AG05,+226 740 16 58 405,514,in,Echouee,2026-03-25,13.0,Agent,4679
TX0004680,AG08,729 52 34 069,3551,in,OK,2026-03-25,89.0,Agent,4680
TX0004681,AG19,+226 755 49 48 270,1602,out,Echouee,2026-03-25,16.0,USSD,4681
TX0004682,AG17,746 17 53 147,1772,out,Echouee,2026-03-25,18.0,USSD,4682
TX0004683,AG14,738 41 57 126,3842,in,ok,2026-03-25,96.0,USSD,4683
TX0004684,AG16,7272149942,2491,in,Echouee,2026-03-25,62.0,Agent,4684
TX0004685,AG07,+226 740 21 59 651,1108,out,ok,2026-03-25,11.0,Agent,4685
TX0004686,AG09,+226 775 56 35 964,8974,out,Echouee,2026-03-25,90.0,Agent,4686
TX0004687,AG09,7948890275,2431,in,ok,2026-03-25,61.0,Agent,4687
TX0004688,AG05,738 01 33 009,5397,in,ok,2026-03-26,135.0,USSD,4688
TX0004689,AG12,730 80 16 023,1219,in,OK,2026-03-26,30.0,USSD,4689
TX0004690,AG14,7304179689,972,out,ok,2026-03-26,10.0,app,4690
TX0004691,AG15,785 60 37 392,1528,in,Reussie,2026-03-26,38.0,Agent,4691
TX0004692,AG13,706 65 35 213,2153,out,Reussie,2026-03-26,22.0,app,4692
TX0004693,AG03,7219021518,3089,in,echec,2026-03-26,77.0,USSD,4693
TX0004694,AG03,774 54 13 178,1124,in,REUSSI,2026-03-26,28.0,USSD,4694
TX0004695,AG01,+226 797 49 74 789,11612,in,Reussie,2026-03-26,290.0,Agent,4695
TX0004696,AG06,744 35 59 610,2369,in,Echouee,2026-03-26,59.0,USSD,4696
TX0004697,AG10,7103504489,849,in,OK,2026-03-26,21.0,Agent,4697
TX0004698,AG07,+226 712 59 34 861,12276,out,OK,2026-03-26,123.0,Agent,4698
TX0004699,AG20,703 93 61 176,811,out,Reussie,2026-03-26,8.0,USSD,4699
TX0004700,AG17,721 43 48 746,2863,in,ok,2026-03-26,72.0,USSD,4700
TX0004701,AG16,+226 713 58 20 518,952,out,ok,2026-03-26,10.0,USSD,4701
TX0004702,AG03,762 25 15 820,2064,in,Reussie,2026-03-26,52.0,app,4702
TX0004703,AG17,+226 728 11 67 142,7414,out,OK,2026-03-26,74.0,Agent,4703
TX0004704,AG06,+226 795 02 82 064,2787,in,REUSSI,2026-03-26,70.0,USSD,4704
TX0004705,AG12,730 62 75 795,1243,in,REUSSI,2026-03-26,31.0,USSD,4705
TX0004706,AG06,751 88 76 597,1819,out,OK,2026-03-26,18.0,USSD,4706
TX0004707,AG16,7318278484,786,in,OK,2026-03-26,20.0,Agent,4707
TX0004708,AG03,+226 797 75 23 797,2655,out,ok,2026-03-26,27.0,USSD,4708
TX0004709,AG20,+226 716 38 57 837,5781,in,REUSSI,2026-03-26,145.0,USSD,4709
TX0004710,AG10,7835847142,1315,out,REUSSI,2026-03-26,13.0,USSD,4710
TX0004711,AG08,+226 707 50 49 185,2420,in,Echouee,2026-03-26,60.0,Agent,4711
TX0004712,AG08,728 46 30 747,2391,out,ok,2026-03-26,24.0,USSD,4712
TX0004713,AG17,7214301665,5851,in,OK,2026-03-26,146.0,Agent,4713
TX0004714,AG11,+226 722 76 02 265,3413,in,Reussie,2026-03-26,85.0,Agent,4714
TX0004715,AG04,775 67 70 795,2465,in,ok,2026-03-26,62.0,Agent,4715
TX0004716,AG15,724 12 12 603,2915,out,Reussie,2026-03-26,29.0,Agent,4716
TX0004717,AG19,773 85 43 837,2466,in,REUSSI,2026-03-26,62.0,app,4717
TX0004718,AG13,738 33 03 064,2278,out,OK,2026-03-26,23.0,USSD,4718
TX0004719,AG18,+226 752 80 35 040,1168,out,REUSSI,2026-03-26,12.0,USSD,4719
TX0004720,AG20,7636578819,3664,in,OK,2026-03-26,92.0,app,4720
TX0004721,AG13,+226 796 13 25 883,1102,in,OK,2026-03-26,28.0,Agent,4721
TX0004722,AG17,751 12 06 153,482,in,Reussie,2026-03-26,12.0,USSD,4722
TX0004723,AG13,+226 792 48 36 303,2052,in,echec,2026-03-26,51.0,Agent,4723
TX0004724,AG12,703 30 37 187,1936,in,OK,2026-03-26,48.0,USSD,4724
TX0004725,AG05,+226 741 56 96 397,18984,in,OK,2026-03-26,475.0,Agent,4725
TX0004726,AG08,+226 763 71 89 490,1340,in,ok,2026-03-26,34.0,app,4726
TX0004727,AG03,758 94 05 652,871,out,REUSSI,2026-03-26,9.0,USSD,4727
TX0004728,AG01,+226 746 71 95 163,2406,in,Reussie,2026-03-26,60.0,app,4728
TX0004729,AG05,732 89 91 799,776,out,Echouee,2026-03-26,8.0,Agent,4729
TX0004730,AG04,7756259422,4511,out,OK,2026-03-26,45.0,USSD,4730
TX0004731,AG12,+226 791 02 26 377,4382,out,REUSSI,2026-03-26,44.0,Agent,4731
TX0004732,AG03,+226 724 27 53 006,3218,in,REUSSI,2026-03-26,80.0,USSD,4732
TX0004733,AG06,+226 729 86 08 022,6345,in,Reussie,2026-03-26,159.0,Agent,4733
TX0004734,AG01,722 41 64 457,4390,in,Reussie,2026-03-26,110.0,Agent,4734
TX0004735,AG16,+226 744 15 77 024,1332,in,REUSSI,2026-03-26,33.0,Agent,4735
TX0004736,AG11,729 57 03 436,3787,out,OK,2026-03-26,38.0,USSD,4736
TX0004737,AG09,7605299315,3936,in,echec,2026-03-26,98.0,Agent,4737
TX0004738,AG16,+226 725 76 98 197,1416,out,REUSSI,2026-03-26,14.0,Agent,4738
TX0004739,AG20,707 02 22 204,7018,in,OK,2026-03-26,175.0,Agent,4739
TX0004740,AG11,775 89 43 315,2262,in,Echouee,2026-03-26,57.0,USSD,4740
TX0004741,AG05,+226 776 10 92 181,1381,out,Reussie,2026-03-26,14.0,USSD,4741
TX0004742,AG10,+226 748 53 43 200,7815,out,Echouee,2026-03-26,78.0,USSD,4742
TX0004743,AG04,782 98 37 903,607,in,REUSSI,2026-03-26,15.0,app,4743
TX0004744,AG07,7303384273,4576,in,Reussie,2026-03-26,114.0,USSD,4744
TX0004745,AG14,7607504604,2456,in,echec,2026-03-27,61.0,Agent,4745
TX0004746,AG16,720 20 66 703,4077,in,REUSSI,2026-03-27,102.0,Agent,4746
TX0004747,AG18,+226 706 41 37 011,1228,out,OK,2026-03-27,12.0,Agent,4747
TX0004748,AG09,+226 729 10 72 517,5350,out,Reussie,2026-03-27,54.0,Agent,4748
TX0004749,AG10,7832249447,2296,out,REUSSI,2026-03-27,23.0,USSD,4749
TX0004750,AG09,7367259515,2172,out,Echouee,2026-03-27,22.0,Agent,4750
TX0004751,AG18,+226 760 85 71 994,11481,in,Echouee,2026-03-27,287.0,Agent,4751
TX0004752,AG13,717 21 03 184,4688,in,OK,2026-03-27,117.0,USSD,4752
TX0004753,AG05,+226 787 01 53 572,6391,in,Reussie,2026-03-27,160.0,app,4753
TX0004754,AG06,728 37 22 762,310,out,REUSSI,2026-03-27,3.0,Agent,4754
TX0004755,AG12,+226 727 13 81 505,7844,in,OK,2026-03-27,196.0,USSD,4755
TX0004756,AG12,+226 728 08 79 314,587,out,echec,2026-03-27,6.0,USSD,4756
TX0004757,AG07,733 13 80 340,1920,out,echec,2026-03-27,19.0,Agent,4757
TX0004758,AG07,759 66 38 846,6517,in,Reussie,2026-03-27,163.0,Agent,4758
TX0004759,AG05,+226 713 50 82 065,4544,in,ok,2026-03-27,114.0,Agent,4759
TX0004760,AG16,+226 715 87 04 496,460,in,Reussie,2026-03-27,12.0,app,4760
TX0004761,AG12,749 94 99 468,2092,out,Echouee,2026-03-27,21.0,Agent,4761
TX0004762,AG19,7961579226,775,out,Echouee,2026-03-27,8.0,Agent,4762
TX0004763,AG15,751 32 48 021,1337,in,ok,2026-03-27,33.0,Agent,4763
TX0004764,AG04,7202141830,3497,out,REUSSI,2026-03-27,35.0,USSD,4764
TX0004765,AG07,+226 799 88 57 346,1825,out,ok,2026-03-27,18.0,USSD,4765
TX0004766,AG01,7121878989,1706,in,echec,2026-03-27,43.0,Agent,4766
TX0004767,AG15,+226 764 98 34 736,1519,in,Echouee,2026-03-27,38.0,USSD,4767
TX0004768,AG11,7332214094,1726,in,ok,2026-03-27,43.0,app,4768
TX0004769,AG02,7708599224,1161,in,Echouee,2026-03-27,29.0,USSD,4769
TX0004770,AG05,786 28 16 646,6495,out,OK,2026-03-27,65.0,Agent,4770
TX0004771,AG09,725 85 82 268,2956,in,Reussie,2026-03-27,74.0,USSD,4771
TX0004772,AG01,730 35 19 924,4919,in,REUSSI,2026-03-27,123.0,USSD,4772
TX0004773,AG16,748 81 51 141,12970,in,ok,2026-03-27,324.0,USSD,4773
TX0004774,AG05,737 83 02 283,2089,in,Reussie,2026-03-27,52.0,USSD,4774
TX0004775,AG20,+226 740 44 30 514,3245,out,Echouee,2026-03-27,32.0,Agent,4775
TX0004776,AG05,+226 773 54 11 244,2618,out,OK,2026-03-27,26.0,Agent,4776
TX0004777,AG19,+226 703 44 14 153,1243,in,echec,2026-03-27,31.0,Agent,4777
TX0004778,AG14,7375624190,2197,out,OK,2026-03-27,22.0,Agent,4778
TX0004779,AG03,731 47 37 679,4250,out,OK,2026-03-27,42.0,USSD,4779
TX0004780,AG05,+226 780 90 44 402,3179,out,OK,2026-03-27,32.0,app,4780
TX0004781,AG05,730 51 04 762,1417,out,ok,2026-03-27,14.0,Agent,4781
TX0004782,AG19,+226 754 14 38 240,267,in,OK,2026-03-27,7.0,USSD,4782
TX0004783,AG02,+226 712 47 06 495,716,in,Echouee,2026-03-27,18.0,Agent,4783
TX0004784,AG02,+226 776 79 02 217,2939,in,REUSSI,2026-03-27,73.0,USSD,4784
TX0004785,AG19,7956385546,3371,in,Echouee,2026-03-27,84.0,USSD,4785
TX0004786,AG13,+226 745 42 57 669,3387,out,OK,2026-03-27,34.0,USSD,4786
TX0004787,AG13,7492957370,4159,out,OK,2026-03-27,42.0,app,4787
TX0004788,AG15,758 94 63 678,1257,out,ok,2026-03-27,13.0,app,4788
TX0004789,AG01,705 59 94 450,1081,out,Echouee,2026-03-27,11.0,app,4789
TX0004790,AG06,706 12 33 941,5405,out,echec,2026-03-27,54.0,Agent,4790
TX0004791,AG05,+226 723 74 82 070,1809,in,REUSSI,2026-03-27,45.0,Agent,4791
TX0004792,AG03,+226 715 86 05 325,2210,in,REUSSI,2026-03-27,55.0,Agent,4792
TX0004793,AG05,766 41 84 056,5323,out,Reussie,2026-03-27,53.0,USSD,4793
TX0004794,AG17,7191653063,4789,in,echec,2026-03-27,120.0,Agent,4794
TX0004795,AG17,733 18 64 528,4825,in,OK,2026-03-27,121.0,app,4795
TX0004796,AG16,773 77 76 711,468,out,ok,2026-03-27,5.0,USSD,4796
TX0004797,AG05,+226 761 46 11 850,1263,in,echec,2026-03-27,32.0,Agent,4797
TX0004798,AG19,7764019978,997,out,Reussie,2026-03-27,10.0,Agent,4798
TX0004799,AG19,724 07 16 832,2160,out,ok,2026-03-27,22.0,app,4799
TX0004800,AG12,+226 790 14 18 229,668,in,OK,2026-03-27,17.0,USSD,4800
TX0004801,AG08,719 90 28 679,1813,out,echec,2026-03-27,18.0,USSD,4801
TX0004802,AG04,+226 720 22 44 367,5086,in,Reussie,2026-03-27,127.0,Agent,4802
TX0004803,AG04,7432478372,17595,in,Echouee,2026-03-27,440.0,USSD,4803
TX0004804,AG14,7707109898,955,out,echec,2026-03-27,10.0,USSD,4804
TX0004805,AG04,710 65 08 732,1844,in,Reussie,2026-03-27,46.0,Agent,4805
TX0004806,AG02,+226 782 93 87 193,11442,in,Reussie,2026-03-27,286.0,app,4806
TX0004807,AG03,7676038244,2717,out,REUSSI,2026-03-27,27.0,USSD,4807
TX0004808,AG01,7763186459,9044,in,ok,2026-03-27,226.0,USSD,4808
TX0004809,AG05,+226 783 39 42 557,7714,out,Reussie,2026-03-27,77.0,Agent,4809
TX0004810,AG05,+226 796 95 47 811,15464,in,ok,2026-03-27,387.0,Agent,4810
TX0004811,AG10,762 26 26 086,687,out,Reussie,2026-03-27,7.0,Agent,4811
TX0004812,AG08,+226 723 54 30 593,662,out,Reussie,2026-03-28,7.0,USSD,4812
TX0004813,AG16,7330051862,1579,in,OK,2026-03-28,39.0,Agent,4813
TX0004814,AG06,773 12 57 131,4210,out,OK,2026-03-28,42.0,Agent,4814
TX0004815,AG11,+226 767 67 08 583,2870,in,Echouee,2026-03-28,72.0,USSD,4815
TX0004816,AG05,784 34 86 729,554,in,Echouee,2026-03-28,14.0,USSD,4816
TX0004817,AG04,7306091807,15420,out,REUSSI,2026-03-28,154.0,USSD,4817
TX0004818,AG07,7791440195,25606,in,Echouee,2026-03-28,640.0,app,4818
TX0004819,AG07,768 84 49 054,479,in,OK,2026-03-28,12.0,Agent,4819
TX0004820,AG01,+226 703 19 79 838,1651,in,OK,2026-03-28,41.0,USSD,4820
TX0004821,AG09,740 68 62 870,7570,in,Echouee,2026-03-28,189.0,app,4821
TX0004822,AG16,785 37 86 152,3138,in,REUSSI,2026-03-28,78.0,Agent,4822
TX0004823,AG12,759 96 31 230,5958,in,Reussie,2026-03-28,149.0,Agent,4823
TX0004824,AG10,+226 752 20 74 938,989,in,ok,2026-03-28,25.0,app,4824
TX0004825,AG04,+226 772 50 69 233,2707,in,Reussie,2026-03-28,68.0,USSD,4825
TX0004826,AG09,+226 786 48 48 422,1297,in,ok,2026-03-28,32.0,USSD,4826
TX0004827,AG20,710 10 14 045,2767,in,Echouee,2026-03-28,69.0,Agent,4827
TX0004828,AG13,+226 734 94 86 133,2083,in,ok,2026-03-28,52.0,USSD,4828
TX0004829,AG15,+226 795 43 25 247,4497,out,OK,2026-03-28,45.0,app,4829
TX0004830,AG14,7239029398,2299,out,ok,2026-03-28,23.0,Agent,4830
TX0004831,AG16,+226 713 31 31 078,10411,in,Echouee,2026-03-28,260.0,USSD,4831
TX0004832,AG02,7256810079,4224,in,ok,2026-03-28,106.0,Agent,4832
TX0004833,AG07,792 85 31 259,1003,in,REUSSI,2026-03-28,25.0,USSD,4833
TX0004834,AG16,7587319663,2912,in,ok,2026-03-28,73.0,Agent,4834
TX0004835,AG19,710 51 81 133,303,in,OK,2026-03-28,8.0,Agent,4835
TX0004836,AG15,737 95 39 209,4181,in,ok,2026-03-28,105.0,Agent,4836
TX0004837,AG08,705 41 57 319,4623,in,OK,2026-03-28,116.0,USSD,4837
TX0004838,AG01,7780007742,2483,in,Echouee,2026-03-28,62.0,app,4838
TX0004839,AG07,740 26 69 271,5039,in,Reussie,2026-03-28,126.0,USSD,4839
TX0004840,AG13,+226 752 53 49 045,2337,out,REUSSI,2026-03-28,23.0,Agent,4840
TX0004841,AG19,+226 797 53 08 270,2925,in,REUSSI,2026-03-28,73.0,USSD,4841
TX0004842,AG08,+226 743 72 88 007,2605,in,OK,2026-03-28,65.0,USSD,4842
TX0004843,AG16,+226 741 11 06 048,3806,in,OK,2026-03-28,95.0,Agent,4843
TX0004844,AG12,+226 704 25 69 031,4597,in,REUSSI,2026-03-28,115.0,Agent,4844
TX0004845,AG02,777 87 93 077,4651,out,REUSSI,2026-03-28,47.0,Agent,4845
TX0004846,AG17,780 48 06 913,8243,in,echec,2026-03-28,206.0,USSD,4846
TX0004847,AG06,7675202555,3527,out,ok,2026-03-28,35.0,Agent,4847
TX0004848,AG03,+226 767 49 92 742,4557,in,OK,2026-03-28,114.0,USSD,4848
TX0004849,AG16,+226 769 94 43 733,4244,out,ok,2026-03-28,42.0,USSD,4849
TX0004850,AG01,763 54 92 057,4972,out,OK,2026-03-28,50.0,Agent,4850
TX0004851,AG18,736 47 11 083,1017,in,OK,2026-03-28,25.0,USSD,4851
TX0004852,AG04,+226 702 71 92 247,926,in,echec,2026-03-28,23.0,Agent,4852
TX0004853,AG15,772 71 32 299,728,in,Reussie,2026-03-29,18.0,USSD,4853
TX0004854,AG13,+226 708 06 74 322,2136,in,ok,2026-03-29,53.0,USSD,4854
TX0004855,AG20,+226 731 64 88 409,1254,in,REUSSI,2026-03-29,31.0,app,4855
TX0004856,AG14,737 73 60 752,1017,in,Reussie,2026-03-29,25.0,Agent,4856
TX0004857,AG05,+226 728 42 09 837,3100,in,OK,2026-03-30,78.0,USSD,4857
TX0004858,AG02,7933732411,833,in,Echouee,2026-03-30,21.0,Agent,4858
TX0004859,AG12,+226 713 27 07 785,11191,out,OK,2026-03-30,112.0,Agent,4859
TX0004860,AG20,+226 749 63 09 303,4137,out,OK,2026-03-30,41.0,USSD,4860
TX0004861,AG07,+226 732 39 25 939,7843,out,Reussie,2026-03-30,78.0,USSD,4861
TX0004862,AG16,+226 718 99 41 402,1308,in,ok,2026-03-30,33.0,Agent,4862
TX0004863,AG12,724 32 08 250,3043,out,OK,2026-03-30,30.0,Agent,4863
TX0004864,AG08,723 80 67 528,717,in,REUSSI,2026-03-30,18.0,USSD,4864
TX0004865,AG10,710 74 97 631,598,out,OK,2026-03-30,6.0,Agent,4865
TX0004866,AG18,+226 755 69 49 112,2417,in,REUSSI,2026-03-30,60.0,Agent,4866
TX0004867,AG08,7168883234,1849,in,ok,2026-03-30,46.0,USSD,4867
TX0004868,AG17,+226 746 65 02 992,469,out,REUSSI,2026-03-30,5.0,Agent,4868
TX0004869,AG12,7543314877,2711,out,REUSSI,2026-03-30,27.0,Agent,4869
TX0004870,AG03,738 38 92 689,1881,in,OK,2026-03-30,47.0,USSD,4870
TX0004871,AG04,729 38 12 774,1388,out,OK,2026-03-30,14.0,Agent,4871
TX0004872,AG19,+226 751 22 37 967,4668,in,Reussie,2026-03-30,117.0,Agent,4872
TX0004873,AG06,+226 781 15 16 904,2429,in,REUSSI,2026-03-30,61.0,USSD,4873
TX0004874,AG18,7980659991,10310,in,echec,2026-03-30,258.0,USSD,4874
TX0004875,AG17,7922674880,5222,in,OK,2026-03-30,131.0,Agent,4875
TX0004876,AG13,773 87 09 499,2741,in,Reussie,2026-03-30,69.0,app,4876
TX0004877,AG13,774 30 50 616,1222,in,echec,2026-03-30,31.0,USSD,4877
TX0004878,AG05,763 29 01 190,1178,out,Reussie,2026-03-30,12.0,USSD,4878
TX0004879,AG14,+226 795 36 62 790,10184,in,Reussie,2026-03-30,255.0,USSD,4879
TX0004880,AG02,717 24 04 188,2136,in,OK,2026-03-30,53.0,USSD,4880
TX0004881,AG01,787 86 94 898,1359,out,OK,2026-03-30,14.0,Agent,4881
TX0004882,AG04,7102299931,1847,in,OK,2026-03-30,46.0,USSD,4882
TX0004883,AG19,+226 753 18 22 070,1825,in,OK,2026-03-30,46.0,USSD,4883
TX0004884,AG01,724 33 26 612,2142,in,echec,2026-03-30,54.0,USSD,4884
TX0004885,AG19,+226 770 06 51 171,11279,in,OK,2026-03-30,282.0,app,4885
TX0004886,AG06,+226 740 12 19 636,1141,in,REUSSI,2026-03-30,29.0,USSD,4886
TX0004887,AG13,781 71 50 662,3916,out,ok,2026-03-30,39.0,USSD,4887
TX0004888,AG14,+226 742 36 89 216,1072,in,Reussie,2026-03-30,27.0,USSD,4888
TX0004889,AG03,+226 709 68 56 004,1335,out,Reussie,2026-03-30,13.0,USSD,4889
TX0004890,AG15,7991982352,1030,out,Echouee,2026-03-30,10.0,Agent,4890
TX0004891,AG15,705 45 10 686,386,in,REUSSI,2026-03-30,10.0,USSD,4891
TX0004892,AG12,+226 763 24 23 348,1697,in,Reussie,2026-03-30,42.0,Agent,4892
TX0004893,AG03,744 02 77 952,2964,in,REUSSI,2026-03-30,74.0,Agent,4893
TX0004894,AG03,705 46 44 207,3411,in,Reussie,2026-03-30,85.0,Agent,4894
TX0004895,AG12,+226 778 48 45 763,974,in,Reussie,2026-03-30,24.0,Agent,4895
TX0004896,AG07,704 69 60 656,5505,out,echec,2026-03-30,55.0,Agent,4896
TX0004897,AG03,+226 749 26 56 151,3198,in,REUSSI,2026-03-30,80.0,USSD,4897
TX0004898,AG18,+226 784 72 88 021,6284,out,Reussie,2026-03-30,63.0,Agent,4898
TX0004899,AG03,+226 772 01 43 829,4601,in,echec,2026-03-30,115.0,Agent,4899
TX0004900,AG12,7607468676,2350,in,Reussie,2026-03-30,59.0,Agent,4900
TX0004901,AG14,700 69 44 070,2046,in,Reussie,2026-03-30,51.0,Agent,4901
TX0004902,AG17,+226 779 93 59 859,936,out,Reussie,2026-03-30,9.0,app,4902
TX0004903,AG15,779 88 14 443,4280,in,Echouee,2026-03-30,107.0,USSD,4903
TX0004904,AG16,+226 708 36 14 686,6669,out,OK,2026-03-30,67.0,Agent,4904
TX0004905,AG06,738 56 37 298,2282,out,ok,2026-03-30,23.0,Agent,4905
TX0004906,AG05,763 70 99 229,1298,out,ok,2026-03-30,13.0,USSD,4906
TX0004907,AG06,+226 784 63 30 458,6240,in,echec,2026-03-30,156.0,USSD,4907
TX0004908,AG02,+226 723 92 75 180,2558,out,Reussie,2026-03-30,26.0,Agent,4908
TX0004909,AG14,+226 747 43 26 406,1632,in,Reussie,2026-03-30,41.0,Agent,4909
TX0004910,AG09,7074262107,1693,out,REUSSI,2026-03-30,17.0,USSD,4910
TX0004911,AG19,730 06 75 037,2470,in,ok,2026-03-30,62.0,USSD,4911
TX0004912,AG08,+226 776 89 48 450,1079,in,REUSSI,2026-03-30,27.0,app,4912
TX0004913,AG16,7054046332,1833,in,ok,2026-03-30,46.0,USSD,4913
TX0004914,AG13,700 66 57 163,8900,out,ok,2026-03-30,89.0,Agent,4914
TX0004915,AG07,733 48 01 619,5598,in,Reussie,2026-03-30,140.0,USSD,4915
TX0004916,AG10,+226 733 88 77 339,1672,out,REUSSI,2026-03-30,17.0,Agent,4916
TX0004917,AG10,7525238673,12866,in,REUSSI,2026-03-30,322.0,Agent,4917
TX0004918,AG05,7914995719,1203,in,ok,2026-03-30,30.0,USSD,4918
TX0004919,AG15,+226 704 83 22 291,2893,in,Echouee,2026-03-30,72.0,Agent,4919
TX0004920,AG05,+226 737 19 29 101,4033,in,Reussie,2026-03-30,101.0,USSD,4920
TX0004921,AG02,+226 764 54 06 097,3853,out,OK,2026-03-30,39.0,Agent,4921
TX0004922,AG14,7476518303,2127,in,Reussie,2026-03-30,53.0,USSD,4922
TX0004923,AG15,7092803318,2109,in,Reussie,2026-03-30,53.0,USSD,4923
TX0004924,AG05,+226 781 54 20 570,1438,out,Reussie,2026-03-30,14.0,Agent,4924
TX0004925,AG01,+226 734 09 61 373,3842,in,REUSSI,2026-03-30,96.0,USSD,4925
TX0004926,AG02,+226 772 14 65 694,6060,in,Echouee,2026-03-30,152.0,Agent,4926
TX0004927,AG08,744 41 78 760,5424,out,OK,2026-03-30,54.0,USSD,4927
TX0004928,AG02,7547820909,7203,out,ok,2026-03-30,72.0,USSD,4928
TX0004929,AG15,+226 725 53 98 695,1520,out,ok,2026-03-30,15.0,app,4929
TX0004930,AG13,+226 724 34 05 676,2005,out,Reussie,2026-03-30,20.0,Agent,4930
TX0004931,AG09,+226 774 40 83 753,1445,out,Reussie,2026-03-30,14.0,app,4931
TX0004932,AG06,+226 706 53 08 012,1475,out,echec,2026-03-30,15.0,Agent,4932
TX0004933,AG14,+226 704 08 62 626,10790,in,Reussie,2026-03-30,270.0,USSD,4933
TX0004934,AG19,+226 741 30 64 023,2298,in,ok,2026-03-30,57.0,Agent,4934
TX0004935,AG13,+226 770 09 14 843,1568,in,ok,2026-03-30,39.0,USSD,4935
TX0004936,AG20,7302601992,11800,in,Echouee,2026-03-30,295.0,Agent,4936
TX0004937,AG07,7536978335,1846,in,REUSSI,2026-03-30,46.0,USSD,4937
TX0004938,AG04,+226 759 97 90 566,1453,in,Reussie,2026-03-30,36.0,Agent,4938
TX0004939,AG03,7739226442,2530,out,OK,2026-03-30,25.0,USSD,4939
TX0004940,AG09,7964259908,663,out,OK,2026-03-30,7.0,USSD,4940
TX0004941,AG13,722 85 49 337,493,out,OK,2026-03-30,5.0,Agent,4941
TX0004942,AG09,7272152243,6124,in,Reussie,2026-03-30,153.0,Agent,4942
TX0004943,AG13,+226 717 23 14 447,684,in,OK,2026-03-30,17.0,Agent,4943
TX0004944,AG06,779 28 00 615,2372,in,OK,2026-03-30,59.0,USSD,4944
TX0004945,AG17,715 08 81 548,1000,in,Reussie,2026-03-30,25.0,Agent,4945
TX0004946,AG04,+226 793 56 19 484,7756,in,Reussie,2026-03-30,194.0,USSD,4946
TX0004947,AG02,7801725690,2284,out,OK,2026-03-30,23.0,USSD,4947
TX0004948,AG17,+226 718 15 12 055,11088,out,OK,2026-03-30,111.0,USSD,4948
TX0004949,AG03,+226 739 92 96 890,1294,out,REUSSI,2026-03-30,13.0,app,4949
TX0004950,AG17,+226 743 50 53 546,1068,out,ok,2026-03-30,11.0,Agent,4950
TX0004951,AG06,+226 715 39 08 961,1461,in,REUSSI,2026-03-30,37.0,USSD,4951
TX0004952,AG07,+226 780 93 91 969,939,out,echec,2026-03-30,9.0,USSD,4952
TX0004953,AG01,+226 773 08 74 947,1916,out,REUSSI,2026-03-30,19.0,Agent,4953
TX0004954,AG04,714 67 31 345,612,in,Echouee,2026-03-30,15.0,Agent,4954
TX0004955,AG02,+226 764 68 53 021,1764,in,ok,2026-03-30,44.0,USSD,4955
TX0004956,AG09,+226 791 94 16 003,995,in,OK,2026-03-30,25.0,USSD,4956
TX0004957,AG16,786 64 10 604,6503,in,OK,2026-03-30,163.0,app,4957
TX0004958,AG17,+226 710 75 18 470,6066,in,OK,2026-03-30,152.0,app,4958
TX0004959,AG15,731 89 18 115,2732,in,Reussie,2026-03-30,68.0,app,4959
TX0004960,AG12,+226 774 75 59 928,9977,in,REUSSI,2026-03-30,249.0,USSD,4960
TX0004961,AG09,760 00 38 947,2772,in,Reussie,2026-03-31,69.0,Agent,4961
TX0004962,AG12,+226 719 02 97 430,677,out,ok,2026-03-31,7.0,USSD,4962
TX0004963,AG04,704 20 06 153,6478,out,Reussie,2026-03-31,65.0,Agent,4963
TX0004964,AG13,+226 783 93 30 802,1532,in,Reussie,2026-03-31,38.0,Agent,4964
TX0004965,AG20,737 10 06 967,4782,in,Reussie,2026-03-31,120.0,USSD,4965
TX0004966,AG14,+226 707 90 54 700,450,in,OK,2026-03-31,11.0,Agent,4966
TX0004967,AG14,729 24 75 648,612,in,ok,2026-03-31,15.0,Agent,4967
TX0004968,AG11,+226 799 83 31 582,1037,out,Reussie,2026-03-31,10.0,Agent,4968
TX0004969,AG18,+226 735 37 84 168,5189,out,ok,2026-03-31,52.0,USSD,4969
TX0004970,AG16,+226 751 60 06 279,614,out,REUSSI,2026-03-31,6.0,app,4970
TX0004971,AG08,730 71 37 040,6447,out,echec,2026-03-31,64.0,Agent,4971
TX0004972,AG10,+226 734 12 60 072,1640,out,Reussie,2026-03-31,16.0,USSD,4972
TX0004973,AG19,7234046693,5960,in,echec,2026-03-31,149.0,USSD,4973
TX0004974,AG08,+226 795 60 41 641,7643,out,OK,2026-03-31,76.0,USSD,4974
TX0004975,AG16,703 26 50 914,2612,in,OK,2026-03-31,65.0,Agent,4975
TX0004976,AG05,+226 793 75 80 566,505,out,Reussie,2026-03-31,5.0,Agent,4976
TX0004977,AG07,724 11 79 869,9817,in,Reussie,2026-03-31,245.0,USSD,4977
TX0004978,AG03,788 93 04 268,16736,in,ok,2026-03-31,418.0,Agent,4978
TX0004979,AG15,7447203936,2835,in,Reussie,2026-03-31,71.0,app,4979
TX0004980,AG01,+226 732 33 20 213,3649,in,ok,2026-03-31,91.0,Agent,4980
TX0004981,AG07,7210735624,3504,out,OK,2026-03-31,35.0,app,4981
TX0004982,AG19,+226 747 63 78 941,10196,in,OK,2026-03-31,255.0,app,4982
TX0004983,AG19,785 20 13 264,3736,in,OK,2026-03-31,93.0,app,4983
TX0004984,AG09,7895221596,7379,out,REUSSI,2026-03-31,74.0,USSD,4984
TX0004985,AG05,+226 760 26 82 366,4163,out,Reussie,2026-03-31,42.0,Agent,4985
TX0004986,AG03,+226 755 20 51 861,2054,in,REUSSI,2026-03-31,51.0,Agent,4986
TX0004987,AG20,705 55 77 907,3757,out,REUSSI,2026-03-31,38.0,USSD,4987
TX0004988,AG15,715 54 03 902,2395,in,Echouee,2026-03-31,60.0,Agent,4988
TX0004989,AG04,+226 770 94 60 566,7588,out,REUSSI,2026-03-31,76.0,Agent,4989
TX0004990,AG19,734 24 40 603,2382,in,Echouee,2026-03-31,60.0,app,4990
TX0004991,AG18,7339686177,5292,in,Reussie,2026-03-31,132.0,Agent,4991
TX0004992,AG19,+226 753 18 07 016,2503,out,Reussie,2026-03-31,25.0,app,4992
TX0004993,AG15,796 61 29 722,7271,in,Reussie,2026-03-31,182.0,Agent,4993
TX0004994,AG02,+226 744 59 82 511,2684,in,ok,2026-03-31,67.0,USSD,4994
TX0004995,AG02,7372680379,1335,in,REUSSI,2026-03-31,33.0,Agent,4995
TX0004996,AG09,783 21 73 901,2830,in,OK,2026-03-31,71.0,Agent,4996
TX0004997,AG19,+226 795 57 76 882,2100,in,ok,2026-03-31,52.0,app,4997
TX0004998,AG13,7223668704,3672,in,echec,2026-03-31,92.0,USSD,4998
TX0004999,AG01,7644758058,1373,in,ok,2026-03-31,34.0,USSD,4999
TX0005000,AG18,+226 756 99 92 690,9887,out,REUSSI,2026-03-31,99.0,Agent,5000
TX0005001,AG07,799 15 11 865,3560,out,Reussie,2026-03-31,36.0,Agent,5001
TX0005002,AG05,781 52 16 527,4435,out,echec,2026-03-31,44.0,app,5002
TX0005003,AG12,+226 713 01 80 444,2268,out,REUSSI,2026-03-31,23.0,Agent,5003
TX0005004,AG06,763 45 27 009,4445,in,REUSSI,2026-03-31,111.0,USSD,5004
TX0005005,AG15,794 85 80 111,3252,in,Echouee,2026-03-31,81.0,app,5005
TX0005006,AG04,7559648426,25314,in,REUSSI,2026-03-31,633.0,USSD,5006
TX0005007,AG09,+226 779 94 98 017,5873,out,ok,2026-03-31,59.0,USSD,5007
TX0005008,AG10,+226 788 64 57 738,6925,in,REUSSI,2026-03-31,173.0,Agent,5008
TX0005009,AG14,714 03 52 474,3631,out,ok,2026-03-31,36.0,Agent,5009
TX0005010,AG20,784 42 29 582,872,in,Reussie,2026-03-31,22.0,USSD,5010
TX0005011,AG03,764 19 99 979,1734,out,OK,2026-03-31,17.0,USSD,5011
TX0005012,AG06,784 75 94 786,2656,out,OK,2026-03-31,27.0,Agent,5012
TX0005013,AG16,+226 765 34 89 152,1316,out,REUSSI,2026-03-31,13.0,USSD,5013
TX0005014,AG06,799 06 19 673,6227,in,Reussie,2026-03-31,156.0,Agent,5014
TX0005015,AG13,+226 792 54 76 096,1202,out,Echouee,2026-03-31,12.0,USSD,5015
TX0005016,AG11,+226 700 75 73 732,1687,in,ok,2026-03-31,42.0,app,5016
TX0005017,AG17,798 62 20 332,1393,in,Echouee,2026-03-31,35.0,USSD,5017
TX0005018,AG09,748 87 34 067,2162,out,OK,2026-03-31,22.0,Agent,5018
TX0005019,AG15,+226 723 47 26 164,1676,out,Reussie,2026-03-31,17.0,USSD,5019
TX0005020,AG10,+226 787 99 97 734,1505,in,Echouee,2026-03-31,38.0,USSD,5020
TX0005021,AG02,+226 745 07 27 439,527,in,Reussie,2026-03-31,13.0,Agent,5021
TX0005022,AG04,+226 728 93 81 898,4391,in,Reussie,2026-03-31,110.0,Agent,5022
TX0005023,AG17,761 01 98 980,7552,in,OK,2026-03-31,189.0,app,5023
TX0005024,AG10,+226 728 96 57 675,1052,out,OK,2026-04-01,11.0,Agent,5024
TX0005025,AG05,+226 726 44 12 193,9586,in,ok,2026-04-01,240.0,Agent,5025
TX0005026,AG13,+226 745 51 17 460,2732,out,OK,2026-04-01,27.0,USSD,5026
TX0005027,AG06,780 80 87 887,6126,in,REUSSI,2026-04-01,153.0,USSD,5027
TX0005028,AG12,+226 792 22 95 278,4263,out,Reussie,2026-04-01,43.0,USSD,5028
TX0005029,AG16,+226 772 84 24 771,1505,out,Echouee,2026-04-01,15.0,USSD,5029
TX0005030,AG11,+226 769 66 24 516,290,out,OK,2026-04-01,3.0,Agent,5030
TX0005031,AG20,+226 779 41 62 112,5812,out,OK,2026-04-01,58.0,app,5031
TX0005032,AG10,7863180260,275,out,REUSSI,2026-04-01,3.0,USSD,5032
TX0005033,AG09,725 27 49 162,1271,in,ok,2026-04-01,32.0,Agent,5033
TX0005034,AG08,+226 737 62 78 067,8083,out,ok,2026-04-01,81.0,Agent,5034
TX0005035,AG08,+226 712 99 67 615,4800,in,Reussie,2026-04-01,120.0,USSD,5035
TX0005036,AG14,+226 708 82 89 291,1040,out,OK,2026-04-01,10.0,Agent,5036
TX0005037,AG19,7197993688,1504,in,echec,2026-04-01,38.0,USSD,5037
TX0005038,AG11,7736975865,802,out,REUSSI,2026-04-01,8.0,USSD,5038
TX0005039,AG09,7707561716,457,out,OK,2026-04-01,5.0,Agent,5039
TX0005040,AG02,712 67 16 342,7079,out,Reussie,2026-04-01,71.0,Agent,5040
TX0005041,AG01,792 62 74 089,1799,in,ok,2026-04-01,45.0,Agent,5041
TX0005042,AG17,779 07 95 888,4048,in,OK,2026-04-01,101.0,USSD,5042
TX0005043,AG11,+226 768 32 23 700,555,out,ok,2026-04-01,6.0,USSD,5043
TX0005044,AG14,772 14 52 581,7125,in,OK,2026-04-01,178.0,USSD,5044
TX0005045,AG19,746 43 82 333,1878,out,OK,2026-04-01,19.0,Agent,5045
TX0005046,AG08,779 69 22 854,563,in,Echouee,2026-04-01,14.0,Agent,5046
TX0005047,AG01,+226 705 45 74 817,911,in,echec,2026-04-01,23.0,USSD,5047
TX0005048,AG03,+226 717 88 40 929,2558,in,OK,2026-04-01,64.0,app,5048
TX0005049,AG03,+226 790 47 57 536,2147,in,Reussie,2026-04-01,54.0,USSD,5049
TX0005050,AG13,7566750302,5272,out,echec,2026-04-01,53.0,Agent,5050
TX0005051,AG05,7033412907,821,in,REUSSI,2026-04-01,21.0,Agent,5051
TX0005052,AG03,+226 758 17 25 153,761,in,Reussie,2026-04-01,19.0,app,5052
TX0005053,AG14,783 17 55 836,874,out,echec,2026-04-01,9.0,USSD,5053
TX0005054,AG19,704 28 73 713,1471,in,ok,2026-04-01,37.0,app,5054
TX0005055,AG05,+226 709 70 37 871,4529,in,Echouee,2026-04-01,113.0,app,5055
TX0005056,AG20,+226 713 89 12 968,2070,in,Reussie,2026-04-01,52.0,USSD,5056
TX0005057,AG14,757 29 06 972,8108,in,Echouee,2026-04-01,203.0,Agent,5057
TX0005058,AG13,701 98 51 658,1396,in,REUSSI,2026-04-01,35.0,Agent,5058
TX0005059,AG11,702 73 03 950,3848,out,Reussie,2026-04-01,38.0,USSD,5059
TX0005060,AG19,785 03 60 850,2113,out,Reussie,2026-04-01,21.0,USSD,5060
TX0005061,AG17,+226 712 16 59 561,792,in,Reussie,2026-04-01,20.0,app,5061
TX0005062,AG09,+226 760 72 22 818,11309,out,Reussie,2026-04-01,113.0,Agent,5062
TX0005063,AG08,717 38 95 454,2323,out,ok,2026-04-01,23.0,Agent,5063
TX0005064,AG02,+226 726 33 52 642,234,in,OK,2026-04-01,6.0,Agent,5064
TX0005065,AG20,7221526155,3798,in,Echouee,2026-04-01,95.0,USSD,5065
TX0005066,AG03,+226 723 57 23 042,576,in,Reussie,2026-04-01,14.0,USSD,5066
TX0005067,AG17,775 70 33 076,1007,in,Reussie,2026-04-01,25.0,Agent,5067
TX0005068,AG02,+226 780 45 19 309,6808,in,Reussie,2026-04-01,170.0,Agent,5068
TX0005069,AG20,771 96 39 302,1354,in,Reussie,2026-04-01,34.0,USSD,5069
TX0005070,AG15,7274831660,5810,in,OK,2026-04-01,145.0,Agent,5070
TX0005071,AG02,765 26 59 638,1728,in,OK,2026-04-01,43.0,USSD,5071
TX0005072,AG07,707 68 25 227,2969,in,REUSSI,2026-04-01,74.0,USSD,5072
TX0005073,AG15,+226 750 65 56 263,782,out,ok,2026-04-01,8.0,Agent,5073
TX0005074,AG16,+226 715 48 44 734,1928,out,Reussie,2026-04-01,19.0,USSD,5074
TX0005075,AG06,+226 752 31 16 231,787,out,Reussie,2026-04-01,8.0,Agent,5075
TX0005076,AG02,+226 751 42 87 782,3244,in,REUSSI,2026-04-02,81.0,Agent,5076
TX0005077,AG18,+226 796 01 97 189,34291,in,REUSSI,2026-04-02,857.0,USSD,5077
TX0005078,AG14,712 01 08 312,2907,in,REUSSI,2026-04-02,73.0,USSD,5078
TX0005079,AG07,+226 753 82 63 291,1391,out,Echouee,2026-04-02,14.0,USSD,5079
TX0005080,AG05,+226 730 22 51 204,1789,in,Echouee,2026-04-02,45.0,USSD,5080
TX0005081,AG08,+226 726 14 24 290,5234,in,OK,2026-04-02,131.0,Agent,5081
TX0005082,AG17,+226 717 39 21 125,641,out,Echouee,2026-04-02,6.0,Agent,5082
TX0005083,AG07,794 61 05 328,388,in,Reussie,2026-04-02,10.0,USSD,5083
TX0005084,AG01,7449392527,2550,in,OK,2026-04-02,64.0,Agent,5084
TX0005085,AG14,7981719688,2122,in,Reussie,2026-04-02,53.0,Agent,5085
TX0005086,AG15,783 62 72 530,3413,out,Reussie,2026-04-02,34.0,USSD,5086
TX0005087,AG07,749 14 40 282,1621,out,REUSSI,2026-04-02,16.0,Agent,5087
TX0005088,AG19,+226 751 95 00 506,4551,out,echec,2026-04-02,46.0,Agent,5088
TX0005089,AG18,+226 781 60 04 350,6279,out,echec,2026-04-02,63.0,app,5089
TX0005090,AG06,716 67 13 034,7362,out,REUSSI,2026-04-02,74.0,app,5090
TX0005091,AG14,+226 782 11 25 047,1571,out,OK,2026-04-02,16.0,Agent,5091
TX0005092,AG06,+226 786 15 86 124,3526,in,REUSSI,2026-04-02,88.0,Agent,5092
TX0005093,AG05,736 51 76 237,501,in,OK,2026-04-02,13.0,Agent,5093
TX0005094,AG16,721 27 81 175,1446,in,Reussie,2026-04-02,36.0,USSD,5094
TX0005095,AG10,7838984894,2928,in,OK,2026-04-02,73.0,USSD,5095
TX0005096,AG15,738 18 86 778,3379,in,Echouee,2026-04-02,84.0,Agent,5096
TX0005097,AG18,+226 755 18 26 068,2777,in,REUSSI,2026-04-02,69.0,USSD,5097
TX0005098,AG16,7748776106,3615,out,Echouee,2026-04-02,36.0,Agent,5098
TX0005099,AG13,7877745892,2993,out,Reussie,2026-04-02,30.0,Agent,5099
TX0005100,AG07,757 76 92 357,3329,in,Echouee,2026-04-02,83.0,USSD,5100
TX0005101,AG13,770 65 12 881,2088,out,REUSSI,2026-04-02,21.0,Agent,5101
TX0005102,AG20,+226 736 72 36 791,1293,out,REUSSI,2026-04-02,13.0,Agent,5102
TX0005103,AG07,7115302470,877,out,ok,2026-04-02,9.0,Agent,5103
TX0005104,AG12,7057948051,5143,in,OK,2026-04-02,129.0,Agent,5104
TX0005105,AG03,+226 778 65 22 159,1451,out,REUSSI,2026-04-02,15.0,USSD,5105
TX0005106,AG02,723 49 47 458,2656,out,ok,2026-04-02,27.0,Agent,5106
TX0005107,AG14,+226 701 54 77 191,5543,in,Echouee,2026-04-02,139.0,app,5107
TX0005108,AG09,775 92 02 347,2576,in,Reussie,2026-04-02,64.0,Agent,5108
TX0005109,AG17,+226 725 28 92 203,1778,in,ok,2026-04-02,44.0,Agent,5109
TX0005110,AG01,773 83 80 018,15958,in,echec,2026-04-02,399.0,Agent,5110
TX0005111,AG14,+226 747 59 13 970,1312,in,ok,2026-04-02,33.0,Agent,5111
TX0005112,AG16,707 32 33 434,946,out,REUSSI,2026-04-02,9.0,USSD,5112
TX0005113,AG15,+226 713 52 00 516,4204,in,ok,2026-04-02,105.0,app,5113
TX0005114,AG16,7806673947,7455,in,ok,2026-04-02,186.0,Agent,5114
TX0005115,AG10,789 03 18 624,2288,out,OK,2026-04-02,23.0,USSD,5115
TX0005116,AG08,731 11 32 640,7129,in,OK,2026-04-02,178.0,USSD,5116
TX0005117,AG15,744 94 46 979,4512,out,REUSSI,2026-04-02,45.0,USSD,5117
TX0005118,AG19,7253279287,1531,in,ok,2026-04-02,38.0,Agent,5118
TX0005119,AG16,751 05 13 018,1582,out,OK,2026-04-02,16.0,USSD,5119
TX0005120,AG15,+226 779 44 45 134,7045,in,REUSSI,2026-04-02,176.0,Agent,5120
TX0005121,AG03,744 22 69 822,2102,out,ok,2026-04-02,21.0,USSD,5121
TX0005122,AG15,+226 767 35 30 639,2004,in,REUSSI,2026-04-02,50.0,app,5122
TX0005123,AG18,767 09 44 386,1655,in,ok,2026-04-02,41.0,USSD,5123
TX0005124,AG07,+226 776 85 62 400,2210,out,Echouee,2026-04-02,22.0,USSD,5124
TX0005125,AG16,7670918021,2981,in,OK,2026-04-02,75.0,Agent,5125
TX0005126,AG20,795 44 09 601,1400,in,REUSSI,2026-04-02,35.0,USSD,5126
TX0005127,AG05,7914453171,3574,in,Reussie,2026-04-02,89.0,Agent,5127
TX0005128,AG06,+226 763 29 47 435,1396,out,OK,2026-04-02,14.0,Agent,5128
TX0005129,AG12,7547127408,807,out,OK,2026-04-02,8.0,Agent,5129
TX0005130,AG08,+226 743 57 67 315,18858,out,Reussie,2026-04-02,189.0,USSD,5130
TX0005131,AG05,704 41 37 921,1694,in,Reussie,2026-04-02,42.0,app,5131
TX0005132,AG03,7277434613,4782,in,Echouee,2026-04-02,120.0,Agent,5132
TX0005133,AG09,7631118240,1072,in,Reussie,2026-04-02,27.0,USSD,5133
TX0005134,AG08,+226 786 50 08 341,1654,out,Echouee,2026-04-02,17.0,USSD,5134
TX0005135,AG03,+226 731 83 82 275,1338,in,REUSSI,2026-04-02,33.0,USSD,5135
TX0005136,AG04,+226 754 20 97 652,1734,out,ok,2026-04-02,17.0,Agent,5136
TX0005137,AG07,+226 770 09 52 711,2496,in,Reussie,2026-04-02,62.0,Agent,5137
TX0005138,AG12,7201921030,1382,out,Reussie,2026-04-02,14.0,Agent,5138
TX0005139,AG03,716 62 73 794,499,out,OK,2026-04-02,5.0,Agent,5139
TX0005140,AG11,757 27 87 973,605,in,OK,2026-04-02,15.0,app,5140
TX0005141,AG19,+226 738 07 87 406,5099,out,Echouee,2026-04-02,51.0,Agent,5141
TX0005142,AG16,+226 739 32 28 105,6891,out,Reussie,2026-04-02,69.0,USSD,5142
TX0005143,AG11,708 90 79 016,14539,in,REUSSI,2026-04-02,363.0,Agent,5143
TX0005144,AG19,741 68 48 707,831,in,OK,2026-04-02,21.0,Agent,5144
TX0005145,AG10,+226 748 24 79 614,4059,in,ok,2026-04-03,101.0,Agent,5145
TX0005146,AG01,768 93 35 483,1514,in,Echouee,2026-04-03,38.0,USSD,5146
TX0005147,AG14,742 45 61 754,10029,in,echec,2026-04-03,251.0,Agent,5147
TX0005148,AG16,+226 700 38 13 895,2023,in,echec,2026-04-03,51.0,Agent,5148
TX0005149,AG11,740 90 48 034,7619,in,Reussie,2026-04-03,190.0,Agent,5149
TX0005150,AG08,7758276474,2640,in,Reussie,2026-04-03,66.0,Agent,5150
TX0005151,AG04,7776999938,3047,out,OK,2026-04-03,30.0,USSD,5151
TX0005152,AG13,7866826970,804,in,OK,2026-04-03,20.0,USSD,5152
TX0005153,AG04,773 83 85 124,3204,in,Reussie,2026-04-03,80.0,USSD,5153
TX0005154,AG02,774 22 68 815,4645,in,Reussie,2026-04-03,116.0,USSD,5154
TX0005155,AG08,724 82 78 942,4969,out,Reussie,2026-04-03,50.0,app,5155
TX0005156,AG12,738 30 54 202,7140,out,Echouee,2026-04-03,71.0,Agent,5156
TX0005157,AG20,731 91 33 103,1080,in,echec,2026-04-03,27.0,Agent,5157
TX0005158,AG17,755 70 02 425,2033,out,Reussie,2026-04-03,20.0,Agent,5158
TX0005159,AG05,705 30 40 969,1333,out,REUSSI,2026-04-03,13.0,Agent,5159
TX0005160,AG12,792 91 86 724,6546,in,REUSSI,2026-04-03,164.0,Agent,5160
TX0005161,AG07,706 01 47 722,1058,in,Echouee,2026-04-03,26.0,Agent,5161
TX0005162,AG20,738 35 32 562,5459,out,ok,2026-04-03,55.0,USSD,5162
TX0005163,AG08,749 82 45 697,365,in,REUSSI,2026-04-03,9.0,USSD,5163
TX0005164,AG11,7881736953,3971,in,OK,2026-04-03,99.0,USSD,5164
TX0005165,AG07,+226 744 11 03 458,11164,in,echec,2026-04-03,279.0,USSD,5165
TX0005166,AG17,741 90 45 447,607,in,ok,2026-04-03,15.0,Agent,5166
TX0005167,AG12,721 85 07 785,4036,in,REUSSI,2026-04-03,101.0,USSD,5167
TX0005168,AG03,+226 763 32 15 978,9279,out,Reussie,2026-04-03,93.0,app,5168
TX0005169,AG15,+226 745 27 83 189,1882,in,OK,2026-04-03,47.0,USSD,5169
TX0005170,AG12,7057027404,2094,in,REUSSI,2026-04-03,52.0,Agent,5170
TX0005171,AG04,706 08 84 626,3075,in,REUSSI,2026-04-03,77.0,Agent,5171
TX0005172,AG15,+226 712 27 51 155,2690,in,OK,2026-04-03,67.0,Agent,5172
TX0005173,AG12,743 42 66 100,820,in,OK,2026-04-03,20.0,Agent,5173
TX0005174,AG20,+226 737 13 94 181,4867,in,echec,2026-04-03,122.0,Agent,5174
TX0005175,AG10,7901734934,1075,out,OK,2026-04-03,11.0,app,5175
TX0005176,AG06,+226 737 10 70 048,412,out,OK,2026-04-03,4.0,Agent,5176
TX0005177,AG06,713 33 19 688,5393,in,REUSSI,2026-04-03,135.0,USSD,5177
TX0005178,AG19,724 60 73 304,2348,out,echec,2026-04-03,23.0,app,5178
TX0005179,AG09,+226 780 87 48 772,1494,in,REUSSI,2026-04-03,37.0,Agent,5179
TX0005180,AG18,790 16 35 887,4542,in,Reussie,2026-04-03,114.0,USSD,5180
TX0005181,AG15,+226 794 60 74 560,369,in,echec,2026-04-03,9.0,USSD,5181
TX0005182,AG13,762 84 53 646,15049,out,echec,2026-04-03,150.0,USSD,5182
TX0005183,AG17,790 78 41 434,2647,in,OK,2026-04-03,66.0,Agent,5183
TX0005184,AG07,7117299007,3621,in,REUSSI,2026-04-03,91.0,Agent,5184
TX0005185,AG11,732 03 11 504,8351,out,REUSSI,2026-04-03,84.0,Agent,5185
TX0005186,AG06,+226 704 89 47 935,3457,out,OK,2026-04-03,35.0,Agent,5186
TX0005187,AG17,7344707828,3175,in,Echouee,2026-04-03,79.0,Agent,5187
TX0005188,AG14,+226 799 94 84 214,2370,in,Reussie,2026-04-03,59.0,Agent,5188
TX0005189,AG18,728 71 66 883,5749,in,ok,2026-04-03,144.0,Agent,5189
TX0005190,AG18,775 73 07 258,1823,out,ok,2026-04-03,18.0,USSD,5190
TX0005191,AG06,7110503946,3054,out,REUSSI,2026-04-03,31.0,USSD,5191
TX0005192,AG06,+226 727 56 77 436,2177,out,ok,2026-04-03,22.0,Agent,5192
TX0005193,AG04,+226 712 17 25 175,779,in,ok,2026-04-03,19.0,Agent,5193
TX0005194,AG02,+226 762 14 86 561,1884,in,Echouee,2026-04-03,47.0,app,5194
TX0005195,AG01,+226 700 90 53 164,918,in,REUSSI,2026-04-03,23.0,Agent,5195
TX0005196,AG18,798 40 52 187,911,in,Reussie,2026-04-03,23.0,USSD,5196
TX0005197,AG17,+226 797 11 08 625,3272,in,echec,2026-04-03,82.0,Agent,5197
TX0005198,AG07,+226 794 44 78 418,1164,in,Echouee,2026-04-03,29.0,USSD,5198
TX0005199,AG10,7967954367,1243,in,ok,2026-04-03,31.0,Agent,5199
TX0005200,AG10,792 17 20 366,2912,in,ok,2026-04-03,73.0,Agent,5200
TX0005201,AG17,+226 722 99 94 064,2969,out,Reussie,2026-04-03,30.0,USSD,5201
TX0005202,AG15,739 43 86 545,1288,out,ok,2026-04-03,13.0,Agent,5202
TX0005203,AG02,791 75 91 159,245,out,REUSSI,2026-04-03,2.0,Agent,5203
TX0005204,AG19,+226 799 72 39 024,16601,out,Reussie,2026-04-03,166.0,USSD,5204
TX0005205,AG12,7857161165,973,in,Reussie,2026-04-03,24.0,Agent,5205
TX0005206,AG15,+226 757 65 89 784,2437,in,OK,2026-04-03,61.0,USSD,5206
TX0005207,AG10,783 28 84 124,1470,in,REUSSI,2026-04-03,37.0,Agent,5207
TX0005208,AG06,7761259415,1428,out,ok,2026-04-03,14.0,Agent,5208
TX0005209,AG15,730 86 10 026,4047,out,Echouee,2026-04-03,40.0,Agent,5209
TX0005210,AG13,+226 743 11 68 344,1180,out,REUSSI,2026-04-03,12.0,Agent,5210
TX0005211,AG01,704 34 94 634,4072,out,ok,2026-04-03,41.0,USSD,5211
TX0005212,AG16,720 87 14 510,6568,in,OK,2026-04-03,164.0,Agent,5212
TX0005213,AG16,+226 753 96 05 861,10309,out,ok,2026-04-03,103.0,USSD,5213
TX0005214,AG06,7475122964,1000,in,echec,2026-04-03,25.0,Agent,5214
TX0005215,AG15,+226 759 52 55 913,3670,in,OK,2026-04-03,92.0,USSD,5215
TX0005216,AG11,768 82 43 487,6475,out,OK,2026-04-03,65.0,USSD,5216
TX0005217,AG05,+226 738 50 22 631,1483,out,Reussie,2026-04-03,15.0,USSD,5217
TX0005218,AG12,703 93 71 834,10892,out,Reussie,2026-04-03,109.0,Agent,5218
TX0005219,AG02,+226 772 66 70 843,1614,out,OK,2026-04-03,16.0,Agent,5219
TX0005220,AG18,+226 797 49 58 648,20862,out,Reussie,2026-04-03,209.0,USSD,5220
TX0005221,AG11,+226 720 58 74 111,4915,in,ok,2026-04-03,123.0,USSD,5221
TX0005222,AG09,772 78 60 342,35017,in,REUSSI,2026-04-04,875.0,USSD,5222
TX0005223,AG03,796 19 87 273,884,out,OK,2026-04-04,9.0,USSD,5223
TX0005224,AG01,708 19 97 725,6290,in,Echouee,2026-04-04,157.0,USSD,5224
TX0005225,AG15,765 61 40 844,2191,out,Echouee,2026-04-04,22.0,USSD,5225
TX0005226,AG17,+226 781 60 48 923,24130,in,ok,2026-04-04,603.0,USSD,5226
TX0005227,AG15,727 03 75 773,4774,in,Reussie,2026-04-04,119.0,USSD,5227
TX0005228,AG18,704 23 06 737,4114,in,Echouee,2026-04-04,103.0,Agent,5228
TX0005229,AG09,795 53 03 952,6981,in,Reussie,2026-04-04,175.0,USSD,5229
TX0005230,AG17,746 90 20 466,2845,out,Reussie,2026-04-04,28.0,USSD,5230
TX0005231,AG14,+226 739 01 76 525,1538,out,REUSSI,2026-04-04,15.0,Agent,5231
TX0005232,AG13,731 42 55 794,1666,in,Reussie,2026-04-04,42.0,USSD,5232
TX0005233,AG10,+226 743 20 54 374,3127,out,Reussie,2026-04-04,31.0,Agent,5233
TX0005234,AG13,771 05 84 503,1394,in,Echouee,2026-04-04,35.0,Agent,5234
TX0005235,AG05,758 44 09 232,13264,out,Reussie,2026-04-04,133.0,Agent,5235
TX0005236,AG14,+226 750 93 85 302,10601,out,Reussie,2026-04-04,106.0,Agent,5236
TX0005237,AG13,7711036465,1024,out,OK,2026-04-04,10.0,Agent,5237
TX0005238,AG16,7423250357,11887,out,Reussie,2026-04-04,119.0,Agent,5238
TX0005239,AG14,+226 701 08 40 822,5899,out,OK,2026-04-04,59.0,app,5239
TX0005240,AG12,766 91 43 219,1843,out,OK,2026-04-04,18.0,Agent,5240
TX0005241,AG07,+226 743 26 53 276,3617,in,Echouee,2026-04-04,90.0,Agent,5241
TX0005242,AG08,+226 723 16 22 997,2069,in,REUSSI,2026-04-04,52.0,USSD,5242
TX0005243,AG14,737 96 39 719,2267,in,echec,2026-04-04,57.0,Agent,5243
TX0005244,AG13,771 19 88 769,917,in,OK,2026-04-04,23.0,USSD,5244
TX0005245,AG02,+226 791 08 61 610,1041,in,REUSSI,2026-04-04,26.0,Agent,5245
TX0005246,AG03,758 95 05 546,3362,in,echec,2026-04-04,84.0,USSD,5246
TX0005247,AG02,725 81 45 575,263,in,REUSSI,2026-04-04,7.0,Agent,5247
TX0005248,AG16,+226 710 11 27 072,5658,out,OK,2026-04-04,57.0,USSD,5248
TX0005249,AG17,+226 796 53 58 850,1247,in,OK,2026-04-04,31.0,USSD,5249
TX0005250,AG09,715 51 37 198,3705,out,Reussie,2026-04-04,37.0,USSD,5250
TX0005251,AG04,749 98 27 194,3018,in,Echouee,2026-04-04,75.0,USSD,5251
TX0005252,AG08,736 02 50 592,374,in,echec,2026-04-04,9.0,Agent,5252
TX0005253,AG13,7685779626,2761,out,OK,2026-04-04,28.0,USSD,5253
TX0005254,AG02,7237151956,1970,in,OK,2026-04-04,49.0,USSD,5254
TX0005255,AG05,7325385423,1667,in,REUSSI,2026-04-04,42.0,USSD,5255
TX0005256,AG05,7976568635,2672,in,Reussie,2026-04-04,67.0,USSD,5256
TX0005257,AG12,+226 760 51 05 602,2206,out,Reussie,2026-04-04,22.0,Agent,5257
TX0005258,AG06,713 08 43 442,1241,in,Reussie,2026-04-04,31.0,USSD,5258
TX0005259,AG10,7211885267,9123,out,OK,2026-04-04,91.0,USSD,5259
TX0005260,AG11,7649198108,3869,out,OK,2026-04-04,39.0,USSD,5260
TX0005261,AG20,790 62 48 390,3521,in,REUSSI,2026-04-04,88.0,Agent,5261
TX0005262,AG12,7062870438,2106,in,Reussie,2026-04-05,53.0,Agent,5262
TX0005263,AG03,739 23 60 561,3001,in,REUSSI,2026-04-05,75.0,app,5263
TX0005264,AG08,704 34 12 657,2870,out,Reussie,2026-04-05,29.0,Agent,5264
TX0005265,AG10,728 17 91 704,9375,in,Reussie,2026-04-05,234.0,USSD,5265
TX0005266,AG18,786 56 13 658,1219,in,echec,2026-04-05,30.0,Agent,5266
TX0005267,AG04,+226 740 73 01 454,3049,out,OK,2026-04-05,30.0,Agent,5267
TX0005268,AG04,+226 799 63 31 099,4493,in,echec,2026-04-05,112.0,Agent,5268
TX0005269,AG13,+226 729 04 19 254,6047,out,OK,2026-04-05,60.0,USSD,5269
TX0005270,AG10,7100837004,8630,in,OK,2026-04-05,216.0,app,5270
TX0005271,AG01,+226 731 46 95 064,1066,in,Echouee,2026-04-05,27.0,app,5271
TX0005272,AG14,7649283067,383,in,ok,2026-04-06,10.0,USSD,5272
TX0005273,AG12,+226 728 23 89 880,396,in,ok,2026-04-06,10.0,Agent,5273
TX0005274,AG02,7550095690,5127,out,ok,2026-04-06,51.0,Agent,5274
TX0005275,AG08,778 27 81 420,3376,in,Reussie,2026-04-06,84.0,USSD,5275
TX0005276,AG02,761 56 37 776,7332,in,echec,2026-04-06,183.0,Agent,5276
TX0005277,AG06,+226 775 35 62 848,6510,in,ok,2026-04-06,163.0,Agent,5277
TX0005278,AG14,7465293368,4595,in,REUSSI,2026-04-06,115.0,Agent,5278
TX0005279,AG17,+226 756 59 79 611,14037,in,REUSSI,2026-04-06,351.0,Agent,5279
TX0005280,AG01,785 83 05 243,1702,out,REUSSI,2026-04-06,17.0,USSD,5280
TX0005281,AG14,799 69 41 452,1348,in,ok,2026-04-06,34.0,app,5281
TX0005282,AG15,767 23 34 957,5175,in,echec,2026-04-06,129.0,USSD,5282
TX0005283,AG15,7534750492,2793,out,ok,2026-04-06,28.0,Agent,5283
TX0005284,AG10,+226 790 54 36 737,8607,out,Echouee,2026-04-06,86.0,USSD,5284
TX0005285,AG19,+226 788 71 67 640,7211,in,ok,2026-04-06,180.0,USSD,5285
TX0005286,AG17,7687913257,3403,out,echec,2026-04-06,34.0,USSD,5286
TX0005287,AG05,+226 775 12 37 655,2509,in,ok,2026-04-06,63.0,app,5287
TX0005288,AG13,742 01 15 505,1740,in,Reussie,2026-04-06,44.0,Agent,5288
TX0005289,AG16,744 99 02 772,2580,in,Echouee,2026-04-06,64.0,USSD,5289
TX0005290,AG06,+226 756 00 50 481,562,in,Echouee,2026-04-06,14.0,USSD,5290
TX0005291,AG10,+226 709 33 02 547,5568,in,REUSSI,2026-04-06,139.0,USSD,5291
TX0005292,AG13,7686809120,1068,out,ok,2026-04-06,11.0,Agent,5292
TX0005293,AG11,+226 723 69 19 469,2882,in,ok,2026-04-06,72.0,USSD,5293
TX0005294,AG08,+226 785 38 76 187,382,in,REUSSI,2026-04-06,10.0,Agent,5294
TX0005295,AG19,+226 769 18 00 655,1140,out,REUSSI,2026-04-06,11.0,USSD,5295
TX0005296,AG07,+226 700 30 33 258,7086,in,ok,2026-04-06,177.0,USSD,5296
TX0005297,AG04,+226 710 45 01 632,6847,out,Echouee,2026-04-06,68.0,USSD,5297
TX0005298,AG07,736 00 75 039,4955,in,REUSSI,2026-04-06,124.0,USSD,5298
TX0005299,AG08,+226 778 13 95 089,5556,in,ok,2026-04-06,139.0,Agent,5299
TX0005300,AG18,744 37 43 395,2765,in,Reussie,2026-04-06,69.0,Agent,5300
TX0005301,AG10,7356402955,3175,in,echec,2026-04-06,79.0,Agent,5301
TX0005302,AG04,7024085470,744,in,REUSSI,2026-04-06,19.0,Agent,5302
TX0005303,AG18,760 76 92 888,9282,in,ok,2026-04-06,232.0,Agent,5303
TX0005304,AG09,+226 722 69 27 327,3201,in,ok,2026-04-06,80.0,Agent,5304
TX0005305,AG05,+226 713 49 70 893,1054,out,OK,2026-04-06,11.0,USSD,5305
TX0005306,AG16,+226 753 70 30 353,3574,in,REUSSI,2026-04-06,89.0,Agent,5306
TX0005307,AG01,+226 783 72 79 237,3500,in,echec,2026-04-06,88.0,USSD,5307
TX0005308,AG19,785 96 99 432,1832,out,ok,2026-04-06,18.0,USSD,5308
TX0005309,AG03,7059164002,1850,out,ok,2026-04-06,18.0,USSD,5309
TX0005310,AG12,796 24 93 802,6811,in,REUSSI,2026-04-06,170.0,app,5310
TX0005311,AG10,764 48 49 731,2804,out,ok,2026-04-06,28.0,USSD,5311
TX0005312,AG12,783 23 72 534,9062,in,REUSSI,2026-04-06,227.0,app,5312
TX0005313,AG13,755 92 76 874,207,in,REUSSI,2026-04-06,5.0,Agent,5313
TX0005314,AG03,+226 787 18 00 191,1910,out,OK,2026-04-06,19.0,Agent,5314
TX0005315,AG03,7948681724,1642,out,echec,2026-04-06,16.0,USSD,5315
TX0005316,AG14,7167082694,4910,out,OK,2026-04-06,49.0,Agent,5316
TX0005317,AG17,757 06 98 253,7395,out,REUSSI,2026-04-06,74.0,Agent,5317
TX0005318,AG06,+226 771 09 43 662,5747,out,Echouee,2026-04-06,57.0,USSD,5318
TX0005319,AG01,773 84 98 417,2868,out,echec,2026-04-06,29.0,Agent,5319
TX0005320,AG04,+226 776 02 87 743,3238,in,REUSSI,2026-04-06,81.0,USSD,5320
TX0005321,AG03,763 78 60 813,1833,in,Reussie,2026-04-06,46.0,app,5321
TX0005322,AG02,+226 767 06 06 320,328,in,Reussie,2026-04-06,8.0,Agent,5322
TX0005323,AG12,+226 798 29 98 696,8414,out,OK,2026-04-06,84.0,Agent,5323
TX0005324,AG14,721 98 70 195,2528,in,Echouee,2026-04-06,63.0,Agent,5324
TX0005325,AG12,+226 705 10 47 685,1233,in,Reussie,2026-04-06,31.0,USSD,5325
TX0005326,AG12,7362797198,5984,out,Reussie,2026-04-06,60.0,USSD,5326
TX0005327,AG13,+226 778 05 75 327,406,in,OK,2026-04-06,10.0,app,5327
TX0005328,AG10,707 42 93 992,10831,out,Reussie,2026-04-06,108.0,Agent,5328
TX0005329,AG02,744 31 62 173,2875,out,REUSSI,2026-04-06,29.0,USSD,5329
TX0005330,AG11,+226 751 01 08 690,2138,out,ok,2026-04-06,21.0,Agent,5330
TX0005331,AG08,+226 725 98 40 598,599,in,OK,2026-04-06,15.0,app,5331
TX0005332,AG05,7653566094,3028,in,REUSSI,2026-04-06,76.0,Agent,5332
TX0005333,AG16,+226 746 28 17 947,1662,out,ok,2026-04-06,17.0,Agent,5333
TX0005334,AG05,728 26 28 243,3877,in,Reussie,2026-04-06,97.0,Agent,5334
TX0005335,AG18,776 84 32 746,347,in,Reussie,2026-04-06,9.0,app,5335
TX0005336,AG16,749 09 71 369,6984,out,OK,2026-04-06,70.0,USSD,5336
TX0005337,AG07,+226 758 76 16 317,1354,in,OK,2026-04-06,34.0,USSD,5337
TX0005338,AG09,7227240251,596,in,REUSSI,2026-04-06,15.0,USSD,5338
TX0005339,AG10,+226 730 14 76 932,3387,in,REUSSI,2026-04-06,85.0,Agent,5339
TX0005340,AG10,+226 772 38 29 554,1320,in,echec,2026-04-06,33.0,Agent,5340
TX0005341,AG06,763 58 68 914,12170,out,REUSSI,2026-04-06,122.0,USSD,5341
TX0005342,AG18,771 78 90 663,5787,in,OK,2026-04-06,145.0,USSD,5342
TX0005343,AG01,751 65 97 759,6477,out,ok,2026-04-06,65.0,USSD,5343
TX0005344,AG06,7881835351,504,in,ok,2026-04-06,13.0,Agent,5344
TX0005345,AG07,7871986591,604,out,ok,2026-04-06,6.0,Agent,5345
TX0005346,AG10,+226 771 86 18 025,698,out,Echouee,2026-04-06,7.0,Agent,5346
TX0005347,AG11,+226 710 68 79 856,5087,in,REUSSI,2026-04-06,127.0,Agent,5347
TX0005348,AG01,+226 706 21 13 232,2040,in,Reussie,2026-04-06,51.0,Agent,5348
TX0005349,AG01,+226 724 98 78 536,5615,out,ok,2026-04-06,56.0,Agent,5349
TX0005350,AG05,+226 773 83 52 627,2763,out,OK,2026-04-06,28.0,Agent,5350
TX0005351,AG13,7982910365,3528,in,REUSSI,2026-04-06,88.0,Agent,5351
TX0005352,AG05,754 33 40 506,15176,in,Reussie,2026-04-06,379.0,Agent,5352
TX0005353,AG16,+226 789 49 20 869,3322,in,Reussie,2026-04-06,83.0,USSD,5353
TX0005354,AG10,720 19 68 166,1788,out,echec,2026-04-06,18.0,Agent,5354
TX0005355,AG09,+226 771 12 24 476,11784,in,Reussie,2026-04-06,295.0,USSD,5355
TX0005356,AG18,7620900498,1968,in,echec,2026-04-06,49.0,Agent,5356
TX0005357,AG13,703 43 03 574,1314,out,REUSSI,2026-04-06,13.0,USSD,5357
TX0005358,AG18,7196870456,31678,out,Reussie,2026-04-06,317.0,USSD,5358
TX0005359,AG04,7435182275,6157,in,ok,2026-04-07,154.0,Agent,5359
TX0005360,AG10,+226 771 65 99 300,670,out,REUSSI,2026-04-07,7.0,USSD,5360
TX0005361,AG13,+226 741 95 40 542,4620,out,ok,2026-04-07,46.0,Agent,5361
TX0005362,AG04,7163792247,2420,in,REUSSI,2026-04-07,60.0,USSD,5362
TX0005363,AG16,764 18 07 397,7337,out,ok,2026-04-07,73.0,Agent,5363
TX0005364,AG07,+226 730 18 13 614,1081,out,REUSSI,2026-04-07,,Agent,5364
TX0005365,AG17,+226 721 28 76 079,6428,out,REUSSI,2026-04-07,64.0,Agent,5365
TX0005366,AG05,748 22 07 662,1440,out,ok,2026-04-07,14.0,USSD,5366
TX0005367,AG16,775 54 14 703,2312,out,Reussie,2026-04-07,23.0,Agent,5367
TX0005368,AG19,+226 766 81 04 890,1881,in,Reussie,2026-04-07,47.0,USSD,5368
TX0005369,AG18,752 67 41 216,9046,out,REUSSI,2026-04-07,90.0,Agent,5369
TX0005370,AG11,+226 743 89 54 765,988,out,REUSSI,2026-04-07,10.0,USSD,5370
TX0005371,AG03,771 46 83 055,1923,out,echec,2026-04-07,19.0,Agent,5371
TX0005372,AG12,744 13 52 530,3533,in,OK,2026-04-07,88.0,USSD,5372
TX0005373,AG07,796 76 56 373,3613,in,Echouee,2026-04-07,90.0,USSD,5373
TX0005374,AG14,758 63 31 994,480,out,ok,2026-04-07,5.0,Agent,5374
TX0005375,AG15,+226 756 62 93 973,13281,out,OK,2026-04-07,133.0,USSD,5375
TX0005376,AG12,+226 724 83 44 673,1031,in,Echouee,2026-04-07,26.0,USSD,5376
TX0005377,AG09,+226 749 60 04 786,3975,in,Reussie,2026-04-07,99.0,USSD,5377
TX0005378,AG09,+226 798 47 70 658,3791,in,Echouee,2026-04-07,95.0,USSD,5378
TX0005379,AG13,797 21 64 754,1587,in,REUSSI,2026-04-07,40.0,Agent,5379
TX0005380,AG14,+226 786 54 52 312,847,out,Echouee,2026-04-07,8.0,USSD,5380
TX0005381,AG10,+226 795 57 37 192,3585,out,REUSSI,2026-04-07,36.0,USSD,5381
TX0005382,AG17,7119731431,4086,in,Reussie,2026-04-07,102.0,USSD,5382
TX0005383,AG08,775 26 68 203,2299,out,OK,2026-04-07,23.0,Agent,5383
TX0005384,AG11,+226 723 88 58 154,4295,in,ok,2026-04-07,107.0,Agent,5384
TX0005385,AG05,7291071296,3883,in,Echouee,2026-04-07,97.0,Agent,5385
TX0005386,AG06,722 69 23 792,9912,out,Reussie,2026-04-07,99.0,USSD,5386
TX0005387,AG06,+226 703 86 65 667,2882,out,Reussie,2026-04-07,29.0,USSD,5387
TX0005388,AG17,7297347090,1802,out,OK,2026-04-07,18.0,Agent,5388
TX0005389,AG03,+226 723 62 36 441,14372,in,ok,2026-04-07,359.0,Agent,5389
TX0005390,AG01,741 70 19 539,2539,in,OK,2026-04-07,63.0,Agent,5390
TX0005391,AG05,+226 774 09 72 446,3299,out,Reussie,2026-04-07,33.0,app,5391
TX0005392,AG12,7740496719,5798,out,Echouee,2026-04-07,58.0,Agent,5392
TX0005393,AG14,+226 735 34 68 590,770,out,ok,2026-04-07,8.0,Agent,5393
TX0005394,AG03,+226 708 21 37 323,5192,in,OK,2026-04-07,130.0,USSD,5394
TX0005395,AG19,797 15 22 940,1026,in,echec,2026-04-07,26.0,USSD,5395
TX0005396,AG01,7746868720,4811,in,Reussie,2026-04-07,120.0,USSD,5396
TX0005397,AG02,735 01 87 694,1238,in,OK,2026-04-07,31.0,Agent,5397
TX0005398,AG02,+226 788 07 72 951,6704,in,OK,2026-04-07,168.0,Agent,5398
TX0005399,AG03,767 27 29 177,5971,out,OK,2026-04-07,60.0,USSD,5399
TX0005400,AG20,734 93 13 572,5245,in,ok,2026-04-07,131.0,Agent,5400
TX0005401,AG13,752 20 46 760,9566,in,echec,2026-04-07,239.0,Agent,5401
TX0005402,AG06,7369033335,771,in,REUSSI,2026-04-07,19.0,Agent,5402
TX0005403,AG18,762 03 57 350,1454,in,ok,2026-04-07,36.0,app,5403
TX0005404,AG09,743 16 75 487,3835,in,REUSSI,2026-04-07,96.0,app,5404
TX0005405,AG05,762 50 18 855,1161,in,Reussie,2026-04-07,29.0,USSD,5405
TX0005406,AG07,7396283330,2295,in,OK,2026-04-07,57.0,Agent,5406
TX0005407,AG19,+226 793 79 45 701,3649,in,ok,2026-04-07,91.0,USSD,5407
TX0005408,AG09,+226 709 63 87 202,1892,out,ok,2026-04-07,19.0,USSD,5408
TX0005409,AG12,7888653399,2037,in,echec,2026-04-07,51.0,Agent,5409
TX0005410,AG06,+226 714 33 87 911,1393,in,REUSSI,2026-04-07,35.0,app,5410
TX0005411,AG02,+226 706 83 05 434,1193,in,REUSSI,2026-04-07,30.0,USSD,5411
TX0005412,AG17,7122114937,3668,in,Reussie,2026-04-07,92.0,app,5412
TX0005413,AG16,7999284353,5055,in,REUSSI,2026-04-07,126.0,Agent,5413
TX0005414,AG14,750 81 87 553,849,out,ok,2026-04-07,8.0,Agent,5414
TX0005415,AG06,+226 777 56 36 891,1182,in,ok,2026-04-07,30.0,USSD,5415
TX0005416,AG05,7641461429,3084,out,Echouee,2026-04-07,31.0,USSD,5416
TX0005417,AG07,7330653111,2118,in,ok,2026-04-08,53.0,USSD,5417
TX0005418,AG13,+226 726 15 28 783,599,out,REUSSI,2026-04-08,6.0,USSD,5418
TX0005419,AG01,+226 787 45 37 197,2671,in,OK,2026-04-08,67.0,Agent,5419
TX0005420,AG01,703 37 27 762,3865,in,OK,2026-04-08,97.0,app,5420
TX0005421,AG19,+226 796 57 10 823,4911,in,ok,2026-04-08,123.0,Agent,5421
TX0005422,AG10,773 74 48 282,2773,out,OK,2026-04-08,28.0,Agent,5422
TX0005423,AG20,+226 731 51 04 360,5522,out,REUSSI,2026-04-08,55.0,Agent,5423
TX0005424,AG14,7941929028,3519,out,ok,2026-04-08,35.0,Agent,5424
TX0005425,AG10,772 74 77 142,4050,in,echec,2026-04-08,101.0,USSD,5425
TX0005426,AG12,+226 764 95 35 152,2027,out,Reussie,2026-04-08,20.0,Agent,5426
TX0005427,AG14,774 18 56 900,2273,out,ok,2026-04-08,23.0,app,5427
TX0005428,AG18,7255796700,1177,in,REUSSI,2026-04-08,29.0,USSD,5428
TX0005429,AG19,787 52 08 227,7597,out,REUSSI,2026-04-08,76.0,USSD,5429
TX0005430,AG11,709 39 73 017,5873,in,REUSSI,2026-04-08,147.0,app,5430
TX0005431,AG20,744 27 28 327,5040,in,echec,2026-04-08,126.0,Agent,5431
TX0005432,AG09,786 96 89 560,2373,out,OK,2026-04-08,24.0,Agent,5432
TX0005433,AG02,+226 749 58 69 147,637,out,REUSSI,2026-04-08,6.0,Agent,5433
TX0005434,AG17,+226 735 43 99 375,2894,in,Reussie,2026-04-08,72.0,USSD,5434
TX0005435,AG02,714 18 00 482,854,in,ok,2026-04-08,21.0,Agent,5435
TX0005436,AG14,+226 742 58 00 987,2524,out,Reussie,2026-04-08,25.0,Agent,5436
TX0005437,AG03,7356150191,6328,in,Reussie,2026-04-08,158.0,Agent,5437
TX0005438,AG08,796 32 44 342,2078,in,echec,2026-04-08,52.0,USSD,5438
TX0005439,AG08,741 19 73 217,2482,out,Echouee,2026-04-08,25.0,Agent,5439
TX0005440,AG01,+226 784 39 26 993,449,out,echec,2026-04-08,4.0,Agent,5440
TX0005441,AG17,7034162543,2085,out,REUSSI,2026-04-08,21.0,USSD,5441
TX0005442,AG05,7252370410,3485,in,ok,2026-04-08,87.0,Agent,5442
TX0005443,AG14,775 72 03 610,2667,out,OK,2026-04-08,27.0,Agent,5443
TX0005444,AG12,7866805209,5760,out,Reussie,2026-04-08,58.0,Agent,5444
TX0005445,AG05,721 98 51 937,9226,in,echec,2026-04-08,231.0,Agent,5445
TX0005446,AG07,761 28 36 375,1877,in,REUSSI,2026-04-08,47.0,Agent,5446
TX0005447,AG01,790 51 29 176,7690,out,Reussie,2026-04-08,77.0,USSD,5447
TX0005448,AG20,+226 721 35 37 028,1907,in,Reussie,2026-04-08,48.0,USSD,5448
TX0005449,AG01,7785584375,977,in,Reussie,2026-04-08,24.0,Agent,5449
TX0005450,AG02,+226 786 98 06 670,661,in,ok,2026-04-08,17.0,app,5450
TX0005451,AG09,728 45 03 046,1895,in,Reussie,2026-04-08,47.0,USSD,5451
TX0005452,AG04,789 57 28 645,1205,in,echec,2026-04-08,30.0,Agent,5452
TX0005453,AG04,7927418069,1079,in,Reussie,2026-04-08,27.0,USSD,5453
TX0005454,AG03,737 42 92 167,928,in,REUSSI,2026-04-08,23.0,USSD,5454
TX0005455,AG03,7422150220,9594,out,REUSSI,2026-04-08,96.0,USSD,5455
TX0005456,AG16,+226 782 73 27 681,4067,out,OK,2026-04-08,41.0,Agent,5456
TX0005457,AG07,740 40 79 854,6472,out,ok,2026-04-08,65.0,USSD,5457
TX0005458,AG12,7478999259,1505,out,OK,2026-04-08,15.0,Agent,5458
TX0005459,AG07,785 95 12 501,746,in,REUSSI,2026-04-08,19.0,USSD,5459
TX0005460,AG08,+226 700 81 32 534,830,out,OK,2026-04-08,8.0,Agent,5460
TX0005461,AG12,750 74 03 536,1590,in,REUSSI,2026-04-08,40.0,Agent,5461
TX0005462,AG03,+226 768 31 67 462,4371,out,REUSSI,2026-04-08,44.0,Agent,5462
TX0005463,AG15,+226 744 41 72 791,2581,in,REUSSI,2026-04-08,65.0,Agent,5463
TX0005464,AG14,7487290537,4861,out,Reussie,2026-04-08,49.0,USSD,5464
TX0005465,AG01,701 76 07 359,1844,out,Reussie,2026-04-08,18.0,app,5465
TX0005466,AG01,+226 730 23 72 756,6783,in,echec,2026-04-09,170.0,app,5466
TX0005467,AG13,7329979561,2819,out,Reussie,2026-04-09,28.0,USSD,5467
TX0005468,AG16,7636387775,2164,out,ok,2026-04-09,22.0,Agent,5468
TX0005469,AG09,+226 784 62 68 123,1777,in,ok,2026-04-09,44.0,Agent,5469
TX0005470,AG09,714 46 41 329,3476,in,REUSSI,2026-04-09,87.0,Agent,5470
TX0005471,AG04,756 76 01 226,10633,in,REUSSI,2026-04-09,266.0,Agent,5471
TX0005472,AG11,+226 753 62 16 548,1452,in,Reussie,2026-04-09,36.0,USSD,5472
TX0005473,AG13,756 18 22 251,2053,out,ok,2026-04-09,21.0,Agent,5473
TX0005474,AG08,770 25 93 671,804,out,OK,2026-04-09,8.0,USSD,5474
TX0005475,AG09,732 75 03 954,1815,out,Echouee,2026-04-09,18.0,Agent,5475
TX0005476,AG04,+226 731 58 83 930,2264,in,Reussie,2026-04-09,57.0,Agent,5476
TX0005477,AG08,+226 716 42 90 449,4118,out,Echouee,2026-04-09,41.0,USSD,5477
TX0005478,AG17,767 99 42 978,1070,in,Echouee,2026-04-09,27.0,Agent,5478
TX0005479,AG16,7604629943,1020,in,OK,2026-04-09,26.0,Agent,5479
TX0005480,AG07,710 61 15 602,6723,in,REUSSI,2026-04-09,168.0,Agent,5480
TX0005481,AG10,+226 743 67 36 590,1798,in,REUSSI,2026-04-09,45.0,Agent,5481
TX0005482,AG16,751 97 38 811,4666,out,ok,2026-04-09,47.0,Agent,5482
TX0005483,AG14,+226 722 52 96 097,34199,out,Reussie,2026-04-09,342.0,USSD,5483
TX0005484,AG06,+226 763 92 94 503,591,out,OK,2026-04-09,6.0,Agent,5484
TX0005485,AG16,+226 700 01 27 576,1014,in,OK,2026-04-09,25.0,Agent,5485
TX0005486,AG12,+226 748 30 98 108,1194,out,ok,2026-04-09,12.0,USSD,5486
TX0005487,AG20,787 24 69 171,960,in,ok,2026-04-09,24.0,Agent,5487
TX0005488,AG09,7945909743,605,out,OK,2026-04-09,6.0,Agent,5488
TX0005489,AG16,7432001869,2078,out,Reussie,2026-04-09,21.0,app,5489
TX0005490,AG18,+226 789 75 58 151,1568,out,REUSSI,2026-04-09,16.0,Agent,5490
TX0005491,AG09,+226 744 34 03 500,1817,out,ok,2026-04-09,18.0,app,5491
TX0005492,AG07,734 22 28 186,756,out,Reussie,2026-04-09,8.0,Agent,5492
TX0005493,AG17,+226 725 22 48 913,15845,in,REUSSI,2026-04-09,396.0,USSD,5493
TX0005494,AG16,792 76 27 564,668,in,OK,2026-04-09,17.0,Agent,5494
TX0005495,AG10,7481073152,3449,in,REUSSI,2026-04-09,86.0,USSD,5495
TX0005496,AG11,722 24 61 046,5762,in,REUSSI,2026-04-09,144.0,Agent,5496
TX0005497,AG08,+226 702 65 31 105,3258,out,ok,2026-04-09,33.0,USSD,5497
TX0005498,AG15,7920116940,2891,out,OK,2026-04-09,29.0,Agent,5498
TX0005499,AG10,+226 771 24 31 049,4399,out,echec,2026-04-09,44.0,USSD,5499
TX0005500,AG10,718 86 89 327,2543,out,OK,2026-04-09,25.0,Agent,5500
TX0005501,AG16,7405636901,647,out,ok,2026-04-09,6.0,Agent,5501
TX0005502,AG07,787 91 59 519,1704,out,ok,2026-04-09,17.0,USSD,5502
TX0005503,AG09,761 59 11 570,3225,in,Reussie,2026-04-09,81.0,Agent,5503
TX0005504,AG10,705 08 65 878,4791,in,OK,2026-04-09,120.0,Agent,5504
TX0005505,AG03,7960783552,3621,in,REUSSI,2026-04-09,91.0,Agent,5505
TX0005506,AG14,+226 791 12 49 001,1710,out,REUSSI,2026-04-09,17.0,Agent,5506
TX0005507,AG05,+226 787 93 55 897,4168,in,REUSSI,2026-04-09,104.0,Agent,5507
TX0005508,AG04,7819373243,12284,in,ok,2026-04-09,307.0,Agent,5508
TX0005509,AG02,741 54 91 237,4969,in,Reussie,2026-04-09,124.0,USSD,5509
TX0005510,AG17,+226 769 06 42 012,7929,in,Reussie,2026-04-09,198.0,Agent,5510
TX0005511,AG19,794 30 82 937,14841,in,Reussie,2026-04-09,371.0,USSD,5511
TX0005512,AG12,7533182109,2638,out,Reussie,2026-04-09,26.0,Agent,5512
TX0005513,AG13,+226 717 43 74 982,3546,in,ok,2026-04-09,89.0,Agent,5513
TX0005514,AG07,790 13 13 921,4141,in,ok,2026-04-09,104.0,USSD,5514
TX0005515,AG12,7410402700,1298,in,OK,2026-04-09,32.0,Agent,5515
TX0005516,AG20,+226 741 46 78 684,1076,in,echec,2026-04-09,27.0,app,5516
TX0005517,AG15,+226 732 45 99 983,1006,in,Echouee,2026-04-09,25.0,Agent,5517
TX0005518,AG01,782 42 95 133,1109,out,Echouee,2026-04-09,11.0,Agent,5518
TX0005519,AG13,7626937461,7182,in,OK,2026-04-09,180.0,app,5519
TX0005520,AG09,+226 712 47 49 943,350,out,OK,2026-04-09,4.0,Agent,5520
TX0005521,AG07,765 59 93 618,475,in,Echouee,2026-04-09,12.0,USSD,5521
TX0005522,AG08,706 33 00 676,2675,in,ok,2026-04-09,67.0,app,5522
TX0005523,AG07,771 72 49 525,3230,in,REUSSI,2026-04-09,81.0,Agent,5523
TX0005524,AG03,+226 707 53 25 738,1881,out,Echouee,2026-04-09,19.0,USSD,5524
TX0005525,AG17,7579059254,1334,out,ok,2026-04-09,13.0,USSD,5525
TX0005526,AG15,+226 732 49 53 746,690,in,REUSSI,2026-04-09,17.0,app,5526
TX0005527,AG17,+226 713 26 63 883,1770,out,REUSSI,2026-04-09,18.0,Agent,5527
TX0005528,AG16,737 24 73 080,2147,out,OK,2026-04-09,21.0,Agent,5528
TX0005529,AG14,7901061461,7356,out,echec,2026-04-09,74.0,USSD,5529
TX0005530,AG18,787 41 97 958,148,in,REUSSI,2026-04-10,4.0,Agent,5530
TX0005531,AG20,749 31 91 432,377,out,REUSSI,2026-04-10,4.0,USSD,5531
TX0005532,AG04,+226 729 35 28 248,2917,in,echec,2026-04-10,73.0,Agent,5532
TX0005533,AG19,7408924472,742,out,REUSSI,2026-04-10,7.0,Agent,5533
TX0005534,AG12,713 77 98 953,352,in,ok,2026-04-10,9.0,Agent,5534
TX0005535,AG17,797 72 95 469,1929,in,ok,2026-04-10,48.0,Agent,5535
TX0005536,AG03,+226 706 39 31 571,2326,out,ok,2026-04-10,23.0,app,5536
TX0005537,AG20,7135536081,2133,out,Reussie,2026-04-10,21.0,USSD,5537
TX0005538,AG07,772 06 55 985,2105,out,Reussie,2026-04-10,21.0,Agent,5538
TX0005539,AG13,7912920315,1584,out,Echouee,2026-04-10,16.0,Agent,5539
TX0005540,AG14,+226 733 25 49 708,965,in,Reussie,2026-04-10,24.0,USSD,5540
TX0005541,AG01,+226 775 41 27 343,7653,out,Reussie,2026-04-10,77.0,Agent,5541
TX0005542,AG17,+226 707 37 38 574,1787,in,OK,2026-04-10,45.0,USSD,5542
TX0005543,AG13,+226 722 64 94 955,707,out,REUSSI,2026-04-10,7.0,app,5543
TX0005544,AG14,+226 722 40 83 036,360,in,REUSSI,2026-04-10,9.0,USSD,5544
TX0005545,AG19,+226 732 85 34 521,6262,in,ok,2026-04-10,157.0,Agent,5545
TX0005546,AG04,709 80 87 358,9377,in,Reussie,2026-04-10,234.0,Agent,5546
TX0005547,AG16,758 92 15 457,3814,out,Reussie,2026-04-10,38.0,Agent,5547
TX0005548,AG20,+226 741 37 62 818,16878,in,echec,2026-04-10,422.0,USSD,5548
TX0005549,AG05,+226 712 90 22 200,1237,in,Echouee,2026-04-10,31.0,Agent,5549
TX0005550,AG02,+226 740 01 20 582,2063,out,echec,2026-04-10,21.0,app,5550
TX0005551,AG05,796 55 34 372,4634,out,ok,2026-04-10,46.0,Agent,5551
TX0005552,AG06,+226 700 90 14 714,4498,out,REUSSI,2026-04-10,45.0,Agent,5552
TX0005553,AG02,798 37 95 877,4893,in,ok,2026-04-10,122.0,app,5553
TX0005554,AG16,7508144370,1161,in,OK,2026-04-10,29.0,Agent,5554
TX0005555,AG08,7241081046,1234,in,OK,2026-04-10,31.0,USSD,5555
TX0005556,AG04,7654656231,4341,in,Reussie,2026-04-10,109.0,Agent,5556
TX0005557,AG13,7012013083,1776,in,REUSSI,2026-04-10,44.0,Agent,5557
TX0005558,AG10,765 75 42 367,1578,in,OK,2026-04-10,39.0,Agent,5558
TX0005559,AG01,725 23 57 761,1082,in,OK,2026-04-10,27.0,Agent,5559
TX0005560,AG11,+226 724 56 77 360,5534,out,Reussie,2026-04-10,55.0,Agent,5560
TX0005561,AG14,7878822819,1513,out,ok,2026-04-10,15.0,USSD,5561
TX0005562,AG17,7464017912,4608,out,OK,2026-04-10,46.0,Agent,5562
TX0005563,AG07,7127321695,5586,in,OK,2026-04-10,140.0,Agent,5563
TX0005564,AG08,752 39 52 078,2933,in,Reussie,2026-04-10,73.0,Agent,5564
TX0005565,AG10,+226 742 44 09 379,1579,out,echec,2026-04-10,16.0,app,5565
TX0005566,AG08,+226 705 14 14 131,1539,out,ok,2026-04-10,15.0,app,5566
TX0005567,AG20,+226 705 10 29 709,817,in,echec,2026-04-10,20.0,Agent,5567
TX0005568,AG08,7729309564,2976,out,Reussie,2026-04-10,30.0,USSD,5568
TX0005569,AG11,+226 748 37 62 866,2166,in,Reussie,2026-04-10,54.0,USSD,5569
TX0005570,AG16,783 46 68 757,4218,in,ok,2026-04-10,105.0,Agent,5570
TX0005571,AG08,+226 714 06 31 323,3619,out,REUSSI,2026-04-10,36.0,Agent,5571
TX0005572,AG08,732 60 15 386,992,in,REUSSI,2026-04-10,25.0,Agent,5572
TX0005573,AG07,+226 789 21 16 828,2232,in,OK,2026-04-10,56.0,USSD,5573
TX0005574,AG08,703 99 67 534,6512,in,echec,2026-04-10,163.0,USSD,5574
TX0005575,AG13,+226 722 19 35 471,6145,out,Reussie,2026-04-10,61.0,USSD,5575
TX0005576,AG11,796 04 01 196,2630,out,Echouee,2026-04-10,26.0,app,5576
TX0005577,AG09,+226 788 78 17 669,6646,in,Echouee,2026-04-10,166.0,USSD,5577
TX0005578,AG09,+226 726 43 47 332,2189,in,echec,2026-04-10,55.0,USSD,5578
TX0005579,AG18,703 74 95 234,707,in,OK,2026-04-10,18.0,USSD,5579
TX0005580,AG07,7633034065,27804,in,Echouee,2026-04-10,695.0,USSD,5580
TX0005581,AG04,790 68 96 790,7987,in,Reussie,2026-04-10,200.0,USSD,5581
TX0005582,AG10,+226 793 72 14 969,3859,in,Reussie,2026-04-10,96.0,USSD,5582
TX0005583,AG08,770 21 51 185,2995,out,OK,2026-04-10,30.0,Agent,5583
TX0005584,AG06,7851305157,3169,out,Reussie,2026-04-10,32.0,USSD,5584
TX0005585,AG09,727 01 03 755,3015,in,REUSSI,2026-04-10,75.0,Agent,5585
TX0005586,AG18,718 06 12 196,19413,out,REUSSI,2026-04-10,194.0,USSD,5586
TX0005587,AG01,745 01 51 768,16036,in,ok,2026-04-10,401.0,USSD,5587
TX0005588,AG10,732 09 52 236,6009,in,REUSSI,2026-04-10,150.0,Agent,5588
TX0005589,AG08,7423798783,10051,in,Echouee,2026-04-10,251.0,USSD,5589
TX0005590,AG17,7640660120,4783,out,OK,2026-04-10,48.0,Agent,5590
TX0005591,AG03,7842249122,3855,in,REUSSI,2026-04-10,96.0,USSD,5591
TX0005592,AG05,781 68 62 635,3252,out,REUSSI,2026-04-10,33.0,Agent,5592
TX0005593,AG05,7349899249,765,in,ok,2026-04-10,19.0,USSD,5593
TX0005594,AG06,797 77 82 874,14852,out,Reussie,2026-04-10,149.0,Agent,5594
TX0005595,AG07,741 47 20 245,879,out,Reussie,2026-04-10,9.0,USSD,5595
TX0005596,AG11,+226 777 94 38 833,1054,out,OK,2026-04-10,11.0,Agent,5596
TX0005597,AG18,735 00 05 649,1627,out,Reussie,2026-04-10,16.0,USSD,5597
TX0005598,AG05,763 65 13 551,2371,in,REUSSI,2026-04-10,59.0,USSD,5598
TX0005599,AG08,713 49 11 206,3010,in,Reussie,2026-04-10,75.0,USSD,5599
TX0005600,AG04,+226 730 93 42 930,615,in,OK,2026-04-10,15.0,USSD,5600
TX0005601,AG10,+226 744 67 37 074,1371,out,REUSSI,2026-04-10,14.0,USSD,5601
TX0005602,AG20,733 26 10 747,753,out,OK,2026-04-10,8.0,Agent,5602
TX0005603,AG12,728 23 61 815,19512,in,Reussie,2026-04-11,488.0,app,5603
TX0005604,AG07,+226 714 46 48 131,975,in,REUSSI,2026-04-11,24.0,USSD,5604
TX0005605,AG20,757 76 58 415,9303,in,ok,2026-04-11,233.0,Agent,5605
TX0005606,AG20,+226 777 67 35 721,2876,out,OK,2026-04-11,29.0,Agent,5606
TX0005607,AG16,+226 774 38 34 636,814,in,Reussie,2026-04-11,20.0,Agent,5607
TX0005608,AG01,+226 713 92 78 794,12144,in,echec,2026-04-11,304.0,USSD,5608
TX0005609,AG15,+226 783 71 80 110,606,out,REUSSI,2026-04-11,6.0,Agent,5609
TX0005610,AG14,773 72 12 095,1320,in,OK,2026-04-11,33.0,Agent,5610
TX0005611,AG12,+226 711 84 26 672,378,out,ok,2026-04-11,4.0,Agent,5611
TX0005612,AG19,+226 774 04 14 699,2026,in,ok,2026-04-11,51.0,Agent,5612
TX0005613,AG07,706 32 21 961,6968,out,ok,2026-04-11,70.0,Agent,5613
TX0005614,AG20,740 70 72 068,884,out,echec,2026-04-11,9.0,USSD,5614
TX0005615,AG16,745 11 35 908,13145,in,REUSSI,2026-04-11,329.0,Agent,5615
TX0005616,AG04,+226 791 17 46 594,6168,out,REUSSI,2026-04-11,62.0,Agent,5616
TX0005617,AG20,730 73 71 249,9326,in,ok,2026-04-11,233.0,Agent,5617
TX0005618,AG19,+226 764 45 59 267,16421,out,ok,2026-04-11,164.0,Agent,5618
TX0005619,AG08,745 60 74 832,10295,out,echec,2026-04-11,103.0,USSD,5619
TX0005620,AG05,7786509824,1374,out,ok,2026-04-11,14.0,USSD,5620
TX0005621,AG09,+226 774 76 89 776,2203,out,Reussie,2026-04-11,22.0,USSD,5621
TX0005622,AG17,+226 737 74 45 130,3077,out,Reussie,2026-04-11,31.0,Agent,5622
TX0005623,AG16,+226 748 05 31 988,1369,in,Echouee,2026-04-11,34.0,Agent,5623
TX0005624,AG05,+226 747 38 70 261,596,out,ok,2026-04-11,6.0,USSD,5624
TX0005625,AG03,794 40 32 085,9468,in,Reussie,2026-04-11,237.0,Agent,5625
TX0005626,AG12,+226 702 91 49 335,6888,in,ok,2026-04-11,172.0,USSD,5626
TX0005627,AG10,7670096177,2293,in,REUSSI,2026-04-11,57.0,Agent,5627
TX0005628,AG04,+226 711 82 10 938,3096,in,Reussie,2026-04-11,77.0,Agent,5628
TX0005629,AG01,7926799244,2225,in,OK,2026-04-11,56.0,USSD,5629
TX0005630,AG07,795 28 04 597,1178,in,echec,2026-04-11,29.0,Agent,5630
TX0005631,AG08,+226 742 81 75 234,3856,in,ok,2026-04-11,96.0,Agent,5631
TX0005632,AG01,7439114623,919,out,Reussie,2026-04-11,9.0,USSD,5632
TX0005633,AG01,+226 702 30 47 637,3150,in,echec,2026-04-11,79.0,Agent,5633
TX0005634,AG09,712 63 39 157,4697,in,REUSSI,2026-04-11,117.0,Agent,5634
TX0005635,AG03,767 85 18 312,1493,in,OK,2026-04-11,37.0,USSD,5635
TX0005636,AG10,7291736742,2561,out,OK,2026-04-11,26.0,USSD,5636
TX0005637,AG10,7396403155,2472,out,Reussie,2026-04-11,25.0,USSD,5637
TX0005638,AG17,736 46 44 622,866,in,Reussie,2026-04-11,22.0,Agent,5638
TX0005639,AG05,+226 757 72 76 736,5530,out,REUSSI,2026-04-11,55.0,Agent,5639
TX0005640,AG10,+226 705 28 43 474,1517,in,ok,2026-04-11,38.0,Agent,5640
TX0005641,AG05,+226 746 97 19 308,1037,out,REUSSI,2026-04-11,10.0,Agent,5641
TX0005642,AG16,+226 776 25 35 904,1578,in,OK,2026-04-12,39.0,Agent,5642
TX0005643,AG10,+226 721 50 03 650,6524,out,OK,2026-04-12,65.0,Agent,5643
TX0005644,AG08,745 59 01 705,8458,in,OK,2026-04-12,211.0,USSD,5644
TX0005645,AG20,+226 796 25 09 313,4353,in,OK,2026-04-12,109.0,Agent,5645
TX0005646,AG10,+226 768 62 12 659,5544,out,Reussie,2026-04-12,55.0,Agent,5646
TX0005647,AG20,7510616087,4463,in,echec,2026-04-12,112.0,Agent,5647
TX0005648,AG02,7014180567,5797,in,ok,2026-04-12,145.0,USSD,5648
TX0005649,AG16,711 93 18 989,7088,in,echec,2026-04-12,177.0,USSD,5649
TX0005650,AG11,766 27 11 811,7491,out,ok,2026-04-13,75.0,USSD,5650
TX0005651,AG07,+226 744 44 19 358,1549,in,OK,2026-04-13,39.0,Agent,5651
TX0005652,AG15,7598671822,8176,in,REUSSI,2026-04-13,204.0,USSD,5652
TX0005653,AG20,+226 737 10 08 929,4071,in,echec,2026-04-13,102.0,Agent,5653
TX0005654,AG10,+226 710 72 66 755,1286,out,OK,2026-04-13,13.0,Agent,5654
TX0005655,AG10,+226 712 98 46 662,2046,in,REUSSI,2026-04-13,51.0,Agent,5655
TX0005656,AG01,+226 728 32 67 379,886,in,OK,2026-04-13,22.0,Agent,5656
TX0005657,AG14,777 59 72 042,4681,in,Reussie,2026-04-13,117.0,Agent,5657
TX0005658,AG12,719 51 88 845,1420,in,Reussie,2026-04-13,36.0,USSD,5658
TX0005659,AG05,7276913217,940,in,Reussie,2026-04-13,24.0,Agent,5659
TX0005660,AG18,+226 747 05 07 159,1510,in,Echouee,2026-04-13,38.0,Agent,5660
TX0005661,AG03,+226 763 45 61 515,5202,out,REUSSI,2026-04-13,52.0,Agent,5661
TX0005662,AG14,7113991130,872,out,ok,2026-04-13,9.0,USSD,5662
TX0005663,AG12,7602295021,718,in,ok,2026-04-13,18.0,USSD,5663
TX0005664,AG06,+226 746 74 27 817,1634,out,OK,2026-04-13,16.0,Agent,5664
TX0005665,AG18,791 68 58 080,1935,in,ok,2026-04-13,48.0,Agent,5665
TX0005666,AG08,+226 737 92 27 159,945,in,REUSSI,2026-04-13,24.0,USSD,5666
TX0005667,AG15,+226 759 59 58 388,4184,out,REUSSI,2026-04-13,42.0,Agent,5667
TX0005668,AG02,7167431212,2385,in,REUSSI,2026-04-13,60.0,Agent,5668
TX0005669,AG07,+226 769 03 47 514,2036,in,REUSSI,2026-04-13,51.0,app,5669
TX0005670,AG13,+226 798 03 14 000,3712,out,Echouee,2026-04-13,37.0,USSD,5670
TX0005671,AG06,+226 746 07 60 223,1848,out,OK,2026-04-13,18.0,USSD,5671
TX0005672,AG01,775 87 33 131,657,out,ok,2026-04-13,7.0,USSD,5672
TX0005673,AG20,+226 708 95 53 269,801,in,Echouee,2026-04-13,20.0,USSD,5673
TX0005674,AG18,779 25 56 179,2124,in,Reussie,2026-04-13,53.0,Agent,5674
TX0005675,AG09,+226 724 09 23 031,5226,out,OK,2026-04-13,52.0,USSD,5675
TX0005676,AG12,+226 724 69 40 988,2825,in,echec,2026-04-13,71.0,app,5676
TX0005677,AG08,+226 770 70 61 216,916,in,REUSSI,2026-04-13,23.0,Agent,5677
TX0005678,AG04,7023275035,12933,out,echec,2026-04-13,129.0,Agent,5678
TX0005679,AG14,7337500604,3214,out,REUSSI,2026-04-13,32.0,Agent,5679
TX0005680,AG01,799 08 75 867,4352,in,OK,2026-04-13,109.0,Agent,5680
TX0005681,AG04,777 69 10 544,9643,in,REUSSI,2026-04-13,241.0,USSD,5681
TX0005682,AG02,755 93 22 502,8361,in,ok,2026-04-13,209.0,Agent,5682
TX0005683,AG10,792 88 81 797,3255,in,Echouee,2026-04-13,81.0,USSD,5683
TX0005684,AG02,761 39 41 987,1255,out,Echouee,2026-04-13,13.0,USSD,5684
TX0005685,AG04,7843023079,2448,out,OK,2026-04-13,24.0,Agent,5685
TX0005686,AG11,776 60 05 949,6234,in,ok,2026-04-13,156.0,Agent,5686
TX0005687,AG03,+226 771 83 82 831,3292,out,Reussie,2026-04-13,33.0,Agent,5687
TX0005688,AG17,777 09 88 414,2486,out,OK,2026-04-13,25.0,USSD,5688
TX0005689,AG15,721 61 00 293,10220,in,ok,2026-04-13,256.0,Agent,5689
TX0005690,AG17,+226 709 67 03 866,1756,in,REUSSI,2026-04-13,44.0,app,5690
TX0005691,AG12,701 33 07 686,2963,in,Reussie,2026-04-13,74.0,USSD,5691
TX0005692,AG03,+226 745 06 45 522,2396,out,echec,2026-04-13,24.0,app,5692
TX0005693,AG16,774 43 65 454,6289,in,Reussie,2026-04-13,157.0,app,5693
TX0005694,AG01,767 70 58 742,11313,in,Reussie,2026-04-13,283.0,Agent,5694
TX0005695,AG04,+226 707 79 77 475,8309,out,OK,2026-04-13,83.0,USSD,5695
TX0005696,AG12,7856715473,1262,out,REUSSI,2026-04-13,13.0,USSD,5696
TX0005697,AG05,+226 720 31 54 342,713,in,Reussie,2026-04-13,18.0,Agent,5697
TX0005698,AG10,+226 791 67 48 357,7725,out,Reussie,2026-04-13,77.0,Agent,5698
TX0005699,AG11,+226 711 05 94 750,1023,in,Reussie,2026-04-13,26.0,app,5699
TX0005700,AG10,+226 797 25 14 421,2022,in,Reussie,2026-04-13,51.0,USSD,5700
TX0005701,AG02,7919486140,1203,in,echec,2026-04-13,30.0,Agent,5701
TX0005702,AG19,758 82 95 434,4162,in,OK,2026-04-13,104.0,Agent,5702
TX0005703,AG11,7501093885,1851,out,OK,2026-04-13,19.0,Agent,5703
TX0005704,AG05,+226 771 66 80 207,1590,in,OK,2026-04-13,40.0,Agent,5704
TX0005705,AG14,+226 776 85 90 861,649,in,Reussie,2026-04-13,16.0,USSD,5705
TX0005706,AG12,7165428810,4892,out,ok,2026-04-13,49.0,Agent,5706
TX0005707,AG11,788 78 54 634,1539,in,ok,2026-04-13,38.0,USSD,5707
TX0005708,AG01,+226 703 32 18 832,1594,out,Reussie,2026-04-13,16.0,USSD,5708
TX0005709,AG15,7944577659,5735,in,ok,2026-04-13,143.0,USSD,5709
TX0005710,AG08,759 31 82 873,226,out,Reussie,2026-04-13,2.0,Agent,5710
TX0005711,AG11,+226 713 52 69 237,765,in,OK,2026-04-13,19.0,Agent,5711
TX0005712,AG18,+226 767 50 22 165,3003,in,Reussie,2026-04-13,75.0,Agent,5712
TX0005713,AG10,7214601070,3152,out,ok,2026-04-13,32.0,Agent,5713
TX0005714,AG14,732 70 18 381,1518,in,REUSSI,2026-04-13,38.0,USSD,5714
TX0005715,AG09,734 82 32 883,4331,in,REUSSI,2026-04-13,108.0,Agent,5715
TX0005716,AG04,+226 712 31 22 689,1465,in,ok,2026-04-13,37.0,USSD,5716
TX0005717,AG20,733 73 96 030,1144,in,REUSSI,2026-04-13,29.0,USSD,5717
TX0005718,AG01,714 91 70 740,1944,out,OK,2026-04-13,19.0,Agent,5718
TX0005719,AG03,708 01 26 780,1169,in,REUSSI,2026-04-13,29.0,Agent,5719
TX0005720,AG05,782 81 57 232,8728,in,REUSSI,2026-04-13,218.0,Agent,5720
TX0005721,AG15,7758951826,2970,in,REUSSI,2026-04-13,74.0,Agent,5721
TX0005722,AG17,+226 759 06 07 807,368,in,Echouee,2026-04-13,9.0,USSD,5722
TX0005723,AG13,+226 738 46 42 903,1126,out,ok,2026-04-13,11.0,app,5723
TX0005724,AG20,756 03 19 696,4324,in,REUSSI,2026-04-13,108.0,USSD,5724
TX0005725,AG17,787 32 39 701,1861,in,OK,2026-04-13,47.0,USSD,5725
TX0005726,AG18,+226 745 61 51 093,5540,in,ok,2026-04-13,138.0,USSD,5726
TX0005727,AG05,7380823754,1179,out,REUSSI,2026-04-13,12.0,USSD,5727
TX0005728,AG04,7257544707,3548,out,ok,2026-04-13,35.0,USSD,5728
TX0005729,AG11,727 73 50 551,18977,out,REUSSI,2026-04-13,190.0,USSD,5729
TX0005730,AG10,715 73 17 395,1343,out,OK,2026-04-13,13.0,USSD,5730
TX0005731,AG19,+226 780 34 92 139,2481,in,REUSSI,2026-04-13,62.0,USSD,5731
TX0005732,AG05,7149865387,7184,in,Reussie,2026-04-13,180.0,Agent,5732
TX0005733,AG08,701 78 04 529,1529,in,ok,2026-04-13,38.0,USSD,5733
TX0005734,AG13,7649897282,283,in,REUSSI,2026-04-13,7.0,Agent,5734
TX0005735,AG20,+226 731 05 32 523,5724,out,ok,2026-04-13,57.0,Agent,5735
TX0005736,AG11,707 37 00 466,363,in,REUSSI,2026-04-13,9.0,Agent,5736
TX0005737,AG06,+226 718 63 73 587,5379,in,ok,2026-04-13,134.0,Agent,5737
TX0005738,AG14,+226 765 67 27 915,1229,in,Echouee,2026-04-13,31.0,Agent,5738
TX0005739,AG14,+226 798 83 00 999,2589,out,OK,2026-04-13,26.0,USSD,5739
TX0005740,AG19,+226 721 01 98 202,1832,in,ok,2026-04-14,46.0,Agent,5740
TX0005741,AG05,+226 736 89 67 601,3610,out,REUSSI,2026-04-14,36.0,USSD,5741
TX0005742,AG09,7547407862,2226,out,OK,2026-04-14,22.0,Agent,5742
TX0005743,AG12,718 41 36 904,795,out,Echouee,2026-04-14,8.0,Agent,5743
TX0005744,AG02,+226 775 52 93 179,7136,out,Reussie,2026-04-14,71.0,USSD,5744
TX0005745,AG02,+226 708 43 83 459,679,out,echec,2026-04-14,7.0,USSD,5745
TX0005746,AG08,+226 773 66 09 741,992,out,echec,2026-04-14,10.0,USSD,5746
TX0005747,AG12,7978735536,5190,in,OK,2026-04-14,130.0,Agent,5747
TX0005748,AG02,760 15 31 176,1418,in,REUSSI,2026-04-14,35.0,Agent,5748
TX0005749,AG01,755 57 37 121,1314,in,echec,2026-04-14,33.0,USSD,5749
TX0005750,AG02,+226 764 08 44 129,2273,in,Reussie,2026-04-14,57.0,USSD,5750
TX0005751,AG04,782 99 97 768,5107,out,Echouee,2026-04-14,51.0,Agent,5751
TX0005752,AG03,+226 754 11 78 842,7303,in,Reussie,2026-04-14,183.0,app,5752
TX0005753,AG02,+226 710 57 91 647,3696,in,Echouee,2026-04-14,92.0,Agent,5753
TX0005754,AG06,+226 758 99 10 570,2932,out,Echouee,2026-04-14,29.0,Agent,5754
TX0005755,AG07,+226 714 99 94 313,863,out,REUSSI,2026-04-14,9.0,Agent,5755
TX0005756,AG06,+226 707 52 52 166,10256,in,OK,2026-04-14,256.0,Agent,5756
TX0005757,AG03,780 08 30 182,6654,in,Reussie,2026-04-14,166.0,app,5757
TX0005758,AG14,728 05 26 261,2846,out,Reussie,2026-04-14,28.0,USSD,5758
TX0005759,AG05,+226 765 05 99 123,7236,out,echec,2026-04-14,72.0,USSD,5759
TX0005760,AG10,7858404318,809,out,echec,2026-04-14,8.0,Agent,5760
TX0005761,AG09,789 39 97 275,5425,out,REUSSI,2026-04-14,54.0,Agent,5761
TX0005762,AG16,+226 772 49 55 997,12373,in,OK,2026-04-14,309.0,Agent,5762
TX0005763,AG19,788 87 65 208,5268,in,ok,2026-04-14,132.0,Agent,5763
TX0005764,AG07,754 93 01 904,2383,in,REUSSI,2026-04-14,60.0,app,5764
TX0005765,AG18,+226 749 55 39 776,1541,out,REUSSI,2026-04-14,15.0,Agent,5765
TX0005766,AG12,+226 785 45 39 132,8370,out,OK,2026-04-14,84.0,Agent,5766
TX0005767,AG20,+226 778 55 04 191,4761,in,OK,2026-04-14,119.0,Agent,5767
TX0005768,AG03,+226 748 63 39 432,585,in,Reussie,2026-04-14,15.0,Agent,5768
TX0005769,AG09,7378485777,11176,in,ok,2026-04-14,279.0,USSD,5769
TX0005770,AG18,754 81 22 251,1465,in,OK,2026-04-14,37.0,USSD,5770
TX0005771,AG12,777 11 14 741,2571,in,REUSSI,2026-04-14,64.0,USSD,5771
TX0005772,AG11,7507218848,3411,in,Echouee,2026-04-14,85.0,USSD,5772
TX0005773,AG20,+226 769 37 23 407,3180,out,REUSSI,2026-04-14,32.0,Agent,5773
TX0005774,AG03,745 65 92 447,1469,out,ok,2026-04-14,15.0,USSD,5774
TX0005775,AG13,7516747437,1183,in,OK,2026-04-14,30.0,USSD,5775
TX0005776,AG20,778 45 03 426,2152,in,echec,2026-04-14,54.0,USSD,5776
TX0005777,AG05,+226 711 65 44 187,8653,in,echec,2026-04-14,216.0,Agent,5777
TX0005778,AG20,+226 781 83 60 120,629,in,ok,2026-04-14,16.0,Agent,5778
TX0005779,AG12,7936803932,5250,in,OK,2026-04-14,131.0,Agent,5779
TX0005780,AG16,785 45 24 101,6352,out,OK,2026-04-14,64.0,app,5780
TX0005781,AG10,7565030277,727,in,OK,2026-04-14,18.0,USSD,5781
TX0005782,AG13,7296771759,328,in,ok,2026-04-14,8.0,Agent,5782
TX0005783,AG19,+226 751 11 00 494,1968,in,Reussie,2026-04-14,49.0,Agent,5783
TX0005784,AG01,7242659476,3295,in,ok,2026-04-14,82.0,Agent,5784
TX0005785,AG10,+226 758 18 77 798,2785,in,ok,2026-04-14,70.0,USSD,5785
TX0005786,AG03,763 99 62 017,1102,out,REUSSI,2026-04-14,11.0,USSD,5786
TX0005787,AG20,+226 707 22 66 225,720,in,ok,2026-04-14,18.0,Agent,5787
TX0005788,AG11,+226 774 60 17 995,4104,in,Reussie,2026-04-14,103.0,Agent,5788
TX0005789,AG07,+226 773 22 58 006,1606,in,echec,2026-04-14,40.0,Agent,5789
TX0005790,AG05,746 62 66 893,1639,out,Echouee,2026-04-14,16.0,USSD,5790
TX0005791,AG11,777 81 45 101,3343,out,ok,2026-04-14,33.0,Agent,5791
TX0005792,AG20,+226 795 42 89 548,1222,out,Reussie,2026-04-14,12.0,USSD,5792
TX0005793,AG04,731 75 19 353,6414,out,echec,2026-04-14,64.0,Agent,5793
TX0005794,AG16,736 22 51 895,2496,in,ok,2026-04-14,62.0,Agent,5794
TX0005795,AG12,+226 728 46 36 324,5399,in,REUSSI,2026-04-14,135.0,USSD,5795
TX0005796,AG16,779 57 16 890,1355,in,ok,2026-04-14,34.0,USSD,5796
TX0005797,AG11,7319217959,904,in,REUSSI,2026-04-14,23.0,Agent,5797
TX0005798,AG18,789 45 34 108,2244,out,Echouee,2026-04-14,22.0,USSD,5798
TX0005799,AG20,753 13 18 568,2030,in,OK,2026-04-14,51.0,USSD,5799
TX0005800,AG14,724 21 10 178,1999,in,Reussie,2026-04-14,50.0,Agent,5800
TX0005801,AG01,704 25 56 819,2145,in,REUSSI,2026-04-15,54.0,Agent,5801
TX0005802,AG18,766 03 69 375,3523,out,Reussie,2026-04-15,35.0,Agent,5802
TX0005803,AG16,799 65 58 836,10629,out,Reussie,2026-04-15,106.0,USSD,5803
TX0005804,AG16,+226 701 17 69 310,1981,out,REUSSI,2026-04-15,20.0,Agent,5804
TX0005805,AG18,738 21 22 172,277,in,Reussie,2026-04-15,7.0,Agent,5805
TX0005806,AG03,+226 701 35 20 553,5417,out,REUSSI,2026-04-15,54.0,USSD,5806
TX0005807,AG04,710 56 52 039,4394,in,ok,2026-04-15,110.0,USSD,5807
TX0005808,AG05,7254660254,2463,out,ok,2026-04-15,25.0,USSD,5808
TX0005809,AG19,723 85 71 083,7868,in,REUSSI,2026-04-15,197.0,Agent,5809
TX0005810,AG12,737 09 47 774,2329,in,OK,2026-04-15,58.0,USSD,5810
TX0005811,AG18,7682331833,4342,in,OK,2026-04-15,109.0,USSD,5811
TX0005812,AG10,+226 775 86 25 320,2117,in,REUSSI,2026-04-15,53.0,app,5812
TX0005813,AG08,797 99 63 939,1181,out,echec,2026-04-15,12.0,Agent,5813
TX0005814,AG19,789 44 97 210,2032,in,OK,2026-04-15,51.0,Agent,5814
TX0005815,AG19,+226 796 71 38 439,3973,out,Reussie,2026-04-15,40.0,Agent,5815
TX0005816,AG02,7689874226,646,out,ok,2026-04-15,6.0,USSD,5816
TX0005817,AG11,+226 726 22 09 183,1872,out,REUSSI,2026-04-15,19.0,app,5817
TX0005818,AG14,724 91 48 279,1694,in,Echouee,2026-04-15,42.0,Agent,5818
TX0005819,AG03,+226 726 24 74 819,1283,out,Echouee,2026-04-15,13.0,Agent,5819
TX0005820,AG04,795 76 82 306,5409,out,Echouee,2026-04-15,54.0,app,5820
TX0005821,AG11,783 54 54 951,729,in,ok,2026-04-15,18.0,USSD,5821
TX0005822,AG18,7582719512,6071,in,Reussie,2026-04-15,152.0,app,5822
TX0005823,AG09,+226 788 55 76 570,1465,in,OK,2026-04-15,37.0,Agent,5823
TX0005824,AG04,714 78 64 528,4921,in,Reussie,2026-04-15,123.0,USSD,5824
TX0005825,AG14,7303635620,1238,in,Reussie,2026-04-15,31.0,Agent,5825
TX0005826,AG09,764 80 38 719,771,out,OK,2026-04-15,8.0,USSD,5826
TX0005827,AG20,760 86 74 121,4446,out,Reussie,2026-04-15,44.0,Agent,5827
TX0005828,AG02,731 66 92 000,2672,out,Reussie,2026-04-15,27.0,app,5828
TX0005829,AG12,+226 728 74 86 960,2039,out,REUSSI,2026-04-15,20.0,app,5829
TX0005830,AG19,782 42 74 937,398,in,ok,2026-04-15,10.0,Agent,5830
TX0005831,AG15,+226 796 35 08 004,3163,out,Reussie,2026-04-15,32.0,Agent,5831
TX0005832,AG13,726 50 90 616,692,out,ok,2026-04-15,7.0,USSD,5832
TX0005833,AG18,+226 732 19 82 921,2132,in,REUSSI,2026-04-15,53.0,USSD,5833
TX0005834,AG17,743 24 49 735,2010,out,ok,2026-04-15,20.0,Agent,5834
TX0005835,AG15,725 52 54 598,8351,in,OK,2026-04-15,209.0,USSD,5835
TX0005836,AG12,+226 775 83 30 013,12945,out,ok,2026-04-15,129.0,Agent,5836
TX0005837,AG15,7789921594,1165,out,echec,2026-04-15,12.0,Agent,5837
TX0005838,AG08,771 29 48 750,3242,out,REUSSI,2026-04-15,32.0,app,5838
TX0005839,AG09,+226 797 51 82 562,664,out,Reussie,2026-04-15,7.0,Agent,5839
TX0005840,AG07,754 39 30 024,1049,in,ok,2026-04-15,26.0,Agent,5840
TX0005841,AG02,792 68 34 022,1209,in,ok,2026-04-15,30.0,Agent,5841
TX0005842,AG08,+226 763 79 02 667,4283,out,REUSSI,2026-04-15,43.0,USSD,5842
TX0005843,AG02,745 83 58 897,912,in,REUSSI,2026-04-15,23.0,Agent,5843
TX0005844,AG18,740 59 32 109,1715,out,OK,2026-04-15,17.0,USSD,5844
TX0005845,AG18,+226 768 69 46 110,5599,out,OK,2026-04-15,56.0,USSD,5845
TX0005846,AG15,+226 750 39 04 933,4782,in,echec,2026-04-15,120.0,USSD,5846
TX0005847,AG12,7642182379,3878,out,REUSSI,2026-04-15,39.0,USSD,5847
TX0005848,AG20,787 12 72 877,1346,in,OK,2026-04-15,34.0,Agent,5848
TX0005849,AG08,777 39 41 104,2147,out,OK,2026-04-15,21.0,USSD,5849
TX0005850,AG08,7318156463,463,in,REUSSI,2026-04-15,12.0,Agent,5850
TX0005851,AG13,+226 794 79 96 926,2267,in,echec,2026-04-15,57.0,Agent,5851
TX0005852,AG01,7854213094,2851,in,ok,2026-04-15,71.0,Agent,5852
TX0005853,AG20,7771649357,1019,in,Echouee,2026-04-15,25.0,app,5853
TX0005854,AG17,+226 733 37 85 141,1089,in,ok,2026-04-15,27.0,Agent,5854
TX0005855,AG11,764 18 13 096,3114,in,ok,2026-04-16,78.0,app,5855
TX0005856,AG18,715 58 25 181,3325,in,Reussie,2026-04-16,83.0,USSD,5856
TX0005857,AG14,701 29 94 240,9235,in,Reussie,2026-04-16,231.0,USSD,5857
TX0005858,AG19,7485062008,2426,in,OK,2026-04-16,61.0,Agent,5858
TX0005859,AG04,+226 792 03 71 288,2971,out,Echouee,2026-04-16,30.0,USSD,5859
TX0005860,AG04,769 98 00 803,1479,out,OK,2026-04-16,15.0,Agent,5860
TX0005861,AG03,714 65 50 283,5385,in,ok,2026-04-16,135.0,Agent,5861
TX0005862,AG17,+226 782 22 80 767,5134,out,echec,2026-04-16,51.0,USSD,5862
TX0005863,AG06,+226 797 09 20 083,290,out,ok,2026-04-16,3.0,Agent,5863
TX0005864,AG11,+226 706 66 75 881,5726,out,OK,2026-04-16,57.0,USSD,5864
TX0005865,AG04,+226 772 70 02 884,2067,in,REUSSI,2026-04-16,52.0,Agent,5865
TX0005866,AG19,7237031452,5859,out,OK,2026-04-16,59.0,USSD,5866
TX0005867,AG07,7728001604,1741,in,Reussie,2026-04-16,44.0,Agent,5867
TX0005868,AG14,+226 700 91 60 645,2908,in,REUSSI,2026-04-16,73.0,Agent,5868
TX0005869,AG08,768 16 60 946,2030,in,echec,2026-04-16,51.0,USSD,5869
TX0005870,AG08,7303271711,1813,in,OK,2026-04-16,45.0,Agent,5870
TX0005871,AG13,+226 709 70 46 791,4066,in,OK,2026-04-16,102.0,Agent,5871
TX0005872,AG17,+226 794 12 04 326,3170,in,Echouee,2026-04-16,79.0,USSD,5872
TX0005873,AG17,7805274949,1779,in,ok,2026-04-16,44.0,Agent,5873
TX0005874,AG20,+226 761 26 51 663,12239,out,Reussie,2026-04-16,122.0,USSD,5874
TX0005875,AG14,769 04 30 884,1347,out,Reussie,2026-04-16,13.0,Agent,5875
TX0005876,AG03,+226 712 79 31 983,2130,in,OK,2026-04-16,53.0,Agent,5876
TX0005877,AG01,+226 780 96 58 928,623,in,REUSSI,2026-04-16,16.0,USSD,5877
TX0005878,AG03,7272695809,2491,in,OK,2026-04-16,62.0,USSD,5878
TX0005879,AG05,+226 770 21 33 585,1022,out,Echouee,2026-04-16,10.0,USSD,5879
TX0005880,AG12,7719807996,1648,in,REUSSI,2026-04-16,41.0,USSD,5880
TX0005881,AG20,+226 756 64 86 468,3815,in,REUSSI,2026-04-16,95.0,USSD,5881
TX0005882,AG20,+226 763 05 49 503,1172,out,REUSSI,2026-04-16,12.0,USSD,5882
TX0005883,AG18,+226 764 86 73 216,2993,out,ok,2026-04-16,30.0,Agent,5883
TX0005884,AG19,779 87 77 953,7925,in,REUSSI,2026-04-16,198.0,Agent,5884
TX0005885,AG12,+226 733 38 98 572,1213,in,REUSSI,2026-04-16,30.0,USSD,5885
TX0005886,AG19,7233862360,11428,out,Reussie,2026-04-16,114.0,Agent,5886
TX0005887,AG17,728 08 66 435,2789,in,echec,2026-04-16,70.0,USSD,5887
TX0005888,AG05,747 40 61 818,1088,in,echec,2026-04-16,27.0,Agent,5888
TX0005889,AG16,7036664641,1759,in,OK,2026-04-16,44.0,Agent,5889
TX0005890,AG13,7245738695,3290,out,Reussie,2026-04-16,33.0,USSD,5890
TX0005891,AG07,759 44 83 711,8376,out,Reussie,2026-04-16,84.0,app,5891
TX0005892,AG05,7020636552,1529,out,ok,2026-04-16,15.0,app,5892
TX0005893,AG20,7789202307,11110,in,REUSSI,2026-04-16,278.0,Agent,5893
TX0005894,AG09,716 31 76 712,773,out,OK,2026-04-16,8.0,Agent,5894
TX0005895,AG19,747 18 63 385,2538,out,OK,2026-04-16,25.0,Agent,5895
TX0005896,AG01,7826914944,2647,in,REUSSI,2026-04-16,66.0,USSD,5896
TX0005897,AG15,+226 794 21 40 014,6055,out,Reussie,2026-04-16,61.0,USSD,5897
TX0005898,AG02,7836729089,2010,out,Echouee,2026-04-16,20.0,USSD,5898
TX0005899,AG08,712 81 87 718,1960,in,Echouee,2026-04-17,49.0,Agent,5899
TX0005900,AG07,789 79 33 493,9966,in,REUSSI,2026-04-17,249.0,USSD,5900
TX0005901,AG19,736 30 37 217,3821,in,OK,2026-04-17,96.0,Agent,5901
TX0005902,AG13,751 90 61 671,4075,in,OK,2026-04-17,102.0,Agent,5902
TX0005903,AG06,+226 749 93 56 447,3695,out,Echouee,2026-04-17,37.0,USSD,5903
TX0005904,AG07,+226 785 73 62 243,4385,in,Reussie,2026-04-17,110.0,USSD,5904
TX0005905,AG11,7509408272,288,out,REUSSI,2026-04-17,3.0,USSD,5905
TX0005906,AG12,711 97 56 577,3701,in,REUSSI,2026-04-17,93.0,Agent,5906
TX0005907,AG09,751 60 40 933,3056,in,REUSSI,2026-04-17,76.0,Agent,5907
TX0005908,AG04,726 71 09 525,3593,in,OK,2026-04-17,90.0,Agent,5908
TX0005909,AG15,780 76 89 739,720,out,OK,2026-04-17,7.0,Agent,5909
TX0005910,AG09,+226 785 75 43 501,4579,in,ok,2026-04-17,114.0,Agent,5910
TX0005911,AG18,772 35 22 788,4343,out,Echouee,2026-04-17,43.0,USSD,5911
TX0005912,AG09,791 64 52 495,4132,in,ok,2026-04-17,103.0,USSD,5912
TX0005913,AG06,756 53 29 901,4042,out,Reussie,2026-04-17,40.0,Agent,5913
TX0005914,AG05,7130274168,4561,out,Reussie,2026-04-17,46.0,USSD,5914
TX0005915,AG14,+226 751 90 06 724,9345,in,Echouee,2026-04-17,234.0,Agent,5915
TX0005916,AG20,+226 706 38 13 367,1251,out,OK,2026-04-17,13.0,Agent,5916
TX0005917,AG15,760 34 69 127,2744,in,REUSSI,2026-04-17,69.0,Agent,5917
TX0005918,AG05,7639969279,2480,out,OK,2026-04-17,25.0,Agent,5918
TX0005919,AG14,+226 745 55 13 367,916,in,Reussie,2026-04-17,23.0,app,5919
TX0005920,AG18,7793285340,1371,in,ok,2026-04-17,34.0,USSD,5920
TX0005921,AG07,+226 787 80 48 226,797,out,OK,2026-04-17,8.0,Agent,5921
TX0005922,AG06,+226 733 84 77 961,728,in,echec,2026-04-17,18.0,app,5922
TX0005923,AG11,737 88 93 512,2271,in,REUSSI,2026-04-17,57.0,USSD,5923
TX0005924,AG11,773 50 32 679,1067,out,echec,2026-04-17,11.0,Agent,5924
TX0005925,AG04,7861952162,1889,in,REUSSI,2026-04-17,47.0,app,5925
TX0005926,AG15,706 25 27 156,1145,in,echec,2026-04-17,29.0,Agent,5926
TX0005927,AG04,710 30 74 711,4263,in,OK,2026-04-17,107.0,Agent,5927
TX0005928,AG19,+226 795 26 24 747,4458,in,Echouee,2026-04-17,111.0,Agent,5928
TX0005929,AG12,+226 728 19 10 192,5250,in,echec,2026-04-17,131.0,app,5929
TX0005930,AG01,7605733276,1022,in,Echouee,2026-04-17,,Agent,5930
TX0005931,AG15,700 45 26 768,1461,in,ok,2026-04-17,37.0,USSD,5931
TX0005932,AG02,763 89 69 257,523,out,ok,2026-04-17,5.0,USSD,5932
TX0005933,AG09,7824760135,346,out,ok,2026-04-17,3.0,Agent,5933
TX0005934,AG08,7142825057,4475,in,echec,2026-04-17,112.0,Agent,5934
TX0005935,AG12,+226 795 26 08 932,3671,in,OK,2026-04-17,92.0,Agent,5935
TX0005936,AG18,+226 741 75 88 255,2805,in,OK,2026-04-17,70.0,Agent,5936
TX0005937,AG07,7210714283,2874,in,echec,2026-04-17,72.0,USSD,5937
TX0005938,AG16,7313751519,3209,in,REUSSI,2026-04-17,80.0,Agent,5938
TX0005939,AG03,+226 712 93 43 844,1266,out,OK,2026-04-17,13.0,app,5939
TX0005940,AG17,758 31 22 827,2372,in,echec,2026-04-17,59.0,USSD,5940
TX0005941,AG08,+226 716 87 85 809,3800,in,REUSSI,2026-04-17,95.0,USSD,5941
TX0005942,AG09,7612754490,7617,out,Reussie,2026-04-17,76.0,USSD,5942
TX0005943,AG01,7253364812,4584,in,Echouee,2026-04-17,115.0,USSD,5943
TX0005944,AG11,786 70 88 834,2329,out,ok,2026-04-17,23.0,USSD,5944
TX0005945,AG17,749 67 09 274,3760,in,REUSSI,2026-04-17,94.0,Agent,5945
TX0005946,AG19,7734077700,2710,out,ok,2026-04-17,27.0,app,5946
TX0005947,AG04,+226 750 37 98 439,3573,in,Reussie,2026-04-17,89.0,Agent,5947
TX0005948,AG17,+226 776 05 61 531,1932,in,Reussie,2026-04-17,48.0,Agent,5948
TX0005949,AG16,753 12 68 417,1639,out,echec,2026-04-17,16.0,Agent,5949
TX0005950,AG15,+226 747 79 75 257,6862,out,REUSSI,2026-04-17,69.0,Agent,5950
TX0005951,AG08,+226 751 10 03 674,2409,in,REUSSI,2026-04-17,60.0,Agent,5951
TX0005952,AG15,773 86 73 265,1595,out,Reussie,2026-04-17,16.0,USSD,5952
TX0005953,AG08,779 91 08 508,1272,in,REUSSI,2026-04-17,32.0,Agent,5953
TX0005954,AG10,7986122846,2451,in,OK,2026-04-17,61.0,Agent,5954
TX0005955,AG16,7421997897,17270,in,ok,2026-04-17,432.0,Agent,5955
TX0005956,AG11,7029399329,936,out,REUSSI,2026-04-17,9.0,USSD,5956
TX0005957,AG18,7561503396,3648,out,ok,2026-04-17,36.0,USSD,5957
TX0005958,AG09,733 58 53 080,1854,out,REUSSI,2026-04-17,19.0,USSD,5958
TX0005959,AG20,+226 748 92 64 703,4815,in,REUSSI,2026-04-17,120.0,Agent,5959
TX0005960,AG04,+226 710 21 21 561,1994,in,OK,2026-04-17,50.0,Agent,5960
TX0005961,AG05,724 63 54 681,3643,out,ok,2026-04-18,36.0,USSD,5961
TX0005962,AG15,7827950300,1531,in,ok,2026-04-18,38.0,Agent,5962
TX0005963,AG20,7537896198,790,in,Echouee,2026-04-18,20.0,Agent,5963
TX0005964,AG01,7478990655,2688,in,ok,2026-04-18,67.0,USSD,5964
TX0005965,AG13,+226 705 47 51 522,2961,out,Reussie,2026-04-18,30.0,USSD,5965
TX0005966,AG13,+226 749 20 65 818,6144,out,ok,2026-04-18,61.0,Agent,5966
TX0005967,AG06,+226 722 90 55 682,2776,in,Reussie,2026-04-18,69.0,USSD,5967
TX0005968,AG18,+226 768 10 63 920,1115,in,ok,2026-04-18,28.0,app,5968
TX0005969,AG08,+226 790 23 88 030,779,in,Reussie,2026-04-18,19.0,Agent,5969
TX0005970,AG08,+226 732 20 12 902,4825,in,ok,2026-04-18,121.0,Agent,5970
TX0005971,AG10,+226 749 06 10 073,1291,out,Reussie,2026-04-18,13.0,Agent,5971
TX0005972,AG10,773 94 65 081,9827,in,OK,2026-04-18,246.0,Agent,5972
TX0005973,AG19,754 68 06 878,408,out,REUSSI,2026-04-18,4.0,Agent,5973
TX0005974,AG20,743 35 65 475,627,out,echec,2026-04-18,6.0,Agent,5974
TX0005975,AG20,+226 730 32 87 694,12490,in,OK,2026-04-18,312.0,USSD,5975
TX0005976,AG19,7291963009,5116,out,Reussie,2026-04-18,51.0,USSD,5976
TX0005977,AG12,7736298054,4544,out,echec,2026-04-18,45.0,Agent,5977
TX0005978,AG14,+226 724 67 06 425,1501,in,ok,2026-04-18,38.0,Agent,5978
TX0005979,AG05,738 39 73 390,11680,in,OK,2026-04-18,292.0,Agent,5979
TX0005980,AG15,744 78 86 346,6140,out,REUSSI,2026-04-18,61.0,Agent,5980
TX0005981,AG17,+226 752 56 34 492,4755,in,ok,2026-04-18,,Agent,5981
TX0005982,AG19,7900821626,1663,out,OK,2026-04-18,17.0,Agent,5982
TX0005983,AG20,+226 719 29 96 410,6790,out,Reussie,2026-04-18,68.0,USSD,5983
TX0005984,AG07,730 93 74 424,21267,in,REUSSI,2026-04-18,532.0,USSD,5984
TX0005985,AG07,+226 784 30 79 944,4550,out,Reussie,2026-04-18,46.0,Agent,5985
TX0005986,AG14,+226 735 69 02 544,670,in,Reussie,2026-04-18,17.0,USSD,5986
TX0005987,AG09,+226 757 14 72 047,7225,out,ok,2026-04-18,72.0,USSD,5987
TX0005988,AG01,748 78 68 851,5373,out,echec,2026-04-18,54.0,USSD,5988
TX0005989,AG09,726 69 27 055,1088,in,ok,2026-04-18,27.0,USSD,5989
TX0005990,AG08,734 61 90 376,6590,in,ok,2026-04-18,165.0,Agent,5990
TX0005991,AG11,710 14 89 012,5092,in,Reussie,2026-04-18,127.0,USSD,5991
TX0005992,AG14,+226 791 49 28 910,239,out,Reussie,2026-04-18,2.0,Agent,5992
TX0005993,AG18,+226 710 06 98 484,1136,in,Reussie,2026-04-18,28.0,USSD,5993
TX0005994,AG09,7678816297,1880,out,ok,2026-04-18,19.0,USSD,5994
TX0005995,AG04,765 78 52 958,2147,out,ok,2026-04-18,21.0,Agent,5995
TX0005996,AG16,733 37 44 202,6820,out,Reussie,2026-04-18,68.0,USSD,5996
TX0005997,AG17,+226 735 87 46 721,7752,in,Echouee,2026-04-18,194.0,app,5997
TX0005998,AG02,+226 778 62 99 390,8516,out,ok,2026-04-18,85.0,Agent,5998
TX0005999,AG10,752 86 93 092,1771,in,ok,2026-04-18,44.0,Agent,5999
TX0006000,AG14,791 50 92 806,8625,in,echec,2026-04-18,216.0,USSD,6000
TX0006001,AG12,732 40 21 574,5213,out,OK,2026-04-18,52.0,Agent,6001
TX0006002,AG09,+226 744 12 50 140,308,out,ok,2026-04-18,3.0,Agent,6002
TX0006003,AG02,728 15 36 084,1512,in,Reussie,2026-04-19,38.0,Agent,6003
TX0006004,AG05,7870604038,2954,in,REUSSI,2026-04-19,74.0,app,6004
TX0006005,AG11,+226 733 06 76 369,1221,out,Reussie,2026-04-19,12.0,USSD,6005
TX0006006,AG18,761 48 87 487,890,in,Echouee,2026-04-20,22.0,USSD,6006
TX0006007,AG03,+226 726 21 08 799,1188,out,ok,2026-04-20,12.0,USSD,6007
TX0006008,AG02,+226 734 30 37 148,397,out,Reussie,2026-04-20,4.0,Agent,6008
TX0006009,AG05,+226 794 23 84 259,5278,out,OK,2026-04-20,53.0,Agent,6009
TX0006010,AG06,7002337059,5270,in,REUSSI,2026-04-20,132.0,Agent,6010
TX0006011,AG20,7569401724,1255,in,Reussie,2026-04-20,31.0,Agent,6011
TX0006012,AG18,+226 701 80 89 994,9275,in,Reussie,2026-04-20,232.0,Agent,6012
TX0006013,AG05,794 72 74 784,685,in,REUSSI,2026-04-20,17.0,app,6013
TX0006014,AG07,7898918091,1188,out,echec,2026-04-20,12.0,USSD,6014
TX0006015,AG05,+226 761 05 90 222,1454,out,echec,2026-04-20,15.0,Agent,6015
TX0006016,AG19,+226 759 32 19 420,3570,out,OK,2026-04-20,36.0,Agent,6016
TX0006017,AG09,7033613943,6735,in,OK,2026-04-20,168.0,USSD,6017
TX0006018,AG18,7909451594,5342,in,Reussie,2026-04-20,134.0,USSD,6018
TX0006019,AG15,779 59 71 687,3128,out,ok,2026-04-20,31.0,USSD,6019
TX0006020,AG03,+226 795 37 59 232,2553,out,REUSSI,2026-04-20,26.0,Agent,6020
TX0006021,AG01,727 34 58 976,4276,in,REUSSI,2026-04-20,107.0,Agent,6021
TX0006022,AG01,787 58 58 661,1202,in,ok,2026-04-20,30.0,Agent,6022
TX0006023,AG10,+226 726 16 73 013,3874,out,REUSSI,2026-04-20,39.0,Agent,6023
TX0006024,AG03,7687226996,1584,in,OK,2026-04-20,40.0,USSD,6024
TX0006025,AG08,792 52 58 275,2614,out,echec,2026-04-20,26.0,Agent,6025
TX0006026,AG02,+226 728 67 01 626,14875,out,REUSSI,2026-04-20,149.0,Agent,6026
TX0006027,AG02,723 37 71 705,2515,in,REUSSI,2026-04-20,63.0,Agent,6027
TX0006028,AG20,+226 786 08 92 684,1475,in,Echouee,2026-04-20,37.0,Agent,6028
TX0006029,AG08,739 55 52 956,6357,in,ok,2026-04-20,159.0,Agent,6029
TX0006030,AG15,718 49 89 744,2891,out,REUSSI,2026-04-20,29.0,Agent,6030
TX0006031,AG08,7462976526,2356,in,ok,2026-04-20,59.0,Agent,6031
TX0006032,AG16,707 00 88 441,3467,in,OK,2026-04-20,87.0,USSD,6032
TX0006033,AG16,7308921005,5344,out,ok,2026-04-20,53.0,Agent,6033
TX0006034,AG20,781 69 03 694,6850,in,REUSSI,2026-04-20,171.0,Agent,6034
TX0006035,AG08,700 95 76 853,3028,in,REUSSI,2026-04-20,76.0,USSD,6035
TX0006036,AG09,+226 701 77 37 821,4120,out,Reussie,2026-04-20,41.0,Agent,6036
TX0006037,AG02,+226 798 08 31 225,3234,out,ok,2026-04-20,32.0,USSD,6037
TX0006038,AG01,7727294985,10826,in,ok,2026-04-20,271.0,USSD,6038
TX0006039,AG12,7402576970,1413,out,ok,2026-04-20,14.0,Agent,6039
TX0006040,AG02,754 87 88 631,516,out,REUSSI,2026-04-20,5.0,USSD,6040
TX0006041,AG18,794 53 58 149,3181,in,REUSSI,2026-04-20,80.0,USSD,6041
TX0006042,AG17,+226 760 26 24 210,2365,in,REUSSI,2026-04-20,59.0,app,6042
TX0006043,AG04,733 46 07 213,3490,out,OK,2026-04-20,35.0,Agent,6043
TX0006044,AG03,718 13 90 660,18552,in,Echouee,2026-04-20,464.0,Agent,6044
TX0006045,AG01,+226 769 94 24 523,5527,in,ok,2026-04-20,138.0,Agent,6045
TX0006046,AG12,7148674495,2677,in,Reussie,2026-04-20,67.0,USSD,6046
TX0006047,AG02,+226 716 44 59 385,1360,in,Reussie,2026-04-20,34.0,Agent,6047
TX0006048,AG03,732 17 16 324,11330,in,ok,2026-04-20,283.0,USSD,6048
TX0006049,AG19,+226 711 51 10 737,3752,out,REUSSI,2026-04-20,38.0,app,6049
TX0006050,AG04,7996495760,2339,in,ok,2026-04-20,58.0,Agent,6050
TX0006051,AG19,734 27 98 833,6311,in,REUSSI,2026-04-20,158.0,Agent,6051
TX0006052,AG16,779 64 01 031,2308,out,Reussie,2026-04-20,23.0,Agent,6052
TX0006053,AG07,+226 736 60 22 838,2722,out,echec,2026-04-20,27.0,USSD,6053
TX0006054,AG11,+226 721 57 79 713,2449,in,echec,2026-04-20,61.0,Agent,6054
TX0006055,AG16,700 59 33 413,1963,out,Echouee,2026-04-20,,app,6055
TX0006056,AG16,+226 782 88 06 130,3139,in,ok,2026-04-20,78.0,Agent,6056
TX0006057,AG06,+226 773 66 46 626,1135,in,Reussie,2026-04-20,28.0,Agent,6057
TX0006058,AG20,7699967701,986,out,Reussie,2026-04-20,10.0,Agent,6058
TX0006059,AG18,768 71 38 469,2490,out,OK,2026-04-20,25.0,USSD,6059
TX0006060,AG10,+226 790 48 39 263,2162,in,Reussie,2026-04-20,54.0,Agent,6060
TX0006061,AG09,+226 748 83 58 076,7219,out,Reussie,2026-04-20,72.0,Agent,6061
TX0006062,AG01,782 84 25 834,7630,in,echec,2026-04-20,191.0,USSD,6062
TX0006063,AG10,+226 732 64 81 234,893,out,Echouee,2026-04-20,9.0,Agent,6063
TX0006064,AG09,7753842281,12182,in,echec,2026-04-20,305.0,Agent,6064
TX0006065,AG01,735 25 72 278,1844,out,Reussie,2026-04-20,18.0,Agent,6065
TX0006066,AG12,725 71 15 552,3398,out,ok,2026-04-20,34.0,USSD,6066
TX0006067,AG16,+226 793 01 70 779,1152,in,Reussie,2026-04-20,29.0,USSD,6067
TX0006068,AG03,+226 791 86 96 284,2058,out,OK,2026-04-20,21.0,USSD,6068
TX0006069,AG11,710 07 51 748,4667,in,Reussie,2026-04-20,117.0,app,6069
TX0006070,AG11,796 14 34 811,6728,in,REUSSI,2026-04-20,168.0,Agent,6070
TX0006071,AG04,731 57 72 267,2422,in,Echouee,2026-04-20,61.0,USSD,6071
TX0006072,AG14,787 28 12 064,468,out,Reussie,2026-04-20,5.0,Agent,6072
TX0006073,AG20,+226 726 56 54 728,1944,in,REUSSI,2026-04-20,49.0,Agent,6073
TX0006074,AG05,783 01 87 259,4726,in,OK,2026-04-20,118.0,Agent,6074
TX0006075,AG05,762 85 07 405,2054,out,REUSSI,2026-04-20,21.0,Agent,6075
TX0006076,AG11,7316898310,4077,in,ok,2026-04-20,102.0,Agent,6076
TX0006077,AG12,+226 773 52 25 086,10405,in,echec,2026-04-20,260.0,Agent,6077
TX0006078,AG09,+226 770 18 75 428,1734,out,Reussie,2026-04-20,17.0,Agent,6078
TX0006079,AG04,7776769582,2968,out,echec,2026-04-20,30.0,Agent,6079
TX0006080,AG16,+226 738 87 33 865,1995,out,Echouee,2026-04-20,20.0,Agent,6080
TX0006081,AG01,7221657358,369,in,OK,2026-04-20,9.0,USSD,6081
TX0006082,AG20,7820265732,5446,in,Reussie,2026-04-20,136.0,Agent,6082
TX0006083,AG03,+226 700 77 71 675,2113,in,ok,2026-04-20,53.0,Agent,6083
TX0006084,AG10,766 75 91 191,1134,in,Reussie,2026-04-20,28.0,USSD,6084
TX0006085,AG12,+226 759 48 39 704,3724,in,OK,2026-04-20,93.0,app,6085
TX0006086,AG08,723 62 54 337,41450,out,OK,2026-04-20,414.0,Agent,6086
TX0006087,AG06,771 43 77 398,661,in,Reussie,2026-04-20,17.0,Agent,6087
TX0006088,AG01,733 10 25 748,1296,in,echec,2026-04-20,32.0,Agent,6088
TX0006089,AG02,7025620810,3719,in,Reussie,2026-04-20,93.0,USSD,6089
TX0006090,AG15,+226 717 03 59 001,1612,in,OK,2026-04-20,40.0,USSD,6090
TX0006091,AG19,+226 751 79 33 995,2820,in,Reussie,2026-04-20,70.0,app,6091
TX0006092,AG19,+226 770 01 33 796,9301,in,ok,2026-04-20,233.0,app,6092
TX0006093,AG18,762 18 78 006,2374,in,REUSSI,2026-04-21,59.0,USSD,6093
TX0006094,AG01,766 95 57 871,2040,in,Reussie,2026-04-21,51.0,Agent,6094
TX0006095,AG02,+226 786 01 67 145,7503,in,ok,2026-04-21,188.0,Agent,6095
TX0006096,AG01,744 29 96 142,2505,out,REUSSI,2026-04-21,25.0,Agent,6096
TX0006097,AG10,7808166753,6684,out,Reussie,2026-04-21,67.0,USSD,6097
TX0006098,AG15,705 27 22 850,2387,out,REUSSI,2026-04-21,24.0,Agent,6098
TX0006099,AG01,7947057776,3004,out,Echouee,2026-04-21,30.0,app,6099
TX0006100,AG05,+226 765 57 91 287,2381,in,echec,2026-04-21,60.0,USSD,6100
TX0006101,AG14,+226 745 18 52 391,641,in,OK,2026-04-21,16.0,USSD,6101
TX0006102,AG12,+226 738 30 99 023,4841,out,Echouee,2026-04-21,48.0,USSD,6102
TX0006103,AG01,+226 711 75 01 644,2056,in,REUSSI,2026-04-21,51.0,app,6103
TX0006104,AG17,+226 712 01 38 425,1275,in,Reussie,2026-04-21,32.0,Agent,6104
TX0006105,AG19,757 77 30 565,1605,in,REUSSI,2026-04-21,40.0,app,6105
TX0006106,AG03,702 97 06 025,4781,in,Reussie,2026-04-21,120.0,Agent,6106
TX0006107,AG07,743 76 92 914,1538,in,OK,2026-04-21,38.0,USSD,6107
TX0006108,AG10,+226 743 09 11 504,71934,out,ok,2026-04-21,719.0,USSD,6108
TX0006109,AG17,+226 732 97 09 299,275,in,ok,2026-04-21,7.0,USSD,6109
TX0006110,AG09,+226 770 56 62 584,1051,out,Reussie,2026-04-21,11.0,USSD,6110
TX0006111,AG20,703 65 33 425,2563,in,REUSSI,2026-04-21,64.0,USSD,6111
TX0006112,AG14,+226 740 08 82 526,4262,in,REUSSI,2026-04-21,107.0,app,6112
TX0006113,AG09,707 24 49 415,2041,in,ok,2026-04-21,51.0,Agent,6113
TX0006114,AG02,+226 721 60 87 017,8217,in,echec,2026-04-21,205.0,USSD,6114
TX0006115,AG06,+226 767 03 98 674,818,out,OK,2026-04-21,8.0,Agent,6115
TX0006116,AG03,763 56 71 915,2868,in,Reussie,2026-04-21,72.0,USSD,6116
TX0006117,AG08,+226 793 92 71 609,1592,in,Echouee,2026-04-21,40.0,Agent,6117
TX0006118,AG04,+226 707 77 82 582,6041,in,Reussie,2026-04-21,151.0,Agent,6118
TX0006119,AG09,7389213153,2904,in,ok,2026-04-21,73.0,Agent,6119
TX0006120,AG11,+226 706 45 56 910,509,out,Reussie,2026-04-21,5.0,app,6120
TX0006121,AG10,785 53 97 538,3586,in,OK,2026-04-21,90.0,USSD,6121
TX0006122,AG01,7143570219,3672,in,REUSSI,2026-04-21,92.0,Agent,6122
TX0006123,AG12,7720376709,17896,in,OK,2026-04-21,447.0,app,6123
TX0006124,AG14,+226 715 17 80 894,578,in,Reussie,2026-04-21,14.0,USSD,6124
TX0006125,AG08,+226 742 09 96 489,3471,in,REUSSI,2026-04-21,87.0,Agent,6125
TX0006126,AG11,7326244388,8307,in,echec,2026-04-21,208.0,Agent,6126
TX0006127,AG04,744 73 18 829,14360,in,ok,2026-04-21,359.0,USSD,6127
TX0006128,AG14,+226 789 36 80 390,3032,out,echec,2026-04-21,30.0,USSD,6128
TX0006129,AG02,+226 799 05 88 097,1532,in,Reussie,2026-04-21,38.0,app,6129
TX0006130,AG10,746 82 76 155,431,in,Reussie,2026-04-21,11.0,Agent,6130
TX0006131,AG11,7657522331,2317,in,OK,2026-04-21,58.0,Agent,6131
TX0006132,AG08,+226 791 56 19 862,4035,in,Reussie,2026-04-21,101.0,app,6132
TX0006133,AG14,723 55 08 881,5009,in,echec,2026-04-21,125.0,USSD,6133
TX0006134,AG09,+226 704 67 89 624,2193,in,REUSSI,2026-04-21,55.0,USSD,6134
TX0006135,AG10,+226 733 76 33 609,6979,in,Reussie,2026-04-21,174.0,Agent,6135
TX0006136,AG12,711 03 32 898,6182,in,REUSSI,2026-04-21,155.0,Agent,6136
TX0006137,AG18,709 05 90 231,3247,in,REUSSI,2026-04-21,81.0,USSD,6137
TX0006138,AG03,+226 783 82 40 486,4676,in,Reussie,2026-04-21,117.0,Agent,6138
TX0006139,AG20,+226 786 59 26 413,2590,out,OK,2026-04-21,26.0,app,6139
TX0006140,AG03,7613876484,3428,in,OK,2026-04-21,86.0,USSD,6140
TX0006141,AG02,7691599133,1930,in,Echouee,2026-04-21,48.0,Agent,6141
TX0006142,AG14,+226 799 47 97 431,5441,in,Reussie,2026-04-21,136.0,Agent,6142
TX0006143,AG04,737 11 40 988,875,out,echec,2026-04-21,9.0,USSD,6143
TX0006144,AG16,756 89 42 278,4710,out,REUSSI,2026-04-21,47.0,Agent,6144
TX0006145,AG09,7417618086,1966,in,echec,2026-04-21,49.0,USSD,6145
TX0006146,AG14,721 83 14 230,1465,out,echec,2026-04-21,15.0,Agent,6146
TX0006147,AG07,+226 705 32 38 508,2222,in,OK,2026-04-21,56.0,Agent,6147
TX0006148,AG05,774 79 13 488,10032,in,ok,2026-04-21,251.0,Agent,6148
TX0006149,AG12,7355080342,957,out,ok,2026-04-21,10.0,app,6149
TX0006150,AG15,+226 760 93 19 665,3801,out,ok,2026-04-21,38.0,Agent,6150
TX0006151,AG02,+226 775 70 02 098,4490,in,Reussie,2026-04-21,112.0,app,6151
TX0006152,AG10,+226 730 81 55 860,1365,out,REUSSI,2026-04-21,14.0,USSD,6152
TX0006153,AG09,+226 787 31 64 010,4199,in,ok,2026-04-21,105.0,USSD,6153
TX0006154,AG18,746 07 89 413,983,in,OK,2026-04-21,25.0,USSD,6154
TX0006155,AG12,+226 730 35 78 117,942,in,REUSSI,2026-04-21,24.0,Agent,6155
TX0006156,AG09,714 13 39 957,1366,out,REUSSI,2026-04-21,14.0,USSD,6156
TX0006157,AG04,7012725683,935,out,ok,2026-04-21,9.0,Agent,6157
TX0006158,AG07,732 19 10 986,7723,out,ok,2026-04-21,77.0,app,6158
TX0006159,AG17,7479810193,2084,in,OK,2026-04-21,52.0,Agent,6159
TX0006160,AG06,+226 743 31 00 262,861,in,ok,2026-04-21,22.0,USSD,6160
TX0006161,AG19,740 40 68 912,4357,in,OK,2026-04-22,109.0,app,6161
TX0006162,AG16,7635214908,2816,out,OK,2026-04-22,28.0,USSD,6162
TX0006163,AG16,+226 766 56 17 644,1105,out,Echouee,2026-04-22,11.0,Agent,6163
TX0006164,AG07,7639741411,1535,in,REUSSI,2026-04-22,38.0,USSD,6164
TX0006165,AG11,7355736373,4271,in,REUSSI,2026-04-22,107.0,USSD,6165
TX0006166,AG03,708 22 85 670,2762,out,ok,2026-04-22,28.0,USSD,6166
TX0006167,AG03,+226 774 51 05 250,1472,out,OK,2026-04-22,15.0,Agent,6167
TX0006168,AG20,+226 710 64 72 705,8509,in,Echouee,2026-04-22,213.0,USSD,6168
TX0006169,AG13,7922016907,1027,in,ok,2026-04-22,26.0,app,6169
TX0006170,AG10,+226 724 99 93 147,6850,out,echec,2026-04-22,68.0,Agent,6170
TX0006171,AG11,761 38 16 110,4125,in,Echouee,2026-04-22,103.0,app,6171
TX0006172,AG06,749 17 96 751,1608,out,Echouee,2026-04-22,16.0,Agent,6172
TX0006173,AG18,7437770544,2148,in,Echouee,2026-04-22,54.0,Agent,6173
TX0006174,AG16,765 96 59 057,5341,out,ok,2026-04-22,53.0,USSD,6174
TX0006175,AG15,7597129568,5747,in,ok,2026-04-22,144.0,USSD,6175
TX0006176,AG20,715 90 88 529,7977,in,ok,2026-04-22,199.0,app,6176
TX0006177,AG07,7430804687,3852,in,OK,2026-04-22,96.0,USSD,6177
TX0006178,AG06,741 33 62 645,1208,in,ok,2026-04-22,30.0,USSD,6178
TX0006179,AG05,+226 792 52 99 153,8097,out,REUSSI,2026-04-22,81.0,USSD,6179
TX0006180,AG19,7828057510,2792,in,echec,2026-04-22,70.0,Agent,6180
TX0006181,AG09,+226 787 45 11 315,7480,in,REUSSI,2026-04-22,187.0,USSD,6181
TX0006182,AG15,+226 766 57 22 921,4018,out,OK,2026-04-22,40.0,Agent,6182
TX0006183,AG20,704 71 96 481,1378,in,Reussie,2026-04-22,34.0,Agent,6183
TX0006184,AG12,774 85 36 514,2069,out,ok,2026-04-22,21.0,Agent,6184
TX0006185,AG14,763 03 57 881,1887,in,REUSSI,2026-04-22,47.0,app,6185
TX0006186,AG05,+226 754 64 81 976,1210,in,REUSSI,2026-04-22,30.0,Agent,6186
TX0006187,AG16,735 67 27 144,3290,out,Reussie,2026-04-22,33.0,Agent,6187
TX0006188,AG08,7791868331,1273,in,OK,2026-04-22,32.0,Agent,6188
TX0006189,AG20,731 30 69 403,5131,in,ok,2026-04-22,128.0,Agent,6189
TX0006190,AG03,+226 777 79 89 577,476,out,Echouee,2026-04-22,5.0,USSD,6190
TX0006191,AG18,+226 747 17 88 897,3330,in,OK,2026-04-22,83.0,USSD,6191
TX0006192,AG01,+226 702 69 67 131,1301,in,REUSSI,2026-04-22,33.0,USSD,6192
TX0006193,AG02,774 33 63 497,1915,out,Reussie,2026-04-22,19.0,USSD,6193
TX0006194,AG17,731 63 39 183,15239,in,Echouee,2026-04-22,381.0,Agent,6194
TX0006195,AG15,715 01 03 368,1050,in,ok,2026-04-22,26.0,app,6195
TX0006196,AG19,714 63 30 228,2680,out,REUSSI,2026-04-22,27.0,app,6196
TX0006197,AG15,+226 751 44 82 646,6332,in,ok,2026-04-22,158.0,USSD,6197
TX0006198,AG09,+226 767 98 80 008,3354,in,Reussie,2026-04-22,84.0,USSD,6198
TX0006199,AG06,7540758461,361,in,OK,2026-04-22,9.0,app,6199
TX0006200,AG06,7412272585,7812,out,Echouee,2026-04-22,78.0,Agent,6200
TX0006201,AG05,760 47 26 001,1350,out,REUSSI,2026-04-22,14.0,app,6201
TX0006202,AG10,722 68 72 778,1675,in,OK,2026-04-22,42.0,Agent,6202
TX0006203,AG16,778 30 73 360,1400,in,ok,2026-04-22,35.0,Agent,6203
TX0006204,AG10,724 75 76 746,1322,out,Reussie,2026-04-22,13.0,USSD,6204
TX0006205,AG09,7233958476,1252,out,REUSSI,2026-04-22,13.0,USSD,6205
TX0006206,AG18,735 72 89 576,816,in,OK,2026-04-22,20.0,app,6206
TX0006207,AG11,+226 783 26 58 280,1013,in,REUSSI,2026-04-22,25.0,Agent,6207
TX0006208,AG04,7910594213,1123,in,Reussie,2026-04-22,28.0,USSD,6208
TX0006209,AG03,+226 721 71 46 620,2566,in,Reussie,2026-04-22,64.0,app,6209
TX0006210,AG14,+226 719 71 31 514,2742,in,REUSSI,2026-04-22,69.0,Agent,6210
TX0006211,AG01,+226 761 88 44 703,7103,out,REUSSI,2026-04-22,71.0,Agent,6211
TX0006212,AG10,705 47 07 509,11974,in,echec,2026-04-22,299.0,USSD,6212
TX0006213,AG16,+226 731 02 18 492,6528,in,OK,2026-04-22,163.0,Agent,6213
TX0006214,AG19,+226 739 81 30 123,2982,in,REUSSI,2026-04-22,75.0,USSD,6214
TX0006215,AG07,7068901131,1141,out,REUSSI,2026-04-22,11.0,USSD,6215
TX0006216,AG08,713 12 12 547,3372,in,ok,2026-04-22,84.0,USSD,6216
TX0006217,AG06,763 80 71 857,1652,out,Reussie,2026-04-22,17.0,USSD,6217
TX0006218,AG08,761 99 71 428,13867,out,ok,2026-04-22,139.0,Agent,6218
TX0006219,AG03,+226 782 37 77 335,562,in,Reussie,2026-04-22,14.0,app,6219
TX0006220,AG07,+226 749 63 28 287,736,out,OK,2026-04-22,7.0,Agent,6220
TX0006221,AG04,712 56 90 768,38007,out,REUSSI,2026-04-22,380.0,USSD,6221
TX0006222,AG17,778 09 51 107,3428,in,Reussie,2026-04-22,86.0,Agent,6222
TX0006223,AG16,+226 765 88 88 418,5075,in,Echouee,2026-04-23,127.0,USSD,6223
TX0006224,AG15,706 53 05 494,2445,out,Reussie,2026-04-23,24.0,USSD,6224
TX0006225,AG15,711 22 14 403,3408,in,REUSSI,2026-04-23,85.0,app,6225
TX0006226,AG03,+226 705 08 77 836,6454,in,Reussie,2026-04-23,161.0,app,6226
TX0006227,AG02,760 34 02 699,1358,out,ok,2026-04-23,14.0,Agent,6227
TX0006228,AG15,+226 786 98 75 904,1842,in,REUSSI,2026-04-23,46.0,Agent,6228
TX0006229,AG16,787 29 94 884,1078,in,Echouee,2026-04-23,27.0,Agent,6229
TX0006230,AG17,+226 786 15 98 884,3148,out,OK,2026-04-23,31.0,Agent,6230
TX0006231,AG20,707 15 48 474,3477,in,Echouee,2026-04-23,87.0,Agent,6231
TX0006232,AG03,+226 796 66 61 770,322,in,echec,2026-04-23,8.0,USSD,6232
TX0006233,AG06,+226 770 82 18 789,1917,out,echec,2026-04-23,19.0,Agent,6233
TX0006234,AG01,777 87 52 058,2791,out,ok,2026-04-23,28.0,USSD,6234
TX0006235,AG02,732 27 92 172,1698,out,Reussie,2026-04-23,17.0,USSD,6235
TX0006236,AG18,743 35 30 575,14988,out,OK,2026-04-23,150.0,USSD,6236
TX0006237,AG13,+226 786 76 61 786,648,out,ok,2026-04-23,6.0,USSD,6237
TX0006238,AG01,773 87 06 850,4660,in,OK,2026-04-23,116.0,USSD,6238
TX0006239,AG10,7024982510,402,out,REUSSI,2026-04-23,4.0,app,6239
TX0006240,AG09,+226 786 96 15 502,1637,out,Echouee,2026-04-23,16.0,Agent,6240
TX0006241,AG07,735 11 07 611,3989,out,Reussie,2026-04-23,40.0,Agent,6241
TX0006242,AG06,738 96 51 313,12298,out,Reussie,2026-04-23,123.0,Agent,6242
TX0006243,AG01,723 49 85 166,467,out,ok,2026-04-23,5.0,app,6243
TX0006244,AG19,778 60 42 728,11879,out,echec,2026-04-23,119.0,Agent,6244
TX0006245,AG20,780 91 82 589,17947,in,REUSSI,2026-04-23,449.0,Agent,6245
TX0006246,AG07,+226 739 15 98 246,3547,out,REUSSI,2026-04-23,35.0,USSD,6246
TX0006247,AG16,+226 749 00 54 751,1531,in,ok,2026-04-23,38.0,Agent,6247
TX0006248,AG15,780 78 87 366,2425,out,OK,2026-04-23,24.0,app,6248
TX0006249,AG02,716 26 76 396,397,out,Reussie,2026-04-23,4.0,USSD,6249
TX0006250,AG13,7590375596,2870,in,Reussie,2026-04-23,72.0,Agent,6250
TX0006251,AG19,+226 727 82 51 394,1247,out,ok,2026-04-23,12.0,Agent,6251
TX0006252,AG01,7749745804,2567,out,OK,2026-04-23,26.0,Agent,6252
TX0006253,AG09,759 24 31 744,1175,in,echec,2026-04-23,29.0,Agent,6253
TX0006254,AG09,+226 781 26 82 486,1375,in,ok,2026-04-23,34.0,Agent,6254
TX0006255,AG17,764 34 18 919,563,in,Reussie,2026-04-23,14.0,USSD,6255
TX0006256,AG15,712 50 60 914,4482,in,OK,2026-04-23,112.0,USSD,6256
TX0006257,AG14,746 10 34 706,11948,out,ok,2026-04-23,119.0,USSD,6257
TX0006258,AG01,+226 756 08 29 711,2126,out,echec,2026-04-23,21.0,Agent,6258
TX0006259,AG07,796 92 24 009,647,in,ok,2026-04-23,16.0,USSD,6259
TX0006260,AG06,+226 748 47 50 632,3559,in,ok,2026-04-23,89.0,Agent,6260
TX0006261,AG20,+226 703 91 56 579,9561,out,OK,2026-04-23,96.0,Agent,6261
TX0006262,AG20,774 10 29 514,1709,in,REUSSI,2026-04-23,43.0,Agent,6262
TX0006263,AG18,782 28 10 084,8619,out,ok,2026-04-23,86.0,app,6263
TX0006264,AG14,774 29 62 659,5754,in,Reussie,2026-04-23,144.0,Agent,6264
TX0006265,AG13,7668903178,7934,out,Echouee,2026-04-23,79.0,Agent,6265
TX0006266,AG02,+226 704 44 65 656,2737,in,echec,2026-04-23,68.0,USSD,6266
TX0006267,AG14,785 24 81 366,1957,in,ok,2026-04-23,49.0,Agent,6267
TX0006268,AG06,765 99 50 847,5526,out,ok,2026-04-23,55.0,app,6268
TX0006269,AG09,718 90 57 588,1036,out,ok,2026-04-23,10.0,Agent,6269
TX0006270,AG20,7663511791,1235,out,OK,2026-04-23,12.0,USSD,6270
TX0006271,AG20,+226 789 76 27 671,2616,out,REUSSI,2026-04-23,26.0,USSD,6271
TX0006272,AG05,+226 756 94 93 855,1479,out,REUSSI,2026-04-23,15.0,Agent,6272
TX0006273,AG11,744 03 82 802,2141,out,ok,2026-04-23,21.0,Agent,6273
TX0006274,AG16,7368686377,4252,in,Reussie,2026-04-23,106.0,USSD,6274
TX0006275,AG20,+226 739 48 84 358,2601,in,OK,2026-04-23,65.0,Agent,6275
TX0006276,AG02,+226 754 44 46 820,1708,in,OK,2026-04-23,43.0,Agent,6276
TX0006277,AG04,+226 754 47 14 428,13624,out,OK,2026-04-23,136.0,app,6277
TX0006278,AG10,+226 721 51 39 099,3327,out,REUSSI,2026-04-23,33.0,USSD,6278
TX0006279,AG02,7733714849,2703,in,ok,2026-04-24,68.0,Agent,6279
TX0006280,AG17,+226 714 00 69 854,1756,in,ok,2026-04-24,44.0,Agent,6280
TX0006281,AG20,+226 782 21 89 580,654,out,Echouee,2026-04-24,7.0,Agent,6281
TX0006282,AG09,+226 712 50 51 489,4833,in,OK,2026-04-24,121.0,Agent,6282
TX0006283,AG12,738 27 01 922,788,in,OK,2026-04-24,20.0,Agent,6283
TX0006284,AG05,7049404220,2055,in,OK,2026-04-24,51.0,Agent,6284
TX0006285,AG08,797 90 26 865,14322,out,Reussie,2026-04-24,143.0,Agent,6285
TX0006286,AG15,781 71 23 439,3421,in,ok,2026-04-24,86.0,USSD,6286
TX0006287,AG14,+226 743 97 75 959,3735,in,ok,2026-04-24,93.0,Agent,6287
TX0006288,AG14,+226 785 86 10 928,2881,out,OK,2026-04-24,29.0,USSD,6288
TX0006289,AG11,+226 736 02 00 076,4111,in,echec,2026-04-24,103.0,app,6289
TX0006290,AG20,728 10 87 179,1082,in,Reussie,2026-04-24,27.0,USSD,6290
TX0006291,AG02,7998480395,5934,in,ok,2026-04-24,148.0,Agent,6291
TX0006292,AG17,+226 785 20 64 244,4558,out,ok,2026-04-24,46.0,app,6292
TX0006293,AG14,734 93 94 986,19626,out,Reussie,2026-04-24,196.0,USSD,6293
TX0006294,AG02,718 45 80 063,1352,in,OK,2026-04-24,34.0,app,6294
TX0006295,AG03,713 43 30 954,1757,out,REUSSI,2026-04-24,18.0,Agent,6295
TX0006296,AG09,723 95 32 898,3706,in,Reussie,2026-04-24,93.0,USSD,6296
TX0006297,AG19,7653581464,672,in,Reussie,2026-04-24,17.0,USSD,6297
TX0006298,AG13,+226 779 30 94 342,2839,in,REUSSI,2026-04-24,71.0,USSD,6298
TX0006299,AG04,+226 719 47 45 024,4614,in,ok,2026-04-24,115.0,Agent,6299
TX0006300,AG02,758 94 46 347,2318,in,Echouee,2026-04-24,58.0,app,6300
TX0006301,AG12,701 36 10 869,10586,in,OK,2026-04-24,265.0,Agent,6301
TX0006302,AG03,704 79 99 419,1033,in,ok,2026-04-24,26.0,USSD,6302
TX0006303,AG15,+226 714 52 02 498,1321,out,ok,2026-04-24,13.0,USSD,6303
TX0006304,AG20,735 20 60 606,6915,out,OK,2026-04-24,69.0,USSD,6304
TX0006305,AG01,727 73 83 462,7378,out,echec,2026-04-24,74.0,Agent,6305
TX0006306,AG19,716 91 04 228,2013,in,REUSSI,2026-04-24,50.0,USSD,6306
TX0006307,AG09,751 87 77 968,5719,in,REUSSI,2026-04-24,143.0,app,6307
TX0006308,AG15,+226 729 35 33 647,9859,in,REUSSI,2026-04-24,246.0,USSD,6308
TX0006309,AG10,726 58 66 001,2026,in,OK,2026-04-24,51.0,Agent,6309
TX0006310,AG03,+226 717 68 00 947,4552,in,OK,2026-04-24,114.0,Agent,6310
TX0006311,AG11,731 77 37 673,4331,in,ok,2026-04-24,108.0,USSD,6311
TX0006312,AG13,7788092154,1493,out,OK,2026-04-24,15.0,Agent,6312
TX0006313,AG17,797 44 62 476,1007,in,Echouee,2026-04-24,25.0,app,6313
TX0006314,AG16,+226 775 87 52 839,3516,in,REUSSI,2026-04-24,88.0,app,6314
TX0006315,AG07,713 83 60 051,2468,out,REUSSI,2026-04-24,25.0,USSD,6315
TX0006316,AG13,+226 743 58 84 688,2127,in,Reussie,2026-04-24,53.0,Agent,6316
TX0006317,AG19,7401673021,2115,in,REUSSI,2026-04-24,53.0,Agent,6317
TX0006318,AG06,+226 763 93 94 184,12602,in,OK,2026-04-24,315.0,USSD,6318
TX0006319,AG18,7638698069,10450,in,echec,2026-04-24,261.0,USSD,6319
TX0006320,AG01,777 03 48 996,1709,in,OK,2026-04-24,43.0,Agent,6320
TX0006321,AG03,7429665926,1630,in,ok,2026-04-24,41.0,USSD,6321
TX0006322,AG10,+226 769 23 98 603,3448,in,OK,2026-04-24,86.0,Agent,6322
TX0006323,AG15,7143349225,2810,in,echec,2026-04-24,70.0,USSD,6323
TX0006324,AG09,+226 778 52 75 021,369,in,Echouee,2026-04-24,9.0,app,6324
TX0006325,AG01,751 62 66 502,10301,out,REUSSI,2026-04-24,103.0,USSD,6325
TX0006326,AG06,+226 735 30 13 796,2426,in,REUSSI,2026-04-24,61.0,Agent,6326
TX0006327,AG01,+226 756 89 64 088,401,in,OK,2026-04-24,10.0,USSD,6327
TX0006328,AG01,7227582315,928,in,OK,2026-04-24,23.0,app,6328
TX0006329,AG02,780 95 15 074,4931,in,echec,2026-04-24,123.0,app,6329
TX0006330,AG20,7635216827,647,in,REUSSI,2026-04-24,16.0,Agent,6330
TX0006331,AG13,713 73 31 129,1688,in,Reussie,2026-04-24,42.0,Agent,6331
TX0006332,AG15,7466616581,701,in,Reussie,2026-04-24,18.0,Agent,6332
TX0006333,AG20,+226 757 75 60 701,865,in,ok,2026-04-24,22.0,Agent,6333
TX0006334,AG03,759 04 77 841,1220,in,ok,2026-04-24,30.0,Agent,6334
TX0006335,AG02,784 60 94 381,2298,in,Echouee,2026-04-24,57.0,Agent,6335
TX0006336,AG03,785 19 91 110,3043,out,OK,2026-04-24,30.0,Agent,6336
TX0006337,AG02,+226 781 95 73 620,17272,out,ok,2026-04-24,173.0,Agent,6337
TX0006338,AG07,+226 774 32 35 391,5193,out,echec,2026-04-24,52.0,Agent,6338
TX0006339,AG16,723 41 47 434,808,out,ok,2026-04-24,8.0,app,6339
TX0006340,AG04,776 94 21 278,1003,in,Echouee,2026-04-24,25.0,Agent,6340
TX0006341,AG07,740 51 65 754,2754,out,Reussie,2026-04-24,28.0,Agent,6341
TX0006342,AG18,704 53 82 972,202,in,echec,2026-04-24,5.0,Agent,6342
TX0006343,AG12,763 52 38 971,4063,in,OK,2026-04-24,102.0,app,6343
TX0006344,AG14,734 31 53 078,536,out,Reussie,2026-04-24,5.0,USSD,6344
TX0006345,AG07,759 47 08 125,3073,in,Reussie,2026-04-24,77.0,USSD,6345
TX0006346,AG01,711 85 68 911,1441,in,echec,2026-04-24,36.0,USSD,6346
TX0006347,AG09,757 77 63 949,3573,in,Reussie,2026-04-24,89.0,USSD,6347
TX0006348,AG19,774 29 77 074,2177,in,Reussie,2026-04-24,54.0,Agent,6348
TX0006349,AG05,+226 791 18 28 610,761,in,REUSSI,2026-04-24,19.0,Agent,6349
TX0006350,AG05,793 65 45 224,1794,in,Reussie,2026-04-24,45.0,Agent,6350
TX0006351,AG09,752 60 33 275,2694,out,ok,2026-04-24,27.0,app,6351
TX0006352,AG18,781 49 07 194,4589,out,REUSSI,2026-04-24,46.0,Agent,6352
TX0006353,AG15,744 72 44 640,4203,out,ok,2026-04-24,42.0,Agent,6353
TX0006354,AG06,785 42 68 353,3287,out,ok,2026-04-24,33.0,USSD,6354
TX0006355,AG15,+226 778 77 51 692,4491,in,Reussie,2026-04-24,112.0,Agent,6355
TX0006356,AG14,7248445956,1617,in,echec,2026-04-24,40.0,app,6356
TX0006357,AG14,761 99 56 276,4333,out,REUSSI,2026-04-24,43.0,USSD,6357
TX0006358,AG07,7596603282,2809,out,Reussie,2026-04-24,28.0,USSD,6358
TX0006359,AG06,+226 765 72 01 652,319,in,ok,2026-04-24,8.0,Agent,6359
TX0006360,AG11,7560985398,727,out,OK,2026-04-24,7.0,Agent,6360
TX0006361,AG01,+226 748 18 21 752,4413,out,REUSSI,2026-04-25,44.0,USSD,6361
TX0006362,AG18,+226 734 34 47 177,976,out,OK,2026-04-25,10.0,Agent,6362
TX0006363,AG05,+226 716 92 22 366,7555,in,ok,2026-04-25,189.0,Agent,6363
TX0006364,AG19,738 22 94 951,2286,out,OK,2026-04-25,23.0,USSD,6364
TX0006365,AG20,725 05 94 054,2617,in,Reussie,2026-04-25,65.0,Agent,6365
TX0006366,AG05,7014638093,6493,out,REUSSI,2026-04-25,65.0,Agent,6366
TX0006367,AG10,7457572457,15655,out,REUSSI,2026-04-25,157.0,USSD,6367
TX0006368,AG16,770 83 46 552,3053,in,echec,2026-04-25,76.0,USSD,6368
TX0006369,AG11,777 19 16 399,1300,out,REUSSI,2026-04-25,13.0,Agent,6369
TX0006370,AG14,704 92 01 499,12871,in,REUSSI,2026-04-25,322.0,Agent,6370
TX0006371,AG10,+226 771 89 00 257,2648,out,echec,2026-04-25,26.0,Agent,6371
TX0006372,AG08,726 93 52 923,2654,in,ok,2026-04-25,66.0,Agent,6372
TX0006373,AG17,+226 793 93 57 919,352,out,OK,2026-04-25,4.0,USSD,6373
TX0006374,AG19,+226 719 75 24 281,5035,out,REUSSI,2026-04-25,50.0,USSD,6374
TX0006375,AG13,7084611224,20305,in,ok,2026-04-25,508.0,USSD,6375
TX0006376,AG12,726 31 78 806,3701,in,REUSSI,2026-04-25,93.0,Agent,6376
TX0006377,AG07,729 00 68 976,2408,out,REUSSI,2026-04-25,24.0,Agent,6377
TX0006378,AG15,758 90 60 474,4063,in,OK,2026-04-25,102.0,USSD,6378
TX0006379,AG14,742 29 69 573,2335,out,REUSSI,2026-04-25,23.0,Agent,6379
TX0006380,AG16,7611886547,4411,out,ok,2026-04-25,44.0,USSD,6380
TX0006381,AG04,749 31 03 090,2194,out,Reussie,2026-04-25,22.0,Agent,6381
TX0006382,AG17,+226 736 92 67 280,2200,in,Reussie,2026-04-25,55.0,Agent,6382
TX0006383,AG14,+226 779 37 58 360,3260,in,OK,2026-04-25,82.0,Agent,6383
TX0006384,AG16,759 70 33 151,3511,out,Reussie,2026-04-25,35.0,Agent,6384
TX0006385,AG04,7977428729,1538,out,echec,2026-04-25,15.0,Agent,6385
TX0006386,AG17,749 33 14 232,756,out,echec,2026-04-25,8.0,app,6386
TX0006387,AG10,+226 775 58 79 334,576,in,Reussie,2026-04-25,14.0,Agent,6387
TX0006388,AG01,+226 712 79 45 041,912,out,ok,2026-04-25,9.0,Agent,6388
TX0006389,AG18,+226 726 75 29 182,4684,out,REUSSI,2026-04-25,47.0,USSD,6389
TX0006390,AG12,7851283511,864,out,Reussie,2026-04-25,9.0,USSD,6390
TX0006391,AG07,735 18 00 899,557,out,REUSSI,2026-04-25,6.0,USSD,6391
TX0006392,AG19,+226 770 10 82 072,1874,out,ok,2026-04-25,19.0,Agent,6392
TX0006393,AG20,702 97 26 713,6191,in,OK,2026-04-25,155.0,Agent,6393
TX0006394,AG18,+226 785 64 89 518,1643,out,Reussie,2026-04-25,16.0,Agent,6394
TX0006395,AG12,730 29 37 626,9384,in,Echouee,2026-04-25,235.0,Agent,6395
TX0006396,AG08,+226 743 69 55 366,3893,out,Echouee,2026-04-25,39.0,USSD,6396
TX0006397,AG09,751 92 03 516,2143,in,OK,2026-04-25,,USSD,6397
TX0006398,AG19,775 63 94 309,6788,in,OK,2026-04-25,170.0,USSD,6398
TX0006399,AG18,+226 783 92 80 116,1927,in,echec,2026-04-25,48.0,USSD,6399
TX0006400,AG09,+226 796 21 40 857,940,in,REUSSI,2026-04-25,24.0,Agent,6400
TX0006401,AG18,716 53 29 378,2131,in,ok,2026-04-25,53.0,Agent,6401
TX0006402,AG05,+226 776 78 08 157,2411,out,Echouee,2026-04-25,24.0,Agent,6402
TX0006403,AG14,774 25 63 248,1412,in,REUSSI,2026-04-25,35.0,USSD,6403
TX0006404,AG07,7508344001,757,in,Reussie,2026-04-26,19.0,USSD,6404
TX0006405,AG17,7018310131,1381,in,Reussie,2026-04-26,35.0,Agent,6405
TX0006406,AG07,7684871203,4818,in,OK,2026-04-26,120.0,USSD,6406
TX0006407,AG08,770 02 13 955,2152,out,Reussie,2026-04-26,22.0,Agent,6407
TX0006408,AG10,7220413549,2581,out,OK,2026-04-26,26.0,Agent,6408
TX0006409,AG01,+226 731 62 32 425,728,in,ok,2026-04-26,18.0,USSD,6409
TX0006410,AG07,711 21 09 823,4361,in,Reussie,2026-04-26,109.0,Agent,6410
TX0006411,AG14,7783492263,1492,in,echec,2026-04-27,37.0,Agent,6411
TX0006412,AG02,+226 783 74 10 433,7972,in,OK,2026-04-27,199.0,Agent,6412
TX0006413,AG13,744 26 97 720,844,in,ok,2026-04-27,21.0,Agent,6413
TX0006414,AG01,736 53 34 090,8531,in,Reussie,2026-04-27,213.0,USSD,6414
TX0006415,AG11,777 70 32 602,871,out,OK,2026-04-27,9.0,USSD,6415
TX0006416,AG02,732 60 84 607,1202,out,echec,2026-04-27,12.0,Agent,6416
TX0006417,AG10,+226 763 11 70 966,2350,out,Reussie,2026-04-27,24.0,USSD,6417
TX0006418,AG11,7571723667,1583,in,Reussie,2026-04-27,40.0,Agent,6418
TX0006419,AG02,+226 762 21 12 894,901,out,Reussie,2026-04-27,9.0,Agent,6419
TX0006420,AG19,+226 733 81 48 621,5927,in,ok,2026-04-27,148.0,Agent,6420
TX0006421,AG06,+226 765 41 61 370,1183,in,Reussie,2026-04-27,30.0,USSD,6421
TX0006422,AG05,780 69 01 882,3993,out,Reussie,2026-04-27,40.0,Agent,6422
TX0006423,AG10,768 76 53 724,2000,out,Echouee,2026-04-27,20.0,app,6423
TX0006424,AG10,789 53 49 033,440,in,Echouee,2026-04-27,11.0,Agent,6424
TX0006425,AG02,7081568336,2259,in,Reussie,2026-04-27,56.0,USSD,6425
TX0006426,AG13,744 90 03 030,2998,in,ok,2026-04-27,75.0,Agent,6426
TX0006427,AG17,755 37 67 172,4359,out,OK,2026-04-27,44.0,USSD,6427
TX0006428,AG17,+226 755 93 94 010,506,in,Echouee,2026-04-27,13.0,USSD,6428
TX0006429,AG08,7320667843,3759,in,Reussie,2026-04-27,94.0,Agent,6429
TX0006430,AG07,7664200829,3619,in,ok,2026-04-27,90.0,USSD,6430
TX0006431,AG11,7492923126,1404,in,echec,2026-04-27,35.0,Agent,6431
TX0006432,AG14,741 07 17 951,3286,out,Reussie,2026-04-27,33.0,USSD,6432
TX0006433,AG07,765 56 46 839,1484,in,ok,2026-04-27,37.0,Agent,6433
TX0006434,AG20,+226 756 72 35 213,1671,out,Reussie,2026-04-27,17.0,app,6434
TX0006435,AG08,7396015954,5077,in,ok,2026-04-27,127.0,USSD,6435
TX0006436,AG13,+226 740 06 73 998,4482,in,OK,2026-04-27,112.0,Agent,6436
TX0006437,AG04,+226 774 47 54 909,1530,in,Reussie,2026-04-27,38.0,USSD,6437
TX0006438,AG19,+226 725 30 45 857,5301,in,OK,2026-04-27,133.0,USSD,6438
TX0006439,AG04,754 16 41 405,615,in,OK,2026-04-27,15.0,USSD,6439
TX0006440,AG09,+226 782 49 34 908,2146,out,Reussie,2026-04-27,21.0,USSD,6440
TX0006441,AG11,789 94 80 319,5130,in,Reussie,2026-04-27,128.0,Agent,6441
TX0006442,AG04,791 12 17 852,3094,in,REUSSI,2026-04-27,77.0,USSD,6442
TX0006443,AG01,+226 711 92 72 426,11296,out,Echouee,2026-04-27,113.0,USSD,6443
TX0006444,AG05,+226 779 06 41 099,3133,in,OK,2026-04-27,78.0,app,6444
TX0006445,AG18,+226 742 85 73 900,1143,in,Reussie,2026-04-27,29.0,Agent,6445
TX0006446,AG14,+226 718 10 26 046,752,out,Reussie,2026-04-27,8.0,USSD,6446
TX0006447,AG13,+226 757 94 65 225,13656,in,Reussie,2026-04-27,341.0,USSD,6447
TX0006448,AG06,+226 761 03 83 644,13831,out,echec,2026-04-27,138.0,Agent,6448
TX0006449,AG06,712 71 51 040,2633,in,ok,2026-04-27,66.0,Agent,6449
TX0006450,AG12,+226 791 55 85 364,6322,in,OK,2026-04-27,158.0,Agent,6450
TX0006451,AG16,+226 768 84 33 354,3095,in,OK,2026-04-27,77.0,Agent,6451
TX0006452,AG12,+226 798 07 01 187,15365,in,REUSSI,2026-04-27,384.0,USSD,6452
TX0006453,AG03,+226 772 73 03 294,2525,in,OK,2026-04-27,63.0,Agent,6453
TX0006454,AG16,+226 778 12 76 492,1447,out,ok,2026-04-27,14.0,Agent,6454
TX0006455,AG11,729 88 26 040,698,out,ok,2026-04-27,7.0,Agent,6455
TX0006456,AG19,+226 791 60 01 550,3736,in,OK,2026-04-27,93.0,app,6456
TX0006457,AG01,725 64 03 412,1006,out,ok,2026-04-27,10.0,USSD,6457
TX0006458,AG11,7204177550,4295,in,Reussie,2026-04-27,107.0,Agent,6458
TX0006459,AG16,740 25 89 088,1924,in,REUSSI,2026-04-27,48.0,Agent,6459
TX0006460,AG07,+226 757 76 16 385,123,out,Echouee,2026-04-27,1.0,USSD,6460
TX0006461,AG06,724 97 15 326,1024,in,Reussie,2026-04-27,26.0,Agent,6461
TX0006462,AG04,+226 729 67 39 614,2808,out,echec,2026-04-27,28.0,USSD,6462
TX0006463,AG08,708 02 99 612,8815,in,REUSSI,2026-04-27,220.0,Agent,6463
TX0006464,AG11,746 73 59 938,821,in,REUSSI,2026-04-27,21.0,app,6464
TX0006465,AG03,+226 729 32 51 519,1540,in,echec,2026-04-27,38.0,USSD,6465
TX0006466,AG04,723 23 12 291,2373,in,OK,2026-04-27,59.0,Agent,6466
TX0006467,AG15,+226 748 29 61 556,1703,in,REUSSI,2026-04-27,43.0,Agent,6467
TX0006468,AG14,789 72 67 192,789,in,Reussie,2026-04-27,20.0,USSD,6468
TX0006469,AG14,731 90 52 281,2437,in,Reussie,2026-04-27,61.0,app,6469
TX0006470,AG01,723 72 31 214,2368,out,echec,2026-04-27,24.0,Agent,6470
TX0006471,AG19,7517168258,2156,out,OK,2026-04-27,22.0,USSD,6471
TX0006472,AG20,+226 734 41 70 091,404,in,echec,2026-04-27,10.0,USSD,6472
TX0006473,AG09,750 81 22 573,856,out,ok,2026-04-27,9.0,app,6473
TX0006474,AG11,+226 728 50 72 341,2087,in,ok,2026-04-27,52.0,app,6474
TX0006475,AG09,+226 777 66 66 730,3391,out,OK,2026-04-27,34.0,app,6475
TX0006476,AG04,763 58 28 729,1131,in,Reussie,2026-04-27,28.0,app,6476
TX0006477,AG04,730 08 83 266,7435,in,Echouee,2026-04-27,186.0,USSD,6477
TX0006478,AG13,+226 745 71 17 875,131,in,ok,2026-04-27,3.0,Agent,6478
TX0006479,AG14,739 17 74 344,1500,out,Reussie,2026-04-27,15.0,Agent,6479
TX0006480,AG09,7483945241,1470,in,OK,2026-04-27,37.0,USSD,6480
TX0006481,AG11,756 24 17 942,761,out,REUSSI,2026-04-27,8.0,Agent,6481
TX0006482,AG04,722 24 24 316,2174,in,ok,2026-04-27,54.0,USSD,6482
TX0006483,AG11,7111090356,263,in,ok,2026-04-28,7.0,Agent,6483
TX0006484,AG06,702 43 36 274,4600,in,REUSSI,2026-04-28,115.0,Agent,6484
TX0006485,AG03,+226 741 63 87 004,3347,out,REUSSI,2026-04-28,33.0,Agent,6485
TX0006486,AG10,761 09 10 325,1544,out,ok,2026-04-28,15.0,USSD,6486
TX0006487,AG20,+226 790 45 56 404,1527,in,Reussie,2026-04-28,38.0,Agent,6487
TX0006488,AG19,+226 710 94 16 232,3181,out,ok,2026-04-28,32.0,app,6488
TX0006489,AG20,796 73 68 187,3460,in,REUSSI,2026-04-28,86.0,app,6489
TX0006490,AG13,746 49 06 732,2770,in,OK,2026-04-28,69.0,Agent,6490
TX0006491,AG09,763 54 15 150,1663,out,echec,2026-04-28,17.0,Agent,6491
TX0006492,AG12,786 74 36 904,2396,in,REUSSI,2026-04-28,60.0,Agent,6492
TX0006493,AG17,7183878113,11848,in,OK,2026-04-28,296.0,Agent,6493
TX0006494,AG09,729 54 38 919,1878,in,Reussie,2026-04-28,47.0,Agent,6494
TX0006495,AG04,7978831064,5935,out,Reussie,2026-04-28,59.0,USSD,6495
TX0006496,AG20,7043642237,1227,out,echec,2026-04-28,12.0,USSD,6496
TX0006497,AG13,740 19 05 906,2667,in,REUSSI,2026-04-28,67.0,Agent,6497
TX0006498,AG06,790 11 69 932,2030,in,Reussie,2026-04-28,51.0,USSD,6498
TX0006499,AG15,781 12 97 527,4362,in,Reussie,2026-04-28,109.0,Agent,6499
TX0006500,AG09,737 97 25 503,1388,in,echec,2026-04-28,35.0,Agent,6500
TX0006501,AG11,797 47 94 399,1779,out,Reussie,2026-04-28,18.0,Agent,6501
TX0006502,AG18,+226 706 35 50 477,3085,in,Reussie,2026-04-28,77.0,USSD,6502
TX0006503,AG14,780 84 45 374,571,in,echec,2026-04-28,14.0,Agent,6503
TX0006504,AG03,+226 726 65 93 205,1641,in,REUSSI,2026-04-28,41.0,Agent,6504
TX0006505,AG06,758 34 28 135,5472,out,Echouee,2026-04-28,55.0,USSD,6505
TX0006506,AG01,+226 703 08 79 493,3160,in,OK,2026-04-28,79.0,USSD,6506
TX0006507,AG13,7727096196,1624,in,OK,2026-04-28,41.0,USSD,6507
TX0006508,AG14,+226 753 33 17 544,750,out,REUSSI,2026-04-28,8.0,USSD,6508
TX0006509,AG13,+226 750 09 38 013,1820,in,Echouee,2026-04-28,46.0,USSD,6509
TX0006510,AG09,+226 752 00 04 324,5224,out,REUSSI,2026-04-28,52.0,Agent,6510
TX0006511,AG05,719 68 27 651,2619,in,Reussie,2026-04-28,65.0,Agent,6511
TX0006512,AG08,+226 724 40 91 308,3094,out,ok,2026-04-28,31.0,Agent,6512
TX0006513,AG12,706 09 04 516,1641,in,REUSSI,2026-04-28,41.0,USSD,6513
TX0006514,AG17,740 50 87 949,2641,in,echec,2026-04-28,66.0,Agent,6514
TX0006515,AG19,736 28 21 066,1659,out,OK,2026-04-28,17.0,Agent,6515
TX0006516,AG15,7064584387,1753,out,ok,2026-04-28,18.0,USSD,6516
TX0006517,AG17,+226 779 62 13 380,853,out,Echouee,2026-04-28,9.0,Agent,6517
TX0006518,AG14,733 43 54 992,4746,out,Reussie,2026-04-28,47.0,Agent,6518
TX0006519,AG11,774 53 74 332,3257,in,Reussie,2026-04-28,81.0,Agent,6519
TX0006520,AG18,752 36 16 877,916,in,ok,2026-04-28,23.0,USSD,6520
TX0006521,AG13,7755400221,8577,in,ok,2026-04-28,214.0,Agent,6521
TX0006522,AG02,7291944137,1322,in,REUSSI,2026-04-28,33.0,USSD,6522
TX0006523,AG10,+226 741 94 76 111,2681,out,REUSSI,2026-04-28,27.0,Agent,6523
TX0006524,AG06,+226 789 75 10 144,4316,in,Reussie,2026-04-28,108.0,Agent,6524
TX0006525,AG08,7941022300,2165,in,Echouee,2026-04-28,54.0,USSD,6525
TX0006526,AG01,776 15 38 742,590,in,OK,2026-04-28,15.0,USSD,6526
TX0006527,AG02,+226 728 35 68 330,3729,out,Reussie,2026-04-28,37.0,app,6527
TX0006528,AG20,7393324278,9946,out,Reussie,2026-04-28,99.0,Agent,6528
TX0006529,AG16,7795828033,1298,out,ok,2026-04-28,13.0,Agent,6529
TX0006530,AG16,714 27 44 866,2055,in,ok,2026-04-28,51.0,app,6530
TX0006531,AG10,727 18 20 255,2268,in,ok,2026-04-28,57.0,USSD,6531
TX0006532,AG06,7284871028,2084,in,REUSSI,2026-04-28,52.0,app,6532
TX0006533,AG14,+226 736 52 14 345,7271,in,OK,2026-04-28,182.0,app,6533
TX0006534,AG07,+226 766 40 85 068,2683,out,REUSSI,2026-04-28,27.0,USSD,6534
TX0006535,AG18,7214806369,473,out,echec,2026-04-28,5.0,USSD,6535
TX0006536,AG03,746 95 36 622,2026,out,Reussie,2026-04-29,20.0,Agent,6536
TX0006537,AG15,+226 716 99 65 109,4783,out,Reussie,2026-04-29,48.0,USSD,6537
TX0006538,AG08,787 63 66 028,5805,out,Reussie,2026-04-29,58.0,USSD,6538
TX0006539,AG12,7806462423,6515,in,Echouee,2026-04-29,163.0,USSD,6539
TX0006540,AG03,753 08 04 221,5578,in,echec,2026-04-29,139.0,USSD,6540
TX0006541,AG01,7472785931,691,out,REUSSI,2026-04-29,7.0,Agent,6541
TX0006542,AG01,+226 794 88 04 219,1561,in,ok,2026-04-29,39.0,USSD,6542
TX0006543,AG09,+226 744 77 55 028,11510,out,ok,2026-04-29,115.0,Agent,6543
TX0006544,AG07,+226 729 11 21 197,6017,in,Reussie,2026-04-29,150.0,USSD,6544
TX0006545,AG19,7298528659,12781,out,REUSSI,2026-04-29,128.0,USSD,6545
TX0006546,AG02,+226 763 71 72 286,1298,in,echec,2026-04-29,32.0,USSD,6546
TX0006547,AG18,7047946023,984,in,Reussie,2026-04-29,25.0,USSD,6547
TX0006548,AG16,797 86 14 084,12522,in,Reussie,2026-04-29,313.0,app,6548
TX0006549,AG18,754 49 22 370,531,out,Reussie,2026-04-29,5.0,Agent,6549
TX0006550,AG07,7195857357,4190,in,ok,2026-04-29,105.0,Agent,6550
TX0006551,AG16,7005609158,1327,in,REUSSI,2026-04-29,33.0,USSD,6551
TX0006552,AG13,+226 782 87 98 905,921,out,REUSSI,2026-04-29,9.0,USSD,6552
TX0006553,AG18,734 31 40 162,3941,in,Reussie,2026-04-29,99.0,USSD,6553
TX0006554,AG16,+226 716 53 46 513,4119,out,ok,2026-04-29,41.0,USSD,6554
TX0006555,AG19,733 77 24 667,12138,in,OK,2026-04-29,303.0,Agent,6555
TX0006556,AG14,728 53 00 946,248,in,OK,2026-04-29,6.0,USSD,6556
TX0006557,AG12,727 34 87 102,6034,in,ok,2026-04-29,151.0,Agent,6557
TX0006558,AG08,+226 730 88 69 718,9762,out,OK,2026-04-29,98.0,Agent,6558
TX0006559,AG18,+226 745 08 19 965,2829,out,Reussie,2026-04-29,28.0,USSD,6559
TX0006560,AG09,+226 798 19 27 001,6044,in,ok,2026-04-29,151.0,Agent,6560
TX0006561,AG05,741 65 83 728,1842,out,Echouee,2026-04-29,18.0,Agent,6561
TX0006562,AG03,7335987207,4084,in,Reussie,2026-04-29,102.0,Agent,6562
TX0006563,AG18,+226 769 80 37 054,8745,out,Reussie,2026-04-29,87.0,USSD,6563
TX0006564,AG07,+226 744 85 25 281,987,in,REUSSI,2026-04-29,25.0,USSD,6564
TX0006565,AG17,715 20 11 458,18197,in,REUSSI,2026-04-29,455.0,USSD,6565
TX0006566,AG08,+226 761 09 67 412,792,out,OK,2026-04-29,8.0,app,6566
TX0006567,AG13,+226 702 22 73 219,4356,in,OK,2026-04-29,109.0,Agent,6567
TX0006568,AG02,7758260132,1597,out,OK,2026-04-29,16.0,USSD,6568
TX0006569,AG19,+226 768 60 66 623,2641,in,OK,2026-04-29,66.0,USSD,6569
TX0006570,AG14,778 07 37 544,218,in,echec,2026-04-29,5.0,USSD,6570
TX0006571,AG12,+226 739 64 58 544,1561,out,OK,2026-04-29,16.0,Agent,6571
TX0006572,AG05,7252970475,9737,in,OK,2026-04-29,243.0,USSD,6572
TX0006573,AG01,+226 740 62 10 002,9898,out,OK,2026-04-29,99.0,USSD,6573
TX0006574,AG17,7726955488,1593,in,ok,2026-04-29,40.0,Agent,6574
TX0006575,AG14,700 24 65 762,7105,out,Reussie,2026-04-29,71.0,USSD,6575
TX0006576,AG19,7224356306,1421,in,echec,2026-04-29,36.0,USSD,6576
TX0006577,AG19,764 70 45 723,1856,out,ok,2026-04-29,19.0,Agent,6577
TX0006578,AG16,729 41 78 011,19661,out,Reussie,2026-04-29,197.0,Agent,6578
TX0006579,AG05,731 77 82 468,2518,out,Echouee,2026-04-29,25.0,Agent,6579
TX0006580,AG18,+226 706 47 76 458,3549,in,ok,2026-04-29,89.0,USSD,6580
TX0006581,AG15,7958225514,3097,out,OK,2026-04-29,31.0,USSD,6581
TX0006582,AG15,771 00 17 781,4998,in,REUSSI,2026-04-29,125.0,USSD,6582
TX0006583,AG16,733 02 89 878,819,in,Reussie,2026-04-29,20.0,Agent,6583
TX0006584,AG19,7064366931,6757,in,Reussie,2026-04-29,169.0,Agent,6584
TX0006585,AG04,7384665443,991,out,Echouee,2026-04-29,10.0,Agent,6585
TX0006586,AG18,7510860896,2976,out,Echouee,2026-04-29,30.0,USSD,6586
TX0006587,AG02,+226 713 41 30 844,630,in,ok,2026-04-29,16.0,USSD,6587
TX0006588,AG19,720 28 18 444,1526,out,ok,2026-04-29,15.0,Agent,6588
TX0006589,AG03,760 45 26 845,5990,out,Echouee,2026-04-29,60.0,Agent,6589
TX0006590,AG06,+226 786 60 36 066,2699,out,Echouee,2026-04-29,27.0,Agent,6590
TX0006591,AG09,7312924568,1714,in,echec,2026-04-29,43.0,USSD,6591
TX0006592,AG15,+226 770 74 70 057,1175,in,ok,2026-04-29,29.0,Agent,6592
TX0006593,AG13,727 02 24 366,1874,in,REUSSI,2026-04-30,47.0,app,6593
TX0006594,AG08,704 62 83 424,1889,out,Reussie,2026-04-30,19.0,Agent,6594
TX0006595,AG14,7928890670,3213,out,ok,2026-04-30,32.0,USSD,6595
TX0006596,AG08,726 61 69 995,2885,out,ok,2026-04-30,29.0,USSD,6596
TX0006597,AG13,765 19 77 433,4349,in,OK,2026-04-30,109.0,USSD,6597
TX0006598,AG09,759 68 15 926,2383,in,OK,2026-04-30,60.0,USSD,6598
TX0006599,AG04,711 05 92 692,2503,out,Echouee,2026-04-30,25.0,USSD,6599
TX0006600,AG02,7850437925,6707,in,Reussie,2026-04-30,168.0,app,6600
TX0006601,AG20,7260590991,6486,out,OK,2026-04-30,65.0,USSD,6601
TX0006602,AG06,+226 720 55 19 375,2261,in,OK,2026-04-30,57.0,USSD,6602
TX0006603,AG02,791 64 96 545,2900,out,ok,2026-04-30,29.0,USSD,6603
TX0006604,AG10,+226 725 31 94 862,406,in,OK,2026-04-30,10.0,USSD,6604
TX0006605,AG20,+226 714 42 80 282,11492,in,echec,2026-04-30,287.0,USSD,6605
TX0006606,AG13,+226 768 84 60 040,4314,in,REUSSI,2026-04-30,108.0,USSD,6606
TX0006607,AG16,+226 726 99 09 770,1061,out,REUSSI,2026-04-30,11.0,Agent,6607
TX0006608,AG05,7751089362,1690,in,REUSSI,2026-04-30,42.0,Agent,6608
TX0006609,AG06,779 94 18 573,602,in,Reussie,2026-04-30,15.0,Agent,6609
TX0006610,AG06,737 57 11 919,6030,out,ok,2026-04-30,60.0,Agent,6610
TX0006611,AG09,+226 755 31 68 417,1387,out,Echouee,2026-04-30,14.0,Agent,6611
TX0006612,AG03,+226 733 71 92 313,2054,out,ok,2026-04-30,21.0,Agent,6612
TX0006613,AG16,7015297601,1163,out,REUSSI,2026-04-30,12.0,Agent,6613
TX0006614,AG17,+226 754 59 97 160,4533,out,Reussie,2026-04-30,45.0,Agent,6614
TX0006615,AG20,7054611583,3301,out,echec,2026-04-30,33.0,app,6615
TX0006616,AG07,+226 787 82 66 492,1516,in,REUSSI,2026-04-30,38.0,Agent,6616
TX0006617,AG10,+226 712 83 21 565,6009,in,OK,2026-04-30,150.0,Agent,6617
TX0006618,AG01,776 11 77 164,601,in,Reussie,2026-04-30,15.0,Agent,6618
TX0006619,AG14,7296278184,2399,out,OK,2026-04-30,24.0,Agent,6619
TX0006620,AG03,+226 781 81 03 675,4048,in,REUSSI,2026-04-30,101.0,Agent,6620
TX0006621,AG14,+226 728 61 65 598,1533,in,ok,2026-04-30,38.0,USSD,6621
TX0006622,AG16,705 53 35 555,3302,out,Echouee,2026-04-30,33.0,USSD,6622
TX0006623,AG05,+226 711 67 31 337,1991,in,Reussie,2026-04-30,50.0,Agent,6623
TX0006624,AG01,+226 777 96 52 314,18532,out,ok,2026-04-30,185.0,USSD,6624
TX0006625,AG13,+226 773 80 85 250,2091,in,ok,2026-04-30,52.0,USSD,6625
TX0006626,AG12,724 30 29 487,2947,in,ok,2026-04-30,74.0,Agent,6626
TX0006627,AG18,+226 776 23 07 333,12002,out,REUSSI,2026-04-30,120.0,USSD,6627
TX0006628,AG18,7096108680,2934,out,Echouee,2026-04-30,29.0,USSD,6628
TX0006629,AG20,+226 713 43 07 124,531,in,OK,2026-04-30,13.0,USSD,6629
TX0006630,AG09,7289118382,2657,out,Echouee,2026-04-30,27.0,Agent,6630
TX0006631,AG04,+226 733 54 05 838,2650,out,ok,2026-04-30,26.0,USSD,6631
TX0006632,AG16,7048323720,945,out,Echouee,2026-04-30,9.0,Agent,6632
TX0006633,AG02,7636146687,7908,out,OK,2026-04-30,79.0,Agent,6633
TX0006634,AG01,+226 723 80 98 659,6058,out,OK,2026-04-30,61.0,app,6634
TX0006635,AG01,7737093787,693,out,ok,2026-04-30,7.0,Agent,6635
TX0006636,AG10,+226 751 00 85 831,2211,in,echec,2026-04-30,55.0,Agent,6636
TX0006637,AG12,+226 788 04 82 328,4128,out,echec,2026-04-30,41.0,USSD,6637
TX0006638,AG04,+226 753 45 14 887,2362,in,OK,2026-04-30,59.0,Agent,6638
TX0006639,AG14,+226 794 21 10 668,1926,in,ok,2026-04-30,48.0,Agent,6639
TX0006640,AG19,+226 765 19 08 943,3322,out,REUSSI,2026-04-30,33.0,Agent,6640
TX0006641,AG04,+226 783 63 89 913,841,out,OK,2026-04-30,8.0,USSD,6641
TX0006642,AG14,7163934947,1434,in,ok,2026-04-30,36.0,USSD,6642
TX0006643,AG06,+226 747 47 07 039,13884,in,Echouee,2026-04-30,347.0,Agent,6643
TX0006644,AG11,7796725920,10532,in,echec,2026-04-30,263.0,Agent,6644
TX0006645,AG16,786 41 06 591,5653,in,Reussie,2026-04-30,141.0,Agent,6645
TX0006646,AG04,7567888500,864,out,Echouee,2026-04-30,9.0,USSD,6646
TX0006647,AG03,7885198478,3081,in,Echouee,2026-04-30,77.0,Agent,6647
TX0006648,AG14,+226 738 86 41 001,677,out,Reussie,2026-04-30,7.0,app,6648
TX0006649,AG20,7785015296,553,in,ok,2026-04-30,14.0,Agent,6649
TX0006650,AG15,706 49 11 740,17494,out,ok,2026-04-30,175.0,Agent,6650
TX0006651,AG17,7847476105,7058,in,ok,2026-04-30,176.0,USSD,6651
TX0006652,AG11,+226 742 91 79 231,2163,in,ok,2026-05-01,54.0,Agent,6652
TX0006653,AG14,7004897482,4040,out,echec,2026-05-01,40.0,app,6653
TX0006654,AG05,+226 753 80 57 731,1572,out,REUSSI,2026-05-01,16.0,Agent,6654
TX0006655,AG04,747 56 23 639,2637,out,Echouee,2026-05-01,26.0,app,6655
TX0006656,AG07,782 60 81 977,2659,out,echec,2026-05-01,27.0,USSD,6656
TX0006657,AG20,+226 756 45 49 517,2296,in,REUSSI,2026-05-01,57.0,USSD,6657
TX0006658,AG16,7674582898,2224,out,Reussie,2026-05-01,22.0,USSD,6658
TX0006659,AG18,7490655681,438,in,ok,2026-05-01,11.0,Agent,6659
TX0006660,AG04,712 08 97 497,1900,in,Reussie,2026-05-01,48.0,USSD,6660
TX0006661,AG01,7945739241,613,out,Reussie,2026-05-01,6.0,USSD,6661
TX0006662,AG19,755 09 05 210,7632,in,OK,2026-05-01,191.0,Agent,6662
TX0006663,AG12,727 93 25 117,3226,out,ok,2026-05-01,32.0,Agent,6663
TX0006664,AG02,+226 715 07 15 336,3004,out,echec,2026-05-01,30.0,USSD,6664
TX0006665,AG10,+226 756 59 97 429,211,out,Reussie,2026-05-01,2.0,app,6665
TX0006666,AG09,729 30 35 671,1116,out,Reussie,2026-05-01,11.0,Agent,6666
TX0006667,AG08,731 08 62 208,1388,out,REUSSI,2026-05-01,14.0,Agent,6667
TX0006668,AG20,7132194788,2504,in,ok,2026-05-01,63.0,USSD,6668
TX0006669,AG02,718 06 01 218,8828,out,Echouee,2026-05-01,88.0,Agent,6669
TX0006670,AG15,750 95 58 177,2046,in,Echouee,2026-05-01,51.0,Agent,6670
TX0006671,AG06,737 38 42 089,3978,out,OK,2026-05-01,40.0,Agent,6671
TX0006672,AG09,771 44 24 913,2243,out,ok,2026-05-01,22.0,Agent,6672
TX0006673,AG03,729 63 60 838,2210,in,OK,2026-05-01,55.0,USSD,6673
TX0006674,AG08,711 43 56 719,2286,in,ok,2026-05-01,57.0,Agent,6674
TX0006675,AG14,770 37 84 651,1043,in,Reussie,2026-05-01,26.0,Agent,6675
TX0006676,AG04,+226 789 83 45 507,2844,in,Reussie,2026-05-01,71.0,app,6676
TX0006677,AG09,781 06 37 045,17046,in,Reussie,2026-05-01,426.0,USSD,6677
TX0006678,AG06,+226 754 43 88 568,3312,out,Reussie,2026-05-01,33.0,app,6678
TX0006679,AG11,718 90 78 371,6776,out,ok,2026-05-01,68.0,USSD,6679
TX0006680,AG16,7556090928,2590,in,Reussie,2026-05-01,65.0,Agent,6680
TX0006681,AG18,+226 727 88 95 017,1143,out,OK,2026-05-01,11.0,Agent,6681
TX0006682,AG08,+226 717 01 42 660,8735,in,OK,2026-05-01,218.0,USSD,6682
TX0006683,AG15,7863440521,4518,out,OK,2026-05-01,45.0,USSD,6683
TX0006684,AG03,797 29 51 772,1435,out,REUSSI,2026-05-01,14.0,Agent,6684
TX0006685,AG08,+226 713 16 80 849,3090,in,Reussie,2026-05-01,77.0,Agent,6685
TX0006686,AG08,+226 788 02 39 636,9506,in,Reussie,2026-05-01,238.0,USSD,6686
TX0006687,AG02,724 38 53 982,1493,in,OK,2026-05-01,37.0,Agent,6687
TX0006688,AG01,726 48 24 558,1088,out,REUSSI,2026-05-01,11.0,USSD,6688
TX0006689,AG17,739 58 44 658,2819,in,Reussie,2026-05-01,70.0,Agent,6689
TX0006690,AG18,777 40 89 515,1518,in,Reussie,2026-05-01,38.0,USSD,6690
TX0006691,AG14,799 36 63 110,5935,out,OK,2026-05-01,59.0,USSD,6691
TX0006692,AG13,+226 727 14 52 781,2872,out,Reussie,2026-05-01,29.0,USSD,6692
TX0006693,AG02,732 97 37 086,584,out,REUSSI,2026-05-01,6.0,Agent,6693
TX0006694,AG11,7759874307,3541,in,OK,2026-05-01,89.0,USSD,6694
TX0006695,AG05,712 15 00 049,4542,in,echec,2026-05-01,114.0,USSD,6695
TX0006696,AG02,727 76 56 949,1497,in,Reussie,2026-05-01,37.0,Agent,6696
TX0006697,AG14,739 20 32 154,4011,in,OK,2026-05-01,100.0,app,6697
TX0006698,AG04,+226 771 89 96 026,2118,in,ok,2026-05-01,53.0,USSD,6698
TX0006699,AG04,+226 782 35 95 314,1908,in,Reussie,2026-05-01,48.0,Agent,6699
TX0006700,AG05,705 25 27 573,3771,out,Reussie,2026-05-01,38.0,USSD,6700
TX0006701,AG17,+226 738 94 95 463,1214,in,REUSSI,2026-05-01,30.0,USSD,6701
TX0006702,AG19,726 34 85 850,868,out,REUSSI,2026-05-01,9.0,USSD,6702
TX0006703,AG07,7693087210,1680,out,OK,2026-05-01,17.0,USSD,6703
TX0006704,AG15,+226 727 23 58 106,3560,in,REUSSI,2026-05-01,89.0,Agent,6704
TX0006705,AG13,+226 752 75 60 348,8316,out,echec,2026-05-01,83.0,USSD,6705
TX0006706,AG18,+226 755 71 05 163,5991,in,REUSSI,2026-05-01,150.0,USSD,6706
TX0006707,AG14,+226 705 67 56 655,1936,in,REUSSI,2026-05-01,48.0,Agent,6707
TX0006708,AG04,+226 703 00 84 992,20342,in,REUSSI,2026-05-01,509.0,USSD,6708
TX0006709,AG17,+226 749 21 59 879,6090,out,ok,2026-05-01,61.0,app,6709
TX0006710,AG03,717 98 87 149,6364,in,Reussie,2026-05-01,159.0,Agent,6710
TX0006711,AG09,745 11 39 277,1587,in,OK,2026-05-01,40.0,USSD,6711
TX0006712,AG13,765 27 32 501,882,in,Reussie,2026-05-01,22.0,Agent,6712
TX0006713,AG14,+226 789 52 81 988,1304,out,ok,2026-05-01,13.0,USSD,6713
TX0006714,AG04,7606912878,6172,in,ok,2026-05-01,154.0,app,6714
TX0006715,AG18,+226 704 64 41 224,2905,in,REUSSI,2026-05-02,73.0,Agent,6715
TX0006716,AG07,+226 750 05 22 429,3485,out,Reussie,2026-05-02,35.0,USSD,6716
TX0006717,AG05,718 58 35 023,3183,out,Echouee,2026-05-02,32.0,USSD,6717
TX0006718,AG13,732 84 14 046,5301,out,Reussie,2026-05-02,53.0,Agent,6718
TX0006719,AG10,+226 714 71 44 607,2396,out,echec,2026-05-02,24.0,USSD,6719
TX0006720,AG08,703 60 75 576,2127,in,OK,2026-05-02,53.0,Agent,6720
TX0006721,AG16,721 50 72 642,1510,out,REUSSI,2026-05-02,15.0,Agent,6721
TX0006722,AG17,+226 733 00 64 824,3751,in,ok,2026-05-02,94.0,Agent,6722
TX0006723,AG08,750 63 49 809,1520,in,OK,2026-05-02,38.0,USSD,6723
TX0006724,AG19,7066186218,971,in,ok,2026-05-02,24.0,app,6724
TX0006725,AG08,+226 754 54 10 172,970,out,ok,2026-05-02,10.0,USSD,6725
TX0006726,AG02,7416950771,3738,in,ok,2026-05-02,93.0,USSD,6726
TX0006727,AG19,766 98 58 822,609,in,echec,2026-05-02,15.0,USSD,6727
TX0006728,AG02,+226 710 84 13 547,3508,in,OK,2026-05-02,88.0,Agent,6728
TX0006729,AG12,+226 732 65 76 918,8915,out,echec,2026-05-02,89.0,Agent,6729
TX0006730,AG12,7138496417,4977,in,REUSSI,2026-05-02,124.0,app,6730
TX0006731,AG10,7144210566,4500,in,OK,2026-05-02,112.0,USSD,6731
TX0006732,AG20,7339627496,5362,in,Reussie,2026-05-02,134.0,USSD,6732
TX0006733,AG08,+226 789 97 67 944,771,in,Reussie,2026-05-02,19.0,USSD,6733
TX0006734,AG19,7837954082,1302,out,REUSSI,2026-05-02,13.0,Agent,6734
TX0006735,AG15,765 64 05 964,1267,out,echec,2026-05-02,13.0,Agent,6735
TX0006736,AG03,7172355939,2299,in,OK,2026-05-02,57.0,USSD,6736
TX0006737,AG13,740 83 77 810,6892,out,Echouee,2026-05-02,69.0,Agent,6737
TX0006738,AG09,717 51 97 529,8459,in,Reussie,2026-05-02,211.0,Agent,6738
TX0006739,AG03,+226 729 83 80 468,3353,in,REUSSI,2026-05-02,84.0,Agent,6739
TX0006740,AG14,779 63 95 151,2434,out,Reussie,2026-05-02,24.0,Agent,6740
TX0006741,AG10,759 23 39 728,8179,in,Reussie,2026-05-02,204.0,Agent,6741
TX0006742,AG15,730 07 31 692,737,out,Echouee,2026-05-02,7.0,USSD,6742
TX0006743,AG18,+226 705 96 44 506,9793,in,echec,2026-05-02,245.0,USSD,6743
TX0006744,AG04,7311216690,2920,out,ok,2026-05-02,29.0,Agent,6744
TX0006745,AG16,+226 720 69 80 555,695,out,ok,2026-05-02,7.0,USSD,6745
TX0006746,AG06,796 34 44 131,9547,in,OK,2026-05-02,239.0,Agent,6746
TX0006747,AG03,+226 759 86 79 595,2462,in,echec,2026-05-02,62.0,USSD,6747
TX0006748,AG14,+226 784 56 45 972,2249,out,ok,2026-05-02,22.0,app,6748
TX0006749,AG15,733 85 40 128,2273,out,ok,2026-05-02,23.0,USSD,6749
TX0006750,AG18,703 26 77 608,2332,out,OK,2026-05-03,23.0,Agent,6750
TX0006751,AG09,710 24 42 917,3120,in,OK,2026-05-03,78.0,USSD,6751
TX0006752,AG06,757 20 81 644,1169,in,REUSSI,2026-05-03,29.0,app,6752
TX0006753,AG15,717 80 93 873,909,out,Echouee,2026-05-03,9.0,app,6753
TX0006754,AG04,756 75 99 079,1496,in,ok,2026-05-03,37.0,app,6754
TX0006755,AG06,+226 734 81 12 635,1661,out,ok,2026-05-03,17.0,Agent,6755
TX0006756,AG15,+226 782 38 63 955,576,in,Reussie,2026-05-03,14.0,Agent,6756
TX0006757,AG16,7275626411,665,in,Echouee,2026-05-04,17.0,USSD,6757
TX0006758,AG08,+226 775 29 48 737,1339,in,ok,2026-05-04,33.0,USSD,6758
TX0006759,AG17,770 37 97 463,5056,out,echec,2026-05-04,51.0,app,6759
TX0006760,AG04,780 30 75 071,5404,in,REUSSI,2026-05-04,135.0,Agent,6760
TX0006761,AG07,7970113507,416,in,Echouee,2026-05-04,10.0,Agent,6761
TX0006762,AG02,759 60 22 220,2160,in,ok,2026-05-04,54.0,Agent,6762
TX0006763,AG13,+226 786 25 17 949,3803,out,ok,2026-05-04,38.0,Agent,6763
TX0006764,AG01,+226 752 99 40 191,1124,in,REUSSI,2026-05-04,28.0,USSD,6764
TX0006765,AG16,7761162513,4163,in,REUSSI,2026-05-04,104.0,USSD,6765
TX0006766,AG12,7001983106,9680,in,OK,2026-05-04,242.0,Agent,6766
TX0006767,AG09,712 24 36 773,1873,out,REUSSI,2026-05-04,19.0,Agent,6767
TX0006768,AG19,7002297678,5029,out,Echouee,2026-05-04,50.0,Agent,6768
TX0006769,AG11,723 94 85 774,21272,out,Echouee,2026-05-04,213.0,USSD,6769
TX0006770,AG12,7236846206,4143,out,ok,2026-05-04,41.0,USSD,6770
TX0006771,AG16,7675063089,10861,in,ok,2026-05-04,272.0,app,6771
TX0006772,AG05,+226 782 00 88 908,2331,in,OK,2026-05-04,58.0,USSD,6772
TX0006773,AG03,785 82 90 640,1478,out,REUSSI,2026-05-04,15.0,Agent,6773
TX0006774,AG09,7639040492,30760,in,REUSSI,2026-05-04,769.0,app,6774
TX0006775,AG07,774 14 15 684,535,out,echec,2026-05-04,5.0,USSD,6775
TX0006776,AG10,764 37 38 573,4621,in,echec,2026-05-04,116.0,USSD,6776
TX0006777,AG20,776 64 85 531,9020,in,ok,2026-05-04,226.0,Agent,6777
TX0006778,AG10,769 86 32 752,6440,out,Reussie,2026-05-04,64.0,app,6778
TX0006779,AG11,+226 780 71 46 361,7743,out,Reussie,2026-05-04,77.0,Agent,6779
TX0006780,AG04,723 52 85 386,1613,in,ok,2026-05-04,40.0,Agent,6780
TX0006781,AG05,+226 779 54 61 219,1405,in,REUSSI,2026-05-04,35.0,USSD,6781
TX0006782,AG09,+226 736 61 02 955,3706,in,Echouee,2026-05-04,93.0,USSD,6782
TX0006783,AG12,752 33 82 159,1794,in,OK,2026-05-04,45.0,Agent,6783
TX0006784,AG13,755 39 78 109,804,in,Reussie,2026-05-04,20.0,app,6784
TX0006785,AG16,+226 797 44 40 847,1476,out,Echouee,2026-05-04,15.0,Agent,6785
TX0006786,AG05,+226 753 24 76 399,360,out,Reussie,2026-05-04,4.0,Agent,6786
TX0006787,AG19,7732793801,6094,in,ok,2026-05-04,152.0,app,6787
TX0006788,AG12,7452454696,785,out,Echouee,2026-05-04,8.0,USSD,6788
TX0006789,AG11,7282947073,1023,in,OK,2026-05-04,26.0,USSD,6789
TX0006790,AG04,787 17 48 089,678,in,echec,2026-05-04,17.0,USSD,6790
TX0006791,AG18,+226 734 34 99 032,3160,out,ok,2026-05-04,32.0,USSD,6791
TX0006792,AG10,743 18 84 377,3092,in,Reussie,2026-05-04,77.0,Agent,6792
TX0006793,AG12,7357567383,3780,in,ok,2026-05-04,94.0,Agent,6793
TX0006794,AG12,+226 774 07 97 351,1162,out,ok,2026-05-04,12.0,USSD,6794
TX0006795,AG14,787 99 52 843,1672,out,Reussie,2026-05-04,17.0,Agent,6795
TX0006796,AG02,+226 748 75 50 147,3590,out,Reussie,2026-05-04,36.0,USSD,6796
TX0006797,AG18,776 36 48 551,2812,in,echec,2026-05-04,70.0,USSD,6797
TX0006798,AG14,7334662674,1932,in,Echouee,2026-05-04,48.0,USSD,6798
TX0006799,AG12,752 25 96 630,777,out,REUSSI,2026-05-04,8.0,USSD,6799
TX0006800,AG13,7652085568,4196,in,ok,2026-05-04,105.0,Agent,6800
TX0006801,AG04,+226 747 93 64 399,1684,in,REUSSI,2026-05-04,42.0,USSD,6801
TX0006802,AG03,+226 753 18 00 660,1790,out,REUSSI,2026-05-04,18.0,USSD,6802
TX0006803,AG14,7582560029,2435,in,Reussie,2026-05-04,61.0,Agent,6803
TX0006804,AG15,737 95 02 048,7326,in,echec,2026-05-04,183.0,Agent,6804
TX0006805,AG13,722 65 59 049,5655,out,REUSSI,2026-05-04,57.0,USSD,6805
TX0006806,AG07,+226 769 45 22 461,423,in,ok,2026-05-04,11.0,USSD,6806
TX0006807,AG19,706 21 46 393,1017,out,echec,2026-05-04,10.0,Agent,6807
TX0006808,AG15,776 22 58 181,2872,in,REUSSI,2026-05-04,72.0,USSD,6808
TX0006809,AG19,+226 782 85 64 206,3134,in,Reussie,2026-05-04,78.0,USSD,6809
TX0006810,AG03,741 67 18 793,2001,out,REUSSI,2026-05-04,20.0,Agent,6810
TX0006811,AG04,+226 742 08 73 740,591,in,Echouee,2026-05-04,15.0,Agent,6811
TX0006812,AG13,+226 799 63 20 675,2550,out,REUSSI,2026-05-04,26.0,Agent,6812
TX0006813,AG07,742 58 84 485,1378,out,Reussie,2026-05-04,14.0,USSD,6813
TX0006814,AG18,7779095174,4112,out,ok,2026-05-04,41.0,Agent,6814
TX0006815,AG19,+226 798 65 82 956,2092,in,ok,2026-05-04,52.0,app,6815
TX0006816,AG20,+226 702 10 35 929,2837,in,ok,2026-05-04,71.0,Agent,6816
TX0006817,AG07,+226 755 66 68 450,714,out,OK,2026-05-04,7.0,app,6817
TX0006818,AG20,+226 705 14 05 603,5202,out,Echouee,2026-05-04,52.0,USSD,6818
TX0006819,AG11,737 65 96 030,1623,in,ok,2026-05-04,41.0,app,6819
TX0006820,AG12,715 03 85 748,6860,out,Reussie,2026-05-04,69.0,Agent,6820
TX0006821,AG10,743 70 62 984,1240,in,Reussie,2026-05-04,31.0,Agent,6821
TX0006822,AG15,+226 798 39 93 035,2426,out,OK,2026-05-04,24.0,Agent,6822
TX0006823,AG01,+226 762 67 04 992,4790,in,Echouee,2026-05-04,120.0,Agent,6823
TX0006824,AG05,775 23 68 749,2649,out,Reussie,2026-05-04,26.0,app,6824
TX0006825,AG12,724 30 96 477,2460,out,REUSSI,2026-05-04,25.0,Agent,6825
TX0006826,AG01,7045881633,18269,out,REUSSI,2026-05-04,183.0,USSD,6826
TX0006827,AG19,7010439730,12135,in,Reussie,2026-05-04,303.0,USSD,6827
TX0006828,AG04,735 51 21 911,1746,out,ok,2026-05-04,17.0,USSD,6828
TX0006829,AG17,+226 788 29 90 134,1236,out,Reussie,2026-05-04,12.0,USSD,6829
TX0006830,AG14,729 79 43 165,906,in,echec,2026-05-04,23.0,Agent,6830
TX0006831,AG19,775 57 16 297,3729,out,ok,2026-05-04,37.0,Agent,6831
TX0006832,AG12,+226 795 63 55 134,2316,in,ok,2026-05-04,58.0,USSD,6832
TX0006833,AG18,7847382620,2703,out,Reussie,2026-05-04,27.0,USSD,6833
TX0006834,AG01,+226 793 82 69 162,1587,out,OK,2026-05-04,16.0,Agent,6834
TX0006835,AG20,764 50 24 130,4487,in,REUSSI,2026-05-04,112.0,USSD,6835
TX0006836,AG07,+226 761 11 46 261,730,in,OK,2026-05-04,18.0,USSD,6836
TX0006837,AG17,+226 704 67 67 013,1309,out,OK,2026-05-04,13.0,Agent,6837
TX0006838,AG06,7609335194,899,out,echec,2026-05-04,9.0,USSD,6838
TX0006839,AG04,707 56 21 762,1451,in,Reussie,2026-05-04,36.0,USSD,6839
TX0006840,AG01,+226 711 49 88 372,3565,out,REUSSI,2026-05-04,36.0,app,6840
TX0006841,AG08,704 88 71 022,1833,in,Echouee,2026-05-04,46.0,Agent,6841
TX0006842,AG17,+226 760 81 71 926,2906,in,Reussie,2026-05-04,73.0,USSD,6842
TX0006843,AG16,721 02 47 090,1511,out,ok,2026-05-04,15.0,Agent,6843
TX0006844,AG17,736 72 47 448,4299,in,REUSSI,2026-05-04,107.0,Agent,6844
TX0006845,AG14,745 29 36 800,3177,in,OK,2026-05-04,79.0,Agent,6845
TX0006846,AG03,+226 765 26 50 068,833,in,OK,2026-05-05,21.0,app,6846
TX0006847,AG15,747 47 18 629,2151,in,ok,2026-05-05,54.0,USSD,6847
TX0006848,AG05,7802724592,1200,out,echec,2026-05-05,12.0,Agent,6848
TX0006849,AG19,792 08 40 491,9196,in,Reussie,2026-05-05,230.0,Agent,6849
TX0006850,AG13,+226 747 63 27 076,3686,in,Reussie,2026-05-05,92.0,USSD,6850
TX0006851,AG19,+226 747 13 65 156,1009,out,ok,2026-05-05,10.0,USSD,6851
TX0006852,AG08,+226 717 94 24 314,2326,in,Reussie,2026-05-05,58.0,USSD,6852
TX0006853,AG05,+226 775 79 06 499,2027,in,OK,2026-05-05,51.0,Agent,6853
TX0006854,AG19,+226 728 51 60 878,1903,out,Reussie,2026-05-05,19.0,USSD,6854
TX0006855,AG14,7694904970,5637,out,Reussie,2026-05-05,56.0,Agent,6855
TX0006856,AG01,785 80 69 138,2732,in,echec,2026-05-05,68.0,Agent,6856
TX0006857,AG09,734 98 93 405,465,in,echec,2026-05-05,12.0,USSD,6857
TX0006858,AG17,7796725645,2496,in,Reussie,2026-05-05,62.0,Agent,6858
TX0006859,AG15,721 03 43 793,1014,out,REUSSI,2026-05-05,10.0,Agent,6859
TX0006860,AG17,742 76 71 017,1899,in,Reussie,2026-05-05,47.0,USSD,6860
TX0006861,AG06,794 28 49 946,7646,in,ok,2026-05-05,191.0,app,6861
TX0006862,AG05,+226 741 53 94 177,2050,in,REUSSI,2026-05-05,51.0,USSD,6862
TX0006863,AG16,736 42 79 948,9390,out,REUSSI,2026-05-05,94.0,Agent,6863
TX0006864,AG04,+226 794 37 44 399,2707,out,OK,2026-05-05,27.0,USSD,6864
TX0006865,AG02,+226 728 14 81 460,7424,in,REUSSI,2026-05-05,186.0,USSD,6865
TX0006866,AG18,719 27 25 818,4915,out,ok,2026-05-05,49.0,USSD,6866
TX0006867,AG04,783 55 37 470,1257,in,Reussie,2026-05-05,31.0,Agent,6867
TX0006868,AG16,+226 721 27 73 198,1778,in,ok,2026-05-05,44.0,USSD,6868
TX0006869,AG18,+226 774 83 90 340,5574,in,echec,2026-05-05,139.0,Agent,6869
TX0006870,AG16,+226 705 44 26 572,268,in,ok,2026-05-05,7.0,USSD,6870
TX0006871,AG04,+226 702 47 77 951,2404,out,REUSSI,2026-05-05,24.0,USSD,6871
TX0006872,AG07,728 15 30 759,3347,in,REUSSI,2026-05-05,84.0,Agent,6872
TX0006873,AG15,7598835967,806,in,ok,2026-05-05,20.0,USSD,6873
TX0006874,AG01,+226 751 65 41 163,683,out,Reussie,2026-05-05,7.0,USSD,6874
TX0006875,AG06,739 93 04 225,538,out,Echouee,2026-05-05,5.0,Agent,6875
TX0006876,AG11,+226 781 92 96 708,9189,out,Reussie,2026-05-05,92.0,Agent,6876
TX0006877,AG10,+226 782 36 22 529,3065,in,OK,2026-05-05,77.0,app,6877
TX0006878,AG16,+226 755 25 97 651,5985,out,ok,2026-05-05,60.0,Agent,6878
TX0006879,AG01,+226 791 54 09 449,4088,in,Echouee,2026-05-05,102.0,USSD,6879
TX0006880,AG09,766 11 72 786,4854,in,ok,2026-05-05,121.0,USSD,6880
TX0006881,AG15,+226 734 98 95 627,293,in,OK,2026-05-05,7.0,Agent,6881
TX0006882,AG03,+226 799 05 05 721,6013,in,ok,2026-05-05,150.0,USSD,6882
TX0006883,AG11,7828926658,4060,in,REUSSI,2026-05-05,102.0,USSD,6883
TX0006884,AG17,783 55 57 333,4493,out,ok,2026-05-05,45.0,USSD,6884
TX0006885,AG17,+226 794 99 59 676,2813,in,OK,2026-05-05,70.0,Agent,6885
TX0006886,AG09,717 29 77 551,1490,in,OK,2026-05-05,37.0,Agent,6886
TX0006887,AG11,+226 735 07 90 059,1923,in,REUSSI,2026-05-05,48.0,USSD,6887
TX0006888,AG05,+226 737 61 48 140,1538,in,OK,2026-05-05,38.0,app,6888
TX0006889,AG17,+226 779 72 45 619,8203,out,Echouee,2026-05-05,82.0,USSD,6889
TX0006890,AG17,+226 798 45 48 520,5633,out,Reussie,2026-05-05,56.0,Agent,6890
TX0006891,AG04,7883443274,6876,in,REUSSI,2026-05-05,172.0,Agent,6891
TX0006892,AG15,+226 756 24 81 323,5729,out,ok,2026-05-05,57.0,USSD,6892
TX0006893,AG15,737 81 21 203,1090,out,ok,2026-05-05,11.0,USSD,6893
TX0006894,AG05,793 96 24 124,2087,in,ok,2026-05-05,52.0,Agent,6894
TX0006895,AG17,+226 737 71 35 917,443,in,Reussie,2026-05-05,11.0,USSD,6895
TX0006896,AG18,+226 795 82 16 223,3858,out,REUSSI,2026-05-05,39.0,USSD,6896
TX0006897,AG08,795 36 78 152,6751,in,REUSSI,2026-05-05,169.0,app,6897
TX0006898,AG03,730 61 01 105,697,out,echec,2026-05-05,7.0,Agent,6898
TX0006899,AG08,+226 750 18 50 224,1126,out,REUSSI,2026-05-05,11.0,Agent,6899
TX0006900,AG01,702 16 72 491,2907,in,echec,2026-05-05,73.0,USSD,6900
TX0006901,AG14,+226 760 17 25 105,8477,out,OK,2026-05-05,85.0,Agent,6901
TX0006902,AG01,7897135463,1693,in,ok,2026-05-05,42.0,app,6902
TX0006903,AG18,707 88 62 310,3242,out,REUSSI,2026-05-05,32.0,Agent,6903
TX0006904,AG08,+226 714 78 85 509,1915,out,Echouee,2026-05-05,19.0,USSD,6904
TX0006905,AG05,7104456140,896,out,Echouee,2026-05-05,9.0,app,6905
TX0006906,AG08,730 33 89 930,2271,out,OK,2026-05-05,23.0,USSD,6906
TX0006907,AG17,+226 715 62 99 312,13084,out,REUSSI,2026-05-05,131.0,USSD,6907
TX0006908,AG18,7615105959,2030,out,REUSSI,2026-05-05,20.0,USSD,6908
TX0006909,AG08,+226 734 15 09 854,625,in,echec,2026-05-05,16.0,Agent,6909
TX0006910,AG16,780 98 99 606,2397,in,OK,2026-05-05,60.0,USSD,6910
TX0006911,AG20,+226 712 88 80 567,5476,out,REUSSI,2026-05-05,55.0,Agent,6911
TX0006912,AG04,+226 772 15 39 399,3160,out,ok,2026-05-05,32.0,USSD,6912
TX0006913,AG16,+226 770 02 90 327,10960,out,Reussie,2026-05-05,110.0,USSD,6913
TX0006914,AG14,768 39 94 875,5831,out,REUSSI,2026-05-05,58.0,USSD,6914
TX0006915,AG19,+226 750 62 32 761,589,out,ok,2026-05-05,6.0,USSD,6915
TX0006916,AG11,+226 777 32 66 525,1981,in,REUSSI,2026-05-06,50.0,USSD,6916
TX0006917,AG20,7516330808,2326,in,Reussie,2026-05-06,58.0,Agent,6917
TX0006918,AG06,768 91 08 556,2817,in,REUSSI,2026-05-06,70.0,USSD,6918
TX0006919,AG12,+226 738 38 27 466,4627,out,Reussie,2026-05-06,46.0,USSD,6919
TX0006920,AG19,7576322564,2359,out,echec,2026-05-06,24.0,Agent,6920
TX0006921,AG07,707 01 73 336,12693,out,REUSSI,2026-05-06,127.0,USSD,6921
TX0006922,AG15,+226 701 00 09 854,1839,in,REUSSI,2026-05-06,46.0,USSD,6922
TX0006923,AG01,+226 702 26 97 106,1258,in,ok,2026-05-06,31.0,Agent,6923
TX0006924,AG08,+226 706 88 23 331,2276,in,REUSSI,2026-05-06,57.0,USSD,6924
TX0006925,AG12,7513283756,2039,in,Echouee,2026-05-06,51.0,app,6925
TX0006926,AG14,750 55 18 566,6941,in,Reussie,2026-05-06,174.0,USSD,6926
TX0006927,AG17,+226 706 71 08 265,1113,out,OK,2026-05-06,11.0,Agent,6927
TX0006928,AG18,7850796294,5389,out,Reussie,2026-05-06,54.0,USSD,6928
TX0006929,AG12,+226 799 62 12 887,3744,in,OK,2026-05-06,94.0,Agent,6929
TX0006930,AG04,7110659699,1838,in,Reussie,2026-05-06,46.0,Agent,6930
TX0006931,AG15,7521818408,14470,out,OK,2026-05-06,145.0,Agent,6931
TX0006932,AG01,+226 771 35 19 915,5603,in,ok,2026-05-06,140.0,USSD,6932
TX0006933,AG05,7549336389,1547,out,OK,2026-05-06,15.0,app,6933
TX0006934,AG01,+226 702 35 15 199,1633,out,REUSSI,2026-05-06,16.0,Agent,6934
TX0006935,AG12,791 48 44 575,8892,in,Echouee,2026-05-06,222.0,Agent,6935
TX0006936,AG09,+226 783 92 71 878,659,out,ok,2026-05-06,7.0,Agent,6936
TX0006937,AG17,7548385913,545,in,ok,2026-05-06,14.0,USSD,6937
TX0006938,AG14,+226 717 07 67 815,2149,in,Reussie,2026-05-06,54.0,Agent,6938
TX0006939,AG20,737 35 46 334,5580,out,ok,2026-05-06,56.0,USSD,6939
TX0006940,AG01,793 77 15 722,15215,in,OK,2026-05-06,380.0,Agent,6940
TX0006941,AG12,765 22 30 727,2917,in,REUSSI,2026-05-06,73.0,Agent,6941
TX0006942,AG02,+226 737 62 29 245,2153,in,echec,2026-05-06,54.0,USSD,6942
TX0006943,AG14,+226 743 41 24 251,4167,out,REUSSI,2026-05-06,42.0,USSD,6943
TX0006944,AG01,+226 709 43 69 796,1146,out,Reussie,2026-05-06,11.0,Agent,6944
TX0006945,AG13,+226 726 15 99 757,1225,in,REUSSI,2026-05-06,31.0,Agent,6945
TX0006946,AG07,+226 732 92 19 147,747,out,Reussie,2026-05-06,7.0,USSD,6946
TX0006947,AG20,785 74 52 730,2896,out,echec,2026-05-06,29.0,USSD,6947
TX0006948,AG02,+226 789 57 77 842,3263,in,OK,2026-05-06,82.0,Agent,6948
TX0006949,AG15,+226 766 26 53 164,488,out,OK,2026-05-06,5.0,USSD,6949
TX0006950,AG17,+226 755 72 32 139,4213,in,REUSSI,2026-05-06,105.0,Agent,6950
TX0006951,AG05,777 24 81 683,3024,out,REUSSI,2026-05-06,30.0,USSD,6951
TX0006952,AG10,735 26 66 371,976,in,REUSSI,2026-05-06,24.0,USSD,6952
TX0006953,AG07,776 53 16 462,11616,in,ok,2026-05-06,290.0,USSD,6953
TX0006954,AG20,+226 738 59 12 042,974,in,ok,2026-05-06,24.0,USSD,6954
TX0006955,AG13,+226 783 83 64 625,5264,out,Reussie,2026-05-06,53.0,Agent,6955
TX0006956,AG10,754 38 49 675,1651,in,Reussie,2026-05-06,41.0,USSD,6956
TX0006957,AG02,793 27 63 924,955,in,REUSSI,2026-05-06,24.0,USSD,6957
TX0006958,AG04,772 69 34 992,1292,in,Reussie,2026-05-06,32.0,USSD,6958
TX0006959,AG01,720 89 89 896,5030,in,OK,2026-05-06,126.0,Agent,6959
TX0006960,AG09,720 83 61 873,2291,in,Echouee,2026-05-06,57.0,USSD,6960
TX0006961,AG10,7078470323,700,in,Reussie,2026-05-06,18.0,USSD,6961
TX0006962,AG17,706 47 63 374,4094,in,echec,2026-05-06,102.0,Agent,6962
TX0006963,AG02,773 99 84 304,6089,out,ok,2026-05-06,61.0,USSD,6963
TX0006964,AG01,776 69 39 858,3757,in,OK,2026-05-06,94.0,Agent,6964
TX0006965,AG13,773 18 34 609,1207,in,ok,2026-05-06,30.0,USSD,6965
TX0006966,AG01,7015292558,2256,out,Reussie,2026-05-06,23.0,USSD,6966
TX0006967,AG07,774 28 83 476,7844,in,echec,2026-05-06,196.0,USSD,6967
TX0006968,AG04,723 37 99 889,4321,out,Echouee,2026-05-06,43.0,Agent,6968
TX0006969,AG04,7822543436,3547,in,ok,2026-05-06,89.0,USSD,6969
TX0006970,AG15,731 35 23 286,19320,in,OK,2026-05-06,483.0,Agent,6970
TX0006971,AG10,795 45 31 733,1228,in,Echouee,2026-05-07,31.0,Agent,6971
TX0006972,AG18,725 72 64 882,2156,in,REUSSI,2026-05-07,54.0,Agent,6972
TX0006973,AG10,7003360346,7458,out,echec,2026-05-07,75.0,USSD,6973
TX0006974,AG19,+226 793 65 99 405,1031,in,OK,2026-05-07,26.0,Agent,6974
TX0006975,AG15,735 25 48 836,884,in,REUSSI,2026-05-07,22.0,Agent,6975
TX0006976,AG16,7755619662,17852,in,REUSSI,2026-05-07,446.0,USSD,6976
TX0006977,AG14,+226 753 23 55 075,1772,in,OK,2026-05-07,44.0,Agent,6977
TX0006978,AG09,+226 774 50 82 090,8183,in,OK,2026-05-07,205.0,Agent,6978
TX0006979,AG02,+226 761 64 38 547,7864,in,echec,2026-05-07,197.0,USSD,6979
TX0006980,AG10,7294596545,1411,out,REUSSI,2026-05-07,14.0,USSD,6980
TX0006981,AG15,+226 706 93 30 586,824,out,Echouee,2026-05-07,8.0,Agent,6981
TX0006982,AG20,799 80 29 326,3637,out,OK,2026-05-07,36.0,app,6982
TX0006983,AG13,+226 774 53 01 053,12511,in,OK,2026-05-07,313.0,Agent,6983
TX0006984,AG08,7776242141,1191,in,OK,2026-05-07,30.0,USSD,6984
TX0006985,AG13,741 34 58 125,1722,out,Reussie,2026-05-07,17.0,USSD,6985
TX0006986,AG02,7849328339,1596,out,Reussie,2026-05-07,16.0,USSD,6986
TX0006987,AG02,+226 778 15 57 311,6171,out,ok,2026-05-07,62.0,Agent,6987
TX0006988,AG08,765 13 00 588,26323,out,REUSSI,2026-05-07,263.0,USSD,6988
TX0006989,AG18,+226 707 66 46 091,4663,in,OK,2026-05-07,117.0,USSD,6989
TX0006990,AG18,737 86 34 568,405,in,OK,2026-05-07,10.0,USSD,6990
TX0006991,AG10,7387301100,2131,in,ok,2026-05-07,53.0,app,6991
TX0006992,AG15,+226 761 35 10 568,834,out,Reussie,2026-05-07,8.0,Agent,6992
TX0006993,AG13,7494319399,542,out,REUSSI,2026-05-07,5.0,Agent,6993
TX0006994,AG01,+226 702 25 08 240,1078,out,OK,2026-05-07,11.0,Agent,6994
TX0006995,AG04,+226 766 95 37 843,1029,in,Reussie,2026-05-07,26.0,app,6995
TX0006996,AG11,7179681519,1743,out,REUSSI,2026-05-07,17.0,Agent,6996
TX0006997,AG09,7483945337,3052,out,REUSSI,2026-05-07,31.0,USSD,6997
TX0006998,AG19,+226 763 56 70 379,333,in,Reussie,2026-05-07,8.0,USSD,6998
TX0006999,AG03,+226 726 90 54 980,3108,out,OK,2026-05-07,31.0,Agent,6999
TX0007000,AG13,7514792906,7925,out,ok,2026-05-07,79.0,Agent,7000
TX0007001,AG15,779 59 06 271,2905,out,OK,2026-05-07,29.0,Agent,7001
TX0007002,AG04,715 30 44 023,3185,in,ok,2026-05-07,80.0,Agent,7002
TX0007003,AG15,+226 797 76 46 928,596,in,ok,2026-05-07,15.0,app,7003
TX0007004,AG14,+226 727 38 23 004,8996,in,Echouee,2026-05-07,225.0,USSD,7004
TX0007005,AG19,717 94 31 537,1108,in,OK,2026-05-07,28.0,Agent,7005
TX0007006,AG04,+226 782 13 54 782,5854,out,ok,2026-05-07,59.0,USSD,7006
TX0007007,AG05,+226 723 61 89 200,1284,in,Reussie,2026-05-07,32.0,USSD,7007
TX0007008,AG18,7545514757,2183,in,ok,2026-05-07,55.0,Agent,7008
TX0007009,AG18,+226 782 19 92 414,1283,in,ok,2026-05-07,32.0,USSD,7009
TX0007010,AG09,+226 775 00 02 627,12376,in,OK,2026-05-07,309.0,Agent,7010
TX0007011,AG07,722 81 71 872,2097,out,REUSSI,2026-05-07,21.0,Agent,7011
TX0007012,AG11,7750870321,1092,in,ok,2026-05-07,27.0,Agent,7012
TX0007013,AG04,+226 736 52 32 864,646,out,Echouee,2026-05-07,6.0,Agent,7013
TX0007014,AG17,7745137015,4712,in,Reussie,2026-05-07,118.0,USSD,7014
TX0007015,AG06,+226 743 90 70 678,934,out,Echouee,2026-05-07,9.0,USSD,7015
TX0007016,AG08,+226 720 18 47 496,8664,in,echec,2026-05-07,217.0,Agent,7016
TX0007017,AG12,+226 721 67 35 300,2847,in,echec,2026-05-07,71.0,Agent,7017
TX0007018,AG07,719 10 42 398,2604,out,REUSSI,2026-05-07,26.0,Agent,7018
TX0007019,AG05,799 61 51 213,6021,in,ok,2026-05-07,151.0,Agent,7019
TX0007020,AG07,718 60 75 700,8686,out,Reussie,2026-05-07,87.0,Agent,7020
TX0007021,AG11,7683439162,15165,in,OK,2026-05-07,379.0,Agent,7021
TX0007022,AG08,+226 797 79 09 155,1736,in,Reussie,2026-05-07,43.0,Agent,7022
TX0007023,AG11,+226 701 06 74 964,1383,out,Echouee,2026-05-07,14.0,Agent,7023
TX0007024,AG01,706 63 22 349,714,in,echec,2026-05-07,18.0,USSD,7024
TX0007025,AG17,736 79 14 073,529,out,Reussie,2026-05-07,5.0,Agent,7025
TX0007026,AG08,7022515508,3527,in,ok,2026-05-07,88.0,Agent,7026
TX0007027,AG06,+226 726 54 54 662,429,in,REUSSI,2026-05-07,11.0,Agent,7027
TX0007028,AG20,+226 708 06 39 566,3797,in,REUSSI,2026-05-07,95.0,USSD,7028
TX0007029,AG10,713 84 38 819,20466,out,REUSSI,2026-05-07,205.0,USSD,7029
TX0007030,AG07,713 65 88 513,1301,out,REUSSI,2026-05-07,13.0,Agent,7030
TX0007031,AG03,7875136607,4362,out,Reussie,2026-05-08,44.0,Agent,7031
TX0007032,AG17,717 88 60 359,1619,in,Reussie,2026-05-08,40.0,Agent,7032
TX0007033,AG18,723 71 71 471,976,out,OK,2026-05-08,10.0,app,7033
TX0007034,AG04,+226 759 89 85 538,1572,out,Echouee,2026-05-08,16.0,Agent,7034
TX0007035,AG12,758 68 78 118,1794,out,echec,2026-05-08,18.0,USSD,7035
TX0007036,AG17,+226 739 43 05 493,2032,in,OK,2026-05-08,51.0,USSD,7036
TX0007037,AG16,7483103528,4335,out,ok,2026-05-08,43.0,Agent,7037
TX0007038,AG02,+226 766 34 93 023,27512,in,Echouee,2026-05-08,688.0,USSD,7038
TX0007039,AG08,7786226469,2361,out,OK,2026-05-08,24.0,Agent,7039
TX0007040,AG17,+226 712 65 67 557,3267,out,Reussie,2026-05-08,33.0,app,7040
TX0007041,AG18,719 02 77 149,2815,out,OK,2026-05-08,28.0,Agent,7041
TX0007042,AG02,730 75 61 839,4496,in,Reussie,2026-05-08,112.0,USSD,7042
TX0007043,AG15,7778288640,1099,in,echec,2026-05-08,27.0,Agent,7043
TX0007044,AG20,7228595577,5207,in,REUSSI,2026-05-08,130.0,USSD,7044
TX0007045,AG16,+226 792 08 91 516,6540,out,OK,2026-05-08,65.0,Agent,7045
TX0007046,AG12,+226 765 98 38 432,4599,in,OK,2026-05-08,115.0,Agent,7046
TX0007047,AG05,775 21 27 075,389,in,Reussie,2026-05-08,10.0,USSD,7047
TX0007048,AG04,793 36 50 813,1380,in,OK,2026-05-08,34.0,Agent,7048
TX0007049,AG18,+226 786 56 22 576,2545,out,REUSSI,2026-05-08,25.0,USSD,7049
TX0007050,AG11,+226 770 22 66 877,3073,out,ok,2026-05-08,31.0,Agent,7050
TX0007051,AG16,730 26 83 587,3922,in,ok,2026-05-08,98.0,Agent,7051
TX0007052,AG04,+226 774 71 77 167,298,out,OK,2026-05-08,3.0,Agent,7052
TX0007053,AG02,+226 719 10 25 507,10427,in,REUSSI,2026-05-08,261.0,USSD,7053
TX0007054,AG08,796 99 89 119,1561,in,ok,2026-05-08,39.0,app,7054
TX0007055,AG02,7583893811,1129,out,OK,2026-05-08,11.0,Agent,7055
TX0007056,AG11,7406977806,3458,out,ok,2026-05-08,35.0,USSD,7056
TX0007057,AG07,7339499127,7142,out,REUSSI,2026-05-08,71.0,USSD,7057
TX0007058,AG10,+226 704 16 31 270,334,in,REUSSI,2026-05-08,8.0,Agent,7058
TX0007059,AG05,+226 777 05 14 122,319,out,echec,2026-05-08,3.0,USSD,7059
TX0007060,AG18,739 03 27 214,2628,in,Reussie,2026-05-08,66.0,Agent,7060
TX0007061,AG20,735 91 41 717,16319,in,echec,2026-05-08,408.0,USSD,7061
TX0007062,AG01,+226 787 45 41 666,1948,in,ok,2026-05-08,49.0,Agent,7062
TX0007063,AG04,+226 775 53 17 543,745,in,ok,2026-05-08,19.0,Agent,7063
TX0007064,AG05,+226 790 37 60 441,655,out,REUSSI,2026-05-08,7.0,Agent,7064
TX0007065,AG06,790 13 12 165,1640,out,OK,2026-05-08,16.0,Agent,7065
TX0007066,AG06,7587672851,1162,out,Reussie,2026-05-08,12.0,app,7066
TX0007067,AG10,799 53 07 662,24538,in,Reussie,2026-05-08,613.0,USSD,7067
TX0007068,AG15,+226 762 83 83 094,154,in,REUSSI,2026-05-08,4.0,Agent,7068
TX0007069,AG03,7143084304,2736,out,Reussie,2026-05-08,27.0,USSD,7069
TX0007070,AG09,+226 729 79 29 941,2277,out,REUSSI,2026-05-08,23.0,Agent,7070
TX0007071,AG19,705 85 55 295,1734,in,REUSSI,2026-05-08,43.0,USSD,7071
TX0007072,AG15,+226 714 38 11 255,2634,out,ok,2026-05-08,26.0,USSD,7072
TX0007073,AG10,753 19 26 433,1004,in,REUSSI,2026-05-08,25.0,USSD,7073
TX0007074,AG09,+226 756 46 89 357,1034,in,REUSSI,2026-05-08,26.0,USSD,7074
TX0007075,AG18,7990978276,2197,in,echec,2026-05-08,55.0,app,7075
TX0007076,AG13,7877011412,2156,out,Echouee,2026-05-08,22.0,USSD,7076
TX0007077,AG05,745 98 64 178,3309,in,Reussie,2026-05-08,83.0,Agent,7077
TX0007078,AG11,+226 759 63 83 984,6246,in,ok,2026-05-08,156.0,Agent,7078
TX0007079,AG16,7283201072,4014,out,Echouee,2026-05-08,40.0,USSD,7079
TX0007080,AG03,735 15 75 730,3669,in,echec,2026-05-08,92.0,Agent,7080
TX0007081,AG16,792 16 00 355,3994,out,ok,2026-05-08,40.0,USSD,7081
TX0007082,AG11,794 67 86 867,2423,in,OK,2026-05-08,61.0,Agent,7082
TX0007083,AG15,768 06 10 539,2152,in,REUSSI,2026-05-08,54.0,app,7083
TX0007084,AG14,+226 716 01 29 149,7495,in,OK,2026-05-08,187.0,Agent,7084
TX0007085,AG17,714 00 00 906,4146,out,echec,2026-05-08,41.0,Agent,7085
TX0007086,AG04,+226 708 63 55 367,5764,out,Reussie,2026-05-08,58.0,Agent,7086
TX0007087,AG17,756 51 45 555,660,out,REUSSI,2026-05-08,7.0,Agent,7087
TX0007088,AG02,+226 797 75 07 740,1719,in,echec,2026-05-08,43.0,Agent,7088
TX0007089,AG09,755 97 16 802,2374,out,echec,2026-05-08,24.0,app,7089
TX0007090,AG10,778 67 52 636,601,in,Reussie,2026-05-08,15.0,app,7090
TX0007091,AG05,7340568413,2028,in,ok,2026-05-08,51.0,Agent,7091
TX0007092,AG15,+226 764 57 07 644,2907,out,ok,2026-05-08,29.0,USSD,7092
TX0007093,AG08,755 74 87 924,1719,out,REUSSI,2026-05-08,17.0,Agent,7093
TX0007094,AG09,+226 749 73 41 109,778,in,Reussie,2026-05-08,19.0,app,7094
TX0007095,AG08,773 78 12 435,1126,in,OK,2026-05-08,28.0,Agent,7095
TX0007096,AG16,7871354018,883,out,OK,2026-05-08,9.0,USSD,7096
TX0007097,AG14,+226 742 58 92 991,937,out,Echouee,2026-05-08,9.0,Agent,7097
TX0007098,AG18,+226 766 29 55 321,7238,in,ok,2026-05-08,181.0,USSD,7098
TX0007099,AG07,+226 771 91 79 537,926,out,REUSSI,2026-05-08,9.0,USSD,7099
TX0007100,AG04,7303783682,1926,in,REUSSI,2026-05-09,48.0,USSD,7100
TX0007101,AG03,7896308143,3988,out,Reussie,2026-05-09,40.0,USSD,7101
TX0007102,AG20,7770581495,1572,out,ok,2026-05-09,16.0,USSD,7102
TX0007103,AG10,7734971117,991,in,ok,2026-05-09,25.0,USSD,7103
TX0007104,AG05,7759072859,1906,in,ok,2026-05-09,48.0,app,7104
TX0007105,AG11,724 04 51 482,2618,in,REUSSI,2026-05-09,65.0,Agent,7105
TX0007106,AG12,+226 761 89 09 019,1816,in,REUSSI,2026-05-09,45.0,Agent,7106
TX0007107,AG05,7116328104,562,in,Reussie,2026-05-09,14.0,USSD,7107
TX0007108,AG16,773 13 62 672,3031,in,echec,2026-05-09,76.0,USSD,7108
TX0007109,AG07,+226 735 15 49 968,1808,in,OK,2026-05-09,45.0,app,7109
TX0007110,AG17,710 99 30 343,3169,out,ok,2026-05-09,32.0,Agent,7110
TX0007111,AG08,+226 707 16 93 546,1874,in,OK,2026-05-09,47.0,USSD,7111
TX0007112,AG15,7578563753,5177,in,ok,2026-05-09,129.0,Agent,7112
TX0007113,AG01,+226 723 85 09 180,567,out,echec,2026-05-09,6.0,USSD,7113
TX0007114,AG14,7049874849,9707,out,ok,2026-05-09,97.0,USSD,7114
TX0007115,AG11,747 17 15 393,438,out,ok,2026-05-09,,USSD,7115
TX0007116,AG02,709 94 63 169,3750,in,ok,2026-05-09,94.0,Agent,7116
TX0007117,AG17,+226 731 99 79 959,1119,in,REUSSI,2026-05-09,28.0,USSD,7117
TX0007118,AG09,726 51 19 548,3539,out,ok,2026-05-09,35.0,app,7118
TX0007119,AG18,+226 729 16 86 724,7571,in,OK,2026-05-09,189.0,Agent,7119
TX0007120,AG08,7883124204,22310,out,OK,2026-05-09,223.0,USSD,7120
TX0007121,AG19,+226 733 93 17 849,1046,in,OK,2026-05-09,26.0,app,7121
TX0007122,AG03,7709070959,3966,in,Reussie,2026-05-09,99.0,USSD,7122
TX0007123,AG05,+226 722 50 11 655,4230,in,REUSSI,2026-05-09,106.0,USSD,7123
TX0007124,AG19,+226 708 16 81 540,969,out,REUSSI,2026-05-09,10.0,app,7124
TX0007125,AG11,7524887843,838,out,OK,2026-05-09,8.0,Agent,7125
TX0007126,AG09,796 54 90 901,2573,out,ok,2026-05-09,26.0,Agent,7126
TX0007127,AG11,707 49 99 259,3902,in,Reussie,2026-05-09,98.0,app,7127
TX0007128,AG05,+226 783 27 55 995,1355,in,OK,2026-05-09,34.0,app,7128
TX0007129,AG03,767 83 28 252,1385,in,Reussie,2026-05-09,35.0,Agent,7129
TX0007130,AG06,+226 759 85 87 353,530,out,REUSSI,2026-05-10,5.0,Agent,7130
TX0007131,AG11,737 47 60 174,4036,in,OK,2026-05-10,101.0,Agent,7131
TX0007132,AG13,7422157883,3099,out,ok,2026-05-10,31.0,Agent,7132
TX0007133,AG06,+226 796 59 89 603,1647,in,OK,2026-05-10,41.0,Agent,7133
TX0007134,AG08,+226 762 99 53 919,1902,in,Reussie,2026-05-10,48.0,app,7134
TX0007135,AG13,725 48 06 914,15954,out,OK,2026-05-10,160.0,Agent,7135
TX0007136,AG18,+226 741 66 37 157,492,out,ok,2026-05-10,5.0,USSD,7136
TX0007137,AG01,+226 710 50 91 247,1957,out,Echouee,2026-05-10,20.0,USSD,7137
TX0007138,AG04,7449266635,2668,in,OK,2026-05-10,67.0,Agent,7138
TX0007139,AG06,+226 796 94 85 001,3424,in,ok,2026-05-10,86.0,Agent,7139
TX0007140,AG13,+226 710 06 89 589,16923,in,REUSSI,2026-05-11,423.0,USSD,7140
TX0007141,AG07,769 32 68 259,1771,in,ok,2026-05-11,44.0,Agent,7141
TX0007142,AG15,+226 701 41 19 626,7699,out,REUSSI,2026-05-11,77.0,Agent,7142
TX0007143,AG17,+226 718 25 07 549,2446,in,ok,2026-05-11,61.0,USSD,7143
TX0007144,AG11,7547916278,1796,out,Reussie,2026-05-11,18.0,USSD,7144
TX0007145,AG17,+226 726 18 93 409,7980,in,Reussie,2026-05-11,200.0,Agent,7145
TX0007146,AG16,7041467442,2099,out,REUSSI,2026-05-11,21.0,USSD,7146
TX0007147,AG10,+226 717 88 03 725,7606,in,ok,2026-05-11,190.0,USSD,7147
TX0007148,AG05,7841555418,5058,in,REUSSI,2026-05-11,126.0,Agent,7148
TX0007149,AG11,7189622501,4556,in,OK,2026-05-11,114.0,Agent,7149
TX0007150,AG13,781 61 50 188,1115,in,OK,2026-05-11,28.0,USSD,7150
TX0007151,AG06,7917840378,2268,out,ok,2026-05-11,23.0,Agent,7151
TX0007152,AG06,705 89 32 851,1124,out,echec,2026-05-11,11.0,USSD,7152
TX0007153,AG20,791 89 05 333,7131,out,echec,2026-05-11,71.0,Agent,7153
TX0007154,AG08,733 33 64 155,4298,in,Echouee,2026-05-11,107.0,Agent,7154
TX0007155,AG13,+226 792 81 31 751,1016,in,ok,2026-05-11,25.0,Agent,7155
TX0007156,AG03,+226 726 16 94 728,2099,in,ok,2026-05-11,52.0,USSD,7156
TX0007157,AG10,7370022700,2813,in,Reussie,2026-05-11,70.0,Agent,7157
TX0007158,AG12,7430085250,521,in,OK,2026-05-11,13.0,USSD,7158
TX0007159,AG09,736 71 55 781,837,in,Reussie,2026-05-11,21.0,USSD,7159
TX0007160,AG11,7327738824,2716,out,REUSSI,2026-05-11,27.0,USSD,7160
TX0007161,AG02,+226 767 92 97 638,2943,out,Echouee,2026-05-11,29.0,Agent,7161
TX0007162,AG11,+226 794 93 63 117,1325,in,OK,2026-05-11,33.0,USSD,7162
TX0007163,AG03,7825181156,2728,in,OK,2026-05-11,68.0,Agent,7163
TX0007164,AG20,7145770972,6355,out,Reussie,2026-05-11,64.0,USSD,7164
TX0007165,AG05,704 74 55 441,2506,in,Reussie,2026-05-11,63.0,USSD,7165
TX0007166,AG16,+226 788 74 26 758,4012,out,OK,2026-05-11,40.0,USSD,7166
TX0007167,AG14,7903890832,2389,in,Reussie,2026-05-11,60.0,Agent,7167
TX0007168,AG05,769 45 91 026,506,out,echec,2026-05-11,5.0,Agent,7168
TX0007169,AG09,767 64 95 944,949,out,REUSSI,2026-05-11,9.0,Agent,7169
TX0007170,AG18,7390839994,2402,out,REUSSI,2026-05-11,24.0,USSD,7170
TX0007171,AG08,+226 715 17 41 150,4860,out,Reussie,2026-05-11,49.0,USSD,7171
TX0007172,AG20,+226 736 00 50 952,537,out,OK,2026-05-11,5.0,USSD,7172
TX0007173,AG01,703 82 66 359,3869,out,echec,2026-05-11,39.0,USSD,7173
TX0007174,AG07,735 64 66 359,1418,in,echec,2026-05-11,35.0,USSD,7174
TX0007175,AG05,+226 771 95 70 829,608,in,echec,2026-05-11,15.0,USSD,7175
TX0007176,AG09,+226 748 91 84 804,828,in,OK,2026-05-11,21.0,Agent,7176
TX0007177,AG03,728 16 67 553,5403,out,Echouee,2026-05-11,54.0,Agent,7177
TX0007178,AG07,+226 717 29 41 357,3011,out,OK,2026-05-11,30.0,USSD,7178
TX0007179,AG09,+226 737 73 33 159,7956,in,echec,2026-05-11,199.0,Agent,7179
TX0007180,AG17,+226 761 42 35 843,8525,in,Reussie,2026-05-11,213.0,Agent,7180
TX0007181,AG12,795 04 54 859,741,out,REUSSI,2026-05-11,7.0,app,7181
TX0007182,AG09,789 42 92 053,12445,in,REUSSI,2026-05-11,311.0,USSD,7182
TX0007183,AG06,730 64 66 580,5062,in,Reussie,2026-05-11,127.0,Agent,7183
TX0007184,AG20,+226 786 94 88 726,2389,out,OK,2026-05-11,24.0,USSD,7184
TX0007185,AG17,+226 788 87 81 143,3658,out,Reussie,2026-05-11,37.0,Agent,7185
TX0007186,AG20,737 39 88 105,6358,out,REUSSI,2026-05-11,64.0,Agent,7186
TX0007187,AG13,777 27 55 394,5978,out,Echouee,2026-05-11,60.0,USSD,7187
TX0007188,AG06,762 95 70 689,4859,in,echec,2026-05-11,121.0,Agent,7188
TX0007189,AG15,7838661220,2588,in,REUSSI,2026-05-11,65.0,USSD,7189
TX0007190,AG10,+226 731 21 94 819,3912,out,echec,2026-05-11,39.0,Agent,7190
TX0007191,AG08,+226 743 05 84 801,6227,in,Reussie,2026-05-11,156.0,Agent,7191
TX0007192,AG06,+226 717 69 50 482,2916,in,Echouee,2026-05-11,73.0,app,7192
TX0007193,AG07,7291613456,3121,out,Echouee,2026-05-11,31.0,Agent,7193
TX0007194,AG08,705 29 52 380,5011,in,ok,2026-05-11,125.0,Agent,7194
TX0007195,AG16,722 93 55 104,5525,out,OK,2026-05-11,55.0,Agent,7195
TX0007196,AG02,763 10 54 501,1727,out,Reussie,2026-05-11,17.0,USSD,7196
TX0007197,AG09,7609562985,8380,in,Reussie,2026-05-11,210.0,Agent,7197
TX0007198,AG10,+226 753 05 30 667,1380,in,Reussie,2026-05-11,34.0,USSD,7198
TX0007199,AG12,+226 757 40 57 666,2104,in,echec,2026-05-11,53.0,USSD,7199
TX0007200,AG12,+226 715 28 37 197,499,out,REUSSI,2026-05-11,5.0,Agent,7200
TX0007201,AG06,7489145350,11771,in,OK,2026-05-11,294.0,Agent,7201
TX0007202,AG10,791 30 19 116,549,in,ok,2026-05-11,14.0,app,7202
TX0007203,AG08,+226 788 00 29 378,4515,out,ok,2026-05-11,45.0,USSD,7203
TX0007204,AG11,763 49 23 570,10723,in,Echouee,2026-05-11,268.0,Agent,7204
TX0007205,AG17,+226 789 58 11 789,12030,in,Reussie,2026-05-11,301.0,Agent,7205
TX0007206,AG12,+226 797 42 36 237,5973,in,Reussie,2026-05-11,149.0,Agent,7206
TX0007207,AG08,7683575105,5019,in,REUSSI,2026-05-11,125.0,Agent,7207
TX0007208,AG12,715 45 81 446,1766,in,REUSSI,2026-05-11,44.0,app,7208
TX0007209,AG15,718 43 81 323,3188,in,Echouee,2026-05-11,80.0,Agent,7209
TX0007210,AG19,+226 740 54 58 960,11009,in,ok,2026-05-11,275.0,Agent,7210
TX0007211,AG07,+226 775 25 71 033,2606,out,echec,2026-05-11,26.0,Agent,7211
TX0007212,AG05,725 51 30 853,7431,in,echec,2026-05-11,186.0,Agent,7212
TX0007213,AG04,752 62 18 323,765,in,Reussie,2026-05-11,19.0,USSD,7213
TX0007214,AG02,746 46 93 377,927,in,ok,2026-05-11,23.0,USSD,7214
TX0007215,AG15,7423856629,7136,out,Reussie,2026-05-11,71.0,Agent,7215
TX0007216,AG12,+226 761 23 48 589,2049,in,Reussie,2026-05-11,51.0,USSD,7216
TX0007217,AG19,+226 768 19 66 943,13586,out,Reussie,2026-05-11,136.0,USSD,7217
TX0007218,AG14,+226 773 05 54 980,1586,out,echec,2026-05-11,16.0,USSD,7218
TX0007219,AG09,+226 723 07 24 549,1006,out,ok,2026-05-11,10.0,Agent,7219
TX0007220,AG13,+226 769 21 93 566,20682,in,OK,2026-05-11,517.0,Agent,7220
TX0007221,AG04,+226 713 49 56 208,3081,out,echec,2026-05-11,31.0,app,7221
TX0007222,AG15,716 76 70 068,2902,in,OK,2026-05-11,73.0,Agent,7222
TX0007223,AG12,722 31 24 676,1629,out,REUSSI,2026-05-11,16.0,USSD,7223
TX0007224,AG18,7401948564,2761,in,REUSSI,2026-05-11,69.0,USSD,7224
TX0007225,AG19,7492876736,714,in,Echouee,2026-05-11,18.0,USSD,7225
TX0007226,AG08,715 10 50 354,6422,out,REUSSI,2026-05-11,64.0,Agent,7226
TX0007227,AG12,+226 795 38 34 619,2252,in,OK,2026-05-11,56.0,USSD,7227
TX0007228,AG19,791 29 70 415,4210,out,REUSSI,2026-05-11,42.0,USSD,7228
TX0007229,AG17,754 85 85 802,2021,out,Reussie,2026-05-11,20.0,app,7229
TX0007230,AG17,7837783889,2709,in,REUSSI,2026-05-11,68.0,USSD,7230
TX0007231,AG10,7026851668,12189,out,OK,2026-05-11,122.0,USSD,7231
TX0007232,AG17,788 16 99 156,6381,in,ok,2026-05-11,160.0,USSD,7232
TX0007233,AG11,+226 781 07 32 533,3969,out,REUSSI,2026-05-12,40.0,USSD,7233
TX0007234,AG14,7225572239,6620,in,REUSSI,2026-05-12,166.0,app,7234
TX0007235,AG17,+226 768 31 25 336,6321,in,Reussie,2026-05-12,158.0,app,7235
TX0007236,AG11,+226 796 50 07 042,8980,in,REUSSI,2026-05-12,224.0,USSD,7236
TX0007237,AG07,754 90 60 437,2270,in,OK,2026-05-12,57.0,Agent,7237
TX0007238,AG12,702 68 01 781,3439,in,echec,2026-05-12,86.0,app,7238
TX0007239,AG11,+226 722 81 37 260,27288,in,REUSSI,2026-05-12,682.0,USSD,7239
TX0007240,AG13,+226 719 38 26 330,3671,out,OK,2026-05-12,37.0,Agent,7240
TX0007241,AG10,+226 705 45 88 976,6160,out,REUSSI,2026-05-12,62.0,USSD,7241
TX0007242,AG09,727 32 78 989,350,out,OK,2026-05-12,,USSD,7242
TX0007243,AG05,+226 784 01 95 849,405,in,REUSSI,2026-05-12,10.0,USSD,7243
TX0007244,AG16,+226 793 62 43 489,4942,in,Reussie,2026-05-12,124.0,USSD,7244
TX0007245,AG11,+226 748 31 50 829,2807,out,ok,2026-05-12,28.0,USSD,7245
TX0007246,AG16,793 57 94 761,8294,in,OK,2026-05-12,207.0,Agent,7246
TX0007247,AG01,+226 780 62 92 955,2833,out,REUSSI,2026-05-12,28.0,Agent,7247
TX0007248,AG02,7057849519,848,in,echec,2026-05-12,21.0,Agent,7248
TX0007249,AG16,7576034244,5376,in,Reussie,2026-05-12,134.0,Agent,7249
TX0007250,AG18,777 75 52 517,8112,in,Reussie,2026-05-12,203.0,USSD,7250
TX0007251,AG04,+226 795 05 69 274,2487,out,ok,2026-05-12,25.0,Agent,7251
TX0007252,AG07,7892156319,3650,in,REUSSI,2026-05-12,91.0,USSD,7252
TX0007253,AG13,+226 745 58 72 967,782,in,OK,2026-05-12,20.0,USSD,7253
TX0007254,AG03,744 34 53 220,1925,in,REUSSI,2026-05-12,48.0,USSD,7254
TX0007255,AG02,795 17 71 337,3759,in,OK,2026-05-12,94.0,Agent,7255
TX0007256,AG20,+226 734 41 39 912,1726,in,ok,2026-05-12,43.0,Agent,7256
TX0007257,AG12,7365711571,4734,in,ok,2026-05-12,118.0,USSD,7257
TX0007258,AG01,771 33 63 972,954,in,ok,2026-05-12,24.0,Agent,7258
TX0007259,AG04,749 67 10 187,1211,out,Echouee,2026-05-12,12.0,app,7259
TX0007260,AG11,7814601302,3509,out,REUSSI,2026-05-12,35.0,Agent,7260
TX0007261,AG01,+226 772 62 52 757,8545,in,Reussie,2026-05-12,214.0,USSD,7261
TX0007262,AG06,768 39 95 122,13184,in,Reussie,2026-05-12,330.0,Agent,7262
TX0007263,AG02,7606920935,5531,out,REUSSI,2026-05-12,55.0,Agent,7263
TX0007264,AG15,743 76 47 642,1148,in,OK,2026-05-12,29.0,Agent,7264
TX0007265,AG06,7643547839,2296,in,echec,2026-05-12,57.0,Agent,7265
TX0007266,AG12,718 13 34 264,689,in,Reussie,2026-05-12,17.0,Agent,7266
TX0007267,AG13,700 20 43 267,1158,in,OK,2026-05-12,29.0,USSD,7267
TX0007268,AG15,+226 778 68 60 215,465,out,Reussie,2026-05-12,5.0,Agent,7268
TX0007269,AG19,790 69 60 509,3847,in,OK,2026-05-12,96.0,Agent,7269
TX0007270,AG11,789 24 34 438,12059,out,Reussie,2026-05-12,121.0,Agent,7270
TX0007271,AG06,+226 742 44 88 944,821,out,echec,2026-05-12,8.0,USSD,7271
TX0007272,AG06,+226 706 63 17 160,1313,in,OK,2026-05-12,33.0,Agent,7272
TX0007273,AG12,792 95 90 006,7790,out,echec,2026-05-12,78.0,Agent,7273
TX0007274,AG09,+226 719 70 20 983,2214,in,Reussie,2026-05-12,55.0,app,7274
TX0007275,AG03,742 53 65 126,1144,in,echec,2026-05-12,29.0,Agent,7275
TX0007276,AG11,771 34 21 961,6395,in,REUSSI,2026-05-12,160.0,Agent,7276
TX0007277,AG13,761 22 05 605,8662,out,ok,2026-05-12,87.0,Agent,7277
TX0007278,AG14,7856154245,1687,out,echec,2026-05-12,17.0,USSD,7278
TX0007279,AG02,+226 781 04 92 036,966,in,Reussie,2026-05-12,24.0,USSD,7279
TX0007280,AG08,738 38 86 214,1360,in,ok,2026-05-12,34.0,Agent,7280
TX0007281,AG05,+226 709 71 61 275,1932,out,OK,2026-05-12,19.0,Agent,7281
TX0007282,AG13,+226 710 84 97 913,1358,in,ok,2026-05-12,34.0,Agent,7282
TX0007283,AG16,777 78 74 839,2074,in,echec,2026-05-12,52.0,Agent,7283
TX0007284,AG14,+226 716 06 07 692,1079,in,OK,2026-05-12,27.0,Agent,7284
TX0007285,AG01,735 78 33 770,264,in,OK,2026-05-12,7.0,Agent,7285
TX0007286,AG15,7035179389,1691,in,Reussie,2026-05-12,42.0,USSD,7286
TX0007287,AG20,+226 715 49 63 127,13713,out,Reussie,2026-05-12,137.0,USSD,7287
TX0007288,AG11,761 41 47 426,9928,in,OK,2026-05-12,248.0,USSD,7288
TX0007289,AG17,765 89 97 557,1652,out,ok,2026-05-12,17.0,Agent,7289
TX0007290,AG07,731 62 97 801,1561,out,REUSSI,2026-05-12,16.0,app,7290
TX0007291,AG16,7741671472,4881,out,ok,2026-05-12,49.0,Agent,7291
TX0007292,AG11,762 65 57 083,1725,out,ok,2026-05-12,17.0,app,7292
TX0007293,AG03,+226 757 44 74 724,1382,in,ok,2026-05-12,35.0,Agent,7293
TX0007294,AG04,+226 703 96 90 820,2086,in,echec,2026-05-12,52.0,app,7294
TX0007295,AG14,772 99 22 807,3472,out,OK,2026-05-12,35.0,Agent,7295
TX0007296,AG18,746 26 15 017,7130,in,echec,2026-05-12,178.0,app,7296
TX0007297,AG20,7036197771,1923,out,ok,2026-05-12,19.0,Agent,7297
TX0007298,AG13,773 84 44 641,9035,out,REUSSI,2026-05-12,90.0,app,7298
TX0007299,AG17,743 33 22 762,1821,in,ok,2026-05-12,46.0,Agent,7299
TX0007300,AG04,+226 746 99 96 710,1418,in,REUSSI,2026-05-13,35.0,app,7300
TX0007301,AG08,741 64 95 696,3687,out,echec,2026-05-13,37.0,USSD,7301
TX0007302,AG07,740 09 52 744,2163,out,ok,2026-05-13,22.0,Agent,7302
TX0007303,AG18,+226 717 57 62 926,218,in,echec,2026-05-13,5.0,Agent,7303
TX0007304,AG08,+226 704 35 26 213,470,out,Reussie,2026-05-13,5.0,USSD,7304
TX0007305,AG10,+226 764 97 65 498,5498,out,Reussie,2026-05-13,55.0,USSD,7305
TX0007306,AG17,+226 781 60 26 784,998,out,OK,2026-05-13,10.0,Agent,7306
TX0007307,AG16,+226 720 27 96 971,4777,out,Reussie,2026-05-13,48.0,USSD,7307
TX0007308,AG09,+226 703 17 21 812,1556,out,echec,2026-05-13,16.0,Agent,7308
TX0007309,AG09,770 37 16 644,4494,in,Echouee,2026-05-13,112.0,USSD,7309
TX0007310,AG06,705 84 65 744,5235,in,REUSSI,2026-05-13,131.0,USSD,7310
TX0007311,AG03,783 68 80 651,6305,in,ok,2026-05-13,158.0,Agent,7311
TX0007312,AG10,795 49 65 587,3231,in,OK,2026-05-13,81.0,USSD,7312
TX0007313,AG03,729 42 96 150,1613,out,Reussie,2026-05-13,16.0,USSD,7313
TX0007314,AG16,740 37 98 245,4458,out,ok,2026-05-13,45.0,USSD,7314
TX0007315,AG20,7464602106,2287,in,Echouee,2026-05-13,57.0,app,7315
TX0007316,AG10,+226 740 42 89 302,2013,out,OK,2026-05-13,20.0,Agent,7316
TX0007317,AG20,+226 702 25 75 525,5034,in,Reussie,2026-05-13,126.0,Agent,7317
TX0007318,AG04,+226 721 93 56 056,4865,out,Reussie,2026-05-13,49.0,Agent,7318
TX0007319,AG11,+226 797 39 53 033,2218,in,REUSSI,2026-05-13,55.0,USSD,7319
TX0007320,AG18,738 47 49 339,2790,in,OK,2026-05-13,70.0,USSD,7320
TX0007321,AG19,7989631951,5397,out,OK,2026-05-13,54.0,app,7321
TX0007322,AG18,774 62 32 055,641,in,Echouee,2026-05-13,16.0,Agent,7322
TX0007323,AG07,+226 793 02 56 664,1369,in,Echouee,2026-05-13,34.0,Agent,7323
TX0007324,AG19,+226 756 19 86 105,13174,in,REUSSI,2026-05-13,329.0,USSD,7324
TX0007325,AG13,+226 704 67 45 236,465,out,OK,2026-05-13,5.0,USSD,7325
TX0007326,AG02,719 64 36 916,823,in,REUSSI,2026-05-13,21.0,Agent,7326
TX0007327,AG09,7608090877,12694,in,Reussie,2026-05-13,317.0,USSD,7327
TX0007328,AG01,+226 773 84 41 312,609,in,Reussie,2026-05-13,15.0,Agent,7328
TX0007329,AG17,747 63 81 037,1737,in,ok,2026-05-13,43.0,USSD,7329
TX0007330,AG10,7278614847,1292,in,OK,2026-05-13,32.0,Agent,7330
TX0007331,AG07,793 34 91 349,2006,in,REUSSI,2026-05-13,50.0,Agent,7331
TX0007332,AG06,7913321947,432,in,ok,2026-05-13,11.0,Agent,7332
TX0007333,AG17,745 77 77 426,605,in,ok,2026-05-13,15.0,Agent,7333
TX0007334,AG12,+226 716 70 40 069,1525,out,Reussie,2026-05-13,15.0,Agent,7334
TX0007335,AG03,+226 767 52 95 870,3999,out,Echouee,2026-05-13,40.0,Agent,7335
TX0007336,AG13,7297615927,7057,in,Echouee,2026-05-13,176.0,Agent,7336
TX0007337,AG13,+226 717 67 79 038,4285,in,ok,2026-05-13,107.0,Agent,7337
TX0007338,AG06,740 19 07 502,7084,in,ok,2026-05-13,177.0,USSD,7338
TX0007339,AG18,754 02 04 025,284,out,OK,2026-05-13,3.0,USSD,7339
TX0007340,AG09,796 10 21 374,8228,in,Reussie,2026-05-13,206.0,Agent,7340
TX0007341,AG15,+226 747 16 34 673,3148,in,ok,2026-05-13,79.0,Agent,7341
TX0007342,AG01,+226 774 57 30 952,1752,in,echec,2026-05-13,44.0,Agent,7342
TX0007343,AG16,7601392961,3056,in,REUSSI,2026-05-13,76.0,app,7343
TX0007344,AG15,757 20 98 416,729,out,OK,2026-05-13,7.0,Agent,7344
TX0007345,AG18,747 06 32 660,686,out,REUSSI,2026-05-13,7.0,Agent,7345
TX0007346,AG03,+226 769 05 40 173,431,out,REUSSI,2026-05-13,4.0,Agent,7346
TX0007347,AG16,7679693362,1137,in,OK,2026-05-13,28.0,Agent,7347
TX0007348,AG16,+226 720 41 60 185,27910,in,Reussie,2026-05-13,698.0,Agent,7348
TX0007349,AG16,713 19 09 611,2262,in,OK,2026-05-13,57.0,USSD,7349
TX0007350,AG11,+226 722 65 36 474,6245,in,Echouee,2026-05-13,156.0,Agent,7350
TX0007351,AG08,+226 727 27 45 978,1955,in,REUSSI,2026-05-13,49.0,USSD,7351
TX0007352,AG05,726 16 29 054,1500,out,Reussie,2026-05-13,15.0,USSD,7352
TX0007353,AG05,+226 796 35 28 029,2574,out,Reussie,2026-05-13,26.0,USSD,7353
TX0007354,AG20,751 29 59 398,6188,in,echec,2026-05-13,155.0,USSD,7354
TX0007355,AG15,7730741714,2800,out,ok,2026-05-13,28.0,USSD,7355
TX0007356,AG04,+226 712 35 91 878,1830,out,REUSSI,2026-05-13,18.0,Agent,7356
TX0007357,AG06,7740411818,6945,in,Reussie,2026-05-13,174.0,USSD,7357
TX0007358,AG19,737 72 14 968,3358,in,OK,2026-05-13,84.0,USSD,7358
TX0007359,AG03,+226 776 80 76 607,4211,out,Echouee,2026-05-13,42.0,Agent,7359
TX0007360,AG13,733 36 75 533,1971,in,OK,2026-05-13,49.0,USSD,7360
TX0007361,AG14,+226 743 95 54 073,541,in,OK,2026-05-13,14.0,app,7361
TX0007362,AG18,795 38 65 653,4711,in,Reussie,2026-05-13,118.0,Agent,7362
TX0007363,AG11,722 80 85 597,1868,in,REUSSI,2026-05-13,47.0,Agent,7363
TX0007364,AG03,+226 706 85 31 472,1312,out,ok,2026-05-13,13.0,USSD,7364
TX0007365,AG13,727 76 71 386,5241,in,OK,2026-05-13,131.0,USSD,7365
TX0007366,AG07,+226 723 53 55 476,1881,in,ok,2026-05-13,47.0,USSD,7366
TX0007367,AG20,749 59 48 707,2406,out,REUSSI,2026-05-13,24.0,USSD,7367
TX0007368,AG16,739 33 52 480,16406,out,OK,2026-05-14,164.0,Agent,7368
TX0007369,AG12,+226 748 54 92 447,3937,in,OK,2026-05-14,98.0,Agent,7369
TX0007370,AG04,+226 767 67 55 943,5462,out,Reussie,2026-05-14,55.0,USSD,7370
TX0007371,AG06,+226 791 35 56 840,419,in,OK,2026-05-14,10.0,Agent,7371
TX0007372,AG11,7498273974,6047,out,Echouee,2026-05-14,60.0,USSD,7372
TX0007373,AG18,7067820752,9426,in,ok,2026-05-14,236.0,Agent,7373
TX0007374,AG06,+226 727 87 96 937,4423,out,ok,2026-05-14,44.0,USSD,7374
TX0007375,AG17,+226 711 21 99 229,1774,in,Reussie,2026-05-14,44.0,USSD,7375
TX0007376,AG01,+226 716 44 32 644,8429,in,Echouee,2026-05-14,211.0,Agent,7376
TX0007377,AG07,7186095254,880,out,ok,2026-05-14,9.0,Agent,7377
TX0007378,AG04,+226 779 29 51 859,687,in,OK,2026-05-14,17.0,USSD,7378
TX0007379,AG05,+226 743 87 97 421,7182,in,ok,2026-05-14,180.0,Agent,7379
TX0007380,AG17,+226 759 41 09 135,7614,out,REUSSI,2026-05-14,76.0,Agent,7380
TX0007381,AG02,+226 759 53 43 142,2910,in,REUSSI,2026-05-14,73.0,USSD,7381
TX0007382,AG16,+226 788 32 87 478,3360,out,OK,2026-05-14,34.0,USSD,7382
TX0007383,AG13,732 82 06 347,4259,out,Echouee,2026-05-14,43.0,USSD,7383
TX0007384,AG03,+226 747 76 51 961,2527,out,Reussie,2026-05-14,25.0,Agent,7384
TX0007385,AG05,+226 772 96 41 625,6110,out,OK,2026-05-14,61.0,USSD,7385
TX0007386,AG20,+226 708 07 96 490,6169,in,ok,2026-05-14,154.0,Agent,7386
TX0007387,AG15,799 73 49 216,374,out,REUSSI,2026-05-14,4.0,USSD,7387
TX0007388,AG16,705 34 96 620,304,out,REUSSI,2026-05-14,3.0,USSD,7388
TX0007389,AG06,+226 797 12 80 548,791,in,ok,2026-05-14,20.0,USSD,7389
TX0007390,AG03,796 13 89 339,6319,out,ok,2026-05-14,63.0,Agent,7390
TX0007391,AG11,+226 743 27 57 860,2343,in,Reussie,2026-05-14,59.0,Agent,7391
TX0007392,AG17,760 77 54 014,2175,in,ok,2026-05-14,54.0,Agent,7392
TX0007393,AG05,754 40 94 836,1642,in,OK,2026-05-14,41.0,Agent,7393
TX0007394,AG03,+226 782 35 28 695,3191,in,Reussie,2026-05-14,80.0,Agent,7394
TX0007395,AG09,7341358094,2114,in,ok,2026-05-14,53.0,Agent,7395
TX0007396,AG10,722 11 98 993,10839,in,REUSSI,2026-05-14,271.0,app,7396
TX0007397,AG04,7638381177,1756,in,OK,2026-05-14,44.0,Agent,7397
TX0007398,AG06,7147680218,827,out,ok,2026-05-14,8.0,USSD,7398
TX0007399,AG01,+226 773 73 98 928,2020,out,ok,2026-05-14,20.0,Agent,7399
TX0007400,AG11,7211316760,4265,in,ok,2026-05-14,107.0,Agent,7400
TX0007401,AG05,+226 717 48 97 996,2973,out,Echouee,2026-05-14,30.0,Agent,7401
TX0007402,AG04,705 77 22 032,721,out,Echouee,2026-05-14,7.0,Agent,7402
TX0007403,AG19,779 31 05 558,2993,out,Echouee,2026-05-14,30.0,app,7403
TX0007404,AG10,7674820931,2737,in,OK,2026-05-14,68.0,Agent,7404
TX0007405,AG17,754 06 63 773,8244,out,ok,2026-05-14,82.0,USSD,7405
TX0007406,AG10,+226 779 67 85 036,5530,out,ok,2026-05-14,55.0,USSD,7406
TX0007407,AG15,718 75 36 357,3035,in,REUSSI,2026-05-14,76.0,Agent,7407
TX0007408,AG16,7538903928,5137,in,OK,2026-05-14,128.0,app,7408
TX0007409,AG09,7226282045,1418,in,REUSSI,2026-05-14,35.0,USSD,7409
TX0007410,AG12,730 92 83 876,5466,in,OK,2026-05-14,137.0,USSD,7410
TX0007411,AG17,742 66 84 858,3496,in,OK,2026-05-14,87.0,Agent,7411
TX0007412,AG05,+226 728 78 10 033,3748,in,OK,2026-05-14,94.0,Agent,7412
TX0007413,AG04,792 82 39 435,908,out,Reussie,2026-05-14,9.0,Agent,7413
TX0007414,AG20,+226 771 35 29 238,338,out,OK,2026-05-14,3.0,Agent,7414
TX0007415,AG02,766 89 07 790,1591,out,echec,2026-05-14,16.0,USSD,7415
TX0007416,AG01,751 06 32 306,7626,in,OK,2026-05-14,191.0,Agent,7416
TX0007417,AG06,772 03 53 952,2005,in,echec,2026-05-14,50.0,Agent,7417
TX0007418,AG19,743 31 75 462,3558,in,ok,2026-05-14,89.0,USSD,7418
TX0007419,AG02,768 88 60 692,9372,in,echec,2026-05-14,234.0,Agent,7419
TX0007420,AG13,7635189980,3407,in,echec,2026-05-14,85.0,Agent,7420
TX0007421,AG03,7463055684,7601,out,OK,2026-05-14,76.0,Agent,7421
TX0007422,AG20,772 89 22 763,1631,in,echec,2026-05-14,41.0,Agent,7422
TX0007423,AG13,+226 733 54 75 295,2733,in,REUSSI,2026-05-14,68.0,USSD,7423
TX0007424,AG18,738 08 78 325,1933,out,ok,2026-05-14,19.0,app,7424
TX0007425,AG08,7294736478,1416,in,Echouee,2026-05-14,35.0,Agent,7425
TX0007426,AG07,7318649434,5234,out,Reussie,2026-05-14,52.0,Agent,7426
TX0007427,AG02,786 90 17 769,2676,in,ok,2026-05-14,67.0,Agent,7427
TX0007428,AG12,767 45 17 985,792,out,Echouee,2026-05-14,8.0,USSD,7428
TX0007429,AG06,786 78 03 946,1825,in,REUSSI,2026-05-14,46.0,Agent,7429
TX0007430,AG01,+226 729 30 63 336,3394,out,REUSSI,2026-05-15,34.0,Agent,7430
TX0007431,AG12,7301316990,4878,in,Echouee,2026-05-15,122.0,USSD,7431
TX0007432,AG08,+226 758 56 88 560,4988,in,OK,2026-05-15,125.0,USSD,7432
TX0007433,AG13,788 39 80 477,1666,in,ok,2026-05-15,42.0,USSD,7433
TX0007434,AG12,797 13 23 648,5112,out,ok,2026-05-15,51.0,app,7434
TX0007435,AG08,7461649838,369,out,ok,2026-05-15,4.0,USSD,7435
TX0007436,AG14,780 35 63 051,4058,in,echec,2026-05-15,101.0,USSD,7436
TX0007437,AG08,771 75 78 136,866,in,Echouee,2026-05-15,22.0,Agent,7437
TX0007438,AG10,+226 701 20 62 433,3036,in,ok,2026-05-15,76.0,app,7438
TX0007439,AG08,771 94 27 726,1149,out,Reussie,2026-05-15,11.0,USSD,7439
TX0007440,AG11,+226 754 94 13 756,220,in,Reussie,2026-05-15,6.0,Agent,7440
TX0007441,AG11,+226 718 96 80 430,3369,in,Reussie,2026-05-15,84.0,USSD,7441
TX0007442,AG17,+226 781 43 53 046,5153,out,OK,2026-05-15,52.0,USSD,7442
TX0007443,AG18,715 79 95 115,3479,out,ok,2026-05-15,35.0,Agent,7443
TX0007444,AG11,+226 704 99 67 723,2419,in,ok,2026-05-15,60.0,Agent,7444
TX0007445,AG18,7555389761,3653,in,Reussie,2026-05-15,91.0,USSD,7445
TX0007446,AG19,+226 771 26 32 636,14449,in,OK,2026-05-15,361.0,USSD,7446
TX0007447,AG04,7877872938,2250,in,Reussie,2026-05-15,56.0,USSD,7447
TX0007448,AG01,+226 702 57 74 373,23729,in,ok,2026-05-15,593.0,USSD,7448
TX0007449,AG07,758 76 37 406,1385,in,ok,2026-05-15,35.0,Agent,7449
TX0007450,AG10,774 89 96 292,5326,out,echec,2026-05-15,53.0,Agent,7450
TX0007451,AG05,+226 727 12 95 907,2506,in,ok,2026-05-15,63.0,USSD,7451
TX0007452,AG13,+226 732 08 24 265,476,in,REUSSI,2026-05-15,12.0,Agent,7452
TX0007453,AG04,+226 785 48 78 818,1982,in,REUSSI,2026-05-15,50.0,Agent,7453
TX0007454,AG08,707 60 52 753,1743,in,OK,2026-05-15,44.0,USSD,7454
TX0007455,AG08,775 72 51 964,1918,out,REUSSI,2026-05-15,19.0,USSD,7455
TX0007456,AG17,757 78 68 126,4388,in,REUSSI,2026-05-15,110.0,Agent,7456
TX0007457,AG04,+226 721 59 71 980,5570,in,REUSSI,2026-05-15,139.0,USSD,7457
TX0007458,AG15,+226 748 83 91 424,14652,in,Echouee,2026-05-15,366.0,USSD,7458
TX0007459,AG02,+226 796 11 91 671,2010,in,Reussie,2026-05-15,50.0,USSD,7459
TX0007460,AG18,716 81 30 072,1912,in,Reussie,2026-05-15,48.0,Agent,7460
TX0007461,AG13,7757175355,1123,in,OK,2026-05-15,28.0,USSD,7461
TX0007462,AG03,740 75 87 492,6528,in,REUSSI,2026-05-15,163.0,USSD,7462
TX0007463,AG17,764 28 97 412,4562,out,OK,2026-05-15,46.0,app,7463
TX0007464,AG10,746 16 09 117,3216,in,Reussie,2026-05-15,80.0,USSD,7464
TX0007465,AG04,740 48 20 267,2925,in,echec,2026-05-15,73.0,Agent,7465
TX0007466,AG06,702 02 30 982,8454,in,Reussie,2026-05-15,211.0,USSD,7466
TX0007467,AG06,709 38 53 043,1650,out,REUSSI,2026-05-15,16.0,Agent,7467
TX0007468,AG04,712 18 98 449,8953,in,ok,2026-05-15,224.0,Agent,7468
TX0007469,AG19,+226 799 03 25 804,1189,out,REUSSI,2026-05-15,12.0,USSD,7469
TX0007470,AG20,760 12 08 203,6036,out,Reussie,2026-05-15,60.0,Agent,7470
TX0007471,AG20,7062638579,1520,in,OK,2026-05-15,38.0,Agent,7471
TX0007472,AG20,+226 780 36 54 018,3794,in,REUSSI,2026-05-15,95.0,Agent,7472
TX0007473,AG20,+226 744 09 10 481,3734,in,Reussie,2026-05-15,93.0,USSD,7473
TX0007474,AG03,7811542338,739,out,ok,2026-05-15,7.0,Agent,7474
TX0007475,AG18,+226 714 00 99 392,16511,out,Echouee,2026-05-15,165.0,Agent,7475
TX0007476,AG16,+226 772 47 89 339,2163,in,ok,2026-05-15,54.0,Agent,7476
TX0007477,AG09,+226 748 47 90 438,1583,in,REUSSI,2026-05-15,40.0,Agent,7477
TX0007478,AG09,7620475910,479,in,Reussie,2026-05-15,12.0,Agent,7478
TX0007479,AG05,+226 752 63 50 957,5342,out,REUSSI,2026-05-15,53.0,Agent,7479
TX0007480,AG10,743 46 65 159,3532,in,Echouee,2026-05-15,88.0,USSD,7480
TX0007481,AG03,7867585611,3152,in,echec,2026-05-15,79.0,USSD,7481
TX0007482,AG05,774 41 29 160,2048,out,OK,2026-05-15,20.0,USSD,7482
TX0007483,AG11,+226 767 94 01 237,1217,out,OK,2026-05-15,12.0,Agent,7483
TX0007484,AG19,703 58 09 205,12839,in,Echouee,2026-05-15,321.0,USSD,7484
TX0007485,AG20,+226 700 99 94 986,16610,in,Reussie,2026-05-15,415.0,USSD,7485
TX0007486,AG11,708 98 11 863,1047,out,ok,2026-05-15,10.0,Agent,7486
TX0007487,AG02,+226 750 70 66 415,1302,in,OK,2026-05-15,33.0,USSD,7487
TX0007488,AG03,781 62 12 822,2671,out,OK,2026-05-15,27.0,USSD,7488
TX0007489,AG18,+226 794 71 84 728,5736,in,OK,2026-05-15,143.0,Agent,7489
TX0007490,AG13,+226 779 71 07 410,10097,in,echec,2026-05-15,252.0,USSD,7490
TX0007491,AG16,+226 763 61 38 614,3160,in,Reussie,2026-05-15,79.0,Agent,7491
TX0007492,AG04,719 17 26 996,1125,out,Reussie,2026-05-15,11.0,Agent,7492
TX0007493,AG20,7137523826,3341,in,Reussie,2026-05-15,84.0,Agent,7493
TX0007494,AG05,+226 764 47 87 078,1546,out,Echouee,2026-05-15,15.0,Agent,7494
TX0007495,AG15,+226 707 11 85 353,1067,in,OK,2026-05-15,27.0,Agent,7495
TX0007496,AG06,+226 799 46 82 525,1925,out,ok,2026-05-15,19.0,Agent,7496
TX0007497,AG10,+226 741 51 88 107,5542,in,Echouee,2026-05-15,139.0,USSD,7497
TX0007498,AG18,7090391725,4203,out,echec,2026-05-15,42.0,USSD,7498
TX0007499,AG20,+226 753 18 12 557,8543,in,echec,2026-05-15,214.0,USSD,7499
TX0007500,AG06,799 07 61 208,9814,in,Echouee,2026-05-15,245.0,USSD,7500
TX0007501,AG02,+226 798 25 76 397,1871,in,Reussie,2026-05-15,47.0,USSD,7501
TX0007502,AG17,+226 720 29 16 139,3769,in,REUSSI,2026-05-15,94.0,Agent,7502
TX0007503,AG19,+226 791 99 99 725,10198,out,OK,2026-05-15,102.0,Agent,7503
TX0007504,AG20,+226 775 40 47 232,15542,in,echec,2026-05-15,389.0,USSD,7504
TX0007505,AG13,797 82 41 909,3741,in,echec,2026-05-15,94.0,Agent,7505
TX0007506,AG12,+226 794 27 04 922,6319,out,ok,2026-05-15,63.0,app,7506
TX0007507,AG20,7536438321,955,in,Echouee,2026-05-16,24.0,app,7507
TX0007508,AG18,7243899296,4447,in,ok,2026-05-16,111.0,Agent,7508
TX0007509,AG17,+226 712 94 98 430,5593,in,Reussie,2026-05-16,140.0,USSD,7509
TX0007510,AG13,7727665005,1063,out,Echouee,2026-05-16,11.0,app,7510
TX0007511,AG05,716 26 75 499,2583,out,Reussie,2026-05-16,26.0,Agent,7511
TX0007512,AG12,7797122448,1578,out,Echouee,2026-05-16,16.0,app,7512
TX0007513,AG03,709 31 16 132,1839,out,Reussie,2026-05-16,18.0,USSD,7513
TX0007514,AG13,+226 799 18 03 853,3433,out,OK,2026-05-16,34.0,USSD,7514
TX0007515,AG11,+226 715 68 17 289,10436,in,Reussie,2026-05-16,261.0,Agent,7515
TX0007516,AG08,782 30 16 033,2286,out,Echouee,2026-05-16,23.0,Agent,7516
TX0007517,AG03,+226 714 85 74 856,1718,out,Reussie,2026-05-16,17.0,Agent,7517
TX0007518,AG15,781 44 67 091,8146,in,REUSSI,2026-05-16,204.0,Agent,7518
TX0007519,AG04,715 23 36 853,7870,out,echec,2026-05-16,79.0,USSD,7519
TX0007520,AG19,797 50 63 396,1385,out,REUSSI,2026-05-16,14.0,USSD,7520
TX0007521,AG09,+226 754 46 81 834,8239,in,Echouee,2026-05-16,206.0,Agent,7521
TX0007522,AG16,7957805180,4244,in,Reussie,2026-05-16,106.0,Agent,7522
TX0007523,AG03,713 74 56 123,1991,out,OK,2026-05-16,20.0,Agent,7523
TX0007524,AG06,768 76 37 939,756,out,ok,2026-05-16,8.0,app,7524
TX0007525,AG07,7662725008,31434,out,OK,2026-05-16,314.0,USSD,7525
TX0007526,AG06,710 72 65 875,5181,in,echec,2026-05-16,130.0,USSD,7526
TX0007527,AG04,751 57 86 165,3490,in,Reussie,2026-05-16,87.0,Agent,7527
TX0007528,AG11,+226 726 18 75 596,5205,out,echec,2026-05-16,52.0,app,7528
TX0007529,AG19,+226 767 54 86 548,1568,in,echec,2026-05-16,39.0,Agent,7529
TX0007530,AG13,704 87 35 373,519,out,Reussie,2026-05-16,5.0,USSD,7530
TX0007531,AG02,+226 797 70 59 498,1576,in,Reussie,2026-05-16,39.0,USSD,7531
TX0007532,AG05,7221536876,24204,out,Reussie,2026-05-16,242.0,USSD,7532
TX0007533,AG18,+226 769 95 45 837,3203,in,OK,2026-05-16,80.0,Agent,7533
TX0007534,AG10,797 88 31 209,2220,in,OK,2026-05-16,56.0,Agent,7534
TX0007535,AG08,722 40 56 112,9556,out,ok,2026-05-16,96.0,USSD,7535
TX0007536,AG07,754 60 84 842,10598,out,ok,2026-05-16,106.0,USSD,7536
TX0007537,AG03,779 07 34 324,498,in,OK,2026-05-16,12.0,Agent,7537
TX0007538,AG05,761 51 80 322,1031,in,OK,2026-05-16,26.0,Agent,7538
TX0007539,AG11,718 46 78 571,2122,out,ok,2026-05-16,21.0,Agent,7539
TX0007540,AG14,755 31 86 913,1531,in,Echouee,2026-05-16,38.0,USSD,7540
TX0007541,AG13,+226 759 67 60 792,4803,in,OK,2026-05-16,120.0,app,7541
TX0007542,AG19,+226 726 79 17 272,2535,in,OK,2026-05-16,63.0,Agent,7542
TX0007543,AG12,+226 788 88 03 548,3097,in,OK,2026-05-16,77.0,app,7543
TX0007544,AG12,762 12 18 758,1413,in,OK,2026-05-16,35.0,Agent,7544
TX0007545,AG04,+226 719 19 89 388,3321,in,REUSSI,2026-05-16,83.0,app,7545
TX0007546,AG17,7084920500,2388,in,REUSSI,2026-05-16,60.0,Agent,7546
TX0007547,AG17,786 17 33 995,10340,in,Echouee,2026-05-16,258.0,USSD,7547
TX0007548,AG11,796 11 78 891,14806,in,OK,2026-05-16,370.0,USSD,7548
TX0007549,AG09,770 32 04 288,2365,out,ok,2026-05-17,24.0,USSD,7549
TX0007550,AG02,724 28 67 860,1745,in,OK,2026-05-17,44.0,Agent,7550
TX0007551,AG20,7160902023,2166,out,OK,2026-05-17,22.0,Agent,7551
TX0007552,AG19,+226 798 76 65 086,6628,out,REUSSI,2026-05-17,66.0,USSD,7552
TX0007553,AG11,759 95 81 492,898,out,echec,2026-05-17,9.0,app,7553
TX0007554,AG03,721 33 14 530,4663,out,Echouee,2026-05-17,47.0,USSD,7554
TX0007555,AG10,7459170232,1674,in,REUSSI,2026-05-17,42.0,Agent,7555
TX0007556,AG12,+226 754 48 73 627,3391,out,REUSSI,2026-05-17,34.0,Agent,7556
TX0007557,AG13,+226 781 03 26 722,384,in,REUSSI,2026-05-17,10.0,USSD,7557
TX0007558,AG01,7728925491,2139,in,REUSSI,2026-05-17,53.0,app,7558
TX0007559,AG12,+226 797 26 31 168,2850,in,Reussie,2026-05-18,71.0,Agent,7559
TX0007560,AG11,+226 721 35 09 939,5646,in,Reussie,2026-05-18,141.0,app,7560
TX0007561,AG17,+226 767 97 95 891,2955,out,OK,2026-05-18,30.0,USSD,7561
TX0007562,AG15,+226 772 03 35 752,2673,out,Reussie,2026-05-18,27.0,Agent,7562
TX0007563,AG20,795 90 52 459,1414,in,REUSSI,2026-05-18,35.0,USSD,7563
TX0007564,AG01,722 32 83 960,1532,in,OK,2026-05-18,38.0,Agent,7564
TX0007565,AG09,7043051017,7232,out,OK,2026-05-18,72.0,USSD,7565
TX0007566,AG10,737 02 95 428,7415,in,Reussie,2026-05-18,185.0,Agent,7566
TX0007567,AG15,783 59 21 538,2035,out,Reussie,2026-05-18,20.0,Agent,7567
TX0007568,AG09,7960173284,1785,in,Reussie,2026-05-18,45.0,Agent,7568
TX0007569,AG10,788 11 83 362,18576,out,Echouee,2026-05-18,186.0,Agent,7569
TX0007570,AG08,707 24 81 792,1157,in,OK,2026-05-18,29.0,USSD,7570
TX0007571,AG15,743 54 54 475,817,out,Reussie,2026-05-18,8.0,USSD,7571
TX0007572,AG13,+226 779 86 95 057,2718,in,echec,2026-05-18,68.0,Agent,7572
TX0007573,AG15,752 33 22 955,480,in,Reussie,2026-05-18,12.0,USSD,7573
TX0007574,AG15,+226 729 28 54 490,3755,in,REUSSI,2026-05-18,94.0,USSD,7574
TX0007575,AG03,7617022066,12269,in,OK,2026-05-18,307.0,USSD,7575
TX0007576,AG03,771 04 93 090,1517,in,OK,2026-05-18,38.0,Agent,7576
TX0007577,AG19,+226 791 23 31 427,2171,out,REUSSI,2026-05-18,22.0,app,7577
TX0007578,AG10,+226 701 12 10 636,2678,in,echec,2026-05-18,67.0,Agent,7578
TX0007579,AG07,7619430684,2452,in,echec,2026-05-18,61.0,USSD,7579
TX0007580,AG04,775 58 36 983,2889,in,REUSSI,2026-05-18,72.0,USSD,7580
TX0007581,AG08,+226 704 86 08 531,5769,in,Reussie,2026-05-18,144.0,USSD,7581
TX0007582,AG04,708 61 75 929,3573,in,echec,2026-05-18,89.0,USSD,7582
TX0007583,AG02,+226 713 73 18 299,4519,in,Reussie,2026-05-18,113.0,app,7583
TX0007584,AG15,+226 757 24 00 035,3464,in,Reussie,2026-05-18,87.0,USSD,7584
TX0007585,AG07,788 43 82 895,1788,in,ok,2026-05-18,45.0,app,7585
TX0007586,AG13,761 11 54 902,1605,in,OK,2026-05-18,40.0,Agent,7586
TX0007587,AG13,+226 799 43 56 330,1775,out,Reussie,2026-05-18,18.0,Agent,7587
TX0007588,AG14,778 47 31 486,6446,out,OK,2026-05-18,64.0,Agent,7588
TX0007589,AG16,+226 737 15 67 599,10768,in,echec,2026-05-18,269.0,app,7589
TX0007590,AG16,779 97 13 531,1138,in,ok,2026-05-18,28.0,USSD,7590
TX0007591,AG03,7620542064,2002,in,Echouee,2026-05-18,50.0,Agent,7591
TX0007592,AG08,7913018612,2164,out,OK,2026-05-18,22.0,USSD,7592
TX0007593,AG06,+226 775 42 95 594,1476,out,Echouee,2026-05-18,15.0,Agent,7593
TX0007594,AG14,733 78 13 125,9600,in,Reussie,2026-05-18,240.0,app,7594
TX0007595,AG03,+226 773 35 57 224,2907,in,echec,2026-05-18,73.0,USSD,7595
TX0007596,AG05,+226 791 67 90 446,5773,out,REUSSI,2026-05-18,58.0,USSD,7596
TX0007597,AG13,+226 722 65 60 154,17516,out,REUSSI,2026-05-18,175.0,USSD,7597
TX0007598,AG02,+226 759 37 02 978,3966,in,ok,2026-05-18,99.0,app,7598
TX0007599,AG11,7025185936,1079,in,REUSSI,2026-05-18,27.0,app,7599
TX0007600,AG01,737 54 23 666,3252,in,Reussie,2026-05-18,81.0,USSD,7600
TX0007601,AG06,731 53 55 936,4270,in,Reussie,2026-05-18,107.0,Agent,7601
TX0007602,AG02,+226 745 27 96 741,2533,out,REUSSI,2026-05-18,25.0,USSD,7602
TX0007603,AG05,715 24 90 024,2756,in,REUSSI,2026-05-18,69.0,Agent,7603
TX0007604,AG17,+226 736 92 16 646,1926,in,OK,2026-05-18,48.0,app,7604
TX0007605,AG13,7430556700,2562,in,ok,2026-05-18,64.0,app,7605
TX0007606,AG18,+226 768 02 63 765,992,out,Echouee,2026-05-18,10.0,Agent,7606
TX0007607,AG16,719 60 67 814,12900,in,Echouee,2026-05-18,322.0,USSD,7607
TX0007608,AG16,708 99 09 301,1256,out,Reussie,2026-05-18,13.0,Agent,7608
TX0007609,AG09,795 93 09 474,613,in,ok,2026-05-18,15.0,Agent,7609
TX0007610,AG14,7537688132,834,in,OK,2026-05-18,21.0,USSD,7610
TX0007611,AG13,+226 721 51 91 233,2546,out,OK,2026-05-18,25.0,USSD,7611
TX0007612,AG11,+226 775 50 80 004,943,in,ok,2026-05-18,24.0,USSD,7612
TX0007613,AG10,718 30 78 053,9212,in,REUSSI,2026-05-18,230.0,Agent,7613
TX0007614,AG04,7931579348,406,in,OK,2026-05-18,10.0,USSD,7614
TX0007615,AG09,+226 707 18 33 721,40386,in,Reussie,2026-05-18,1010.0,USSD,7615
TX0007616,AG02,+226 757 44 46 114,1652,out,OK,2026-05-18,17.0,app,7616
TX0007617,AG08,+226 701 89 15 773,6608,out,ok,2026-05-18,66.0,Agent,7617
TX0007618,AG07,739 92 68 239,1696,in,ok,2026-05-18,42.0,Agent,7618
TX0007619,AG07,745 38 59 719,438,out,echec,2026-05-18,4.0,USSD,7619
TX0007620,AG19,7847979080,1302,in,REUSSI,2026-05-18,33.0,USSD,7620
TX0007621,AG08,752 40 50 279,1526,in,OK,2026-05-18,38.0,Agent,7621
TX0007622,AG14,+226 714 21 85 095,3266,in,ok,2026-05-18,82.0,Agent,7622
TX0007623,AG02,+226 757 07 98 578,3681,in,Reussie,2026-05-18,92.0,Agent,7623
TX0007624,AG05,+226 796 37 54 941,2170,in,REUSSI,2026-05-18,54.0,Agent,7624
TX0007625,AG19,7161231085,5173,in,REUSSI,2026-05-18,129.0,Agent,7625
TX0007626,AG07,732 26 76 855,10167,out,Reussie,2026-05-18,102.0,USSD,7626
TX0007627,AG04,777 17 35 351,6233,in,ok,2026-05-18,156.0,USSD,7627
TX0007628,AG18,+226 719 01 23 796,8012,in,ok,2026-05-18,200.0,Agent,7628
TX0007629,AG18,+226 730 05 92 033,1747,in,ok,2026-05-18,44.0,Agent,7629
TX0007630,AG02,+226 750 92 56 737,5777,out,Reussie,2026-05-18,58.0,USSD,7630
TX0007631,AG20,+226 787 38 97 792,2143,out,ok,2026-05-18,21.0,Agent,7631
TX0007632,AG20,+226 789 19 32 096,9283,out,Reussie,2026-05-18,93.0,app,7632
TX0007633,AG05,7269701196,2141,in,ok,2026-05-18,54.0,Agent,7633
TX0007634,AG19,796 68 79 207,1130,out,REUSSI,2026-05-18,11.0,USSD,7634
TX0007635,AG09,+226 741 30 69 773,2658,out,echec,2026-05-18,27.0,app,7635
TX0007636,AG14,+226 744 86 77 131,1017,in,REUSSI,2026-05-18,25.0,USSD,7636
TX0007637,AG17,772 95 21 014,1905,in,Reussie,2026-05-18,48.0,USSD,7637
TX0007638,AG20,7928392559,1382,out,OK,2026-05-18,14.0,Agent,7638
TX0007639,AG12,756 07 75 033,2114,in,OK,2026-05-18,53.0,app,7639
TX0007640,AG02,+226 776 91 29 677,631,in,OK,2026-05-18,16.0,Agent,7640
TX0007641,AG18,+226 732 28 74 999,5842,out,Echouee,2026-05-18,58.0,Agent,7641
TX0007642,AG12,+226 717 07 12 734,4916,in,echec,2026-05-18,123.0,Agent,7642
TX0007643,AG13,775 23 15 128,5405,in,echec,2026-05-18,135.0,Agent,7643
TX0007644,AG16,774 50 43 390,2700,in,REUSSI,2026-05-18,68.0,Agent,7644
TX0007645,AG06,750 29 49 999,14229,in,OK,2026-05-18,356.0,Agent,7645
TX0007646,AG15,+226 795 87 86 599,2967,in,Echouee,2026-05-18,74.0,USSD,7646
TX0007647,AG17,+226 740 12 49 726,2893,in,REUSSI,2026-05-18,72.0,Agent,7647
TX0007648,AG18,766 36 22 381,302,out,Echouee,2026-05-18,3.0,Agent,7648
TX0007649,AG15,+226 750 50 28 235,3951,out,Reussie,2026-05-18,40.0,USSD,7649
TX0007650,AG14,772 19 81 746,1709,in,echec,2026-05-18,43.0,Agent,7650
TX0007651,AG13,+226 725 43 03 971,2057,out,OK,2026-05-18,21.0,Agent,7651
TX0007652,AG05,7099015828,10021,in,ok,2026-05-19,251.0,USSD,7652
TX0007653,AG14,+226 764 91 98 354,1635,out,ok,2026-05-19,16.0,USSD,7653
TX0007654,AG05,744 89 63 999,3265,out,OK,2026-05-19,33.0,Agent,7654
TX0007655,AG15,747 32 24 080,1846,in,REUSSI,2026-05-19,46.0,USSD,7655
TX0007656,AG17,766 74 76 711,1292,in,ok,2026-05-19,32.0,USSD,7656
TX0007657,AG08,750 42 62 571,10433,out,OK,2026-05-19,104.0,Agent,7657
TX0007658,AG19,+226 739 70 43 190,12163,in,REUSSI,2026-05-19,304.0,USSD,7658
TX0007659,AG03,718 16 16 798,4301,out,OK,2026-05-19,43.0,Agent,7659
TX0007660,AG05,7651075937,12904,in,OK,2026-05-19,323.0,USSD,7660
TX0007661,AG12,716 08 03 386,4469,in,ok,2026-05-19,112.0,USSD,7661
TX0007662,AG12,+226 782 08 00 571,855,in,REUSSI,2026-05-19,21.0,Agent,7662
TX0007663,AG08,756 32 46 508,337,in,REUSSI,2026-05-19,8.0,USSD,7663
TX0007664,AG14,767 91 09 898,4866,in,REUSSI,2026-05-19,122.0,USSD,7664
TX0007665,AG17,747 64 95 236,4950,in,Reussie,2026-05-19,124.0,USSD,7665
TX0007666,AG12,+226 746 89 02 624,1278,in,ok,2026-05-19,32.0,Agent,7666
TX0007667,AG14,+226 767 77 71 276,2506,in,ok,2026-05-19,63.0,Agent,7667
TX0007668,AG19,+226 781 85 10 739,5019,out,Echouee,2026-05-19,50.0,USSD,7668
TX0007669,AG08,+226 752 98 93 989,7105,out,echec,2026-05-19,71.0,Agent,7669
TX0007670,AG09,+226 734 96 98 576,6633,in,Reussie,2026-05-19,166.0,Agent,7670
TX0007671,AG09,+226 709 93 07 190,8575,in,echec,2026-05-19,214.0,Agent,7671
TX0007672,AG03,7051126658,3015,in,OK,2026-05-19,75.0,Agent,7672
TX0007673,AG01,+226 711 72 63 052,1690,in,Reussie,2026-05-19,42.0,USSD,7673
TX0007674,AG14,786 90 84 104,1257,out,OK,2026-05-19,13.0,USSD,7674
TX0007675,AG08,796 43 52 349,602,out,OK,2026-05-19,6.0,app,7675
TX0007676,AG09,+226 760 02 04 136,1983,in,OK,2026-05-19,50.0,USSD,7676
TX0007677,AG04,+226 789 20 17 354,2210,in,OK,2026-05-19,55.0,USSD,7677
TX0007678,AG15,734 66 13 910,1592,out,Reussie,2026-05-19,16.0,Agent,7678
TX0007679,AG09,+226 700 86 78 721,4118,in,REUSSI,2026-05-19,103.0,USSD,7679
TX0007680,AG14,780 80 85 947,2396,in,REUSSI,2026-05-19,60.0,Agent,7680
TX0007681,AG05,740 35 75 919,430,out,Echouee,2026-05-19,4.0,Agent,7681
TX0007682,AG14,+226 781 41 44 656,12812,in,ok,2026-05-19,320.0,Agent,7682
TX0007683,AG10,759 13 31 146,1457,in,OK,2026-05-19,36.0,Agent,7683
TX0007684,AG10,7970540946,2419,out,Echouee,2026-05-19,24.0,Agent,7684
TX0007685,AG03,7389863040,2216,in,echec,2026-05-19,55.0,Agent,7685
TX0007686,AG10,784 90 32 687,3786,in,ok,2026-05-19,95.0,USSD,7686
TX0007687,AG03,+226 716 72 46 445,2590,out,Reussie,2026-05-19,,Agent,7687
TX0007688,AG06,+226 779 62 02 277,2968,in,OK,2026-05-19,74.0,USSD,7688
TX0007689,AG19,+226 713 58 56 647,7956,in,Echouee,2026-05-19,199.0,Agent,7689
TX0007690,AG13,795 91 28 034,2088,in,REUSSI,2026-05-19,52.0,Agent,7690
TX0007691,AG18,+226 718 13 70 094,774,out,ok,2026-05-19,8.0,USSD,7691
TX0007692,AG04,768 75 66 623,1073,in,ok,2026-05-19,27.0,Agent,7692
TX0007693,AG09,725 60 53 785,2330,out,OK,2026-05-19,23.0,app,7693
TX0007694,AG12,+226 721 88 76 440,1188,out,ok,2026-05-19,12.0,Agent,7694
TX0007695,AG18,7755149974,4918,out,REUSSI,2026-05-19,49.0,USSD,7695
TX0007696,AG14,760 18 93 768,867,in,ok,2026-05-19,22.0,app,7696
TX0007697,AG13,+226 727 61 97 073,425,out,REUSSI,2026-05-19,4.0,USSD,7697
TX0007698,AG09,7540637168,1086,in,ok,2026-05-19,27.0,USSD,7698
TX0007699,AG05,708 39 51 697,262,in,REUSSI,2026-05-19,7.0,Agent,7699
TX0007700,AG02,737 65 70 431,2975,in,echec,2026-05-19,74.0,Agent,7700
TX0007701,AG13,799 99 29 385,2995,out,OK,2026-05-19,30.0,Agent,7701
TX0007702,AG17,7580827825,1044,in,OK,2026-05-19,26.0,USSD,7702
TX0007703,AG04,7813260234,7606,in,Reussie,2026-05-19,190.0,app,7703
TX0007704,AG03,7803688272,8950,in,ok,2026-05-19,224.0,Agent,7704
TX0007705,AG17,701 64 79 931,1912,out,OK,2026-05-20,19.0,USSD,7705
TX0007706,AG10,+226 702 89 92 691,2459,out,OK,2026-05-20,25.0,USSD,7706
TX0007707,AG17,+226 735 96 70 456,2165,out,Reussie,2026-05-20,22.0,USSD,7707
TX0007708,AG18,755 07 65 715,3393,in,Reussie,2026-05-20,85.0,Agent,7708
TX0007709,AG07,7922123419,2696,in,REUSSI,2026-05-20,67.0,Agent,7709
TX0007710,AG10,+226 727 24 50 249,3759,out,OK,2026-05-20,38.0,Agent,7710
TX0007711,AG12,776 70 62 720,3589,in,REUSSI,2026-05-20,90.0,USSD,7711
TX0007712,AG13,735 78 99 619,6678,out,ok,2026-05-20,67.0,USSD,7712
TX0007713,AG16,766 06 92 166,545,in,ok,2026-05-20,14.0,Agent,7713
TX0007714,AG16,793 50 88 140,1398,out,ok,2026-05-20,14.0,USSD,7714
TX0007715,AG02,7522314769,3091,out,ok,2026-05-20,31.0,USSD,7715
TX0007716,AG01,753 22 58 727,3422,in,ok,2026-05-20,86.0,Agent,7716
TX0007717,AG18,721 85 86 195,4893,out,OK,2026-05-20,49.0,Agent,7717
TX0007718,AG01,+226 704 64 78 135,2907,in,OK,2026-05-20,73.0,app,7718
TX0007719,AG08,+226 757 01 15 671,3463,in,OK,2026-05-20,87.0,Agent,7719
TX0007720,AG10,+226 720 40 25 921,620,out,OK,2026-05-20,6.0,Agent,7720
TX0007721,AG20,+226 760 44 68 741,1953,in,OK,2026-05-20,49.0,USSD,7721
TX0007722,AG13,7031692242,1323,in,REUSSI,2026-05-20,33.0,app,7722
TX0007723,AG17,7180124783,1136,out,Reussie,2026-05-20,11.0,Agent,7723
TX0007724,AG19,749 95 04 612,8940,in,Reussie,2026-05-20,224.0,USSD,7724
TX0007725,AG14,731 71 59 998,11053,out,echec,2026-05-20,111.0,USSD,7725
TX0007726,AG09,780 35 54 863,4579,in,OK,2026-05-20,114.0,Agent,7726
TX0007727,AG09,785 93 74 782,45324,out,ok,2026-05-20,453.0,USSD,7727
TX0007728,AG05,7970859042,6849,in,Reussie,2026-05-20,171.0,app,7728
TX0007729,AG19,+226 799 55 95 294,898,out,ok,2026-05-20,9.0,Agent,7729
TX0007730,AG14,743 58 04 571,26328,in,REUSSI,2026-05-20,658.0,USSD,7730
TX0007731,AG17,774 04 36 805,16724,out,OK,2026-05-20,167.0,Agent,7731
TX0007732,AG13,+226 747 25 30 352,8096,in,ok,2026-05-20,202.0,USSD,7732
TX0007733,AG12,+226 729 98 58 266,1283,out,REUSSI,2026-05-20,13.0,Agent,7733
TX0007734,AG16,7328857763,4086,in,REUSSI,2026-05-20,102.0,Agent,7734
TX0007735,AG13,+226 708 78 01 024,2436,out,OK,2026-05-20,24.0,USSD,7735
TX0007736,AG09,715 53 92 709,2926,in,Echouee,2026-05-20,73.0,Agent,7736
TX0007737,AG16,736 63 12 743,1391,out,Echouee,2026-05-20,14.0,USSD,7737
TX0007738,AG09,7459716175,3774,in,Reussie,2026-05-20,94.0,Agent,7738
TX0007739,AG20,+226 750 36 74 007,2869,in,ok,2026-05-20,72.0,Agent,7739
TX0007740,AG09,+226 747 46 42 203,623,out,ok,2026-05-20,6.0,Agent,7740
TX0007741,AG20,718 98 92 703,10929,out,ok,2026-05-20,109.0,USSD,7741
TX0007742,AG14,7990831790,2775,out,ok,2026-05-20,28.0,USSD,7742
TX0007743,AG08,+226 795 77 65 993,7381,in,Reussie,2026-05-20,185.0,Agent,7743
TX0007744,AG20,+226 731 73 26 882,6627,in,echec,2026-05-20,166.0,Agent,7744
TX0007745,AG10,714 04 23 211,6513,out,OK,2026-05-20,65.0,USSD,7745
TX0007746,AG06,+226 760 90 22 211,840,in,Reussie,2026-05-20,21.0,USSD,7746
TX0007747,AG05,700 14 71 062,1274,in,ok,2026-05-20,32.0,app,7747
TX0007748,AG08,777 58 00 758,739,out,Echouee,2026-05-20,7.0,Agent,7748
TX0007749,AG08,+226 762 39 73 039,1397,out,Reussie,2026-05-20,14.0,USSD,7749
TX0007750,AG15,+226 701 35 36 020,1588,out,OK,2026-05-20,16.0,Agent,7750
TX0007751,AG02,+226 798 10 53 773,1047,in,Reussie,2026-05-20,26.0,Agent,7751
TX0007752,AG01,+226 798 81 24 750,8058,in,REUSSI,2026-05-20,201.0,Agent,7752
TX0007753,AG15,+226 781 70 83 634,5358,in,REUSSI,2026-05-20,134.0,app,7753
TX0007754,AG04,+226 798 61 56 296,790,out,REUSSI,2026-05-20,8.0,app,7754
TX0007755,AG07,750 41 13 627,2889,in,Reussie,2026-05-20,72.0,Agent,7755
TX0007756,AG17,7357566582,9661,out,ok,2026-05-20,97.0,USSD,7756
TX0007757,AG15,727 51 20 859,3188,in,Reussie,2026-05-20,80.0,Agent,7757
TX0007758,AG18,728 05 86 732,6703,in,Reussie,2026-05-20,168.0,Agent,7758
TX0007759,AG14,759 27 69 971,2600,in,echec,2026-05-20,65.0,Agent,7759
TX0007760,AG05,735 04 11 935,4024,out,REUSSI,2026-05-20,40.0,Agent,7760
TX0007761,AG15,+226 716 58 04 413,3385,out,REUSSI,2026-05-20,34.0,app,7761
TX0007762,AG13,7331341205,3840,out,ok,2026-05-20,38.0,app,7762
TX0007763,AG11,+226 741 35 11 802,4762,out,REUSSI,2026-05-20,48.0,Agent,7763
TX0007764,AG09,7189800339,13354,in,Echouee,2026-05-21,334.0,Agent,7764
TX0007765,AG10,+226 754 63 11 444,6056,out,Echouee,2026-05-21,61.0,Agent,7765
TX0007766,AG13,+226 793 42 14 447,1392,in,ok,2026-05-21,35.0,Agent,7766
TX0007767,AG14,+226 771 81 98 074,10468,in,OK,2026-05-21,262.0,Agent,7767
TX0007768,AG19,739 39 43 596,2489,in,OK,2026-05-21,62.0,USSD,7768
TX0007769,AG02,743 32 93 864,1314,out,REUSSI,2026-05-21,13.0,USSD,7769
TX0007770,AG15,718 24 85 175,3453,in,ok,2026-05-21,86.0,Agent,7770
TX0007771,AG20,7454139761,5651,in,REUSSI,2026-05-21,141.0,Agent,7771
TX0007772,AG02,7762786958,2527,in,REUSSI,2026-05-21,63.0,USSD,7772
TX0007773,AG20,+226 704 88 97 142,1173,out,ok,2026-05-21,12.0,Agent,7773
TX0007774,AG12,751 39 83 683,1845,out,ok,2026-05-21,18.0,Agent,7774
TX0007775,AG08,+226 788 08 59 504,11823,out,echec,2026-05-21,118.0,USSD,7775
TX0007776,AG02,+226 799 93 64 073,1842,out,OK,2026-05-21,18.0,Agent,7776
TX0007777,AG10,753 06 65 504,1393,in,Echouee,2026-05-21,35.0,USSD,7777
TX0007778,AG13,758 09 76 900,742,out,REUSSI,2026-05-21,7.0,app,7778
TX0007779,AG12,717 57 53 062,1441,in,ok,2026-05-21,36.0,Agent,7779
TX0007780,AG05,7833699091,1308,out,ok,2026-05-21,13.0,Agent,7780
TX0007781,AG19,+226 757 17 24 321,1763,in,OK,2026-05-21,44.0,app,7781
TX0007782,AG13,+226 771 46 49 045,3700,out,Reussie,2026-05-21,37.0,Agent,7782
TX0007783,AG19,7673149217,659,out,ok,2026-05-21,7.0,USSD,7783
TX0007784,AG19,+226 797 27 10 751,420,out,REUSSI,2026-05-21,4.0,app,7784
TX0007785,AG16,+226 741 14 32 007,1248,in,OK,2026-05-21,31.0,Agent,7785
TX0007786,AG15,735 46 46 709,2873,in,ok,2026-05-21,72.0,app,7786
TX0007787,AG20,785 73 71 011,680,out,ok,2026-05-21,7.0,Agent,7787
TX0007788,AG13,7097240736,4208,in,Reussie,2026-05-21,105.0,USSD,7788
TX0007789,AG10,7488281664,662,out,OK,2026-05-21,7.0,Agent,7789
TX0007790,AG08,7175799903,8465,out,Reussie,2026-05-21,85.0,Agent,7790
TX0007791,AG10,+226 766 03 58 934,1408,out,ok,2026-05-21,14.0,Agent,7791
TX0007792,AG02,+226 778 97 01 974,9322,out,ok,2026-05-21,93.0,Agent,7792
TX0007793,AG01,7056181861,4533,in,OK,2026-05-21,113.0,Agent,7793
TX0007794,AG07,7244337712,5715,in,Echouee,2026-05-21,143.0,Agent,7794
TX0007795,AG07,+226 795 43 05 678,787,out,Reussie,2026-05-21,8.0,Agent,7795
TX0007796,AG09,+226 771 91 83 592,1483,out,Reussie,2026-05-21,15.0,Agent,7796
TX0007797,AG12,+226 792 63 72 188,3843,out,OK,2026-05-21,38.0,Agent,7797
TX0007798,AG05,7304648049,8090,out,Echouee,2026-05-21,81.0,Agent,7798
TX0007799,AG13,+226 735 94 12 886,2881,out,REUSSI,2026-05-21,29.0,Agent,7799
TX0007800,AG03,+226 751 44 45 385,1525,out,OK,2026-05-21,15.0,USSD,7800
TX0007801,AG05,+226 765 19 90 380,769,in,Reussie,2026-05-21,19.0,USSD,7801
TX0007802,AG02,748 09 52 860,923,out,OK,2026-05-21,9.0,USSD,7802
TX0007803,AG02,753 26 46 976,2277,in,ok,2026-05-21,57.0,USSD,7803
TX0007804,AG12,+226 762 89 23 783,3224,in,OK,2026-05-21,81.0,USSD,7804
TX0007805,AG10,762 35 04 061,1882,out,Reussie,2026-05-21,19.0,Agent,7805
TX0007806,AG09,748 23 48 669,1451,out,REUSSI,2026-05-21,15.0,Agent,7806
TX0007807,AG08,7394765362,1805,out,ok,2026-05-21,18.0,USSD,7807
TX0007808,AG13,759 25 49 405,1595,out,REUSSI,2026-05-21,16.0,USSD,7808
TX0007809,AG05,7829531846,417,in,OK,2026-05-21,10.0,USSD,7809
TX0007810,AG03,+226 764 41 50 234,1476,in,Reussie,2026-05-21,37.0,USSD,7810
TX0007811,AG10,7133486908,1619,in,OK,2026-05-21,40.0,Agent,7811
TX0007812,AG01,765 63 81 570,1580,out,OK,2026-05-21,16.0,Agent,7812
TX0007813,AG11,784 60 78 722,3896,out,ok,2026-05-21,39.0,Agent,7813
TX0007814,AG17,+226 794 78 87 584,9604,in,ok,2026-05-21,240.0,Agent,7814
TX0007815,AG02,+226 789 99 56 449,2151,out,OK,2026-05-21,22.0,app,7815
TX0007816,AG04,+226 730 26 60 688,2383,in,Echouee,2026-05-21,60.0,Agent,7816
TX0007817,AG19,719 98 71 293,902,in,OK,2026-05-21,23.0,app,7817
TX0007818,AG09,+226 714 69 97 341,2067,in,Reussie,2026-05-21,52.0,USSD,7818
TX0007819,AG06,+226 742 23 82 666,368,out,ok,2026-05-21,4.0,Agent,7819
TX0007820,AG19,7333652973,2630,in,OK,2026-05-22,66.0,Agent,7820
TX0007821,AG19,722 16 06 120,3229,out,OK,2026-05-22,32.0,USSD,7821
TX0007822,AG17,+226 779 92 92 026,5877,out,OK,2026-05-22,59.0,Agent,7822
TX0007823,AG16,+226 722 00 47 713,1686,in,Reussie,2026-05-22,42.0,Agent,7823
TX0007824,AG09,758 01 42 225,2139,in,ok,2026-05-22,53.0,app,7824
TX0007825,AG08,768 37 20 364,8057,in,ok,2026-05-22,201.0,USSD,7825
TX0007826,AG20,736 07 02 844,7522,in,echec,2026-05-22,188.0,USSD,7826
TX0007827,AG02,+226 711 51 86 667,1204,in,ok,2026-05-22,30.0,Agent,7827
TX0007828,AG11,757 45 55 875,5218,out,REUSSI,2026-05-22,52.0,app,7828
TX0007829,AG09,+226 762 00 46 627,1933,out,ok,2026-05-22,19.0,app,7829
TX0007830,AG20,7210955146,432,in,echec,2026-05-22,11.0,USSD,7830
TX0007831,AG18,+226 778 72 67 280,1378,in,Echouee,2026-05-22,34.0,Agent,7831
TX0007832,AG06,732 66 53 045,2378,in,ok,2026-05-22,59.0,Agent,7832
TX0007833,AG16,7062181461,2480,out,ok,2026-05-22,25.0,Agent,7833
TX0007834,AG13,743 71 18 808,2922,in,OK,2026-05-22,73.0,USSD,7834
TX0007835,AG10,+226 755 07 62 769,1187,in,OK,2026-05-22,30.0,Agent,7835
TX0007836,AG16,+226 782 96 78 018,2338,out,ok,2026-05-22,23.0,USSD,7836
TX0007837,AG08,738 05 23 923,1503,out,Reussie,2026-05-22,15.0,USSD,7837
TX0007838,AG02,+226 782 12 62 035,9010,in,ok,2026-05-22,225.0,Agent,7838
TX0007839,AG05,7655059714,1923,out,echec,2026-05-22,19.0,USSD,7839
TX0007840,AG02,+226 797 55 21 507,2705,in,OK,2026-05-22,68.0,Agent,7840
TX0007841,AG01,+226 720 26 22 846,2806,out,REUSSI,2026-05-22,28.0,Agent,7841
TX0007842,AG01,+226 715 47 95 697,4064,out,REUSSI,2026-05-22,41.0,USSD,7842
TX0007843,AG11,762 01 30 177,2984,out,ok,2026-05-22,30.0,USSD,7843
TX0007844,AG08,795 69 05 340,12069,out,echec,2026-05-22,121.0,USSD,7844
TX0007845,AG11,726 42 80 230,4677,out,Reussie,2026-05-22,47.0,USSD,7845
TX0007846,AG07,+226 758 91 92 372,5509,in,Reussie,2026-05-22,138.0,USSD,7846
TX0007847,AG20,715 69 62 297,2177,in,Reussie,2026-05-22,54.0,USSD,7847
TX0007848,AG01,+226 705 02 99 984,2159,out,REUSSI,2026-05-22,22.0,Agent,7848
TX0007849,AG12,736 38 42 112,1468,in,ok,2026-05-22,37.0,Agent,7849
TX0007850,AG03,+226 733 54 84 790,1080,out,Echouee,2026-05-22,11.0,Agent,7850
TX0007851,AG15,+226 771 48 24 380,1423,out,echec,2026-05-22,14.0,Agent,7851
TX0007852,AG12,+226 748 83 65 967,1533,out,OK,2026-05-22,15.0,Agent,7852
TX0007853,AG06,781 01 61 963,5347,in,OK,2026-05-22,134.0,Agent,7853
TX0007854,AG09,719 04 12 455,5130,in,Echouee,2026-05-22,128.0,Agent,7854
TX0007855,AG08,7335249090,689,out,echec,2026-05-22,7.0,USSD,7855
TX0007856,AG17,+226 792 62 99 050,3110,out,echec,2026-05-22,31.0,USSD,7856
TX0007857,AG06,7732576485,914,out,REUSSI,2026-05-22,9.0,Agent,7857
TX0007858,AG05,+226 799 90 47 452,9208,in,ok,2026-05-22,230.0,Agent,7858
TX0007859,AG12,777 21 86 110,3286,in,ok,2026-05-22,82.0,USSD,7859
TX0007860,AG02,+226 772 84 11 888,1350,out,OK,2026-05-22,14.0,USSD,7860
TX0007861,AG16,+226 722 54 49 623,5331,out,OK,2026-05-22,53.0,USSD,7861
TX0007862,AG17,7459357585,5907,out,Echouee,2026-05-22,59.0,Agent,7862
TX0007863,AG08,713 30 18 837,1077,out,REUSSI,2026-05-22,11.0,USSD,7863
TX0007864,AG20,788 61 00 892,828,in,ok,2026-05-22,21.0,Agent,7864
TX0007865,AG08,7321029785,3482,in,Echouee,2026-05-22,87.0,app,7865
TX0007866,AG07,727 38 99 248,3737,out,REUSSI,2026-05-22,37.0,Agent,7866
TX0007867,AG12,+226 753 51 75 177,2115,out,REUSSI,2026-05-22,21.0,Agent,7867
TX0007868,AG08,+226 717 59 97 129,1439,out,OK,2026-05-22,14.0,USSD,7868
TX0007869,AG13,784 83 27 338,6727,out,Reussie,2026-05-22,67.0,Agent,7869
TX0007870,AG14,736 88 46 136,2566,out,OK,2026-05-22,26.0,Agent,7870
TX0007871,AG06,750 55 74 744,585,out,OK,2026-05-22,6.0,Agent,7871
TX0007872,AG06,+226 773 48 69 479,10857,out,ok,2026-05-22,109.0,USSD,7872
TX0007873,AG12,+226 737 69 84 701,13520,out,REUSSI,2026-05-22,135.0,Agent,7873
TX0007874,AG03,752 14 76 263,2312,out,ok,2026-05-22,23.0,Agent,7874
TX0007875,AG17,793 70 60 655,4216,out,Reussie,2026-05-22,42.0,Agent,7875
TX0007876,AG04,702 67 52 291,869,out,ok,2026-05-22,9.0,USSD,7876
TX0007877,AG16,700 61 36 466,1261,out,Echouee,2026-05-22,13.0,Agent,7877
TX0007878,AG08,764 15 66 674,2801,out,ok,2026-05-22,28.0,USSD,7878
TX0007879,AG03,+226 762 31 81 120,3028,in,OK,2026-05-22,76.0,USSD,7879
TX0007880,AG15,+226 711 05 24 368,6566,out,ok,2026-05-22,66.0,Agent,7880
TX0007881,AG15,750 01 00 075,4059,in,REUSSI,2026-05-23,101.0,USSD,7881
TX0007882,AG07,7237863836,2160,in,REUSSI,2026-05-23,54.0,app,7882
TX0007883,AG04,7103061482,5411,out,Echouee,2026-05-23,54.0,app,7883
TX0007884,AG20,+226 708 85 02 067,4871,in,echec,2026-05-23,122.0,USSD,7884
TX0007885,AG13,756 75 26 694,1803,in,Reussie,2026-05-23,45.0,Agent,7885
TX0007886,AG01,783 75 48 835,1260,in,OK,2026-05-23,32.0,USSD,7886
TX0007887,AG19,+226 782 26 96 665,6021,out,Echouee,2026-05-23,60.0,Agent,7887
TX0007888,AG02,+226 709 66 53 224,3393,out,REUSSI,2026-05-23,34.0,app,7888
TX0007889,AG04,+226 785 08 72 213,2533,in,Reussie,2026-05-23,63.0,app,7889
TX0007890,AG17,741 77 65 599,948,out,REUSSI,2026-05-23,9.0,Agent,7890
TX0007891,AG06,720 07 17 521,3929,in,REUSSI,2026-05-23,98.0,Agent,7891
TX0007892,AG09,749 88 50 668,2527,in,echec,2026-05-23,63.0,Agent,7892
TX0007893,AG15,+226 764 61 67 654,3559,in,REUSSI,2026-05-23,89.0,app,7893
TX0007894,AG14,+226 731 75 53 553,3082,in,echec,2026-05-23,77.0,USSD,7894
TX0007895,AG08,723 01 06 744,3045,out,REUSSI,2026-05-23,30.0,Agent,7895
TX0007896,AG05,+226 752 03 61 021,734,out,REUSSI,2026-05-23,7.0,Agent,7896
TX0007897,AG11,+226 782 47 12 199,14368,out,Reussie,2026-05-23,144.0,Agent,7897
TX0007898,AG12,+226 774 77 81 866,5531,in,Reussie,2026-05-23,138.0,USSD,7898
TX0007899,AG03,738 05 52 555,5039,out,OK,2026-05-23,50.0,USSD,7899
TX0007900,AG02,+226 783 78 89 518,2821,in,REUSSI,2026-05-23,71.0,USSD,7900
TX0007901,AG11,7426189340,1875,in,Reussie,2026-05-23,47.0,Agent,7901
TX0007902,AG03,+226 782 91 15 408,1366,in,OK,2026-05-23,34.0,Agent,7902
TX0007903,AG13,794 90 65 102,2802,out,Reussie,2026-05-23,28.0,Agent,7903
TX0007904,AG08,765 76 53 126,416,in,Reussie,2026-05-23,10.0,USSD,7904
TX0007905,AG08,7320282198,6261,out,OK,2026-05-23,63.0,USSD,7905
TX0007906,AG12,737 42 89 928,636,out,OK,2026-05-23,6.0,app,7906
TX0007907,AG10,751 43 44 939,38771,in,ok,2026-05-23,969.0,USSD,7907
TX0007908,AG01,+226 784 53 64 592,2452,in,Echouee,2026-05-23,61.0,Agent,7908
TX0007909,AG20,+226 742 24 92 685,306,out,OK,2026-05-23,3.0,USSD,7909
TX0007910,AG09,764 50 47 210,2954,out,OK,2026-05-23,30.0,app,7910
TX0007911,AG04,+226 707 37 73 548,4134,in,OK,2026-05-23,103.0,Agent,7911
TX0007912,AG03,+226 793 71 10 173,1231,in,ok,2026-05-23,31.0,USSD,7912
TX0007913,AG20,773 85 06 013,1077,out,Reussie,2026-05-23,11.0,Agent,7913
TX0007914,AG15,715 86 81 329,1066,in,REUSSI,2026-05-23,27.0,Agent,7914
TX0007915,AG10,+226 744 18 77 059,780,in,ok,2026-05-23,20.0,USSD,7915
TX0007916,AG05,745 56 75 688,1376,in,Reussie,2026-05-23,34.0,USSD,7916
TX0007917,AG02,768 51 81 553,1960,in,Reussie,2026-05-23,49.0,USSD,7917
TX0007918,AG13,+226 788 39 25 094,2859,out,REUSSI,2026-05-24,29.0,USSD,7918
TX0007919,AG16,789 51 98 280,6322,in,Reussie,2026-05-24,158.0,USSD,7919
TX0007920,AG15,+226 713 69 10 849,10939,out,Reussie,2026-05-24,109.0,USSD,7920
TX0007921,AG14,+226 769 93 02 306,3276,out,echec,2026-05-24,33.0,USSD,7921
TX0007922,AG09,+226 759 09 55 096,6696,out,echec,2026-05-24,67.0,Agent,7922
TX0007923,AG05,+226 705 46 03 129,3779,in,ok,2026-05-24,94.0,Agent,7923
TX0007924,AG12,705 63 99 193,3682,out,echec,2026-05-25,37.0,Agent,7924
TX0007925,AG07,+226 790 12 74 843,3294,in,OK,2026-05-25,82.0,Agent,7925
TX0007926,AG02,7670263391,1699,out,ok,2026-05-25,17.0,Agent,7926
TX0007927,AG08,+226 734 56 43 644,8614,in,ok,2026-05-25,215.0,Agent,7927
TX0007928,AG03,7940172915,6198,in,OK,2026-05-25,155.0,USSD,7928
TX0007929,AG02,+226 775 98 04 218,1591,in,echec,2026-05-25,40.0,Agent,7929
TX0007930,AG18,7182791762,3007,out,OK,2026-05-25,30.0,app,7930
TX0007931,AG10,+226 761 09 73 387,3139,in,Reussie,2026-05-25,78.0,Agent,7931
TX0007932,AG20,786 51 22 090,3202,in,OK,2026-05-25,80.0,Agent,7932
TX0007933,AG14,7800977415,865,in,Reussie,2026-05-25,22.0,Agent,7933
TX0007934,AG05,+226 757 67 82 190,1328,in,Reussie,2026-05-25,33.0,USSD,7934
TX0007935,AG07,798 46 72 093,7270,in,REUSSI,2026-05-25,182.0,USSD,7935
TX0007936,AG20,7145152284,2181,in,ok,2026-05-25,55.0,USSD,7936
TX0007937,AG01,+226 712 81 17 000,4181,in,REUSSI,2026-05-25,105.0,Agent,7937
TX0007938,AG16,706 58 82 826,4417,in,OK,2026-05-25,110.0,USSD,7938
TX0007939,AG09,+226 785 20 27 371,1156,out,OK,2026-05-25,12.0,USSD,7939
TX0007940,AG03,7837005875,877,out,OK,2026-05-25,9.0,app,7940
TX0007941,AG20,+226 774 74 19 205,4615,in,echec,2026-05-25,115.0,USSD,7941
TX0007942,AG13,798 78 59 629,665,out,ok,2026-05-25,7.0,Agent,7942
TX0007943,AG17,7545127462,15694,out,echec,2026-05-25,157.0,USSD,7943
TX0007944,AG12,+226 706 33 77 611,1042,in,OK,2026-05-25,26.0,Agent,7944
TX0007945,AG13,+226 713 75 22 106,1479,out,REUSSI,2026-05-25,15.0,USSD,7945
TX0007946,AG14,+226 795 78 51 964,14408,in,echec,2026-05-25,360.0,USSD,7946
TX0007947,AG12,+226 769 40 79 985,804,out,Reussie,2026-05-25,8.0,Agent,7947
TX0007948,AG20,7815847172,503,in,ok,2026-05-25,13.0,USSD,7948
TX0007949,AG06,718 25 21 014,2047,in,ok,2026-05-25,51.0,Agent,7949
TX0007950,AG20,+226 733 22 95 793,4280,in,Reussie,2026-05-25,107.0,Agent,7950
TX0007951,AG16,7909998834,3255,in,REUSSI,2026-05-25,81.0,USSD,7951
TX0007952,AG04,+226 771 88 74 096,6418,in,Echouee,2026-05-25,160.0,USSD,7952
TX0007953,AG20,+226 730 23 91 848,1451,in,ok,2026-05-25,36.0,Agent,7953
TX0007954,AG16,+226 751 55 11 458,6260,in,ok,2026-05-25,156.0,Agent,7954
TX0007955,AG19,730 25 73 201,1346,in,Echouee,2026-05-25,34.0,Agent,7955
TX0007956,AG16,721 45 97 708,3599,out,Reussie,2026-05-25,36.0,Agent,7956
TX0007957,AG14,+226 772 61 83 125,2764,out,ok,2026-05-25,28.0,Agent,7957
TX0007958,AG15,7553120069,2069,in,OK,2026-05-25,52.0,Agent,7958
TX0007959,AG02,726 83 82 749,5766,out,ok,2026-05-25,58.0,USSD,7959
TX0007960,AG09,+226 713 84 90 174,1962,in,Reussie,2026-05-25,49.0,USSD,7960
TX0007961,AG17,+226 781 07 01 735,3704,in,Echouee,2026-05-25,93.0,USSD,7961
TX0007962,AG19,703 54 60 271,4245,in,REUSSI,2026-05-25,106.0,Agent,7962
TX0007963,AG03,+226 732 66 64 734,3352,in,Reussie,2026-05-25,84.0,USSD,7963
TX0007964,AG12,745 13 44 188,764,out,ok,2026-05-25,8.0,USSD,7964
TX0007965,AG15,+226 700 88 25 841,2195,out,OK,2026-05-25,22.0,USSD,7965
TX0007966,AG06,7608456368,898,out,echec,2026-05-25,9.0,app,7966
TX0007967,AG20,733 74 27 222,5710,in,OK,2026-05-25,143.0,Agent,7967
TX0007968,AG02,+226 797 29 05 953,2003,out,OK,2026-05-25,20.0,USSD,7968
TX0007969,AG10,7734800853,1445,in,ok,2026-05-25,36.0,Agent,7969
TX0007970,AG06,+226 722 86 82 872,3198,out,Reussie,2026-05-25,32.0,app,7970
TX0007971,AG03,+226 793 30 52 578,21999,out,OK,2026-05-25,220.0,Agent,7971
TX0007972,AG13,7676084692,1438,in,REUSSI,2026-05-25,36.0,Agent,7972
TX0007973,AG18,+226 746 32 72 101,1242,out,OK,2026-05-25,12.0,Agent,7973
TX0007974,AG01,748 34 27 006,4039,in,ok,2026-05-25,101.0,USSD,7974
TX0007975,AG11,+226 747 30 06 648,383,in,OK,2026-05-25,10.0,Agent,7975
TX0007976,AG20,735 23 90 108,2886,out,REUSSI,2026-05-25,29.0,Agent,7976
TX0007977,AG09,726 19 39 105,3737,in,Reussie,2026-05-25,93.0,Agent,7977
TX0007978,AG16,749 05 28 050,3566,out,echec,2026-05-25,36.0,Agent,7978
TX0007979,AG18,756 97 15 448,1422,out,OK,2026-05-25,14.0,Agent,7979
TX0007980,AG04,704 66 61 036,3769,out,echec,2026-05-25,38.0,USSD,7980
TX0007981,AG09,+226 737 44 86 776,2613,out,Reussie,2026-05-25,26.0,Agent,7981
TX0007982,AG03,+226 725 13 62 868,12962,in,REUSSI,2026-05-25,324.0,Agent,7982
TX0007983,AG11,+226 708 44 59 710,604,out,REUSSI,2026-05-25,6.0,Agent,7983
TX0007984,AG06,+226 793 52 52 771,2284,out,Echouee,2026-05-25,23.0,USSD,7984
TX0007985,AG07,7316946160,2508,in,OK,2026-05-25,63.0,app,7985
TX0007986,AG17,719 32 18 821,1634,in,ok,2026-05-25,41.0,Agent,7986
TX0007987,AG17,791 00 68 280,1573,out,REUSSI,2026-05-25,16.0,USSD,7987
TX0007988,AG16,7467173797,4791,out,ok,2026-05-25,48.0,Agent,7988
TX0007989,AG19,778 16 31 468,3366,in,OK,2026-05-25,84.0,Agent,7989
TX0007990,AG10,+226 753 49 35 817,902,in,Reussie,2026-05-25,23.0,Agent,7990
TX0007991,AG19,7982972663,824,in,OK,2026-05-25,21.0,USSD,7991
TX0007992,AG18,+226 708 29 89 343,1315,in,Reussie,2026-05-25,33.0,USSD,7992
TX0007993,AG02,7144174257,2563,in,OK,2026-05-25,64.0,USSD,7993
TX0007994,AG01,706 13 00 576,6026,in,REUSSI,2026-05-25,151.0,Agent,7994
TX0007995,AG12,+226 790 51 80 800,3512,in,REUSSI,2026-05-25,88.0,USSD,7995
TX0007996,AG08,7177786232,2611,in,OK,2026-05-25,65.0,Agent,7996
TX0007997,AG13,+226 775 57 96 770,1411,out,ok,2026-05-25,14.0,Agent,7997
TX0007998,AG19,7340338798,1653,in,OK,2026-05-25,41.0,USSD,7998
TX0007999,AG17,785 16 37 721,1484,out,ok,2026-05-25,15.0,USSD,7999
TX0008000,AG08,+226 745 10 99 316,5060,in,Echouee,2026-05-25,126.0,Agent,8000
TX0008001,AG16,762 06 41 718,5201,in,ok,2026-05-25,130.0,USSD,8001
TX0008002,AG15,771 81 20 159,2239,out,Reussie,2026-05-26,22.0,Agent,8002
TX0008003,AG12,7391801963,12265,out,REUSSI,2026-05-26,123.0,USSD,8003
TX0008004,AG17,781 95 20 507,1860,out,ok,2026-05-26,19.0,USSD,8004
TX0008005,AG05,+226 716 42 11 626,1399,in,OK,2026-05-26,35.0,Agent,8005
TX0008006,AG14,768 15 96 266,940,out,REUSSI,2026-05-26,9.0,Agent,8006
TX0008007,AG15,+226 779 12 93 540,5303,out,echec,2026-05-26,53.0,Agent,8007
TX0008008,AG11,7644065199,9356,in,REUSSI,2026-05-26,234.0,Agent,8008
TX0008009,AG14,787 33 47 239,3565,out,Echouee,2026-05-26,36.0,Agent,8009
TX0008010,AG11,+226 755 37 35 469,40484,in,OK,2026-05-26,1012.0,USSD,8010
TX0008011,AG04,772 89 66 859,2190,in,OK,2026-05-26,55.0,Agent,8011
TX0008012,AG19,7418857737,1979,in,Echouee,2026-05-26,49.0,USSD,8012
TX0008013,AG11,+226 756 21 23 537,2690,in,OK,2026-05-26,67.0,USSD,8013
TX0008014,AG19,7538911231,2212,out,ok,2026-05-26,22.0,Agent,8014
TX0008015,AG02,767 79 48 539,9773,out,Echouee,2026-05-26,98.0,USSD,8015
TX0008016,AG20,+226 738 96 48 649,7596,in,ok,2026-05-26,190.0,Agent,8016
TX0008017,AG18,+226 701 94 02 177,1003,in,OK,2026-05-26,25.0,app,8017
TX0008018,AG03,7709757227,833,out,REUSSI,2026-05-26,8.0,Agent,8018
TX0008019,AG11,7692473208,3199,in,Reussie,2026-05-26,80.0,Agent,8019
TX0008020,AG19,+226 775 18 48 291,2149,in,REUSSI,2026-05-26,54.0,Agent,8020
TX0008021,AG03,+226 770 91 92 669,1304,in,OK,2026-05-26,33.0,USSD,8021
TX0008022,AG16,7888719409,7359,out,OK,2026-05-26,74.0,USSD,8022
TX0008023,AG05,+226 738 06 63 078,2257,in,ok,2026-05-26,56.0,USSD,8023
TX0008024,AG15,733 11 93 353,5291,in,ok,2026-05-26,132.0,USSD,8024
TX0008025,AG14,707 05 12 713,3071,out,echec,2026-05-26,31.0,USSD,8025
TX0008026,AG20,7457736426,1428,out,OK,2026-05-26,14.0,USSD,8026
TX0008027,AG02,752 54 43 936,5725,out,REUSSI,2026-05-26,57.0,Agent,8027
TX0008028,AG10,+226 782 99 96 662,1597,in,REUSSI,2026-05-26,40.0,Agent,8028
TX0008029,AG06,+226 767 54 61 571,9916,out,ok,2026-05-26,99.0,Agent,8029
TX0008030,AG09,7442505061,3450,in,REUSSI,2026-05-26,86.0,Agent,8030
TX0008031,AG04,+226 747 86 18 734,1358,in,Reussie,2026-05-26,34.0,USSD,8031
TX0008032,AG05,7169240755,4268,out,ok,2026-05-26,43.0,USSD,8032
TX0008033,AG16,+226 770 61 18 428,1890,in,Reussie,2026-05-26,47.0,USSD,8033
TX0008034,AG02,706 18 07 731,1289,in,Echouee,2026-05-26,32.0,Agent,8034
TX0008035,AG05,+226 754 23 59 093,1020,in,OK,2026-05-26,26.0,Agent,8035
TX0008036,AG05,7953289242,1884,out,Reussie,2026-05-26,19.0,app,8036
TX0008037,AG10,+226 799 84 00 856,2086,in,Echouee,2026-05-26,52.0,USSD,8037
TX0008038,AG14,+226 788 23 46 700,15651,in,Echouee,2026-05-26,391.0,Agent,8038
TX0008039,AG09,7452968201,794,out,OK,2026-05-26,8.0,Agent,8039
TX0008040,AG13,+226 750 72 75 858,4515,in,REUSSI,2026-05-26,113.0,USSD,8040
TX0008041,AG02,7068741246,3910,in,OK,2026-05-26,98.0,USSD,8041
TX0008042,AG16,714 90 69 661,658,out,OK,2026-05-26,7.0,Agent,8042
TX0008043,AG15,7464378468,17950,out,Reussie,2026-05-26,180.0,USSD,8043
TX0008044,AG11,+226 702 79 81 326,634,in,Echouee,2026-05-26,16.0,Agent,8044
TX0008045,AG08,+226 710 16 15 279,5731,out,Echouee,2026-05-26,57.0,Agent,8045
TX0008046,AG16,+226 747 62 59 288,11590,out,Echouee,2026-05-26,116.0,USSD,8046
TX0008047,AG10,+226 701 64 87 254,5404,in,ok,2026-05-26,135.0,USSD,8047
TX0008048,AG09,7264898963,3291,in,REUSSI,2026-05-26,82.0,USSD,8048
TX0008049,AG05,778 05 70 186,1196,in,OK,2026-05-26,30.0,USSD,8049
TX0008050,AG02,714 00 68 260,1639,out,REUSSI,2026-05-26,16.0,Agent,8050
TX0008051,AG19,+226 730 53 21 483,4999,in,echec,2026-05-26,125.0,Agent,8051
TX0008052,AG12,+226 775 36 80 976,2554,in,OK,2026-05-26,64.0,USSD,8052
TX0008053,AG04,732 84 73 773,1615,out,REUSSI,2026-05-26,16.0,USSD,8053
TX0008054,AG11,+226 744 27 72 311,993,in,echec,2026-05-26,25.0,USSD,8054
TX0008055,AG14,742 11 58 276,1101,in,OK,2026-05-26,28.0,Agent,8055
TX0008056,AG18,+226 744 05 60 716,818,out,ok,2026-05-26,8.0,USSD,8056
TX0008057,AG15,+226 704 35 29 195,1561,in,ok,2026-05-26,39.0,Agent,8057
TX0008058,AG13,779 63 56 229,6848,out,REUSSI,2026-05-26,68.0,Agent,8058
TX0008059,AG20,+226 776 80 02 346,837,in,ok,2026-05-26,21.0,USSD,8059
TX0008060,AG17,+226 792 96 08 562,689,in,Echouee,2026-05-26,17.0,USSD,8060
TX0008061,AG11,+226 723 99 55 240,4928,out,REUSSI,2026-05-26,49.0,USSD,8061
TX0008062,AG12,+226 700 33 27 658,637,out,REUSSI,2026-05-26,6.0,Agent,8062
TX0008063,AG15,+226 759 34 23 111,932,in,OK,2026-05-26,23.0,Agent,8063
TX0008064,AG18,702 51 32 370,1017,in,Reussie,2026-05-26,25.0,app,8064
TX0008065,AG15,714 53 62 360,911,in,ok,2026-05-26,23.0,Agent,8065
TX0008066,AG18,+226 755 74 29 726,3739,out,REUSSI,2026-05-26,37.0,Agent,8066
TX0008067,AG15,+226 791 73 39 926,2731,out,ok,2026-05-26,27.0,USSD,8067
TX0008068,AG09,+226 766 50 41 133,1433,in,REUSSI,2026-05-26,36.0,Agent,8068
TX0008069,AG05,7367442343,1435,in,REUSSI,2026-05-26,36.0,USSD,8069
TX0008070,AG17,791 09 23 711,5222,in,Reussie,2026-05-27,131.0,USSD,8070
TX0008071,AG14,+226 764 95 40 925,1675,in,ok,2026-05-27,42.0,Agent,8071
TX0008072,AG17,+226 741 35 23 684,1323,in,Reussie,2026-05-27,33.0,Agent,8072
TX0008073,AG14,+226 753 15 66 277,1008,out,Echouee,2026-05-27,10.0,USSD,8073
TX0008074,AG03,7984731361,13563,in,OK,2026-05-27,339.0,Agent,8074
TX0008075,AG19,+226 733 70 04 652,2075,out,echec,2026-05-27,21.0,Agent,8075
TX0008076,AG20,+226 737 27 81 077,4123,in,REUSSI,2026-05-27,103.0,Agent,8076
TX0008077,AG13,760 90 39 806,15558,in,Reussie,2026-05-27,389.0,app,8077
TX0008078,AG01,745 18 01 656,3326,in,Echouee,2026-05-27,83.0,Agent,8078
TX0008079,AG08,7252279221,1990,in,Echouee,2026-05-27,50.0,USSD,8079
TX0008080,AG08,755 71 33 475,792,in,REUSSI,2026-05-27,20.0,Agent,8080
TX0008081,AG10,+226 722 49 96 710,4349,in,ok,2026-05-27,109.0,USSD,8081
TX0008082,AG19,+226 796 73 90 669,860,in,echec,2026-05-27,22.0,Agent,8082
TX0008083,AG19,751 86 41 319,2585,out,Echouee,2026-05-27,26.0,Agent,8083
TX0008084,AG14,7033793814,15533,out,echec,2026-05-27,155.0,Agent,8084
TX0008085,AG10,743 36 07 613,1263,in,REUSSI,2026-05-27,32.0,USSD,8085
TX0008086,AG04,7663367723,3714,out,echec,2026-05-27,37.0,Agent,8086
TX0008087,AG12,749 94 16 287,1433,out,REUSSI,2026-05-27,14.0,USSD,8087
TX0008088,AG05,737 34 18 627,1611,out,Echouee,2026-05-27,16.0,Agent,8088
TX0008089,AG09,7020082791,2298,out,OK,2026-05-27,23.0,USSD,8089
TX0008090,AG18,+226 721 39 41 892,7399,out,Reussie,2026-05-27,74.0,USSD,8090
TX0008091,AG02,729 01 48 165,19214,in,REUSSI,2026-05-27,480.0,Agent,8091
TX0008092,AG13,+226 799 98 36 630,2651,in,REUSSI,2026-05-27,66.0,Agent,8092
TX0008093,AG20,794 01 52 928,9005,in,REUSSI,2026-05-27,225.0,USSD,8093
TX0008094,AG09,+226 720 39 94 863,4313,in,REUSSI,2026-05-27,108.0,USSD,8094
TX0008095,AG11,7513209687,1456,out,echec,2026-05-27,15.0,Agent,8095
TX0008096,AG17,7823257785,4451,in,echec,2026-05-27,111.0,Agent,8096
TX0008097,AG16,+226 796 12 67 255,12921,in,echec,2026-05-27,323.0,USSD,8097
TX0008098,AG11,7933340605,1770,out,ok,2026-05-27,18.0,Agent,8098
TX0008099,AG06,7979961803,1908,in,OK,2026-05-27,48.0,Agent,8099
TX0008100,AG10,+226 730 48 94 757,5262,in,Reussie,2026-05-27,132.0,Agent,8100
TX0008101,AG08,+226 762 31 00 908,5553,out,ok,2026-05-27,56.0,Agent,8101
TX0008102,AG11,+226 727 94 96 384,1649,out,OK,2026-05-27,16.0,Agent,8102
TX0008103,AG14,+226 714 18 86 564,796,out,Echouee,2026-05-27,8.0,USSD,8103
TX0008104,AG01,+226 759 02 52 177,1175,in,Reussie,2026-05-27,29.0,USSD,8104
TX0008105,AG14,7588323505,5962,in,OK,2026-05-27,149.0,USSD,8105
TX0008106,AG01,7385120982,2144,in,OK,2026-05-27,54.0,USSD,8106
TX0008107,AG11,+226 787 32 88 087,3234,out,Reussie,2026-05-27,32.0,Agent,8107
TX0008108,AG20,723 43 90 276,8315,out,Echouee,2026-05-27,83.0,app,8108
TX0008109,AG07,7146649682,1344,in,echec,2026-05-27,34.0,Agent,8109
TX0008110,AG07,+226 773 56 86 471,4790,in,ok,2026-05-27,120.0,USSD,8110
TX0008111,AG11,7655981645,3751,in,REUSSI,2026-05-27,94.0,app,8111
TX0008112,AG15,763 06 59 086,16334,out,OK,2026-05-27,163.0,Agent,8112
TX0008113,AG08,7829989917,1673,out,OK,2026-05-27,17.0,Agent,8113
TX0008114,AG05,+226 704 47 63 445,5179,in,Reussie,2026-05-27,129.0,app,8114
TX0008115,AG16,+226 700 08 12 167,8301,in,Echouee,2026-05-27,208.0,USSD,8115
TX0008116,AG06,703 47 98 599,5644,in,ok,2026-05-27,141.0,app,8116
TX0008117,AG01,753 50 95 191,5107,out,ok,2026-05-27,51.0,Agent,8117
TX0008118,AG02,786 84 90 420,2889,in,ok,2026-05-27,72.0,USSD,8118
TX0008119,AG08,+226 766 32 22 811,3598,in,REUSSI,2026-05-27,90.0,Agent,8119
TX0008120,AG07,+226 777 90 66 128,1138,out,echec,2026-05-27,11.0,USSD,8120
TX0008121,AG15,+226 775 38 98 845,311,in,Reussie,2026-05-27,8.0,Agent,8121
TX0008122,AG02,+226 701 95 00 376,4154,in,Echouee,2026-05-27,104.0,USSD,8122
TX0008123,AG10,7996363810,2557,in,REUSSI,2026-05-27,64.0,Agent,8123
TX0008124,AG02,792 90 38 080,11475,in,ok,2026-05-27,287.0,Agent,8124
TX0008125,AG02,+226 729 31 27 512,4330,out,ok,2026-05-28,43.0,Agent,8125
TX0008126,AG08,+226 782 22 21 373,6678,out,Reussie,2026-05-28,67.0,app,8126
TX0008127,AG06,710 36 72 294,2684,in,REUSSI,2026-05-28,67.0,USSD,8127
TX0008128,AG04,+226 748 50 91 833,725,out,REUSSI,2026-05-28,7.0,USSD,8128
TX0008129,AG17,7477664810,2692,in,OK,2026-05-28,67.0,Agent,8129
TX0008130,AG08,+226 787 37 61 540,5078,in,Echouee,2026-05-28,127.0,Agent,8130
TX0008131,AG14,788 09 62 048,8514,out,Reussie,2026-05-28,85.0,USSD,8131
TX0008132,AG02,+226 783 50 97 629,749,out,REUSSI,2026-05-28,7.0,USSD,8132
TX0008133,AG02,+226 741 99 87 220,1825,out,ok,2026-05-28,18.0,Agent,8133
TX0008134,AG13,788 71 40 012,2971,out,Reussie,2026-05-28,,USSD,8134
TX0008135,AG10,+226 735 68 54 677,6931,out,echec,2026-05-28,69.0,USSD,8135
TX0008136,AG16,757 43 61 284,1096,in,Echouee,2026-05-28,27.0,Agent,8136
TX0008137,AG05,+226 744 83 79 921,9083,out,ok,2026-05-28,91.0,USSD,8137
TX0008138,AG07,772 86 19 367,4191,out,Reussie,2026-05-28,42.0,Agent,8138
TX0008139,AG19,714 05 99 096,3467,out,ok,2026-05-28,35.0,USSD,8139
TX0008140,AG02,7775829379,4474,out,Reussie,2026-05-28,45.0,Agent,8140
TX0008141,AG03,794 21 62 061,611,in,ok,2026-05-28,15.0,USSD,8141
TX0008142,AG07,+226 752 16 93 108,3767,in,Reussie,2026-05-28,94.0,USSD,8142
TX0008143,AG06,+226 779 44 22 296,16795,in,Reussie,2026-05-28,420.0,Agent,8143
TX0008144,AG03,+226 765 17 86 364,709,out,REUSSI,2026-05-28,7.0,Agent,8144
TX0008145,AG04,7443723219,4898,in,REUSSI,2026-05-28,122.0,Agent,8145
TX0008146,AG08,7484138474,7087,out,Reussie,2026-05-28,71.0,Agent,8146
TX0008147,AG10,+226 796 93 34 932,4544,in,ok,2026-05-28,114.0,Agent,8147
TX0008148,AG05,714 45 24 513,2849,out,ok,2026-05-28,28.0,Agent,8148
TX0008149,AG16,730 71 85 504,6147,in,echec,2026-05-28,154.0,app,8149
TX0008150,AG16,793 22 50 391,1862,out,REUSSI,2026-05-28,19.0,Agent,8150
TX0008151,AG03,792 50 97 528,1496,in,Echouee,2026-05-28,37.0,USSD,8151
TX0008152,AG04,+226 791 23 17 327,3339,in,ok,2026-05-28,83.0,USSD,8152
TX0008153,AG14,7222801507,985,out,ok,2026-05-28,10.0,Agent,8153
TX0008154,AG10,+226 703 65 26 355,1204,out,Reussie,2026-05-28,12.0,Agent,8154
TX0008155,AG15,791 59 32 667,3264,out,ok,2026-05-28,33.0,USSD,8155
TX0008156,AG01,+226 768 42 30 159,2981,out,Echouee,2026-05-28,30.0,Agent,8156
TX0008157,AG04,7581486785,1255,in,OK,2026-05-28,31.0,Agent,8157
TX0008158,AG10,7131436676,2560,in,Echouee,2026-05-28,64.0,Agent,8158
TX0008159,AG09,737 13 88 386,1871,in,ok,2026-05-28,47.0,Agent,8159
TX0008160,AG05,+226 777 56 68 478,8857,in,REUSSI,2026-05-28,221.0,USSD,8160
TX0008161,AG15,7215654443,2573,out,echec,2026-05-28,26.0,Agent,8161
TX0008162,AG14,+226 736 95 76 996,1449,in,Reussie,2026-05-28,36.0,Agent,8162
TX0008163,AG14,+226 705 90 53 085,8692,in,echec,2026-05-28,217.0,Agent,8163
TX0008164,AG14,7372192300,634,in,ok,2026-05-28,16.0,Agent,8164
TX0008165,AG17,701 81 34 670,6262,in,Reussie,2026-05-28,157.0,Agent,8165
TX0008166,AG09,718 51 12 928,2370,out,OK,2026-05-28,24.0,USSD,8166
TX0008167,AG13,753 35 12 111,3819,in,OK,2026-05-28,95.0,Agent,8167
TX0008168,AG16,+226 720 25 36 827,3913,in,Reussie,2026-05-28,98.0,app,8168
TX0008169,AG11,+226 767 47 47 053,4410,in,ok,2026-05-28,110.0,Agent,8169
TX0008170,AG16,+226 776 49 83 181,4879,in,REUSSI,2026-05-28,122.0,app,8170
TX0008171,AG17,7320914212,361,out,ok,2026-05-28,4.0,Agent,8171
TX0008172,AG07,+226 749 41 28 611,385,out,Reussie,2026-05-28,4.0,Agent,8172
TX0008173,AG08,797 66 36 426,3060,out,OK,2026-05-28,31.0,USSD,8173
TX0008174,AG18,782 04 39 226,4851,out,ok,2026-05-29,49.0,Agent,8174
TX0008175,AG17,+226 743 96 38 590,3106,out,Reussie,2026-05-29,31.0,Agent,8175
TX0008176,AG09,7676383754,1919,out,ok,2026-05-29,19.0,Agent,8176
TX0008177,AG13,761 38 64 750,1258,out,ok,2026-05-29,13.0,Agent,8177
TX0008178,AG07,7603411155,6234,in,echec,2026-05-29,156.0,app,8178
TX0008179,AG08,7598298227,9376,out,OK,2026-05-29,94.0,app,8179
TX0008180,AG18,747 75 58 969,1503,out,ok,2026-05-29,15.0,USSD,8180
TX0008181,AG01,+226 739 46 11 123,11970,in,Echouee,2026-05-29,299.0,USSD,8181
TX0008182,AG04,785 79 24 559,4657,in,OK,2026-05-29,116.0,Agent,8182
TX0008183,AG10,+226 728 77 40 233,6959,in,Reussie,2026-05-29,174.0,Agent,8183
TX0008184,AG14,738 68 48 338,3164,in,REUSSI,2026-05-29,79.0,Agent,8184
TX0008185,AG06,7534105890,1971,out,Reussie,2026-05-29,20.0,app,8185
TX0008186,AG08,7654416916,752,in,OK,2026-05-29,19.0,USSD,8186
TX0008187,AG01,734 97 27 868,1860,out,Echouee,2026-05-29,19.0,Agent,8187
TX0008188,AG13,+226 707 51 19 040,2367,in,Reussie,2026-05-29,59.0,USSD,8188
TX0008189,AG13,+226 778 03 79 679,6991,out,OK,2026-05-29,70.0,Agent,8189
TX0008190,AG11,+226 762 06 90 040,6599,in,ok,2026-05-29,165.0,USSD,8190
TX0008191,AG03,774 82 45 174,2869,out,OK,2026-05-29,29.0,Agent,8191
TX0008192,AG07,+226 722 15 97 931,1217,in,Reussie,2026-05-29,30.0,Agent,8192
TX0008193,AG09,+226 793 26 42 604,243,in,OK,2026-05-29,6.0,Agent,8193
TX0008194,AG08,+226 797 54 89 002,3271,in,Reussie,2026-05-29,82.0,USSD,8194
TX0008195,AG07,727 70 94 795,1802,in,ok,2026-05-29,45.0,Agent,8195
TX0008196,AG18,704 57 73 399,1103,out,Echouee,2026-05-29,11.0,USSD,8196
TX0008197,AG14,7716231726,2235,in,Reussie,2026-05-29,56.0,Agent,8197
TX0008198,AG13,+226 736 10 68 998,5328,out,ok,2026-05-29,53.0,Agent,8198
TX0008199,AG13,760 81 78 535,261,out,OK,2026-05-29,3.0,Agent,8199
TX0008200,AG11,753 84 20 511,1301,in,echec,2026-05-29,33.0,USSD,8200
TX0008201,AG14,757 58 85 036,722,out,REUSSI,2026-05-29,7.0,USSD,8201
TX0008202,AG12,+226 737 72 26 101,4649,out,ok,2026-05-29,46.0,Agent,8202
TX0008203,AG19,712 52 45 232,4783,in,REUSSI,2026-05-29,120.0,USSD,8203
TX0008204,AG18,+226 732 18 60 179,3338,in,echec,2026-05-29,83.0,app,8204
TX0008205,AG01,744 14 49 827,867,in,OK,2026-05-29,22.0,USSD,8205
TX0008206,AG04,702 78 53 255,1029,out,ok,2026-05-29,10.0,Agent,8206
TX0008207,AG01,7424781648,3420,out,Echouee,2026-05-29,34.0,Agent,8207
TX0008208,AG06,+226 725 89 40 375,1723,in,REUSSI,2026-05-29,43.0,app,8208
TX0008209,AG11,+226 768 55 56 902,2143,in,echec,2026-05-29,54.0,Agent,8209
TX0008210,AG03,7035498104,2261,in,ok,2026-05-29,57.0,Agent,8210
TX0008211,AG16,7982705806,10420,out,Echouee,2026-05-29,104.0,Agent,8211
TX0008212,AG06,793 13 10 460,2877,in,OK,2026-05-29,72.0,USSD,8212
TX0008213,AG05,763 11 56 753,786,in,ok,2026-05-29,20.0,USSD,8213
TX0008214,AG06,7718940370,5720,in,REUSSI,2026-05-29,143.0,Agent,8214
TX0008215,AG03,7273283612,641,out,Reussie,2026-05-29,6.0,USSD,8215
TX0008216,AG10,715 66 44 725,1477,out,ok,2026-05-29,15.0,USSD,8216
TX0008217,AG10,777 24 75 749,1379,in,Reussie,2026-05-29,34.0,Agent,8217
TX0008218,AG08,779 00 64 048,3300,in,Echouee,2026-05-29,82.0,USSD,8218
TX0008219,AG08,+226 754 89 74 156,4360,out,Echouee,2026-05-29,44.0,USSD,8219
TX0008220,AG01,+226 785 28 83 423,21987,in,ok,2026-05-29,550.0,Agent,8220
TX0008221,AG12,787 43 09 428,13416,in,Reussie,2026-05-29,335.0,USSD,8221
TX0008222,AG05,+226 703 44 25 326,3838,out,OK,2026-05-29,38.0,Agent,8222
TX0008223,AG09,7068886634,1443,out,REUSSI,2026-05-29,14.0,USSD,8223
TX0008224,AG17,740 64 22 322,2841,in,ok,2026-05-29,71.0,USSD,8224
TX0008225,AG19,733 78 94 203,1343,in,echec,2026-05-29,34.0,USSD,8225
TX0008226,AG20,776 85 55 397,657,in,Reussie,2026-05-29,16.0,USSD,8226
TX0008227,AG07,+226 780 46 05 760,2748,out,OK,2026-05-29,27.0,Agent,8227
TX0008228,AG08,762 57 34 298,1128,in,Echouee,2026-05-29,28.0,Agent,8228
TX0008229,AG01,708 51 42 885,3014,in,Reussie,2026-05-29,75.0,Agent,8229
TX0008230,AG19,715 13 62 759,1020,out,ok,2026-05-29,10.0,Agent,8230
TX0008231,AG16,+226 797 70 37 506,727,out,ok,2026-05-29,7.0,Agent,8231
TX0008232,AG13,+226 710 76 66 034,1021,in,REUSSI,2026-05-29,26.0,Agent,8232
TX0008233,AG04,790 16 27 777,1358,in,Echouee,2026-05-29,34.0,app,8233
TX0008234,AG05,+226 717 43 77 504,7563,out,Echouee,2026-05-29,76.0,USSD,8234
TX0008235,AG08,+226 708 75 33 399,3760,in,Reussie,2026-05-30,94.0,Agent,8235
TX0008236,AG17,783 04 51 815,4671,in,OK,2026-05-30,117.0,Agent,8236
TX0008237,AG20,732 52 88 079,1227,in,REUSSI,2026-05-30,31.0,USSD,8237
TX0008238,AG14,+226 712 38 12 911,3794,out,Reussie,2026-05-30,38.0,USSD,8238
TX0008239,AG20,7912916872,2460,in,Reussie,2026-05-30,62.0,Agent,8239
TX0008240,AG16,794 97 26 007,8313,out,ok,2026-05-30,83.0,USSD,8240
TX0008241,AG16,+226 768 38 09 282,258,in,Reussie,2026-05-30,6.0,Agent,8241
TX0008242,AG14,741 85 74 413,1469,out,ok,2026-05-30,15.0,USSD,8242
TX0008243,AG03,+226 736 60 29 479,8018,in,OK,2026-05-30,200.0,app,8243
TX0008244,AG15,731 72 36 083,2114,out,ok,2026-05-30,21.0,Agent,8244
TX0008245,AG18,7394800326,631,in,Reussie,2026-05-30,16.0,Agent,8245
TX0008246,AG06,7549969518,1911,out,ok,2026-05-30,19.0,Agent,8246
TX0008247,AG11,758 01 34 474,818,out,REUSSI,2026-05-30,8.0,USSD,8247
TX0008248,AG08,+226 738 35 07 849,6689,in,OK,2026-05-30,167.0,Agent,8248
TX0008249,AG12,777 83 85 960,8143,in,REUSSI,2026-05-30,204.0,USSD,8249
TX0008250,AG07,7047001013,1782,out,ok,2026-05-30,18.0,USSD,8250
TX0008251,AG05,7494875946,2273,out,OK,2026-05-30,23.0,USSD,8251
TX0008252,AG13,+226 714 13 90 315,4124,in,REUSSI,2026-05-30,103.0,USSD,8252
TX0008253,AG13,746 17 55 887,12205,out,REUSSI,2026-05-30,122.0,Agent,8253
TX0008254,AG18,762 04 37 285,3186,in,ok,2026-05-30,80.0,Agent,8254
TX0008255,AG02,+226 776 14 11 627,1860,in,REUSSI,2026-05-30,46.0,Agent,8255
TX0008256,AG07,+226 723 89 14 538,1285,in,Reussie,2026-05-30,32.0,Agent,8256
TX0008257,AG05,+226 725 25 35 109,1576,in,REUSSI,2026-05-30,39.0,Agent,8257
TX0008258,AG08,+226 732 79 86 883,1910,out,Echouee,2026-05-30,19.0,Agent,8258
TX0008259,AG01,+226 788 96 87 395,12146,in,ok,2026-05-30,304.0,app,8259
TX0008260,AG03,+226 721 89 08 917,8757,out,Echouee,2026-05-30,88.0,USSD,8260
TX0008261,AG02,755 21 21 655,8635,in,Reussie,2026-05-30,216.0,USSD,8261
TX0008262,AG11,781 27 47 898,1817,out,ok,2026-05-30,18.0,USSD,8262
TX0008263,AG06,+226 714 24 91 550,12553,out,OK,2026-05-30,126.0,Agent,8263
TX0008264,AG13,7931185846,2387,in,OK,2026-05-30,60.0,Agent,8264
TX0008265,AG11,+226 706 47 26 421,6370,in,OK,2026-05-30,159.0,Agent,8265
TX0008266,AG07,767 95 70 561,2606,in,Echouee,2026-05-30,65.0,USSD,8266
TX0008267,AG18,7701190692,2759,in,Reussie,2026-05-30,69.0,Agent,8267
TX0008268,AG06,7001085206,12845,in,echec,2026-05-30,321.0,USSD,8268
TX0008269,AG19,+226 728 37 82 145,4544,out,OK,2026-05-30,45.0,USSD,8269
TX0008270,AG16,729 88 90 319,2761,in,Echouee,2026-05-30,69.0,Agent,8270
TX0008271,AG07,7046322736,1629,in,echec,2026-05-30,41.0,Agent,8271
TX0008272,AG11,787 97 74 841,8246,in,REUSSI,2026-05-30,206.0,Agent,8272
TX0008273,AG04,758 30 70 173,935,in,OK,2026-05-30,23.0,Agent,8273
TX0008274,AG12,744 13 62 766,1498,out,echec,2026-05-31,15.0,Agent,8274
TX0008275,AG06,730 58 71 665,1568,in,echec,2026-05-31,39.0,USSD,8275
TX0008276,AG11,795 06 95 941,4089,out,REUSSI,2026-05-31,41.0,Agent,8276
TX0008277,AG19,+226 799 09 88 083,25676,in,ok,2026-05-31,642.0,Agent,8277
TX0008278,AG01,737 17 15 135,3481,out,ok,2026-05-31,35.0,USSD,8278
TX0008279,AG11,7165758455,1718,in,ok,2026-05-31,43.0,Agent,8279
TX0008280,AG13,709 97 97 280,2437,out,echec,2026-05-31,24.0,Agent,8280
TX0008281,AG13,+226 780 18 23 373,1681,in,REUSSI,2026-05-31,42.0,Agent,8281
TX0008282,AG12,+226 775 65 80 153,1862,in,REUSSI,2026-06-01,47.0,Agent,8282
TX0008283,AG15,7677607900,6061,out,REUSSI,2026-06-01,61.0,USSD,8283
TX0008284,AG13,+226 714 46 04 785,311,out,ok,2026-06-01,3.0,USSD,8284
TX0008285,AG13,+226 784 32 69 394,1965,in,ok,2026-06-01,49.0,USSD,8285
TX0008286,AG14,752 56 37 857,2686,in,REUSSI,2026-06-01,67.0,Agent,8286
TX0008287,AG13,+226 706 63 57 705,3066,in,REUSSI,2026-06-01,77.0,Agent,8287
TX0008288,AG08,+226 739 92 01 376,718,out,Echouee,2026-06-01,7.0,Agent,8288
TX0008289,AG13,758 07 69 196,3960,in,OK,2026-06-01,99.0,Agent,8289
TX0008290,AG07,+226 748 44 96 292,15596,out,Reussie,2026-06-01,156.0,USSD,8290
TX0008291,AG18,+226 784 39 41 383,1930,in,OK,2026-06-01,48.0,Agent,8291
TX0008292,AG18,+226 751 51 43 642,223,in,REUSSI,2026-06-01,6.0,USSD,8292
TX0008293,AG01,7270580985,2138,in,OK,2026-06-01,53.0,USSD,8293
TX0008294,AG19,790 56 51 155,2758,in,Reussie,2026-06-01,69.0,Agent,8294
TX0008295,AG07,+226 798 13 07 690,5490,out,OK,2026-06-01,55.0,Agent,8295
TX0008296,AG12,7443041248,1497,in,echec,2026-06-01,37.0,app,8296
TX0008297,AG17,+226 779 17 42 722,1814,out,Reussie,2026-06-01,18.0,Agent,8297
TX0008298,AG07,7351833289,5495,in,REUSSI,2026-06-01,137.0,USSD,8298
TX0008299,AG01,7572914865,1307,in,OK,2026-06-01,33.0,Agent,8299
TX0008300,AG02,+226 746 52 66 672,860,in,Reussie,2026-06-01,22.0,USSD,8300
TX0008301,AG20,762 14 50 677,5043,in,Reussie,2026-06-01,126.0,Agent,8301
TX0008302,AG17,+226 727 06 08 664,4484,out,ok,2026-06-01,45.0,USSD,8302
TX0008303,AG19,+226 735 30 54 323,9012,in,ok,2026-06-01,225.0,USSD,8303
TX0008304,AG20,+226 733 56 08 813,3094,in,ok,2026-06-01,77.0,Agent,8304
TX0008305,AG14,739 75 31 841,8878,in,OK,2026-06-01,222.0,Agent,8305
TX0008306,AG13,794 43 09 636,827,in,REUSSI,2026-06-01,21.0,USSD,8306
TX0008307,AG13,7963034392,16218,out,REUSSI,2026-06-01,162.0,Agent,8307
TX0008308,AG19,+226 785 63 81 823,980,in,REUSSI,2026-06-01,24.0,Agent,8308
TX0008309,AG17,7913781049,6728,in,ok,2026-06-01,168.0,USSD,8309
TX0008310,AG09,7785917018,5510,in,Echouee,2026-06-01,138.0,Agent,8310
TX0008311,AG02,745 02 54 817,5435,in,Reussie,2026-06-01,136.0,Agent,8311
TX0008312,AG12,+226 711 35 17 714,670,in,Reussie,2026-06-01,17.0,Agent,8312
TX0008313,AG08,+226 726 44 36 753,6903,in,echec,2026-06-01,173.0,Agent,8313
TX0008314,AG02,790 15 03 324,8946,in,Reussie,2026-06-01,224.0,Agent,8314
TX0008315,AG13,716 13 93 140,2845,out,REUSSI,2026-06-01,28.0,USSD,8315
TX0008316,AG12,790 42 62 459,3903,in,OK,2026-06-01,98.0,Agent,8316
TX0008317,AG06,+226 723 58 81 982,12286,in,Reussie,2026-06-01,307.0,USSD,8317
TX0008318,AG01,733 64 04 997,1526,out,Reussie,2026-06-01,15.0,Agent,8318
TX0008319,AG15,+226 780 06 99 138,5000,in,Reussie,2026-06-01,125.0,USSD,8319
TX0008320,AG08,7847256456,2980,in,echec,2026-06-01,74.0,Agent,8320
TX0008321,AG16,+226 724 79 49 397,1202,in,REUSSI,2026-06-01,30.0,USSD,8321
TX0008322,AG09,+226 733 84 87 942,3563,in,Echouee,2026-06-01,89.0,app,8322
TX0008323,AG09,751 81 60 398,4032,in,Reussie,2026-06-01,101.0,Agent,8323
TX0008324,AG08,7632034468,2454,out,REUSSI,2026-06-01,25.0,USSD,8324
TX0008325,AG18,7184167066,3199,in,Reussie,2026-06-01,80.0,Agent,8325
TX0008326,AG07,720 05 96 518,1594,in,Reussie,2026-06-01,40.0,Agent,8326
TX0008327,AG14,764 38 23 484,3764,in,echec,2026-06-01,94.0,USSD,8327
TX0008328,AG19,772 39 33 845,389,in,REUSSI,2026-06-01,10.0,Agent,8328
TX0008329,AG12,742 99 75 627,3060,in,ok,2026-06-01,76.0,Agent,8329
TX0008330,AG16,7560509869,2477,out,REUSSI,2026-06-01,25.0,USSD,8330
TX0008331,AG11,+226 741 96 94 669,5270,in,REUSSI,2026-06-01,132.0,USSD,8331
TX0008332,AG05,+226 796 09 28 829,385,in,Echouee,2026-06-01,10.0,USSD,8332
TX0008333,AG03,+226 726 39 25 734,13373,in,REUSSI,2026-06-01,334.0,Agent,8333
TX0008334,AG07,+226 782 67 67 488,2151,out,OK,2026-06-01,22.0,Agent,8334
TX0008335,AG10,7426162977,4390,out,ok,2026-06-01,44.0,USSD,8335
TX0008336,AG11,+226 706 84 30 411,737,in,Echouee,2026-06-01,18.0,USSD,8336
TX0008337,AG10,7075718531,1337,in,ok,2026-06-01,33.0,Agent,8337
TX0008338,AG15,799 50 56 176,2577,in,Echouee,2026-06-01,64.0,Agent,8338
TX0008339,AG11,768 21 55 041,428,out,REUSSI,2026-06-01,4.0,USSD,8339
TX0008340,AG05,+226 702 09 86 549,5361,out,OK,2026-06-01,54.0,USSD,8340
TX0008341,AG09,707 93 89 273,1566,in,Reussie,2026-06-01,39.0,Agent,8341
TX0008342,AG04,716 38 90 558,7425,in,Echouee,2026-06-01,186.0,Agent,8342
TX0008343,AG13,+226 799 90 91 921,15412,in,echec,2026-06-01,385.0,Agent,8343
TX0008344,AG11,742 47 02 932,18492,out,echec,2026-06-01,185.0,app,8344
TX0008345,AG19,7401442083,1520,out,REUSSI,2026-06-01,15.0,Agent,8345
TX0008346,AG01,769 74 10 192,5506,out,REUSSI,2026-06-01,55.0,app,8346
TX0008347,AG11,711 01 65 201,2378,in,ok,2026-06-01,59.0,USSD,8347
TX0008348,AG02,+226 731 57 33 508,2179,out,Reussie,2026-06-01,22.0,USSD,8348
TX0008349,AG06,+226 791 53 65 109,6797,in,REUSSI,2026-06-01,170.0,Agent,8349
TX0008350,AG10,760 40 70 739,1561,in,echec,2026-06-01,39.0,USSD,8350
TX0008351,AG20,7105964781,1602,out,ok,2026-06-01,16.0,app,8351
TX0008352,AG20,724 14 36 823,1414,in,Reussie,2026-06-01,35.0,USSD,8352
TX0008353,AG10,+226 742 12 93 836,3142,in,ok,2026-06-01,79.0,Agent,8353
TX0008354,AG10,709 84 78 005,2371,in,echec,2026-06-01,59.0,Agent,8354
TX0008355,AG17,+226 790 42 47 780,3129,in,echec,2026-06-01,78.0,app,8355
TX0008356,AG17,708 48 89 386,6692,out,Reussie,2026-06-01,67.0,Agent,8356
TX0008357,AG17,741 46 46 946,2792,in,Reussie,2026-06-01,70.0,app,8357
TX0008358,AG07,751 21 62 879,6225,in,OK,2026-06-01,156.0,USSD,8358
TX0008359,AG02,7845093276,3335,out,echec,2026-06-01,33.0,Agent,8359
TX0008360,AG19,7588773860,2965,out,OK,2026-06-01,30.0,Agent,8360
TX0008361,AG18,706 75 18 641,2347,in,ok,2026-06-01,59.0,Agent,8361
TX0008362,AG17,+226 759 06 33 736,41837,in,REUSSI,2026-06-01,1046.0,USSD,8362
TX0008363,AG09,+226 727 49 69 567,2865,out,REUSSI,2026-06-01,29.0,Agent,8363
TX0008364,AG07,+226 791 19 06 274,3266,out,ok,2026-06-01,33.0,USSD,8364
TX0008365,AG14,708 27 54 685,8387,out,OK,2026-06-01,84.0,Agent,8365
TX0008366,AG07,729 71 74 545,1789,out,OK,2026-06-01,18.0,Agent,8366
TX0008367,AG14,733 88 55 141,5375,in,OK,2026-06-01,134.0,USSD,8367
TX0008368,AG09,731 30 88 288,3195,in,Echouee,2026-06-01,80.0,Agent,8368
TX0008369,AG08,7829045668,2992,in,echec,2026-06-01,75.0,Agent,8369
TX0008370,AG06,+226 737 87 49 503,1758,in,Reussie,2026-06-01,44.0,USSD,8370
TX0008371,AG02,+226 738 81 60 036,2367,in,Reussie,2026-06-01,59.0,USSD,8371
TX0008372,AG09,+226 716 41 70 535,981,out,echec,2026-06-01,10.0,app,8372
TX0008373,AG03,+226 765 10 63 452,5763,in,Reussie,2026-06-01,144.0,USSD,8373
TX0008374,AG01,791 15 72 588,4226,out,Echouee,2026-06-01,42.0,Agent,8374
TX0008375,AG04,+226 732 38 89 937,6516,out,echec,2026-06-01,65.0,app,8375
TX0008376,AG09,+226 767 38 12 233,1988,out,echec,2026-06-01,20.0,Agent,8376
TX0008377,AG11,+226 738 90 37 793,540,in,ok,2026-06-01,14.0,USSD,8377
TX0008378,AG05,7135919933,4062,out,OK,2026-06-01,41.0,USSD,8378
TX0008379,AG12,727 94 28 711,1036,out,echec,2026-06-01,10.0,Agent,8379
TX0008380,AG16,742 17 02 714,1759,out,REUSSI,2026-06-01,18.0,Agent,8380
TX0008381,AG18,723 08 45 576,2610,out,REUSSI,2026-06-01,26.0,USSD,8381
TX0008382,AG13,716 37 64 419,2805,in,echec,2026-06-01,70.0,Agent,8382
TX0008383,AG07,+226 707 27 98 424,3746,out,Reussie,2026-06-01,37.0,Agent,8383
TX0008384,AG13,718 62 73 313,1152,in,ok,2026-06-01,29.0,app,8384
TX0008385,AG15,+226 740 55 65 489,1476,in,REUSSI,2026-06-01,37.0,USSD,8385
TX0008386,AG04,7313575313,960,out,echec,2026-06-01,10.0,USSD,8386
TX0008387,AG06,7836159569,1907,in,OK,2026-06-01,48.0,Agent,8387
TX0008388,AG18,741 48 86 107,3060,in,REUSSI,2026-06-02,76.0,Agent,8388
TX0008389,AG11,757 67 35 089,13525,in,echec,2026-06-02,338.0,Agent,8389
TX0008390,AG05,+226 760 52 73 024,8967,out,REUSSI,2026-06-02,90.0,USSD,8390
TX0008391,AG14,7554826311,1255,out,ok,2026-06-02,13.0,Agent,8391
TX0008392,AG04,+226 700 22 32 419,440,in,ok,2026-06-02,11.0,USSD,8392
TX0008393,AG19,+226 791 48 72 950,2530,in,OK,2026-06-02,63.0,app,8393
TX0008394,AG08,764 28 00 233,1256,in,Reussie,2026-06-02,31.0,USSD,8394
TX0008395,AG17,780 81 65 255,733,in,OK,2026-06-02,18.0,Agent,8395
TX0008396,AG01,752 78 86 885,3939,in,ok,2026-06-02,98.0,Agent,8396
TX0008397,AG10,773 66 13 333,2001,in,Reussie,2026-06-02,50.0,Agent,8397
TX0008398,AG13,+226 747 74 59 917,4739,out,Reussie,2026-06-02,47.0,Agent,8398
TX0008399,AG10,774 10 47 905,2428,out,OK,2026-06-02,24.0,Agent,8399
TX0008400,AG13,+226 796 78 17 673,4021,in,Reussie,2026-06-02,101.0,Agent,8400
TX0008401,AG13,+226 740 32 82 219,1081,out,ok,2026-06-02,11.0,Agent,8401
TX0008402,AG06,758 01 63 007,7524,in,Reussie,2026-06-02,188.0,Agent,8402
TX0008403,AG08,740 22 39 149,1239,in,ok,2026-06-02,31.0,Agent,8403
TX0008404,AG03,781 70 32 414,10263,out,ok,2026-06-02,103.0,app,8404
TX0008405,AG12,7836894359,2218,in,OK,2026-06-02,55.0,Agent,8405
TX0008406,AG04,+226 788 61 58 167,1839,in,Echouee,2026-06-02,46.0,Agent,8406
TX0008407,AG01,+226 712 15 52 281,6793,in,ok,2026-06-02,170.0,USSD,8407
TX0008408,AG13,+226 700 52 78 087,3605,in,Echouee,2026-06-02,90.0,app,8408
TX0008409,AG11,791 83 31 217,2834,out,Reussie,2026-06-02,28.0,USSD,8409
TX0008410,AG08,777 52 73 567,1352,in,OK,2026-06-02,34.0,Agent,8410
TX0008411,AG11,7963537339,5123,in,Reussie,2026-06-02,128.0,USSD,8411
TX0008412,AG05,710 19 26 098,1827,in,Reussie,2026-06-02,46.0,Agent,8412
TX0008413,AG07,748 78 02 676,1446,in,OK,2026-06-02,36.0,USSD,8413
TX0008414,AG17,+226 782 27 32 035,5633,in,ok,2026-06-02,141.0,Agent,8414
TX0008415,AG19,7859979840,6341,in,Reussie,2026-06-02,159.0,Agent,8415
TX0008416,AG03,+226 786 40 54 357,1240,out,ok,2026-06-02,12.0,app,8416
TX0008417,AG05,+226 737 91 98 613,1934,out,REUSSI,2026-06-02,19.0,Agent,8417
TX0008418,AG20,+226 751 68 39 440,4732,in,ok,2026-06-02,118.0,USSD,8418
TX0008419,AG04,789 96 11 786,4087,in,OK,2026-06-02,102.0,Agent,8419
TX0008420,AG14,7394774720,1552,in,Echouee,2026-06-02,39.0,USSD,8420
TX0008421,AG07,758 20 43 546,1103,in,echec,2026-06-02,28.0,USSD,8421
TX0008422,AG16,+226 771 45 55 416,1249,out,REUSSI,2026-06-02,12.0,USSD,8422
TX0008423,AG06,771 47 30 264,1448,in,OK,2026-06-02,36.0,USSD,8423
TX0008424,AG12,+226 728 15 25 495,3798,out,OK,2026-06-02,38.0,Agent,8424
TX0008425,AG20,7165148898,10984,out,REUSSI,2026-06-02,110.0,Agent,8425
TX0008426,AG08,+226 733 70 73 339,1518,out,Reussie,2026-06-02,15.0,USSD,8426
TX0008427,AG09,740 73 11 040,14590,in,OK,2026-06-02,365.0,Agent,8427
TX0008428,AG07,757 47 52 304,2409,out,ok,2026-06-02,24.0,Agent,8428
TX0008429,AG04,721 05 01 641,4315,in,Reussie,2026-06-02,108.0,Agent,8429
TX0008430,AG12,760 32 03 010,7678,in,OK,2026-06-02,192.0,Agent,8430
TX0008431,AG20,+226 760 44 49 625,4334,in,ok,2026-06-02,108.0,Agent,8431
TX0008432,AG05,+226 762 78 63 587,2452,in,REUSSI,2026-06-02,61.0,USSD,8432
TX0008433,AG02,766 93 55 395,2021,out,Reussie,2026-06-02,20.0,USSD,8433
TX0008434,AG06,+226 750 68 54 071,3247,in,ok,2026-06-02,81.0,USSD,8434
TX0008435,AG08,+226 737 88 92 057,4429,in,Reussie,2026-06-02,111.0,app,8435
TX0008436,AG17,7410443794,2916,in,Reussie,2026-06-02,73.0,USSD,8436
TX0008437,AG11,7890409496,2032,out,REUSSI,2026-06-02,20.0,USSD,8437
TX0008438,AG01,7998268206,608,in,Reussie,2026-06-02,15.0,USSD,8438
TX0008439,AG10,+226 731 24 68 920,3415,out,ok,2026-06-02,34.0,USSD,8439
TX0008440,AG19,781 33 57 545,3438,in,OK,2026-06-02,86.0,USSD,8440
TX0008441,AG09,741 62 33 631,3688,out,ok,2026-06-02,37.0,USSD,8441
TX0008442,AG04,7222366586,2372,out,OK,2026-06-02,24.0,USSD,8442
TX0008443,AG17,731 43 36 656,5360,out,echec,2026-06-02,54.0,Agent,8443
TX0008444,AG14,+226 718 46 25 882,1110,out,Reussie,2026-06-02,11.0,Agent,8444
TX0008445,AG07,+226 779 12 17 336,477,in,ok,2026-06-02,12.0,Agent,8445
TX0008446,AG02,790 05 83 678,1682,in,Reussie,2026-06-02,42.0,Agent,8446
TX0008447,AG13,+226 798 33 92 536,3235,in,Reussie,2026-06-03,81.0,USSD,8447
TX0008448,AG08,+226 753 29 26 852,2189,in,Reussie,2026-06-03,55.0,USSD,8448
TX0008449,AG14,704 21 03 381,6596,out,REUSSI,2026-06-03,66.0,app,8449
TX0008450,AG18,7951662549,4432,out,REUSSI,2026-06-03,44.0,USSD,8450
TX0008451,AG18,7591820955,2827,out,ok,2026-06-03,28.0,Agent,8451
TX0008452,AG05,+226 712 70 15 601,2421,in,OK,2026-06-03,61.0,Agent,8452
TX0008453,AG02,771 87 42 998,2767,out,REUSSI,2026-06-03,28.0,USSD,8453
TX0008454,AG17,7943625172,2820,out,REUSSI,2026-06-03,28.0,USSD,8454
TX0008455,AG12,+226 790 20 09 374,1182,out,echec,2026-06-03,12.0,Agent,8455
TX0008456,AG03,+226 776 80 99 815,6161,out,ok,2026-06-03,62.0,Agent,8456
TX0008457,AG12,756 35 30 738,18143,in,OK,2026-06-03,454.0,USSD,8457
TX0008458,AG15,+226 703 15 17 543,5051,in,Reussie,2026-06-03,126.0,app,8458
TX0008459,AG15,729 58 65 231,2258,in,echec,2026-06-03,56.0,Agent,8459
TX0008460,AG05,+226 779 82 25 300,708,out,ok,2026-06-03,7.0,USSD,8460
TX0008461,AG06,+226 741 94 22 323,4100,out,OK,2026-06-03,41.0,Agent,8461
TX0008462,AG05,+226 718 40 99 366,1008,in,ok,2026-06-03,25.0,USSD,8462
TX0008463,AG11,+226 700 03 79 717,1995,in,REUSSI,2026-06-03,50.0,app,8463
TX0008464,AG08,+226 709 54 40 640,1345,in,ok,2026-06-03,34.0,Agent,8464
TX0008465,AG18,+226 713 34 73 626,3274,in,echec,2026-06-03,82.0,app,8465
TX0008466,AG13,7013288328,1778,out,REUSSI,2026-06-03,18.0,Agent,8466
TX0008467,AG11,+226 767 20 15 953,1603,out,Reussie,2026-06-03,16.0,Agent,8467
TX0008468,AG14,+226 793 90 62 212,1014,out,OK,2026-06-03,10.0,Agent,8468
TX0008469,AG12,+226 702 60 31 220,1114,in,OK,2026-06-03,28.0,app,8469
TX0008470,AG01,7079479072,3645,in,echec,2026-06-03,91.0,USSD,8470
TX0008471,AG07,7921120382,1206,in,Reussie,2026-06-03,30.0,Agent,8471
TX0008472,AG14,+226 722 71 55 504,4773,out,OK,2026-06-03,48.0,USSD,8472
TX0008473,AG09,773 41 09 507,1490,in,ok,2026-06-03,37.0,Agent,8473
TX0008474,AG12,+226 773 86 80 414,13069,out,Reussie,2026-06-03,131.0,Agent,8474
TX0008475,AG14,+226 714 88 07 206,3422,in,ok,2026-06-03,86.0,USSD,8475
TX0008476,AG09,7782015304,6046,in,REUSSI,2026-06-03,151.0,USSD,8476
TX0008477,AG05,+226 751 20 80 390,3161,out,ok,2026-06-03,32.0,USSD,8477
TX0008478,AG07,7552030557,4007,in,ok,2026-06-03,100.0,USSD,8478
TX0008479,AG04,7778113900,12959,in,Reussie,2026-06-03,324.0,USSD,8479
TX0008480,AG19,706 74 07 768,1296,out,Reussie,2026-06-03,13.0,Agent,8480
TX0008481,AG17,7362019091,1310,in,Echouee,2026-06-03,33.0,Agent,8481
TX0008482,AG17,729 07 69 933,1237,out,Reussie,2026-06-03,12.0,app,8482
TX0008483,AG14,+226 797 72 21 413,14082,in,OK,2026-06-03,352.0,USSD,8483
TX0008484,AG03,782 43 31 612,17556,in,REUSSI,2026-06-03,439.0,Agent,8484
TX0008485,AG08,+226 773 56 71 414,662,in,ok,2026-06-03,17.0,USSD,8485
TX0008486,AG13,703 28 35 547,3187,out,echec,2026-06-03,32.0,USSD,8486
TX0008487,AG15,7386323087,4063,in,OK,2026-06-03,102.0,Agent,8487
TX0008488,AG04,7534780926,2467,in,ok,2026-06-03,62.0,Agent,8488
TX0008489,AG06,7498303091,2641,in,ok,2026-06-03,66.0,app,8489
TX0008490,AG12,7945862667,2858,in,echec,2026-06-03,71.0,USSD,8490
TX0008491,AG12,7222357503,7064,in,Reussie,2026-06-03,177.0,app,8491
TX0008492,AG13,746 59 61 704,2043,in,ok,2026-06-03,51.0,Agent,8492
TX0008493,AG18,703 31 22 507,5247,out,OK,2026-06-03,52.0,Agent,8493
TX0008494,AG03,+226 739 53 73 727,13150,out,OK,2026-06-03,132.0,Agent,8494
TX0008495,AG05,724 63 15 342,583,out,Reussie,2026-06-03,6.0,Agent,8495
TX0008496,AG14,7250446766,2221,in,Reussie,2026-06-03,56.0,Agent,8496
TX0008497,AG05,765 82 12 551,818,in,Reussie,2026-06-03,20.0,USSD,8497
TX0008498,AG05,738 80 35 595,2047,out,REUSSI,2026-06-03,20.0,app,8498
TX0008499,AG13,785 99 13 717,921,in,ok,2026-06-03,23.0,Agent,8499
TX0008500,AG10,770 27 11 882,5308,in,REUSSI,2026-06-03,133.0,Agent,8500
TX0008501,AG05,709 24 72 494,1471,in,Reussie,2026-06-03,37.0,Agent,8501
TX0008502,AG05,7868747179,1365,out,echec,2026-06-03,14.0,Agent,8502
TX0008503,AG14,+226 748 58 31 846,9271,out,OK,2026-06-03,93.0,USSD,8503
TX0008504,AG18,7728774589,1287,out,OK,2026-06-03,13.0,app,8504
TX0008505,AG19,+226 742 17 75 193,1838,in,Reussie,2026-06-03,46.0,app,8505
TX0008506,AG09,+226 738 04 67 787,257,out,OK,2026-06-03,3.0,USSD,8506
TX0008507,AG10,+226 793 34 63 676,3883,in,ok,2026-06-04,97.0,USSD,8507
TX0008508,AG03,+226 753 58 74 081,3571,out,Reussie,2026-06-04,36.0,app,8508
TX0008509,AG17,7607211057,4321,in,echec,2026-06-04,108.0,Agent,8509
TX0008510,AG01,+226 785 98 47 146,1140,out,echec,2026-06-04,11.0,USSD,8510
TX0008511,AG05,+226 786 45 17 850,2823,in,Echouee,2026-06-04,71.0,USSD,8511
TX0008512,AG17,721 42 42 457,735,out,REUSSI,2026-06-04,7.0,Agent,8512
TX0008513,AG11,+226 785 99 02 992,285,out,Reussie,2026-06-04,3.0,Agent,8513
TX0008514,AG08,+226 794 01 82 741,5736,in,echec,2026-06-04,143.0,USSD,8514
TX0008515,AG06,+226 771 27 93 883,4352,out,Echouee,2026-06-04,44.0,USSD,8515
TX0008516,AG10,+226 792 73 12 321,2579,out,ok,2026-06-04,26.0,USSD,8516
TX0008517,AG06,+226 778 22 94 399,4736,out,OK,2026-06-04,47.0,Agent,8517
TX0008518,AG12,+226 759 21 18 175,2523,out,REUSSI,2026-06-04,25.0,USSD,8518
TX0008519,AG12,770 40 32 440,1501,in,REUSSI,2026-06-04,38.0,USSD,8519
TX0008520,AG20,781 12 25 739,1307,out,ok,2026-06-04,13.0,USSD,8520
TX0008521,AG16,7442913752,7342,out,OK,2026-06-04,73.0,USSD,8521
TX0008522,AG15,727 03 95 147,4990,in,OK,2026-06-04,125.0,Agent,8522
TX0008523,AG06,7002950483,6325,in,ok,2026-06-04,158.0,Agent,8523
TX0008524,AG20,700 18 44 056,4294,in,REUSSI,2026-06-04,107.0,USSD,8524
TX0008525,AG05,769 63 70 111,1473,in,Reussie,2026-06-04,37.0,Agent,8525
TX0008526,AG16,764 33 34 179,2960,in,ok,2026-06-04,74.0,app,8526
TX0008527,AG07,755 02 78 410,1628,in,echec,2026-06-04,41.0,Agent,8527
TX0008528,AG07,+226 743 61 43 477,409,in,Reussie,2026-06-04,10.0,USSD,8528
TX0008529,AG11,795 12 75 671,1184,out,Echouee,2026-06-04,12.0,Agent,8529
TX0008530,AG11,+226 798 40 42 777,2788,in,echec,2026-06-04,70.0,app,8530
TX0008531,AG17,7580083398,782,in,Reussie,2026-06-04,20.0,USSD,8531
TX0008532,AG05,7128445464,3143,in,Echouee,2026-06-04,79.0,Agent,8532
TX0008533,AG20,7744561547,512,out,ok,2026-06-04,5.0,Agent,8533
TX0008534,AG18,+226 703 34 58 104,705,out,REUSSI,2026-06-04,7.0,app,8534
TX0008535,AG05,+226 785 43 31 237,2565,out,Reussie,2026-06-04,26.0,USSD,8535
TX0008536,AG11,+226 773 93 69 140,2596,out,OK,2026-06-04,26.0,app,8536
TX0008537,AG17,+226 727 55 92 231,2116,out,echec,2026-06-04,21.0,Agent,8537
TX0008538,AG05,733 22 91 244,7806,out,Echouee,2026-06-04,78.0,Agent,8538
TX0008539,AG18,+226 790 17 15 243,768,in,REUSSI,2026-06-04,19.0,USSD,8539
TX0008540,AG05,7312594617,3758,out,OK,2026-06-04,38.0,Agent,8540
TX0008541,AG12,+226 742 37 92 264,745,in,REUSSI,2026-06-04,19.0,Agent,8541
TX0008542,AG05,767 46 85 620,1698,in,ok,2026-06-04,42.0,Agent,8542
TX0008543,AG09,+226 741 20 26 525,2464,out,Reussie,2026-06-04,25.0,Agent,8543
TX0008544,AG18,730 81 66 396,4700,in,ok,2026-06-04,118.0,Agent,8544
TX0008545,AG11,7039357686,532,in,Reussie,2026-06-04,13.0,Agent,8545
TX0008546,AG19,787 74 68 151,8672,in,ok,2026-06-04,217.0,USSD,8546
TX0008547,AG12,709 96 40 884,5051,in,OK,2026-06-04,126.0,Agent,8547
TX0008548,AG02,+226 784 54 04 017,1516,out,OK,2026-06-04,15.0,USSD,8548
TX0008549,AG12,7108840159,1648,in,Reussie,2026-06-04,41.0,Agent,8549
TX0008550,AG09,+226 780 79 22 829,1660,in,ok,2026-06-04,42.0,USSD,8550
TX0008551,AG10,+226 724 72 21 250,8150,out,Reussie,2026-06-04,82.0,USSD,8551
TX0008552,AG14,+226 744 18 18 890,1770,out,OK,2026-06-04,18.0,Agent,8552
TX0008553,AG03,+226 711 19 45 181,14142,out,OK,2026-06-04,141.0,USSD,8553
TX0008554,AG13,+226 722 15 72 195,3280,out,OK,2026-06-04,33.0,Agent,8554
TX0008555,AG20,+226 707 87 54 166,2717,in,OK,2026-06-04,68.0,Agent,8555
TX0008556,AG07,+226 795 50 38 235,1131,in,Reussie,2026-06-04,28.0,Agent,8556
TX0008557,AG10,723 74 20 191,4377,in,REUSSI,2026-06-05,109.0,Agent,8557
TX0008558,AG15,+226 733 71 87 377,2586,in,ok,2026-06-05,65.0,Agent,8558
TX0008559,AG15,7657964522,1886,in,REUSSI,2026-06-05,47.0,USSD,8559
TX0008560,AG16,+226 729 16 03 986,3611,in,OK,2026-06-05,90.0,Agent,8560
TX0008561,AG03,7672636090,17928,in,REUSSI,2026-06-05,448.0,USSD,8561
TX0008562,AG09,767 79 65 617,2491,in,Echouee,2026-06-05,62.0,Agent,8562
TX0008563,AG08,+226 799 61 20 157,1473,out,OK,2026-06-05,15.0,Agent,8563
TX0008564,AG16,7270945782,4460,in,echec,2026-06-05,112.0,Agent,8564
TX0008565,AG13,+226 731 63 71 916,1628,out,OK,2026-06-05,16.0,Agent,8565
TX0008566,AG17,+226 778 72 08 529,427,out,ok,2026-06-05,4.0,USSD,8566
TX0008567,AG05,794 22 64 818,5741,in,OK,2026-06-05,144.0,app,8567
TX0008568,AG10,704 05 46 231,1476,in,OK,2026-06-05,37.0,Agent,8568
TX0008569,AG07,+226 712 18 47 553,13238,in,Echouee,2026-06-05,331.0,Agent,8569
TX0008570,AG08,731 56 01 009,2831,in,Reussie,2026-06-05,71.0,USSD,8570
TX0008571,AG04,797 94 24 704,375,in,REUSSI,2026-06-05,9.0,USSD,8571
TX0008572,AG14,7576656459,3823,in,OK,2026-06-05,96.0,Agent,8572
TX0008573,AG15,7498779049,6858,in,ok,2026-06-05,171.0,USSD,8573
TX0008574,AG18,783 25 95 816,12016,in,ok,2026-06-05,300.0,Agent,8574
TX0008575,AG07,765 01 34 085,1777,in,ok,2026-06-05,44.0,USSD,8575
TX0008576,AG13,+226 719 54 82 364,3939,out,Echouee,2026-06-05,39.0,Agent,8576
TX0008577,AG07,797 72 68 743,3734,in,ok,2026-06-05,93.0,Agent,8577
TX0008578,AG08,+226 720 72 35 489,5074,out,ok,2026-06-05,51.0,Agent,8578
TX0008579,AG10,+226 717 52 62 188,2289,in,REUSSI,2026-06-05,57.0,app,8579
TX0008580,AG07,7824265498,3028,in,Reussie,2026-06-05,76.0,USSD,8580
TX0008581,AG15,7591861701,1397,in,OK,2026-06-05,35.0,USSD,8581
TX0008582,AG17,730 44 39 977,5955,out,Reussie,2026-06-05,60.0,Agent,8582
TX0008583,AG04,744 89 06 876,918,in,Reussie,2026-06-05,23.0,USSD,8583
TX0008584,AG08,+226 706 21 80 981,427,in,Reussie,2026-06-05,11.0,app,8584
TX0008585,AG04,726 61 96 413,5302,in,OK,2026-06-05,133.0,Agent,8585
TX0008586,AG04,763 80 42 665,2185,in,Reussie,2026-06-05,55.0,Agent,8586
TX0008587,AG09,7380239740,1793,in,Echouee,2026-06-05,45.0,Agent,8587
TX0008588,AG05,723 85 60 197,5452,in,REUSSI,2026-06-05,136.0,USSD,8588
TX0008589,AG20,+226 795 15 29 425,16613,out,REUSSI,2026-06-05,166.0,Agent,8589
TX0008590,AG12,768 31 15 842,2704,in,ok,2026-06-05,68.0,app,8590
TX0008591,AG11,+226 749 32 34 351,1370,in,ok,2026-06-05,34.0,Agent,8591
TX0008592,AG05,+226 798 78 20 790,8598,out,ok,2026-06-05,86.0,Agent,8592
TX0008593,AG03,+226 726 27 42 066,2404,out,ok,2026-06-05,24.0,Agent,8593
TX0008594,AG12,+226 760 28 30 794,1454,out,ok,2026-06-05,15.0,Agent,8594
TX0008595,AG06,+226 756 96 90 431,5629,in,ok,2026-06-05,141.0,USSD,8595
TX0008596,AG06,753 18 15 228,3617,out,REUSSI,2026-06-05,36.0,Agent,8596
TX0008597,AG17,7892355426,2238,out,ok,2026-06-05,22.0,Agent,8597
TX0008598,AG05,744 63 08 854,393,in,Echouee,2026-06-05,10.0,Agent,8598
TX0008599,AG12,766 91 97 944,10026,in,OK,2026-06-05,251.0,Agent,8599
TX0008600,AG04,+226 794 87 36 004,1390,in,echec,2026-06-05,35.0,USSD,8600
TX0008601,AG05,+226 737 44 28 641,6833,in,Reussie,2026-06-05,171.0,Agent,8601
TX0008602,AG20,+226 796 55 33 621,3194,in,OK,2026-06-05,80.0,USSD,8602
TX0008603,AG17,724 01 17 443,377,out,OK,2026-06-05,4.0,USSD,8603
TX0008604,AG02,786 63 09 684,869,in,ok,2026-06-05,22.0,Agent,8604
TX0008605,AG16,754 15 13 459,1184,in,REUSSI,2026-06-05,30.0,USSD,8605
TX0008606,AG16,7824020199,1276,in,Reussie,2026-06-05,32.0,Agent,8606
TX0008607,AG12,+226 778 42 91 476,7951,in,ok,2026-06-05,199.0,Agent,8607
TX0008608,AG14,792 52 52 253,1467,in,REUSSI,2026-06-05,37.0,Agent,8608
TX0008609,AG18,706 89 29 010,3563,out,OK,2026-06-05,36.0,Agent,8609
TX0008610,AG17,7911981768,2456,in,Reussie,2026-06-05,61.0,Agent,8610
TX0008611,AG16,714 47 69 638,3274,out,Echouee,2026-06-05,33.0,Agent,8611
TX0008612,AG14,+226 784 25 24 261,3804,out,OK,2026-06-05,38.0,USSD,8612
TX0008613,AG12,770 74 99 606,2982,in,Reussie,2026-06-05,75.0,Agent,8613
TX0008614,AG16,+226 765 37 99 038,842,out,ok,2026-06-05,8.0,USSD,8614
TX0008615,AG20,742 62 36 765,4621,in,ok,2026-06-05,116.0,USSD,8615
TX0008616,AG05,732 20 22 599,3338,in,REUSSI,2026-06-05,83.0,app,8616
TX0008617,AG17,735 53 92 167,3763,out,echec,2026-06-05,38.0,Agent,8617
TX0008618,AG10,785 08 59 487,1944,in,OK,2026-06-05,49.0,USSD,8618
TX0008619,AG06,748 71 77 270,1846,in,OK,2026-06-05,46.0,Agent,8619
TX0008620,AG20,705 73 46 323,1634,in,ok,2026-06-05,41.0,USSD,8620
TX0008621,AG01,7277409983,1048,in,Reussie,2026-06-05,26.0,Agent,8621
TX0008622,AG19,767 48 51 637,12281,in,REUSSI,2026-06-05,307.0,USSD,8622
TX0008623,AG01,740 42 16 695,1197,in,OK,2026-06-05,30.0,USSD,8623
TX0008624,AG08,+226 763 39 07 076,1943,out,REUSSI,2026-06-05,19.0,USSD,8624
TX0008625,AG11,7657618850,692,out,REUSSI,2026-06-05,7.0,USSD,8625
TX0008626,AG14,739 05 25 536,1045,in,ok,2026-06-05,26.0,USSD,8626
TX0008627,AG18,7248554039,4091,out,ok,2026-06-06,41.0,Agent,8627
TX0008628,AG09,708 39 28 126,516,out,ok,2026-06-06,5.0,USSD,8628
TX0008629,AG17,+226 775 95 77 445,590,out,Echouee,2026-06-06,6.0,USSD,8629
TX0008630,AG05,773 95 21 814,7933,out,OK,2026-06-06,79.0,USSD,8630
TX0008631,AG06,797 51 60 904,4648,out,REUSSI,2026-06-06,46.0,Agent,8631
TX0008632,AG09,762 77 14 750,3169,out,Reussie,2026-06-06,32.0,Agent,8632
TX0008633,AG10,+226 751 19 23 330,398,out,REUSSI,2026-06-06,4.0,USSD,8633
TX0008634,AG12,7097321791,13674,out,Echouee,2026-06-06,137.0,USSD,8634
TX0008635,AG11,743 06 49 577,1317,out,OK,2026-06-06,13.0,Agent,8635
TX0008636,AG11,+226 752 38 29 997,5260,in,OK,2026-06-06,132.0,Agent,8636
TX0008637,AG20,780 79 51 383,3933,in,echec,2026-06-06,98.0,USSD,8637
TX0008638,AG05,721 75 57 991,2236,out,OK,2026-06-06,22.0,Agent,8638
TX0008639,AG18,713 70 40 941,1238,out,Reussie,2026-06-06,12.0,USSD,8639
TX0008640,AG18,781 86 56 526,684,in,Reussie,2026-06-06,17.0,Agent,8640
TX0008641,AG02,+226 761 50 44 000,3412,out,Reussie,2026-06-06,34.0,Agent,8641
TX0008642,AG17,7121648487,2029,out,REUSSI,2026-06-06,20.0,Agent,8642
TX0008643,AG12,+226 762 59 50 039,1524,out,ok,2026-06-06,15.0,app,8643
TX0008644,AG07,+226 712 04 44 998,4060,in,REUSSI,2026-06-06,102.0,app,8644
TX0008645,AG06,7199923125,365,out,REUSSI,2026-06-06,4.0,Agent,8645
TX0008646,AG01,7047404087,2975,out,ok,2026-06-06,30.0,Agent,8646
TX0008647,AG14,788 68 16 368,2619,out,REUSSI,2026-06-06,26.0,Agent,8647
TX0008648,AG03,+226 797 97 38 641,756,out,Reussie,2026-06-06,8.0,Agent,8648
TX0008649,AG09,778 54 96 431,1311,out,OK,2026-06-06,13.0,USSD,8649
TX0008650,AG08,7904082783,3111,in,Reussie,2026-06-06,78.0,Agent,8650
TX0008651,AG03,+226 719 00 71 126,5572,in,REUSSI,2026-06-06,139.0,USSD,8651
TX0008652,AG17,7672569512,772,in,OK,2026-06-06,19.0,USSD,8652
TX0008653,AG04,+226 710 32 35 994,975,in,echec,2026-06-06,24.0,USSD,8653
TX0008654,AG01,+226 715 10 20 950,2462,out,REUSSI,2026-06-06,25.0,USSD,8654
TX0008655,AG11,+226 753 30 38 869,3007,out,REUSSI,2026-06-06,30.0,Agent,8655
TX0008656,AG18,764 93 23 789,4505,in,echec,2026-06-06,113.0,app,8656
TX0008657,AG17,+226 737 97 98 983,2133,in,ok,2026-06-06,53.0,USSD,8657
TX0008658,AG10,+226 711 84 02 842,3374,out,ok,2026-06-06,34.0,Agent,8658
TX0008659,AG14,710 06 48 435,2567,out,ok,2026-06-06,26.0,Agent,8659
TX0008660,AG16,720 71 88 450,13123,in,Reussie,2026-06-06,328.0,Agent,8660
TX0008661,AG20,+226 739 88 06 945,6296,in,ok,2026-06-06,157.0,app,8661
TX0008662,AG12,766 02 97 457,3912,in,echec,2026-06-06,98.0,USSD,8662
TX0008663,AG03,+226 718 61 98 098,1370,in,OK,2026-06-06,34.0,Agent,8663
TX0008664,AG13,+226 791 48 89 714,3333,in,Echouee,2026-06-06,83.0,Agent,8664
TX0008665,AG15,+226 742 47 10 515,11585,in,Reussie,2026-06-07,290.0,USSD,8665
TX0008666,AG07,728 78 92 565,6837,out,REUSSI,2026-06-07,68.0,USSD,8666
TX0008667,AG02,768 33 59 527,3252,in,echec,2026-06-07,81.0,Agent,8667
TX0008668,AG08,732 72 99 034,6148,out,REUSSI,2026-06-07,61.0,Agent,8668
TX0008669,AG16,7004968418,1529,in,ok,2026-06-07,38.0,USSD,8669
TX0008670,AG13,+226 710 56 90 855,5373,out,OK,2026-06-07,54.0,app,8670
TX0008671,AG06,+226 766 76 18 948,3498,out,REUSSI,2026-06-07,35.0,Agent,8671
TX0008672,AG19,+226 780 22 95 149,2880,in,OK,2026-06-07,72.0,Agent,8672
TX0008673,AG06,+226 766 29 49 277,488,out,echec,2026-06-07,5.0,app,8673
TX0008674,AG08,+226 748 88 47 339,3150,in,echec,2026-06-08,79.0,USSD,8674
TX0008675,AG03,+226 784 04 28 484,1943,in,ok,2026-06-08,49.0,USSD,8675
TX0008676,AG13,+226 747 00 58 048,6805,out,OK,2026-06-08,68.0,Agent,8676
TX0008677,AG12,7559671981,1502,out,OK,2026-06-08,15.0,Agent,8677
TX0008678,AG19,740 96 44 028,13879,in,Reussie,2026-06-08,347.0,USSD,8678
TX0008679,AG13,748 73 18 356,4525,in,Reussie,2026-06-08,113.0,USSD,8679
TX0008680,AG11,793 29 13 003,951,out,echec,2026-06-08,10.0,app,8680
TX0008681,AG18,781 88 82 529,2487,in,OK,2026-06-08,62.0,Agent,8681
TX0008682,AG04,724 04 54 868,8458,in,ok,2026-06-08,211.0,Agent,8682
TX0008683,AG03,703 14 73 466,1708,out,REUSSI,2026-06-08,17.0,Agent,8683
TX0008684,AG05,7963625051,2704,in,Echouee,2026-06-08,68.0,USSD,8684
TX0008685,AG17,+226 714 33 64 977,3043,in,echec,2026-06-08,76.0,app,8685
TX0008686,AG10,7361095421,1189,out,ok,2026-06-08,12.0,USSD,8686
TX0008687,AG01,+226 738 99 86 428,7294,out,Reussie,2026-06-08,73.0,Agent,8687
TX0008688,AG04,779 10 79 071,11531,in,Echouee,2026-06-08,288.0,Agent,8688
TX0008689,AG01,+226 721 04 44 166,15514,in,REUSSI,2026-06-08,388.0,Agent,8689
TX0008690,AG16,729 18 94 203,5896,in,ok,2026-06-08,147.0,USSD,8690
TX0008691,AG09,740 92 47 742,2487,out,OK,2026-06-08,25.0,Agent,8691
TX0008692,AG11,+226 787 38 62 946,7789,in,OK,2026-06-08,195.0,USSD,8692
TX0008693,AG19,761 93 48 276,10629,out,OK,2026-06-08,106.0,USSD,8693
TX0008694,AG19,7189850678,1018,in,OK,2026-06-08,25.0,Agent,8694
TX0008695,AG10,+226 728 88 91 992,480,in,OK,2026-06-08,12.0,Agent,8695
TX0008696,AG13,+226 702 09 13 566,3535,in,Reussie,2026-06-08,88.0,app,8696
TX0008697,AG12,+226 748 39 06 521,4570,out,OK,2026-06-08,46.0,Agent,8697
TX0008698,AG05,730 92 61 148,7710,out,echec,2026-06-08,77.0,Agent,8698
TX0008699,AG02,7927283120,1761,in,OK,2026-06-08,44.0,Agent,8699
TX0008700,AG07,7415261350,3297,out,ok,2026-06-08,33.0,Agent,8700
TX0008701,AG03,770 07 12 374,3643,out,REUSSI,2026-06-08,36.0,Agent,8701
TX0008702,AG04,756 76 98 043,4586,in,Reussie,2026-06-08,115.0,USSD,8702
TX0008703,AG14,7492649344,566,in,echec,2026-06-08,14.0,Agent,8703
TX0008704,AG16,+226 703 62 20 720,3531,out,OK,2026-06-08,35.0,USSD,8704
TX0008705,AG18,782 61 14 385,5463,out,ok,2026-06-08,55.0,Agent,8705
TX0008706,AG14,+226 732 93 54 237,3096,in,echec,2026-06-08,77.0,Agent,8706
TX0008707,AG15,+226 725 06 30 881,468,out,OK,2026-06-08,5.0,Agent,8707
TX0008708,AG15,713 81 59 780,3121,in,ok,2026-06-08,78.0,USSD,8708
TX0008709,AG18,773 83 63 473,1257,out,OK,2026-06-08,13.0,USSD,8709
TX0008710,AG19,7683264264,2414,in,Reussie,2026-06-08,60.0,USSD,8710
TX0008711,AG05,7813296282,7263,in,Reussie,2026-06-08,182.0,app,8711
TX0008712,AG02,+226 734 97 18 685,789,in,Echouee,2026-06-08,20.0,USSD,8712
TX0008713,AG17,779 35 90 934,1755,in,OK,2026-06-08,44.0,Agent,8713
TX0008714,AG07,+226 735 75 39 740,9990,in,Echouee,2026-06-08,250.0,Agent,8714
TX0008715,AG20,734 36 50 538,4156,in,echec,2026-06-08,104.0,USSD,8715
TX0008716,AG11,781 72 40 228,3976,in,OK,2026-06-08,99.0,Agent,8716
TX0008717,AG13,770 18 16 738,1098,in,ok,2026-06-08,27.0,app,8717
TX0008718,AG07,+226 722 98 71 057,642,out,Reussie,2026-06-08,6.0,USSD,8718
TX0008719,AG01,+226 722 04 89 927,610,out,OK,2026-06-08,6.0,USSD,8719
TX0008720,AG03,7629797858,4312,in,REUSSI,2026-06-08,108.0,Agent,8720
TX0008721,AG12,742 84 61 830,1784,out,Reussie,2026-06-08,18.0,USSD,8721
TX0008722,AG01,+226 789 28 42 478,1875,in,Echouee,2026-06-08,47.0,USSD,8722
TX0008723,AG05,7515213843,1654,out,OK,2026-06-08,17.0,Agent,8723
TX0008724,AG17,+226 771 69 83 124,6261,out,ok,2026-06-08,63.0,Agent,8724
TX0008725,AG19,+226 770 02 00 522,6157,out,Reussie,2026-06-08,62.0,Agent,8725
TX0008726,AG08,7739207045,2384,in,REUSSI,2026-06-08,60.0,USSD,8726
TX0008727,AG03,792 44 26 078,2633,out,OK,2026-06-08,26.0,USSD,8727
TX0008728,AG08,735 29 36 105,815,out,Echouee,2026-06-08,8.0,Agent,8728
TX0008729,AG06,7592882929,2319,in,REUSSI,2026-06-08,58.0,USSD,8729
TX0008730,AG04,716 71 39 288,2134,in,echec,2026-06-08,53.0,USSD,8730
TX0008731,AG20,739 47 77 860,580,out,ok,2026-06-08,6.0,USSD,8731
TX0008732,AG16,7168081758,11046,in,ok,2026-06-08,276.0,Agent,8732
TX0008733,AG06,760 60 44 013,4907,in,Reussie,2026-06-08,123.0,Agent,8733
TX0008734,AG13,701 03 94 847,488,in,Reussie,2026-06-08,12.0,USSD,8734
TX0008735,AG07,+226 737 80 51 986,3434,out,OK,2026-06-08,34.0,Agent,8735
TX0008736,AG19,7367931755,1577,in,ok,2026-06-08,39.0,Agent,8736
TX0008737,AG02,+226 710 02 14 768,4483,out,Reussie,2026-06-08,45.0,USSD,8737
TX0008738,AG08,7246552169,4190,in,Reussie,2026-06-08,105.0,USSD,8738
TX0008739,AG12,777 55 68 947,6317,in,ok,2026-06-08,158.0,Agent,8739
TX0008740,AG07,728 35 55 744,838,in,REUSSI,2026-06-08,21.0,Agent,8740
TX0008741,AG01,+226 705 28 68 616,7022,in,OK,2026-06-08,176.0,Agent,8741
TX0008742,AG06,+226 796 67 81 979,600,in,OK,2026-06-08,15.0,USSD,8742
TX0008743,AG07,748 18 76 603,1381,in,echec,2026-06-08,35.0,USSD,8743
TX0008744,AG14,735 11 60 098,2527,in,REUSSI,2026-06-08,63.0,Agent,8744
TX0008745,AG20,787 12 14 351,1200,in,ok,2026-06-08,30.0,Agent,8745
TX0008746,AG02,+226 790 36 34 082,500,in,Echouee,2026-06-08,12.0,Agent,8746
TX0008747,AG01,7686262984,6257,in,OK,2026-06-08,156.0,Agent,8747
TX0008748,AG11,792 82 92 335,1217,in,REUSSI,2026-06-08,30.0,USSD,8748
TX0008749,AG07,7248443322,4110,out,Reussie,2026-06-08,41.0,USSD,8749
TX0008750,AG01,+226 717 74 08 920,7149,out,OK,2026-06-08,71.0,Agent,8750
TX0008751,AG03,7357182202,1801,in,ok,2026-06-08,45.0,USSD,8751
TX0008752,AG05,799 80 02 534,2780,out,ok,2026-06-08,28.0,Agent,8752
TX0008753,AG02,716 74 65 827,278,out,REUSSI,2026-06-08,3.0,Agent,8753
TX0008754,AG10,+226 720 76 89 133,854,out,REUSSI,2026-06-08,9.0,Agent,8754
TX0008755,AG08,737 59 57 102,234,out,OK,2026-06-09,2.0,Agent,8755
TX0008756,AG07,+226 750 62 40 615,1570,in,Echouee,2026-06-09,39.0,Agent,8756
TX0008757,AG09,7149762479,1855,out,ok,2026-06-09,19.0,USSD,8757
TX0008758,AG05,+226 755 64 35 225,557,out,REUSSI,2026-06-09,6.0,Agent,8758
TX0008759,AG09,700 09 84 439,6668,in,OK,2026-06-09,167.0,USSD,8759
TX0008760,AG06,7149537367,8835,out,Reussie,2026-06-09,88.0,Agent,8760
TX0008761,AG10,7007243059,1206,in,echec,2026-06-09,30.0,app,8761
TX0008762,AG14,794 62 34 158,3687,in,OK,2026-06-09,92.0,Agent,8762
TX0008763,AG01,717 74 70 981,2616,in,echec,2026-06-09,65.0,Agent,8763
TX0008764,AG07,+226 713 52 26 799,11096,in,Reussie,2026-06-09,277.0,Agent,8764
TX0008765,AG19,776 35 62 577,4033,in,Reussie,2026-06-09,101.0,Agent,8765
TX0008766,AG10,700 71 09 090,1572,in,REUSSI,2026-06-09,39.0,app,8766
TX0008767,AG15,703 19 55 909,2263,in,ok,2026-06-09,57.0,USSD,8767
TX0008768,AG06,+226 711 89 62 758,4512,out,REUSSI,2026-06-09,45.0,USSD,8768
TX0008769,AG14,7453794690,9001,out,ok,2026-06-09,90.0,Agent,8769
TX0008770,AG11,791 00 04 512,1752,out,ok,2026-06-09,18.0,USSD,8770
TX0008771,AG13,+226 793 45 23 347,1948,out,REUSSI,2026-06-09,19.0,Agent,8771
TX0008772,AG19,+226 710 26 52 273,3718,out,OK,2026-06-09,37.0,Agent,8772
TX0008773,AG18,+226 754 80 36 799,328,out,OK,2026-06-09,3.0,Agent,8773
TX0008774,AG14,735 77 41 647,6664,in,echec,2026-06-09,167.0,USSD,8774
TX0008775,AG12,746 21 64 851,2692,out,Reussie,2026-06-09,27.0,USSD,8775
TX0008776,AG01,+226 772 08 57 535,3752,in,Echouee,2026-06-09,94.0,app,8776
TX0008777,AG06,750 12 10 123,620,out,Reussie,2026-06-09,6.0,Agent,8777
TX0008778,AG03,777 40 04 626,2280,out,OK,2026-06-09,23.0,Agent,8778
TX0008779,AG12,7183366467,2465,in,REUSSI,2026-06-09,62.0,app,8779
TX0008780,AG07,720 60 16 795,1532,in,Reussie,2026-06-09,38.0,USSD,8780
TX0008781,AG13,+226 763 06 18 707,365,in,ok,2026-06-09,9.0,app,8781
TX0008782,AG15,+226 765 98 53 438,2826,in,Reussie,2026-06-09,71.0,USSD,8782
TX0008783,AG18,7360801718,403,in,Reussie,2026-06-09,10.0,USSD,8783
TX0008784,AG01,756 94 35 961,1216,out,Reussie,2026-06-09,12.0,Agent,8784
TX0008785,AG17,752 18 16 705,618,in,ok,2026-06-09,15.0,Agent,8785
TX0008786,AG05,766 49 69 976,785,out,Reussie,2026-06-09,8.0,USSD,8786
TX0008787,AG05,+226 758 29 13 821,841,in,Reussie,2026-06-09,21.0,USSD,8787
TX0008788,AG15,775 79 44 916,6553,out,ok,2026-06-09,66.0,USSD,8788
TX0008789,AG06,+226 714 55 31 020,3619,in,ok,2026-06-09,90.0,USSD,8789
TX0008790,AG18,752 80 73 125,1217,out,Reussie,2026-06-09,12.0,USSD,8790
TX0008791,AG07,7541106066,1769,out,ok,2026-06-09,18.0,USSD,8791
TX0008792,AG14,741 80 41 200,2249,in,Echouee,2026-06-09,56.0,USSD,8792
TX0008793,AG16,+226 707 69 43 057,1160,out,echec,2026-06-09,12.0,Agent,8793
TX0008794,AG20,724 96 48 662,3984,out,Reussie,2026-06-09,40.0,USSD,8794
TX0008795,AG02,7721761304,3202,out,Echouee,2026-06-09,32.0,Agent,8795
TX0008796,AG19,725 76 57 612,1068,out,REUSSI,2026-06-09,11.0,Agent,8796
TX0008797,AG18,717 33 85 129,1158,out,Reussie,2026-06-09,12.0,USSD,8797
TX0008798,AG07,783 88 62 695,7414,in,REUSSI,2026-06-09,185.0,USSD,8798
TX0008799,AG02,721 89 91 861,6656,in,REUSSI,2026-06-09,166.0,Agent,8799
TX0008800,AG13,+226 703 65 47 671,3502,in,REUSSI,2026-06-09,88.0,USSD,8800
TX0008801,AG07,7485428173,1107,out,OK,2026-06-09,11.0,Agent,8801
TX0008802,AG14,745 48 17 629,1891,out,OK,2026-06-09,19.0,Agent,8802
TX0008803,AG10,+226 746 84 54 031,1914,out,OK,2026-06-09,19.0,Agent,8803
TX0008804,AG14,+226 715 49 20 453,3039,out,REUSSI,2026-06-09,30.0,Agent,8804
TX0008805,AG15,702 88 38 253,14283,in,ok,2026-06-09,357.0,USSD,8805
TX0008806,AG01,754 41 56 757,7909,in,Reussie,2026-06-09,198.0,Agent,8806
TX0008807,AG19,+226 746 01 66 445,1444,out,Reussie,2026-06-09,14.0,Agent,8807
TX0008808,AG02,779 50 82 690,3673,in,Echouee,2026-06-09,92.0,Agent,8808
TX0008809,AG16,751 50 14 270,509,in,OK,2026-06-09,13.0,USSD,8809
TX0008810,AG13,+226 777 50 98 983,4695,out,echec,2026-06-09,47.0,USSD,8810
TX0008811,AG10,+226 715 66 18 626,1157,out,REUSSI,2026-06-09,12.0,USSD,8811
TX0008812,AG18,790 46 71 137,5834,in,Echouee,2026-06-09,146.0,USSD,8812
TX0008813,AG02,+226 762 71 01 307,3298,in,OK,2026-06-09,82.0,Agent,8813
TX0008814,AG04,+226 736 07 84 801,2420,in,REUSSI,2026-06-09,60.0,USSD,8814
TX0008815,AG04,+226 729 88 35 901,1840,in,echec,2026-06-09,46.0,Agent,8815
TX0008816,AG07,748 74 74 041,1701,in,Echouee,2026-06-09,43.0,Agent,8816
TX0008817,AG12,7288122259,4278,in,echec,2026-06-09,107.0,Agent,8817
TX0008818,AG19,+226 780 87 58 508,13592,out,ok,2026-06-09,136.0,Agent,8818
TX0008819,AG20,753 63 47 600,2877,out,OK,2026-06-09,29.0,USSD,8819
TX0008820,AG08,780 25 23 239,517,out,OK,2026-06-09,5.0,Agent,8820
TX0008821,AG18,+226 766 25 50 276,8679,out,Reussie,2026-06-09,87.0,Agent,8821
TX0008822,AG02,795 37 86 586,4885,in,REUSSI,2026-06-09,122.0,app,8822
TX0008823,AG14,7433402478,2496,in,Echouee,2026-06-09,62.0,Agent,8823
TX0008824,AG20,798 12 00 059,9788,in,ok,2026-06-09,245.0,Agent,8824
TX0008825,AG03,+226 725 75 51 426,12438,out,REUSSI,2026-06-09,124.0,Agent,8825
TX0008826,AG13,+226 759 29 30 932,2202,in,REUSSI,2026-06-10,55.0,app,8826
TX0008827,AG07,757 30 22 357,409,in,OK,2026-06-10,10.0,USSD,8827
TX0008828,AG07,711 68 91 407,5674,in,ok,2026-06-10,142.0,USSD,8828
TX0008829,AG04,+226 741 52 65 067,9071,in,ok,2026-06-10,227.0,USSD,8829
TX0008830,AG20,7403962904,2874,out,ok,2026-06-10,29.0,USSD,8830
TX0008831,AG11,+226 727 76 83 839,1295,in,Reussie,2026-06-10,32.0,Agent,8831
TX0008832,AG07,701 35 74 205,7934,in,REUSSI,2026-06-10,198.0,USSD,8832
TX0008833,AG16,+226 705 56 08 798,1915,in,Reussie,2026-06-10,48.0,USSD,8833
TX0008834,AG10,+226 797 26 71 400,534,out,REUSSI,2026-06-10,5.0,Agent,8834
TX0008835,AG07,7670846003,3807,in,OK,2026-06-10,95.0,app,8835
TX0008836,AG07,712 29 41 910,2416,in,REUSSI,2026-06-10,60.0,Agent,8836
TX0008837,AG07,+226 766 02 60 391,378,out,Echouee,2026-06-10,4.0,USSD,8837
TX0008838,AG09,+226 746 14 56 488,5340,in,OK,2026-06-10,134.0,USSD,8838
TX0008839,AG13,+226 798 92 97 845,2523,out,OK,2026-06-10,25.0,app,8839
TX0008840,AG09,7767373790,3227,out,OK,2026-06-10,32.0,USSD,8840
TX0008841,AG19,7009042632,9178,out,Reussie,2026-06-10,92.0,Agent,8841
TX0008842,AG15,746 01 27 421,2597,out,Reussie,2026-06-10,26.0,Agent,8842
TX0008843,AG06,+226 785 80 67 218,1453,in,OK,2026-06-10,36.0,USSD,8843
TX0008844,AG10,+226 780 44 54 064,6897,in,OK,2026-06-10,172.0,Agent,8844
TX0008845,AG12,763 36 87 089,752,in,Reussie,2026-06-10,19.0,USSD,8845
TX0008846,AG15,+226 765 18 93 079,997,in,REUSSI,2026-06-10,25.0,Agent,8846
TX0008847,AG06,+226 724 05 36 051,935,out,Reussie,2026-06-10,9.0,USSD,8847
TX0008848,AG07,779 67 00 982,2621,in,OK,2026-06-10,66.0,Agent,8848
TX0008849,AG13,711 51 41 964,6221,out,Reussie,2026-06-10,62.0,USSD,8849
TX0008850,AG07,+226 724 41 79 582,1224,in,ok,2026-06-10,31.0,app,8850
TX0008851,AG09,+226 725 84 12 211,5117,out,ok,2026-06-10,51.0,Agent,8851
TX0008852,AG08,7940096880,495,in,OK,2026-06-10,12.0,Agent,8852
TX0008853,AG07,+226 750 26 45 621,1678,in,ok,2026-06-10,42.0,USSD,8853
TX0008854,AG13,740 11 14 725,4611,in,REUSSI,2026-06-10,115.0,USSD,8854
TX0008855,AG08,7753565010,790,in,ok,2026-06-10,20.0,Agent,8855
TX0008856,AG02,+226 746 87 52 925,2763,in,Echouee,2026-06-10,69.0,Agent,8856
TX0008857,AG19,+226 795 90 68 122,1397,in,REUSSI,2026-06-10,35.0,app,8857
TX0008858,AG08,799 57 00 145,793,in,echec,2026-06-10,20.0,USSD,8858
TX0008859,AG06,+226 736 87 04 483,1830,out,OK,2026-06-10,18.0,app,8859
TX0008860,AG06,+226 718 62 38 472,2405,out,ok,2026-06-10,24.0,USSD,8860
TX0008861,AG14,7666583981,2429,in,echec,2026-06-10,61.0,Agent,8861
TX0008862,AG15,+226 709 43 01 737,3883,in,Reussie,2026-06-10,97.0,app,8862
TX0008863,AG17,7352279743,2201,out,echec,2026-06-10,22.0,Agent,8863
TX0008864,AG07,+226 709 10 84 110,6251,in,OK,2026-06-10,156.0,USSD,8864
TX0008865,AG07,7376280687,5975,out,REUSSI,2026-06-10,60.0,USSD,8865
TX0008866,AG08,+226 766 88 69 008,2396,out,ok,2026-06-10,24.0,USSD,8866
TX0008867,AG08,741 20 23 237,2172,out,REUSSI,2026-06-10,22.0,USSD,8867
TX0008868,AG07,+226 778 95 01 236,1770,in,ok,2026-06-10,44.0,USSD,8868
TX0008869,AG08,+226 756 85 82 610,5506,in,ok,2026-06-10,138.0,USSD,8869
TX0008870,AG19,7301594008,727,in,OK,2026-06-10,18.0,USSD,8870
TX0008871,AG05,740 24 58 764,957,in,OK,2026-06-10,24.0,Agent,8871
TX0008872,AG15,+226 719 76 91 507,2776,in,Reussie,2026-06-10,69.0,USSD,8872
TX0008873,AG04,709 05 22 743,1488,in,ok,2026-06-10,37.0,USSD,8873
TX0008874,AG12,+226 732 62 58 710,4652,out,OK,2026-06-10,47.0,USSD,8874
TX0008875,AG13,7032880986,1469,in,Reussie,2026-06-10,37.0,USSD,8875
TX0008876,AG20,774 41 55 957,626,out,REUSSI,2026-06-10,6.0,USSD,8876
TX0008877,AG02,+226 712 22 24 709,1235,in,ok,2026-06-10,31.0,USSD,8877
TX0008878,AG11,+226 712 35 97 437,1266,in,Reussie,2026-06-10,32.0,USSD,8878
TX0008879,AG06,739 04 37 854,1854,out,ok,2026-06-10,19.0,Agent,8879
TX0008880,AG19,716 41 20 078,223,in,OK,2026-06-10,6.0,app,8880
TX0008881,AG17,716 12 32 829,1067,in,ok,2026-06-10,27.0,USSD,8881
TX0008882,AG07,+226 796 60 58 486,1534,out,Reussie,2026-06-10,15.0,Agent,8882
TX0008883,AG15,731 06 96 608,2363,out,Reussie,2026-06-10,24.0,USSD,8883
TX0008884,AG08,726 08 58 431,2344,in,ok,2026-06-10,59.0,Agent,8884
TX0008885,AG06,+226 714 56 74 665,2462,in,Echouee,2026-06-10,62.0,USSD,8885
TX0008886,AG08,+226 708 73 21 520,5552,in,Reussie,2026-06-10,139.0,Agent,8886
TX0008887,AG18,747 31 68 925,6578,in,ok,2026-06-11,164.0,Agent,8887
TX0008888,AG14,+226 792 18 88 886,1492,in,REUSSI,2026-06-11,37.0,Agent,8888
TX0008889,AG02,799 01 44 968,3518,out,Echouee,2026-06-11,35.0,USSD,8889
TX0008890,AG12,735 90 95 138,965,out,OK,2026-06-11,10.0,Agent,8890
TX0008891,AG19,7783502324,18560,out,Reussie,2026-06-11,186.0,USSD,8891
TX0008892,AG13,7957688703,1110,out,echec,2026-06-11,11.0,Agent,8892
TX0008893,AG09,+226 725 32 09 502,1423,in,Reussie,2026-06-11,36.0,app,8893
TX0008894,AG04,741 69 21 908,4777,in,OK,2026-06-11,119.0,Agent,8894
TX0008895,AG19,725 79 16 385,6975,in,ok,2026-06-11,174.0,USSD,8895
TX0008896,AG09,793 83 22 942,4364,in,Reussie,2026-06-11,109.0,Agent,8896
TX0008897,AG01,7794901334,1022,in,OK,2026-06-11,26.0,USSD,8897
TX0008898,AG17,7407488952,2146,out,ok,2026-06-11,21.0,Agent,8898
TX0008899,AG09,+226 723 80 54 951,6327,out,Echouee,2026-06-11,63.0,USSD,8899
TX0008900,AG08,7507853162,1536,in,REUSSI,2026-06-11,38.0,USSD,8900
TX0008901,AG16,+226 708 19 08 570,4151,in,Reussie,2026-06-11,104.0,Agent,8901
TX0008902,AG01,7997344740,1028,in,OK,2026-06-11,26.0,Agent,8902
TX0008903,AG05,+226 783 99 70 652,7366,out,Echouee,2026-06-11,74.0,Agent,8903
TX0008904,AG16,+226 709 51 27 033,1368,in,Reussie,2026-06-11,34.0,USSD,8904
TX0008905,AG04,756 03 33 625,5146,out,echec,2026-06-11,51.0,Agent,8905
TX0008906,AG16,+226 757 12 34 341,1100,in,OK,2026-06-11,28.0,Agent,8906
TX0008907,AG07,7452265888,744,in,ok,2026-06-11,19.0,USSD,8907
TX0008908,AG12,7591872422,4966,in,REUSSI,2026-06-11,124.0,USSD,8908
TX0008909,AG08,785 42 91 234,1212,in,Echouee,2026-06-11,30.0,Agent,8909
TX0008910,AG08,703 36 34 348,2233,in,ok,2026-06-11,56.0,Agent,8910
TX0008911,AG10,722 27 35 894,1845,in,Reussie,2026-06-11,46.0,Agent,8911
TX0008912,AG10,+226 726 31 82 024,728,in,ok,2026-06-11,18.0,app,8912
TX0008913,AG18,712 52 25 421,1138,out,ok,2026-06-11,11.0,USSD,8913
TX0008914,AG05,+226 779 91 33 011,4431,in,REUSSI,2026-06-11,111.0,Agent,8914
TX0008915,AG03,766 56 43 003,4719,out,echec,2026-06-11,47.0,Agent,8915
TX0008916,AG01,7298012663,3643,out,OK,2026-06-11,36.0,Agent,8916
TX0008917,AG04,750 16 83 136,1815,in,OK,2026-06-11,45.0,Agent,8917
TX0008918,AG06,+226 706 71 33 973,5669,in,ok,2026-06-11,142.0,Agent,8918
TX0008919,AG09,798 38 17 299,5751,out,REUSSI,2026-06-11,58.0,USSD,8919
TX0008920,AG20,787 60 46 314,938,in,OK,2026-06-11,23.0,USSD,8920
TX0008921,AG02,7334476343,2836,in,REUSSI,2026-06-11,71.0,USSD,8921
TX0008922,AG07,+226 735 44 09 665,7347,in,Echouee,2026-06-11,184.0,Agent,8922
TX0008923,AG14,+226 723 38 93 294,2896,in,OK,2026-06-11,72.0,Agent,8923
TX0008924,AG08,+226 751 57 22 545,3258,in,OK,2026-06-11,81.0,USSD,8924
TX0008925,AG13,781 22 61 349,1025,out,ok,2026-06-11,10.0,USSD,8925
TX0008926,AG02,+226 734 18 21 238,1153,in,Reussie,2026-06-11,29.0,Agent,8926
TX0008927,AG14,717 81 30 791,11876,out,Reussie,2026-06-11,119.0,app,8927
TX0008928,AG02,+226 705 53 29 998,3566,out,OK,2026-06-11,36.0,Agent,8928
TX0008929,AG19,7340982600,11485,out,ok,2026-06-11,115.0,USSD,8929
TX0008930,AG10,+226 738 91 60 564,3896,out,Reussie,2026-06-11,39.0,app,8930
TX0008931,AG01,+226 757 48 39 900,1033,out,Reussie,2026-06-11,10.0,USSD,8931
TX0008932,AG10,+226 737 70 35 255,2896,in,Reussie,2026-06-11,72.0,USSD,8932
TX0008933,AG01,7707622101,6924,out,REUSSI,2026-06-11,69.0,Agent,8933
TX0008934,AG09,+226 732 91 27 519,1083,in,Reussie,2026-06-11,27.0,Agent,8934
TX0008935,AG14,+226 741 64 67 033,7494,out,Echouee,2026-06-11,75.0,USSD,8935
TX0008936,AG10,+226 798 76 57 646,3111,in,REUSSI,2026-06-11,78.0,USSD,8936
TX0008937,AG14,+226 775 85 73 506,6063,out,Reussie,2026-06-11,61.0,Agent,8937
TX0008938,AG15,728 01 48 641,4685,in,ok,2026-06-12,117.0,USSD,8938
TX0008939,AG17,+226 748 36 70 405,4915,in,Reussie,2026-06-12,123.0,Agent,8939
TX0008940,AG15,+226 782 94 08 520,9332,in,Reussie,2026-06-12,233.0,app,8940
TX0008941,AG16,+226 763 40 27 136,8147,in,ok,2026-06-12,204.0,USSD,8941
TX0008942,AG08,752 15 11 930,1895,out,echec,2026-06-12,19.0,Agent,8942
TX0008943,AG10,749 32 98 233,3272,in,OK,2026-06-12,82.0,USSD,8943
TX0008944,AG10,790 16 62 933,674,out,Reussie,2026-06-12,7.0,Agent,8944
TX0008945,AG08,+226 724 74 51 157,2765,in,OK,2026-06-12,69.0,app,8945
TX0008946,AG06,761 52 42 887,2138,in,OK,2026-06-12,53.0,Agent,8946
TX0008947,AG08,730 11 13 920,1305,out,echec,2026-06-12,13.0,app,8947
TX0008948,AG09,7042454880,3195,out,REUSSI,2026-06-12,32.0,USSD,8948
TX0008949,AG08,735 24 96 413,9469,in,OK,2026-06-12,237.0,USSD,8949
TX0008950,AG10,748 63 44 795,1357,in,REUSSI,2026-06-12,34.0,USSD,8950
TX0008951,AG05,712 22 05 052,7989,out,ok,2026-06-12,80.0,Agent,8951
TX0008952,AG16,738 69 17 868,1080,in,Reussie,2026-06-12,27.0,USSD,8952
TX0008953,AG14,749 79 13 166,3056,out,Reussie,2026-06-12,31.0,USSD,8953
TX0008954,AG20,+226 765 09 31 120,2468,in,OK,2026-06-12,62.0,Agent,8954
TX0008955,AG01,+226 713 58 75 744,1413,in,OK,2026-06-12,35.0,Agent,8955
TX0008956,AG01,+226 735 71 21 679,2393,in,OK,2026-06-12,60.0,app,8956
TX0008957,AG13,795 54 72 811,14331,out,Reussie,2026-06-12,143.0,Agent,8957
TX0008958,AG14,704 36 19 047,1355,in,Echouee,2026-06-12,34.0,USSD,8958
TX0008959,AG08,702 17 30 878,771,in,Echouee,2026-06-12,19.0,Agent,8959
TX0008960,AG05,739 68 53 381,2911,out,ok,2026-06-12,29.0,Agent,8960
TX0008961,AG03,7032242518,3683,out,OK,2026-06-12,37.0,Agent,8961
TX0008962,AG15,766 56 68 965,1315,in,REUSSI,2026-06-12,33.0,Agent,8962
TX0008963,AG06,756 20 03 367,5190,in,ok,2026-06-12,130.0,Agent,8963
TX0008964,AG14,7010452924,1309,in,OK,2026-06-12,33.0,Agent,8964
TX0008965,AG10,7554322752,4018,in,OK,2026-06-12,100.0,Agent,8965
TX0008966,AG10,+226 705 97 91 565,1116,in,Reussie,2026-06-12,28.0,Agent,8966
TX0008967,AG06,712 90 97 585,3811,in,Reussie,2026-06-12,95.0,USSD,8967
TX0008968,AG13,+226 736 66 78 797,18371,in,Reussie,2026-06-12,459.0,Agent,8968
TX0008969,AG05,7719934854,1550,in,ok,2026-06-12,39.0,USSD,8969
TX0008970,AG01,779 08 43 393,846,out,Reussie,2026-06-12,8.0,USSD,8970
TX0008971,AG05,736 51 54 800,652,in,REUSSI,2026-06-12,16.0,USSD,8971
TX0008972,AG07,713 97 99 088,4806,out,Reussie,2026-06-12,48.0,Agent,8972
TX0008973,AG10,+226 786 23 61 205,3343,in,ok,2026-06-12,84.0,Agent,8973
TX0008974,AG10,+226 730 31 42 771,7633,in,Echouee,2026-06-12,191.0,Agent,8974
TX0008975,AG01,783 52 19 528,3003,out,Reussie,2026-06-12,30.0,Agent,8975
TX0008976,AG14,+226 713 60 97 648,3840,in,Reussie,2026-06-12,96.0,USSD,8976
TX0008977,AG03,7824403673,1114,out,Reussie,2026-06-12,11.0,USSD,8977
TX0008978,AG16,+226 721 92 69 546,2600,out,REUSSI,2026-06-12,26.0,USSD,8978
TX0008979,AG13,700 61 92 141,1937,in,Echouee,2026-06-12,48.0,Agent,8979
TX0008980,AG18,+226 777 37 37 718,1236,in,Echouee,2026-06-12,31.0,Agent,8980
TX0008981,AG06,7409655300,3221,in,REUSSI,2026-06-12,81.0,Agent,8981
TX0008982,AG17,+226 747 30 51 996,4070,out,ok,2026-06-12,41.0,USSD,8982
TX0008983,AG17,+226 745 28 01 651,7825,in,ok,2026-06-12,196.0,USSD,8983
TX0008984,AG02,+226 792 28 31 474,2244,in,REUSSI,2026-06-12,56.0,USSD,8984
TX0008985,AG20,751 64 14 425,372,in,ok,2026-06-12,9.0,Agent,8985
TX0008986,AG14,+226 770 20 56 530,21440,in,Reussie,2026-06-12,536.0,Agent,8986
TX0008987,AG01,+226 732 91 76 916,1829,in,echec,2026-06-12,46.0,app,8987
TX0008988,AG20,+226 794 09 26 608,2096,in,Reussie,2026-06-12,52.0,Agent,8988
TX0008989,AG06,7633585143,4575,in,Reussie,2026-06-12,114.0,Agent,8989
TX0008990,AG01,7440351633,8911,out,ok,2026-06-12,89.0,Agent,8990
TX0008991,AG18,713 42 58 965,6610,in,REUSSI,2026-06-12,165.0,USSD,8991
TX0008992,AG12,7307060241,2124,in,Reussie,2026-06-12,53.0,Agent,8992
TX0008993,AG20,749 37 91 559,4514,out,Echouee,2026-06-12,45.0,Agent,8993
TX0008994,AG02,7847520490,1516,in,ok,2026-06-12,38.0,Agent,8994
TX0008995,AG08,732 26 10 769,4145,in,OK,2026-06-12,104.0,Agent,8995
TX0008996,AG03,722 28 54 737,5779,in,Reussie,2026-06-12,144.0,Agent,8996
TX0008997,AG03,743 85 19 701,15692,in,OK,2026-06-12,392.0,USSD,8997
TX0008998,AG11,7489795570,4643,out,ok,2026-06-12,46.0,app,8998
TX0008999,AG19,+226 726 57 60 927,1083,out,echec,2026-06-12,11.0,Agent,8999
TX0009000,AG06,+226 719 90 43 932,1170,in,OK,2026-06-12,29.0,Agent,9000
TX0009001,AG10,7099778117,8733,in,Reussie,2026-06-12,218.0,app,9001
TX0009002,AG15,+226 747 90 94 418,15798,in,OK,2026-06-12,395.0,app,9002
TX0009003,AG17,736 66 63 884,6498,out,REUSSI,2026-06-12,65.0,Agent,9003
TX0009004,AG03,+226 709 09 55 071,2240,in,ok,2026-06-12,56.0,USSD,9004
TX0009005,AG17,706 90 27 266,5796,out,OK,2026-06-12,58.0,USSD,9005
TX0009006,AG03,716 73 10 560,2960,out,OK,2026-06-12,30.0,USSD,9006
TX0009007,AG05,+226 767 41 68 520,4255,in,OK,2026-06-12,106.0,USSD,9007
TX0009008,AG06,725 65 06 723,1954,out,OK,2026-06-12,20.0,app,9008
TX0009009,AG04,7773435401,7130,in,Reussie,2026-06-12,178.0,Agent,9009
TX0009010,AG15,+226 732 55 93 449,2954,in,echec,2026-06-12,74.0,Agent,9010
TX0009011,AG01,790 16 14 476,1938,out,ok,2026-06-12,19.0,USSD,9011
TX0009012,AG13,743 89 05 257,1873,out,OK,2026-06-13,19.0,USSD,9012
TX0009013,AG13,7824698632,21768,out,echec,2026-06-13,218.0,Agent,9013
TX0009014,AG08,+226 796 75 15 103,5105,out,Reussie,2026-06-13,51.0,Agent,9014
TX0009015,AG16,7736901996,2564,in,ok,2026-06-13,64.0,USSD,9015
TX0009016,AG13,786 56 00 622,547,out,REUSSI,2026-06-13,5.0,Agent,9016
TX0009017,AG02,712 22 12 687,1815,in,echec,2026-06-13,45.0,Agent,9017
TX0009018,AG10,789 47 33 490,1298,in,Reussie,2026-06-13,32.0,Agent,9018
TX0009019,AG17,714 75 47 752,1331,out,OK,2026-06-13,13.0,Agent,9019
TX0009020,AG10,750 45 38 964,1476,in,ok,2026-06-13,37.0,Agent,9020
TX0009021,AG17,+226 777 65 40 469,6215,in,OK,2026-06-13,155.0,Agent,9021
TX0009022,AG14,+226 727 07 63 359,942,in,Reussie,2026-06-13,24.0,Agent,9022
TX0009023,AG08,724 92 07 248,3407,out,ok,2026-06-13,34.0,USSD,9023
TX0009024,AG06,+226 718 63 17 805,1479,out,Reussie,2026-06-13,15.0,USSD,9024
TX0009025,AG19,+226 733 95 07 612,5441,out,REUSSI,2026-06-13,54.0,USSD,9025
TX0009026,AG07,7010535045,3311,in,Reussie,2026-06-13,83.0,Agent,9026
TX0009027,AG07,768 08 93 320,1233,in,OK,2026-06-13,31.0,Agent,9027
TX0009028,AG15,721 67 55 580,45031,in,REUSSI,2026-06-13,1126.0,USSD,9028
TX0009029,AG15,721 13 39 361,3226,in,Echouee,2026-06-13,81.0,Agent,9029
TX0009030,AG13,761 40 96 188,4884,out,REUSSI,2026-06-13,49.0,USSD,9030
TX0009031,AG04,793 63 34 053,4875,in,Echouee,2026-06-13,122.0,Agent,9031
TX0009032,AG14,+226 718 71 67 963,4166,in,ok,2026-06-13,104.0,USSD,9032
TX0009033,AG01,793 69 25 909,14932,in,OK,2026-06-13,373.0,USSD,9033
TX0009034,AG14,+226 783 31 52 633,52708,in,OK,2026-06-13,1318.0,USSD,9034
TX0009035,AG17,773 41 12 878,904,out,ok,2026-06-13,9.0,Agent,9035
TX0009036,AG14,+226 778 50 70 582,5757,in,OK,2026-06-13,144.0,USSD,9036
TX0009037,AG07,7102164528,813,out,OK,2026-06-13,8.0,USSD,9037
TX0009038,AG04,716 53 37 616,1196,out,Reussie,2026-06-13,12.0,USSD,9038
TX0009039,AG09,7713009897,2662,in,echec,2026-06-13,67.0,USSD,9039
TX0009040,AG16,761 01 37 392,4933,in,Echouee,2026-06-13,123.0,Agent,9040
TX0009041,AG12,750 66 38 634,1856,out,Echouee,2026-06-13,19.0,USSD,9041
TX0009042,AG07,+226 762 20 15 636,6600,in,REUSSI,2026-06-13,165.0,Agent,9042
TX0009043,AG11,714 62 51 572,1690,out,ok,2026-06-13,17.0,app,9043
TX0009044,AG18,7032157137,10296,out,Reussie,2026-06-13,103.0,Agent,9044
TX0009045,AG09,+226 742 35 58 181,11711,in,REUSSI,2026-06-13,293.0,Agent,9045
TX0009046,AG02,+226 744 55 97 835,1655,in,REUSSI,2026-06-13,41.0,Agent,9046
TX0009047,AG08,+226 779 35 74 972,1323,in,OK,2026-06-13,33.0,Agent,9047
TX0009048,AG15,+226 773 86 98 214,4487,in,OK,2026-06-13,112.0,Agent,9048
TX0009049,AG20,728 94 19 590,1650,out,OK,2026-06-13,16.0,Agent,9049
TX0009050,AG14,+226 742 70 43 505,2015,in,OK,2026-06-13,50.0,Agent,9050
TX0009051,AG01,+226 768 27 04 535,7641,out,echec,2026-06-13,76.0,Agent,9051
TX0009052,AG15,+226 704 55 79 667,3799,out,OK,2026-06-13,38.0,USSD,9052
TX0009053,AG20,733 83 18 266,2779,out,OK,2026-06-13,28.0,Agent,9053
TX0009054,AG14,7576022256,4688,out,REUSSI,2026-06-13,47.0,USSD,9054
TX0009055,AG04,739 69 67 845,7423,in,REUSSI,2026-06-13,186.0,USSD,9055
TX0009056,AG08,770 59 92 236,5425,in,REUSSI,2026-06-13,136.0,Agent,9056
TX0009057,AG13,709 25 69 651,5005,out,REUSSI,2026-06-13,50.0,USSD,9057
TX0009058,AG11,+226 777 69 04 488,1898,in,REUSSI,2026-06-13,47.0,USSD,9058
TX0009059,AG19,7004063624,1954,in,ok,2026-06-13,49.0,app,9059
TX0009060,AG07,+226 789 12 78 845,436,in,ok,2026-06-13,11.0,USSD,9060
TX0009061,AG06,7164138534,3407,out,ok,2026-06-14,34.0,Agent,9061
TX0009062,AG12,+226 762 22 59 012,7585,out,ok,2026-06-14,76.0,USSD,9062
TX0009063,AG08,707 47 63 327,14519,out,Reussie,2026-06-14,145.0,Agent,9063
TX0009064,AG01,+226 733 00 74 216,6325,in,REUSSI,2026-06-14,158.0,USSD,9064
TX0009065,AG15,+226 764 61 94 338,1058,in,Reussie,2026-06-14,26.0,USSD,9065
TX0009066,AG02,793 89 38 596,1133,out,Echouee,2026-06-14,11.0,USSD,9066
TX0009067,AG10,+226 731 53 71 622,2038,in,ok,2026-06-14,51.0,USSD,9067
TX0009068,AG03,+226 789 82 69 527,11127,in,Reussie,2026-06-14,278.0,app,9068
TX0009069,AG11,765 57 51 479,2276,out,ok,2026-06-14,23.0,Agent,9069
TX0009070,AG03,+226 745 91 50 214,1387,in,ok,2026-06-15,35.0,app,9070
TX0009071,AG08,7846937328,2576,out,OK,2026-06-15,26.0,USSD,9071
TX0009072,AG11,7036170657,911,in,Reussie,2026-06-15,23.0,Agent,9072
TX0009073,AG20,771 44 00 054,1209,in,Echouee,2026-06-15,30.0,Agent,9073
TX0009074,AG10,7174404338,2492,in,REUSSI,2026-06-15,62.0,Agent,9074
TX0009075,AG17,787 41 90 371,5983,in,OK,2026-06-15,150.0,app,9075
TX0009076,AG03,735 18 45 468,3345,in,OK,2026-06-15,84.0,Agent,9076
TX0009077,AG09,7567820486,5515,out,REUSSI,2026-06-15,55.0,USSD,9077
TX0009078,AG07,+226 720 42 40 474,1439,out,OK,2026-06-15,14.0,USSD,9078
TX0009079,AG20,7411406192,11431,in,Reussie,2026-06-15,286.0,app,9079
TX0009080,AG06,791 61 64 673,2485,in,OK,2026-06-15,62.0,Agent,9080
TX0009081,AG13,718 49 44 677,3742,out,REUSSI,2026-06-15,37.0,USSD,9081
TX0009082,AG11,7392225070,4853,out,OK,2026-06-15,49.0,USSD,9082
TX0009083,AG14,+226 782 41 48 620,2074,out,OK,2026-06-15,21.0,Agent,9083
TX0009084,AG09,747 76 70 081,1818,in,ok,2026-06-15,45.0,Agent,9084
TX0009085,AG11,771 29 00 937,3138,in,OK,2026-06-15,78.0,Agent,9085
TX0009086,AG06,+226 757 60 96 912,741,out,Echouee,2026-06-15,7.0,USSD,9086
TX0009087,AG18,754 76 34 629,6752,out,REUSSI,2026-06-15,68.0,Agent,9087
TX0009088,AG12,+226 783 86 73 648,3852,out,Reussie,2026-06-15,39.0,Agent,9088
TX0009089,AG09,+226 766 14 47 769,8093,in,REUSSI,2026-06-15,202.0,Agent,9089
TX0009090,AG05,+226 781 51 42 876,2741,out,OK,2026-06-15,27.0,USSD,9090
TX0009091,AG06,771 90 67 861,7313,out,echec,2026-06-15,73.0,USSD,9091
TX0009092,AG05,+226 770 27 54 876,7080,in,ok,2026-06-15,177.0,Agent,9092
TX0009093,AG05,776 76 44 529,793,in,OK,2026-06-15,20.0,Agent,9093
TX0009094,AG11,712 97 37 162,4742,in,OK,2026-06-15,119.0,USSD,9094
TX0009095,AG05,+226 778 25 67 534,1086,in,Reussie,2026-06-15,27.0,Agent,9095
TX0009096,AG04,7457336378,6926,out,OK,2026-06-15,69.0,Agent,9096
TX0009097,AG20,7371573466,1608,in,echec,2026-06-15,40.0,USSD,9097
TX0009098,AG11,+226 770 43 56 547,1402,in,REUSSI,2026-06-15,35.0,Agent,9098
TX0009099,AG02,+226 724 81 78 425,5886,in,Reussie,2026-06-15,147.0,USSD,9099
TX0009100,AG04,7663141065,1524,out,Reussie,2026-06-15,15.0,Agent,9100
TX0009101,AG13,732 81 03 168,3133,in,ok,2026-06-15,78.0,Agent,9101
TX0009102,AG20,709 05 63 886,994,out,OK,2026-06-15,10.0,Agent,9102
TX0009103,AG12,+226 726 80 72 294,335,out,Echouee,2026-06-15,3.0,USSD,9103
TX0009104,AG07,7232165565,11841,in,OK,2026-06-15,296.0,USSD,9104
TX0009105,AG01,7753136478,4566,in,REUSSI,2026-06-15,114.0,Agent,9105
TX0009106,AG14,+226 789 14 08 355,828,in,OK,2026-06-15,21.0,Agent,9106
TX0009107,AG08,753 53 76 574,2829,in,ok,2026-06-15,71.0,USSD,9107
TX0009108,AG19,7878668317,5818,out,Reussie,2026-06-15,58.0,Agent,9108
TX0009109,AG18,701 98 00 941,2323,in,Reussie,2026-06-15,58.0,Agent,9109
TX0009110,AG02,722 77 62 055,4979,out,ok,2026-06-15,50.0,Agent,9110
TX0009111,AG10,+226 716 75 34 682,275,out,REUSSI,2026-06-15,3.0,USSD,9111
TX0009112,AG06,732 35 96 735,6884,in,Echouee,2026-06-15,172.0,USSD,9112
TX0009113,AG12,+226 783 29 15 025,2322,out,Reussie,2026-06-15,23.0,Agent,9113
TX0009114,AG06,+226 795 54 32 218,4463,out,OK,2026-06-15,45.0,Agent,9114
TX0009115,AG16,+226 788 99 22 474,428,out,Echouee,2026-06-15,4.0,USSD,9115
TX0009116,AG17,778 48 07 601,662,in,Reussie,2026-06-15,17.0,Agent,9116
TX0009117,AG16,7199576241,617,in,echec,2026-06-15,15.0,Agent,9117
TX0009118,AG15,780 35 53 746,2894,out,Reussie,2026-06-15,29.0,app,9118
TX0009119,AG12,785 00 19 817,2664,in,Reussie,2026-06-15,67.0,USSD,9119
TX0009120,AG09,+226 719 36 67 401,5477,out,REUSSI,2026-06-15,55.0,Agent,9120
TX0009121,AG13,772 01 99 325,1449,out,Reussie,2026-06-15,14.0,USSD,9121
TX0009122,AG12,+226 708 90 55 388,4454,in,Reussie,2026-06-15,111.0,USSD,9122
TX0009123,AG11,7940442747,2445,out,OK,2026-06-15,24.0,USSD,9123
TX0009124,AG01,+226 749 61 38 424,4342,in,REUSSI,2026-06-15,109.0,Agent,9124
TX0009125,AG13,780 79 97 655,763,in,Reussie,2026-06-15,19.0,app,9125
TX0009126,AG07,7540677387,903,in,OK,2026-06-15,23.0,USSD,9126
TX0009127,AG07,+226 796 84 05 149,2511,in,REUSSI,2026-06-15,63.0,Agent,9127
TX0009128,AG10,+226 717 32 59 627,1906,in,ok,2026-06-15,48.0,app,9128
TX0009129,AG17,+226 794 17 71 419,936,in,Echouee,2026-06-15,23.0,USSD,9129
TX0009130,AG13,+226 745 96 58 249,625,in,OK,2026-06-15,16.0,USSD,9130
TX0009131,AG02,7268786176,1798,in,ok,2026-06-15,45.0,USSD,9131
TX0009132,AG02,+226 749 77 71 702,2107,in,OK,2026-06-15,53.0,USSD,9132
TX0009133,AG17,+226 736 09 66 345,4806,in,echec,2026-06-15,120.0,Agent,9133
TX0009134,AG12,+226 702 54 30 724,1105,in,Reussie,2026-06-15,28.0,USSD,9134
TX0009135,AG06,7437019127,8884,out,OK,2026-06-15,89.0,Agent,9135
TX0009136,AG10,+226 731 28 36 740,7354,out,OK,2026-06-15,74.0,app,9136
TX0009137,AG04,+226 732 13 93 718,2458,out,ok,2026-06-15,25.0,USSD,9137
TX0009138,AG15,+226 714 19 81 310,11737,in,ok,2026-06-15,293.0,Agent,9138
TX0009139,AG15,756 82 26 264,1472,in,REUSSI,2026-06-15,37.0,Agent,9139
TX0009140,AG15,+226 784 21 11 700,9257,out,OK,2026-06-15,93.0,USSD,9140
TX0009141,AG03,7896008054,7861,in,ok,2026-06-15,197.0,USSD,9141
TX0009142,AG11,+226 760 58 04 547,4082,in,ok,2026-06-15,102.0,Agent,9142
TX0009143,AG13,+226 783 76 41 352,1687,in,Echouee,2026-06-15,42.0,Agent,9143
TX0009144,AG16,+226 735 02 86 217,1840,in,REUSSI,2026-06-15,46.0,USSD,9144
TX0009145,AG01,703 09 22 603,440,out,Reussie,2026-06-15,4.0,USSD,9145
TX0009146,AG06,764 64 86 665,3783,in,REUSSI,2026-06-15,95.0,Agent,9146
TX0009147,AG04,709 22 08 365,511,out,OK,2026-06-15,5.0,USSD,9147
TX0009148,AG20,7803870391,1414,in,OK,2026-06-15,35.0,Agent,9148
TX0009149,AG12,+226 754 67 78 581,8713,out,Reussie,2026-06-15,87.0,Agent,9149
TX0009150,AG08,7158045156,11175,out,Reussie,2026-06-15,112.0,Agent,9150
TX0009151,AG13,7534758233,920,in,ok,2026-06-15,23.0,USSD,9151
TX0009152,AG08,714 74 12 123,3030,out,REUSSI,2026-06-16,30.0,Agent,9152
TX0009153,AG12,+226 759 79 45 166,1020,out,ok,2026-06-16,10.0,Agent,9153
TX0009154,AG18,770 33 46 927,1809,out,ok,2026-06-16,18.0,USSD,9154
TX0009155,AG19,796 80 90 143,1088,in,REUSSI,2026-06-16,27.0,USSD,9155
TX0009156,AG01,+226 792 84 19 010,4375,in,OK,2026-06-16,109.0,USSD,9156
TX0009157,AG08,744 03 21 024,3046,out,OK,2026-06-16,30.0,USSD,9157
TX0009158,AG17,732 91 24 091,421,in,Echouee,2026-06-16,11.0,Agent,9158
TX0009159,AG14,7830418850,3380,in,OK,2026-06-16,84.0,USSD,9159
TX0009160,AG08,755 74 16 298,449,out,echec,2026-06-16,4.0,USSD,9160
TX0009161,AG20,738 28 79 301,2742,in,Reussie,2026-06-16,69.0,Agent,9161
TX0009162,AG02,7121844070,5266,in,Reussie,2026-06-16,132.0,USSD,9162
TX0009163,AG11,+226 704 93 07 281,8811,in,ok,2026-06-16,220.0,USSD,9163
TX0009164,AG13,706 13 83 326,1980,out,ok,2026-06-16,20.0,Agent,9164
TX0009165,AG18,745 99 77 263,868,out,Echouee,2026-06-16,9.0,USSD,9165
TX0009166,AG11,791 54 04 391,16481,in,Reussie,2026-06-16,412.0,Agent,9166
TX0009167,AG14,741 41 49 844,3649,in,REUSSI,2026-06-16,91.0,Agent,9167
TX0009168,AG02,+226 746 38 35 859,5825,in,REUSSI,2026-06-16,146.0,USSD,9168
TX0009169,AG05,7362282447,2365,out,OK,2026-06-16,24.0,Agent,9169
TX0009170,AG06,+226 770 73 12 996,4446,in,Reussie,2026-06-16,111.0,Agent,9170
TX0009171,AG19,+226 728 13 46 071,2383,out,REUSSI,2026-06-16,24.0,USSD,9171
TX0009172,AG01,799 28 57 688,4183,out,REUSSI,2026-06-16,42.0,USSD,9172
TX0009173,AG04,730 66 04 672,1472,in,Reussie,2026-06-16,37.0,Agent,9173
TX0009174,AG11,+226 763 92 27 347,5380,in,OK,2026-06-16,134.0,USSD,9174
TX0009175,AG06,735 19 94 717,608,in,Reussie,2026-06-16,15.0,Agent,9175
TX0009176,AG04,770 55 24 135,3324,in,OK,2026-06-16,83.0,app,9176
TX0009177,AG01,+226 739 37 32 789,6096,in,Echouee,2026-06-16,152.0,Agent,9177
TX0009178,AG12,7619259124,526,out,OK,2026-06-16,5.0,Agent,9178
TX0009179,AG19,737 51 00 139,2267,out,REUSSI,2026-06-16,23.0,USSD,9179
TX0009180,AG19,+226 709 53 76 914,4569,in,Reussie,2026-06-16,114.0,Agent,9180
TX0009181,AG12,783 11 62 791,12932,out,Reussie,2026-06-16,129.0,Agent,9181
TX0009182,AG03,+226 715 22 75 005,2454,out,OK,2026-06-16,25.0,Agent,9182
TX0009183,AG09,+226 775 83 58 786,5252,in,Reussie,2026-06-16,131.0,Agent,9183
TX0009184,AG19,701 40 06 492,5183,out,REUSSI,2026-06-16,52.0,Agent,9184
TX0009185,AG19,+226 748 97 54 353,4506,out,REUSSI,2026-06-16,45.0,Agent,9185
TX0009186,AG08,+226 758 98 25 470,1346,out,Reussie,2026-06-16,13.0,Agent,9186
TX0009187,AG11,768 34 78 467,5174,in,Reussie,2026-06-16,129.0,app,9187
TX0009188,AG15,+226 792 77 55 118,3556,in,Reussie,2026-06-16,89.0,app,9188
TX0009189,AG20,796 12 51 354,3114,out,ok,2026-06-16,31.0,USSD,9189
TX0009190,AG16,7229559806,1031,in,Reussie,2026-06-16,26.0,Agent,9190
TX0009191,AG16,+226 759 01 61 725,2797,in,REUSSI,2026-06-16,70.0,app,9191
TX0009192,AG14,+226 742 77 00 121,677,out,ok,2026-06-16,7.0,Agent,9192
TX0009193,AG07,7041333966,3173,out,echec,2026-06-16,32.0,USSD,9193
TX0009194,AG08,+226 769 57 18 763,1935,in,ok,2026-06-16,48.0,USSD,9194
TX0009195,AG18,+226 750 96 47 564,1249,in,REUSSI,2026-06-16,31.0,Agent,9195
TX0009196,AG01,+226 737 83 85 401,3142,in,Echouee,2026-06-16,79.0,Agent,9196
TX0009197,AG02,+226 778 63 28 783,7864,out,Reussie,2026-06-16,79.0,USSD,9197
TX0009198,AG14,+226 763 48 76 888,1364,out,REUSSI,2026-06-16,14.0,USSD,9198
TX0009199,AG16,+226 745 68 95 094,2587,out,OK,2026-06-16,26.0,USSD,9199
TX0009200,AG08,+226 777 57 59 568,1851,out,Echouee,2026-06-16,19.0,USSD,9200
TX0009201,AG18,756 46 90 796,2836,in,echec,2026-06-16,71.0,Agent,9201
TX0009202,AG09,+226 776 33 53 666,8469,in,Reussie,2026-06-16,212.0,USSD,9202
TX0009203,AG01,734 83 29 306,2494,in,ok,2026-06-16,62.0,Agent,9203
TX0009204,AG11,789 91 44 995,2765,out,Reussie,2026-06-16,28.0,Agent,9204
TX0009205,AG02,+226 753 58 31 076,5333,in,REUSSI,2026-06-16,133.0,USSD,9205
TX0009206,AG04,+226 734 03 73 686,3023,in,Reussie,2026-06-16,76.0,USSD,9206
TX0009207,AG19,+226 718 40 60 161,1994,in,Reussie,2026-06-16,50.0,Agent,9207
TX0009208,AG16,+226 793 75 16 760,4593,out,Reussie,2026-06-16,46.0,Agent,9208
TX0009209,AG06,+226 798 97 18 373,1094,in,Reussie,2026-06-16,27.0,Agent,9209
TX0009210,AG14,781 06 38 100,2972,in,Echouee,2026-06-16,74.0,app,9210
TX0009211,AG06,+226 758 92 35 321,2651,out,OK,2026-06-17,27.0,Agent,9211
TX0009212,AG02,781 85 27 514,1737,in,REUSSI,2026-06-17,43.0,Agent,9212
TX0009213,AG12,+226 762 59 71 222,2373,in,REUSSI,2026-06-17,59.0,Agent,9213
TX0009214,AG09,+226 751 59 10 908,4867,out,REUSSI,2026-06-17,49.0,USSD,9214
TX0009215,AG04,7201390711,1013,in,Reussie,2026-06-17,25.0,Agent,9215
TX0009216,AG15,775 58 39 168,4080,in,REUSSI,2026-06-17,102.0,Agent,9216
TX0009217,AG09,7138537792,969,in,Reussie,2026-06-17,24.0,USSD,9217
TX0009218,AG08,738 39 01 857,6619,out,OK,2026-06-17,66.0,Agent,9218
TX0009219,AG04,707 92 46 534,4630,out,ok,2026-06-17,46.0,app,9219
TX0009220,AG10,+226 788 75 12 170,1570,out,REUSSI,2026-06-17,16.0,Agent,9220
TX0009221,AG07,788 01 00 400,3446,in,REUSSI,2026-06-17,86.0,Agent,9221
TX0009222,AG12,7265283265,3333,in,Reussie,2026-06-17,83.0,app,9222
TX0009223,AG04,7250965835,1320,out,Echouee,2026-06-17,13.0,USSD,9223
TX0009224,AG10,776 82 44 549,847,in,OK,2026-06-17,21.0,USSD,9224
TX0009225,AG13,+226 702 73 93 617,531,out,Reussie,2026-06-17,5.0,app,9225
TX0009226,AG06,+226 700 77 83 737,3478,in,OK,2026-06-17,87.0,USSD,9226
TX0009227,AG06,704 93 81 393,2056,out,Echouee,2026-06-17,21.0,app,9227
TX0009228,AG03,+226 797 15 46 486,3143,out,REUSSI,2026-06-17,31.0,Agent,9228
TX0009229,AG14,780 25 96 500,5891,out,OK,2026-06-17,59.0,Agent,9229
TX0009230,AG04,7607643994,1141,in,OK,2026-06-17,29.0,Agent,9230
TX0009231,AG20,+226 788 77 86 992,12444,out,ok,2026-06-17,124.0,USSD,9231
TX0009232,AG04,7188294954,4665,in,Echouee,2026-06-17,117.0,app,9232
TX0009233,AG02,+226 755 82 03 406,4006,out,ok,2026-06-17,40.0,USSD,9233
TX0009234,AG06,786 67 67 659,5981,in,ok,2026-06-17,150.0,USSD,9234
TX0009235,AG13,+226 755 48 87 171,2849,in,REUSSI,2026-06-17,71.0,app,9235
TX0009236,AG03,712 17 89 791,7164,in,OK,2026-06-17,179.0,USSD,9236
TX0009237,AG01,7136278671,2124,in,Echouee,2026-06-17,53.0,Agent,9237
TX0009238,AG04,+226 751 20 81 354,3687,in,Reussie,2026-06-17,92.0,USSD,9238
TX0009239,AG15,7143029607,5096,in,Echouee,2026-06-17,127.0,USSD,9239
TX0009240,AG20,+226 781 96 23 813,553,in,ok,2026-06-17,14.0,USSD,9240
TX0009241,AG08,710 08 76 788,4995,out,OK,2026-06-17,50.0,USSD,9241
TX0009242,AG10,764 88 28 425,5362,in,Echouee,2026-06-17,,Agent,9242
TX0009243,AG06,+226 728 98 70 695,2041,in,REUSSI,2026-06-17,51.0,app,9243
TX0009244,AG06,+226 744 66 47 090,1113,in,REUSSI,2026-06-17,28.0,Agent,9244
TX0009245,AG08,742 90 52 591,3689,in,ok,2026-06-17,92.0,Agent,9245
TX0009246,AG02,719 81 85 157,220,out,ok,2026-06-17,2.0,USSD,9246
TX0009247,AG04,+226 705 81 76 036,3400,out,REUSSI,2026-06-17,34.0,Agent,9247
TX0009248,AG16,7616894437,2626,in,echec,2026-06-17,66.0,Agent,9248
TX0009249,AG07,776 25 10 191,1925,in,ok,2026-06-17,48.0,app,9249
TX0009250,AG16,7270620605,3709,in,Reussie,2026-06-17,93.0,Agent,9250
TX0009251,AG19,+226 786 93 70 325,1286,in,echec,2026-06-17,32.0,USSD,9251
TX0009252,AG17,749 45 61 141,2111,in,ok,2026-06-17,53.0,Agent,9252
TX0009253,AG19,728 06 50 243,1644,in,Reussie,2026-06-17,41.0,USSD,9253
TX0009254,AG20,+226 785 25 33 892,4388,out,echec,2026-06-17,44.0,Agent,9254
TX0009255,AG19,+226 737 26 73 679,5852,in,Reussie,2026-06-17,146.0,Agent,9255
TX0009256,AG08,721 99 48 202,3150,in,REUSSI,2026-06-17,79.0,Agent,9256
TX0009257,AG04,783 48 85 820,4186,out,Reussie,2026-06-17,42.0,Agent,9257
TX0009258,AG04,+226 783 57 47 229,1802,out,Reussie,2026-06-17,18.0,Agent,9258
TX0009259,AG10,742 28 02 317,764,out,Reussie,2026-06-17,8.0,Agent,9259
TX0009260,AG20,+226 710 50 55 218,1667,in,OK,2026-06-17,42.0,app,9260
TX0009261,AG09,742 24 11 502,3579,in,Reussie,2026-06-17,89.0,USSD,9261
TX0009262,AG03,785 38 88 570,1339,in,ok,2026-06-17,33.0,Agent,9262
TX0009263,AG01,780 97 36 043,4672,in,Echouee,2026-06-17,117.0,USSD,9263
TX0009264,AG12,+226 799 52 45 372,3018,in,Reussie,2026-06-17,75.0,USSD,9264
TX0009265,AG20,7953988731,3118,in,OK,2026-06-17,78.0,USSD,9265
TX0009266,AG05,7819128707,4012,in,Reussie,2026-06-17,100.0,USSD,9266
TX0009267,AG13,+226 769 74 50 726,759,out,OK,2026-06-17,8.0,USSD,9267
TX0009268,AG06,+226 705 25 95 757,10556,out,echec,2026-06-17,106.0,Agent,9268
TX0009269,AG13,+226 773 66 11 525,871,out,echec,2026-06-17,9.0,Agent,9269
TX0009270,AG01,7559284773,2006,out,REUSSI,2026-06-17,20.0,Agent,9270
TX0009271,AG05,701 66 89 696,2251,out,Reussie,2026-06-17,23.0,Agent,9271
TX0009272,AG10,7918384381,1567,out,Reussie,2026-06-17,16.0,USSD,9272
TX0009273,AG18,+226 714 86 03 283,704,in,Echouee,2026-06-17,18.0,Agent,9273
TX0009274,AG20,+226 716 25 31 291,1961,out,OK,2026-06-17,20.0,USSD,9274
TX0009275,AG17,+226 710 43 76 597,11045,out,OK,2026-06-17,110.0,Agent,9275
TX0009276,AG11,7373914062,6796,in,Echouee,2026-06-17,170.0,USSD,9276
TX0009277,AG06,771 71 81 771,5678,in,REUSSI,2026-06-17,142.0,Agent,9277
TX0009278,AG16,+226 767 41 98 454,9784,out,OK,2026-06-17,98.0,Agent,9278
TX0009279,AG11,+226 751 64 30 026,1462,in,ok,2026-06-17,37.0,USSD,9279
TX0009280,AG03,773 98 09 858,603,in,OK,2026-06-17,15.0,USSD,9280
TX0009281,AG12,+226 780 77 98 498,1929,out,ok,2026-06-18,19.0,Agent,9281
TX0009282,AG12,785 49 12 174,1333,in,Reussie,2026-06-18,33.0,app,9282
TX0009283,AG05,+226 741 93 00 493,2537,out,Echouee,2026-06-18,25.0,Agent,9283
TX0009284,AG12,+226 713 45 08 732,5806,in,OK,2026-06-18,145.0,USSD,9284
TX0009285,AG17,7758951103,1017,out,echec,2026-06-18,10.0,USSD,9285
TX0009286,AG15,+226 730 36 11 852,13312,out,OK,2026-06-18,133.0,Agent,9286
TX0009287,AG13,754 97 39 594,1212,out,ok,2026-06-18,12.0,Agent,9287
TX0009288,AG14,719 66 07 286,2948,in,echec,2026-06-18,74.0,Agent,9288
TX0009289,AG06,7820923680,5225,in,REUSSI,2026-06-18,131.0,Agent,9289
TX0009290,AG02,+226 700 90 43 676,6926,out,Reussie,2026-06-18,69.0,app,9290
TX0009291,AG15,702 15 03 655,913,out,echec,2026-06-18,9.0,app,9291
TX0009292,AG01,780 06 32 438,2201,in,ok,2026-06-18,55.0,USSD,9292
TX0009293,AG20,7762535525,337,out,Reussie,2026-06-18,3.0,Agent,9293
TX0009294,AG09,+226 736 86 50 885,1701,in,REUSSI,2026-06-18,43.0,Agent,9294
TX0009295,AG09,+226 707 04 38 123,5218,out,REUSSI,2026-06-18,52.0,USSD,9295
TX0009296,AG14,771 29 53 964,835,out,OK,2026-06-18,8.0,Agent,9296
TX0009297,AG17,741 79 67 436,9738,in,REUSSI,2026-06-18,243.0,Agent,9297
TX0009298,AG20,790 49 32 706,2697,in,Reussie,2026-06-18,67.0,USSD,9298
TX0009299,AG11,+226 723 22 71 036,1409,in,OK,2026-06-18,35.0,Agent,9299
TX0009300,AG12,7422885521,1461,in,ok,2026-06-18,37.0,USSD,9300
TX0009301,AG06,7944576536,658,out,OK,2026-06-18,7.0,Agent,9301
TX0009302,AG12,+226 739 67 94 928,2445,out,ok,2026-06-18,24.0,USSD,9302
TX0009303,AG18,+226 769 39 86 758,1877,in,REUSSI,2026-06-18,47.0,USSD,9303
TX0009304,AG09,+226 709 55 22 920,633,in,OK,2026-06-18,16.0,Agent,9304
TX0009305,AG10,738 19 36 084,3068,in,Echouee,2026-06-18,77.0,Agent,9305
TX0009306,AG04,7107462919,872,out,Reussie,2026-06-18,9.0,Agent,9306
TX0009307,AG02,771 17 34 887,3071,in,REUSSI,2026-06-18,77.0,Agent,9307
TX0009308,AG06,+226 720 34 12 027,1461,out,Echouee,2026-06-18,15.0,Agent,9308
TX0009309,AG06,+226 717 01 39 373,9799,out,ok,2026-06-18,98.0,app,9309
TX0009310,AG10,+226 702 92 32 424,452,in,Reussie,2026-06-18,11.0,USSD,9310
TX0009311,AG08,7104497099,3945,in,Reussie,2026-06-18,99.0,USSD,9311
TX0009312,AG18,730 38 16 935,1355,in,OK,2026-06-18,34.0,USSD,9312
TX0009313,AG10,768 71 61 257,2729,in,Reussie,2026-06-18,68.0,app,9313
TX0009314,AG20,722 69 97 381,152,out,ok,2026-06-18,2.0,Agent,9314
TX0009315,AG14,7038590885,5738,in,ok,2026-06-18,143.0,USSD,9315
TX0009316,AG13,730 89 04 615,4584,in,echec,2026-06-18,115.0,USSD,9316
TX0009317,AG01,7276480978,1697,out,REUSSI,2026-06-18,17.0,Agent,9317
TX0009318,AG12,776 81 51 732,2529,out,Echouee,2026-06-18,25.0,Agent,9318
TX0009319,AG20,796 97 95 186,2516,in,ok,2026-06-18,63.0,Agent,9319
TX0009320,AG16,718 48 66 174,9008,in,ok,2026-06-18,225.0,USSD,9320
TX0009321,AG09,+226 759 59 03 668,1479,in,ok,2026-06-18,37.0,Agent,9321
TX0009322,AG20,+226 794 73 75 814,4598,out,ok,2026-06-18,46.0,USSD,9322
TX0009323,AG02,+226 723 23 90 920,1838,out,OK,2026-06-18,18.0,app,9323
TX0009324,AG20,773 73 56 769,307,in,OK,2026-06-18,8.0,USSD,9324
TX0009325,AG13,+226 730 50 89 837,1397,in,REUSSI,2026-06-18,35.0,Agent,9325
TX0009326,AG15,+226 750 66 23 959,6260,out,ok,2026-06-18,63.0,Agent,9326
TX0009327,AG17,793 89 01 357,3799,in,OK,2026-06-18,95.0,USSD,9327
TX0009328,AG06,798 41 32 511,1899,in,REUSSI,2026-06-18,47.0,Agent,9328
TX0009329,AG13,739 07 91 080,968,in,Reussie,2026-06-18,24.0,Agent,9329
TX0009330,AG16,737 84 82 078,454,out,OK,2026-06-18,5.0,USSD,9330
TX0009331,AG17,702 76 69 523,2071,out,OK,2026-06-18,21.0,Agent,9331
TX0009332,AG04,785 39 00 304,1723,out,OK,2026-06-18,17.0,USSD,9332
TX0009333,AG08,717 24 47 410,12224,in,OK,2026-06-18,306.0,app,9333
TX0009334,AG11,7490388290,2091,in,OK,2026-06-18,52.0,Agent,9334
TX0009335,AG08,709 63 67 322,676,out,Reussie,2026-06-18,7.0,Agent,9335
TX0009336,AG10,798 42 30 359,1041,out,echec,2026-06-18,10.0,USSD,9336
TX0009337,AG18,7907390594,996,out,Reussie,2026-06-18,10.0,Agent,9337
TX0009338,AG12,737 44 30 233,1913,out,Reussie,2026-06-18,19.0,app,9338
TX0009339,AG03,782 03 12 420,1980,out,ok,2026-06-18,20.0,app,9339
TX0009340,AG14,7007636925,2389,in,REUSSI,2026-06-18,60.0,Agent,9340
TX0009341,AG19,+226 719 33 43 632,4408,in,Reussie,2026-06-18,110.0,Agent,9341
TX0009342,AG20,+226 757 08 06 242,8456,out,echec,2026-06-19,85.0,USSD,9342
TX0009343,AG16,701 27 01 458,1998,out,Reussie,2026-06-19,20.0,Agent,9343
TX0009344,AG10,+226 728 92 62 515,3270,in,ok,2026-06-19,82.0,USSD,9344
TX0009345,AG11,+226 776 57 15 334,1523,in,OK,2026-06-19,38.0,USSD,9345
TX0009346,AG19,+226 711 82 60 640,2932,in,REUSSI,2026-06-19,73.0,Agent,9346
TX0009347,AG18,+226 751 22 41 407,10413,in,OK,2026-06-19,260.0,Agent,9347
TX0009348,AG11,+226 763 75 78 754,9409,in,Reussie,2026-06-19,235.0,Agent,9348
TX0009349,AG19,755 76 94 958,1935,out,REUSSI,2026-06-19,19.0,USSD,9349
TX0009350,AG05,758 41 31 580,6982,in,REUSSI,2026-06-19,175.0,Agent,9350
TX0009351,AG16,+226 726 71 67 997,2257,in,Reussie,2026-06-19,56.0,USSD,9351
TX0009352,AG19,770 89 15 629,2046,in,ok,2026-06-19,51.0,Agent,9352
TX0009353,AG19,779 50 50 640,6784,out,Reussie,2026-06-19,68.0,USSD,9353
TX0009354,AG15,+226 776 95 59 843,1973,out,Echouee,2026-06-19,20.0,USSD,9354
TX0009355,AG04,7118182147,4468,out,OK,2026-06-19,45.0,Agent,9355
TX0009356,AG04,+226 727 63 67 130,5426,in,echec,2026-06-19,136.0,Agent,9356
TX0009357,AG17,+226 770 20 99 858,2455,in,REUSSI,2026-06-19,61.0,app,9357
TX0009358,AG17,+226 737 07 29 943,678,in,REUSSI,2026-06-19,17.0,USSD,9358
TX0009359,AG01,7931476339,1683,in,REUSSI,2026-06-19,42.0,app,9359
TX0009360,AG04,794 98 57 537,2657,in,REUSSI,2026-06-19,66.0,USSD,9360
TX0009361,AG07,724 97 73 323,5746,in,ok,2026-06-19,144.0,USSD,9361
TX0009362,AG01,7440059954,2183,out,OK,2026-06-19,22.0,USSD,9362
TX0009363,AG16,+226 715 56 21 716,2837,in,REUSSI,2026-06-19,71.0,Agent,9363
TX0009364,AG17,+226 753 79 95 353,3004,in,ok,2026-06-19,75.0,USSD,9364
TX0009365,AG18,+226 713 87 77 476,1734,in,Reussie,2026-06-19,43.0,Agent,9365
TX0009366,AG18,+226 704 77 16 803,4761,in,echec,2026-06-19,119.0,Agent,9366
TX0009367,AG04,+226 712 85 82 396,7547,out,echec,2026-06-19,75.0,USSD,9367
TX0009368,AG06,+226 715 86 71 303,1547,out,Echouee,2026-06-19,15.0,app,9368
TX0009369,AG12,704 56 05 555,8831,in,ok,2026-06-19,221.0,Agent,9369
TX0009370,AG20,7628119830,4028,in,Reussie,2026-06-19,101.0,Agent,9370
TX0009371,AG08,+226 755 65 27 458,1018,in,Reussie,2026-06-19,25.0,USSD,9371
TX0009372,AG16,711 20 84 313,6701,out,REUSSI,2026-06-19,67.0,USSD,9372
TX0009373,AG14,+226 781 37 00 553,3686,in,Reussie,2026-06-19,92.0,Agent,9373
TX0009374,AG12,743 33 41 540,1847,in,Reussie,2026-06-19,46.0,Agent,9374
TX0009375,AG09,7517793080,1980,in,OK,2026-06-19,50.0,Agent,9375
TX0009376,AG04,+226 767 10 13 854,2371,out,Reussie,2026-06-19,24.0,USSD,9376
TX0009377,AG07,+226 709 83 44 613,2367,in,Reussie,2026-06-19,59.0,USSD,9377
TX0009378,AG06,+226 791 88 45 664,3099,in,ok,2026-06-19,77.0,USSD,9378
TX0009379,AG18,+226 758 80 44 124,14000,in,Echouee,2026-06-19,350.0,USSD,9379
TX0009380,AG12,741 75 52 785,2580,out,Reussie,2026-06-19,26.0,Agent,9380
TX0009381,AG07,+226 709 25 41 835,12306,in,ok,2026-06-19,308.0,USSD,9381
TX0009382,AG14,783 03 66 636,1453,out,REUSSI,2026-06-19,15.0,Agent,9382
TX0009383,AG07,719 39 19 297,2761,in,Echouee,2026-06-19,69.0,USSD,9383
TX0009384,AG20,+226 784 68 04 909,773,in,Echouee,2026-06-19,19.0,Agent,9384
TX0009385,AG17,+226 779 79 81 418,9815,in,ok,2026-06-19,245.0,Agent,9385
TX0009386,AG06,775 88 43 726,7906,out,REUSSI,2026-06-19,79.0,Agent,9386
TX0009387,AG01,+226 796 52 28 927,7411,out,echec,2026-06-19,74.0,Agent,9387
TX0009388,AG11,7633334538,661,in,Reussie,2026-06-19,17.0,USSD,9388
TX0009389,AG13,762 98 89 066,4178,in,REUSSI,2026-06-19,104.0,Agent,9389
TX0009390,AG01,7040893967,1222,in,ok,2026-06-19,31.0,Agent,9390
TX0009391,AG03,703 72 29 468,1188,out,ok,2026-06-19,12.0,USSD,9391
TX0009392,AG10,778 55 53 137,3945,out,ok,2026-06-19,39.0,Agent,9392
TX0009393,AG19,+226 795 48 66 856,6873,in,Reussie,2026-06-19,172.0,Agent,9393
TX0009394,AG04,760 34 70 503,2415,in,REUSSI,2026-06-19,60.0,USSD,9394
TX0009395,AG12,7890678803,2490,in,OK,2026-06-19,62.0,Agent,9395
TX0009396,AG11,+226 763 54 41 259,6212,in,Reussie,2026-06-19,155.0,Agent,9396
TX0009397,AG11,7724641461,1640,out,echec,2026-06-19,16.0,USSD,9397
TX0009398,AG08,+226 732 41 63 757,370,out,OK,2026-06-19,4.0,USSD,9398
TX0009399,AG05,+226 755 69 52 308,656,in,Reussie,2026-06-19,16.0,Agent,9399
TX0009400,AG13,760 93 70 110,266,in,OK,2026-06-19,7.0,Agent,9400
TX0009401,AG17,+226 731 04 54 322,1698,in,OK,2026-06-19,42.0,USSD,9401
TX0009402,AG14,+226 759 97 13 308,3088,in,Echouee,2026-06-19,77.0,USSD,9402
TX0009403,AG19,763 31 34 806,5015,out,OK,2026-06-19,50.0,USSD,9403
TX0009404,AG18,7625879890,3743,in,REUSSI,2026-06-19,94.0,Agent,9404
TX0009405,AG19,+226 727 46 84 853,3809,in,REUSSI,2026-06-19,95.0,Agent,9405
TX0009406,AG03,+226 727 11 34 636,3433,in,ok,2026-06-19,86.0,app,9406
TX0009407,AG11,+226 706 34 23 803,342,out,Echouee,2026-06-19,3.0,Agent,9407
TX0009408,AG06,+226 701 36 57 383,1281,in,echec,2026-06-19,32.0,Agent,9408
TX0009409,AG03,754 54 74 080,1334,out,echec,2026-06-19,13.0,Agent,9409
TX0009410,AG12,761 14 41 223,1085,out,OK,2026-06-19,11.0,USSD,9410
TX0009411,AG03,709 39 95 055,20731,out,Reussie,2026-06-19,207.0,Agent,9411
TX0009412,AG19,721 76 37 178,3058,in,echec,2026-06-19,76.0,Agent,9412
TX0009413,AG15,788 61 50 576,1978,in,Reussie,2026-06-20,49.0,Agent,9413
TX0009414,AG20,7649984972,740,out,OK,2026-06-20,7.0,Agent,9414
TX0009415,AG11,775 44 28 612,2971,in,REUSSI,2026-06-20,74.0,Agent,9415
TX0009416,AG07,725 47 49 413,1737,in,REUSSI,2026-06-20,43.0,USSD,9416
TX0009417,AG02,760 82 44 749,1769,in,REUSSI,2026-06-20,44.0,USSD,9417
TX0009418,AG20,+226 763 29 45 946,6560,out,OK,2026-06-20,66.0,USSD,9418
TX0009419,AG07,+226 764 76 71 456,2010,in,Reussie,2026-06-20,50.0,app,9419
TX0009420,AG10,+226 721 69 66 685,8334,in,echec,2026-06-20,208.0,Agent,9420
TX0009421,AG20,+226 767 00 88 567,1412,out,Echouee,2026-06-20,14.0,USSD,9421
TX0009422,AG05,+226 769 82 61 111,1336,out,Reussie,2026-06-20,13.0,Agent,9422
TX0009423,AG19,+226 795 73 55 147,1209,in,ok,2026-06-20,30.0,USSD,9423
TX0009424,AG12,+226 704 95 94 861,1973,in,echec,2026-06-20,49.0,USSD,9424
TX0009425,AG12,7533540118,3067,in,REUSSI,2026-06-20,77.0,USSD,9425
TX0009426,AG12,+226 730 04 25 788,473,out,OK,2026-06-20,5.0,Agent,9426
TX0009427,AG04,+226 701 21 40 255,2159,in,OK,2026-06-20,54.0,USSD,9427
TX0009428,AG06,+226 768 55 43 532,2387,out,echec,2026-06-20,24.0,app,9428
TX0009429,AG10,7045353787,811,in,ok,2026-06-20,20.0,Agent,9429
TX0009430,AG04,+226 791 52 78 673,1236,in,Reussie,2026-06-20,31.0,app,9430
TX0009431,AG03,7364118231,6440,in,OK,2026-06-20,161.0,USSD,9431
TX0009432,AG16,765 67 27 512,350,in,OK,2026-06-20,9.0,USSD,9432
TX0009433,AG10,+226 709 28 54 421,16273,in,REUSSI,2026-06-20,407.0,USSD,9433
TX0009434,AG16,7723158221,1646,in,ok,2026-06-20,41.0,Agent,9434
TX0009435,AG03,7651424265,3023,in,OK,2026-06-20,76.0,Agent,9435
TX0009436,AG19,7451227391,11727,in,Reussie,2026-06-20,293.0,app,9436
TX0009437,AG14,+226 746 30 33 767,3045,in,REUSSI,2026-06-20,76.0,USSD,9437
TX0009438,AG19,+226 798 38 85 428,853,in,Echouee,2026-06-20,21.0,USSD,9438
TX0009439,AG02,712 02 31 564,2591,in,Reussie,2026-06-20,65.0,Agent,9439
TX0009440,AG10,+226 742 19 20 464,1741,out,Reussie,2026-06-20,17.0,Agent,9440
TX0009441,AG12,+226 719 46 95 250,6765,in,Reussie,2026-06-20,169.0,Agent,9441
TX0009442,AG18,+226 769 91 52 394,2316,out,Reussie,2026-06-20,23.0,app,9442
TX0009443,AG09,+226 738 33 48 052,7734,out,ok,2026-06-20,77.0,Agent,9443
TX0009444,AG12,7818056346,1542,out,ok,2026-06-20,15.0,USSD,9444
TX0009445,AG14,+226 774 37 37 875,3249,in,ok,2026-06-20,81.0,USSD,9445
TX0009446,AG10,785 71 26 778,21842,in,echec,2026-06-20,546.0,USSD,9446
TX0009447,AG14,700 19 48 280,2152,out,Reussie,2026-06-20,22.0,Agent,9447
TX0009448,AG07,+226 732 92 06 256,739,out,Echouee,2026-06-20,7.0,Agent,9448
TX0009449,AG08,7550566205,562,out,OK,2026-06-20,6.0,USSD,9449
TX0009450,AG20,7325800015,1793,out,ok,2026-06-20,18.0,USSD,9450
TX0009451,AG10,794 59 70 365,4037,in,OK,2026-06-20,101.0,Agent,9451
TX0009452,AG19,745 99 87 500,6144,in,REUSSI,2026-06-20,154.0,USSD,9452
TX0009453,AG07,716 49 04 864,12609,out,REUSSI,2026-06-20,126.0,Agent,9453
TX0009454,AG06,+226 737 73 95 909,48881,out,OK,2026-06-20,489.0,Agent,9454
TX0009455,AG12,+226 730 84 27 573,1418,out,REUSSI,2026-06-20,14.0,Agent,9455
TX0009456,AG19,785 82 94 329,4074,out,echec,2026-06-20,41.0,USSD,9456
TX0009457,AG16,724 43 64 014,1104,in,OK,2026-06-20,28.0,Agent,9457
TX0009458,AG07,756 73 48 357,8192,out,ok,2026-06-20,82.0,Agent,9458
TX0009459,AG18,716 81 17 310,2331,in,ok,2026-06-20,58.0,Agent,9459
TX0009460,AG03,+226 742 00 01 567,5791,in,OK,2026-06-20,145.0,Agent,9460
TX0009461,AG08,705 95 33 390,238,in,REUSSI,2026-06-20,6.0,Agent,9461
TX0009462,AG18,7802349909,2460,out,REUSSI,2026-06-20,25.0,Agent,9462
TX0009463,AG02,751 32 07 074,14622,in,REUSSI,2026-06-20,366.0,Agent,9463
TX0009464,AG09,+226 778 25 91 920,3215,out,REUSSI,2026-06-20,32.0,Agent,9464
TX0009465,AG17,+226 796 44 17 988,18659,in,REUSSI,2026-06-20,466.0,USSD,9465
TX0009466,AG20,7480154111,1535,in,Reussie,2026-06-20,38.0,USSD,9466
TX0009467,AG20,+226 715 39 10 856,1640,out,Reussie,2026-06-20,16.0,Agent,9467
TX0009468,AG20,7583118801,1137,in,REUSSI,2026-06-20,28.0,Agent,9468
TX0009469,AG01,738 70 67 727,5122,out,ok,2026-06-20,51.0,USSD,9469
TX0009470,AG14,7272650656,5377,in,REUSSI,2026-06-20,134.0,Agent,9470
TX0009471,AG16,745 84 38 321,7094,in,REUSSI,2026-06-21,177.0,USSD,9471
TX0009472,AG12,+226 725 15 77 333,2037,out,REUSSI,2026-06-21,20.0,Agent,9472
TX0009473,AG01,+226 791 03 15 627,14896,in,Reussie,2026-06-21,372.0,Agent,9473
TX0009474,AG09,+226 703 31 93 565,339,out,ok,2026-06-21,3.0,USSD,9474
TX0009475,AG04,763 23 52 323,666,in,OK,2026-06-21,17.0,Agent,9475
TX0009476,AG09,+226 777 88 54 457,4340,out,ok,2026-06-21,43.0,app,9476
TX0009477,AG19,+226 740 22 27 015,3737,in,ok,2026-06-21,93.0,USSD,9477
TX0009478,AG05,792 82 67 278,789,in,REUSSI,2026-06-21,20.0,USSD,9478
TX0009479,AG13,7199519210,472,in,REUSSI,2026-06-22,12.0,Agent,9479
TX0009480,AG10,+226 791 35 84 007,452,in,REUSSI,2026-06-22,11.0,USSD,9480
TX0009481,AG01,7204353946,10108,out,REUSSI,2026-06-22,,Agent,9481
TX0009482,AG04,711 37 61 593,4926,out,echec,2026-06-22,49.0,USSD,9482
TX0009483,AG20,+226 732 75 95 832,5657,in,ok,2026-06-22,141.0,app,9483
TX0009484,AG05,787 85 59 563,3469,out,Reussie,2026-06-22,35.0,Agent,9484
TX0009485,AG15,707 20 83 717,2070,out,ok,2026-06-22,21.0,Agent,9485
TX0009486,AG18,7222840729,1436,out,Reussie,2026-06-22,14.0,USSD,9486
TX0009487,AG10,776 94 10 682,8730,in,ok,2026-06-22,218.0,Agent,9487
TX0009488,AG03,743 48 76 965,855,out,OK,2026-06-22,9.0,USSD,9488
TX0009489,AG06,755 21 71 041,5943,in,REUSSI,2026-06-22,149.0,app,9489
TX0009490,AG20,+226 778 28 76 731,7500,in,Echouee,2026-06-22,188.0,app,9490
TX0009491,AG02,708 81 27 684,2055,out,OK,2026-06-22,21.0,USSD,9491
TX0009492,AG08,732 04 45 977,1074,out,Echouee,2026-06-22,11.0,Agent,9492
TX0009493,AG02,704 58 45 005,408,in,Reussie,2026-06-22,10.0,USSD,9493
TX0009494,AG20,784 33 60 737,1224,out,REUSSI,2026-06-22,12.0,app,9494
TX0009495,AG10,+226 785 60 55 177,3811,out,REUSSI,2026-06-22,38.0,USSD,9495
TX0009496,AG07,758 54 52 564,771,out,Echouee,2026-06-22,8.0,Agent,9496
TX0009497,AG07,+226 779 01 91 585,1899,out,OK,2026-06-22,19.0,Agent,9497
TX0009498,AG07,+226 711 10 74 506,3545,out,REUSSI,2026-06-22,35.0,USSD,9498
TX0009499,AG02,+226 713 13 82 093,5636,in,OK,2026-06-22,141.0,Agent,9499
TX0009500,AG01,7190369771,934,out,ok,2026-06-22,9.0,Agent,9500
TX0009501,AG20,790 24 39 385,1594,in,REUSSI,2026-06-22,40.0,Agent,9501
TX0009502,AG19,+226 722 19 22 614,2577,out,Reussie,2026-06-22,26.0,Agent,9502
TX0009503,AG12,715 29 76 155,1268,in,echec,2026-06-22,32.0,Agent,9503
TX0009504,AG18,+226 792 88 88 296,1328,out,Reussie,2026-06-22,13.0,USSD,9504
TX0009505,AG11,715 01 72 938,26893,out,Echouee,2026-06-22,269.0,app,9505
TX0009506,AG10,790 77 92 327,4939,out,Echouee,2026-06-22,49.0,Agent,9506
TX0009507,AG11,780 61 43 436,3698,in,REUSSI,2026-06-22,92.0,Agent,9507
TX0009508,AG12,+226 729 47 36 017,11101,out,OK,2026-06-22,111.0,Agent,9508
TX0009509,AG13,7986349655,3234,in,REUSSI,2026-06-22,81.0,Agent,9509
TX0009510,AG17,7397468170,1886,out,REUSSI,2026-06-22,19.0,Agent,9510
TX0009511,AG03,737 09 80 547,9752,out,OK,2026-06-22,98.0,Agent,9511
TX0009512,AG16,7441804944,41358,in,Echouee,2026-06-22,1034.0,app,9512
TX0009513,AG15,+226 790 95 08 899,2122,in,ok,2026-06-22,53.0,USSD,9513
TX0009514,AG04,787 23 63 595,176,out,OK,2026-06-22,2.0,app,9514
TX0009515,AG02,+226 736 91 89 834,7874,in,OK,2026-06-22,197.0,Agent,9515
TX0009516,AG04,+226 735 98 65 843,574,in,OK,2026-06-22,14.0,USSD,9516
TX0009517,AG04,+226 729 63 03 277,2972,in,Echouee,2026-06-22,74.0,Agent,9517
TX0009518,AG19,7013359609,5674,in,REUSSI,2026-06-22,142.0,Agent,9518
TX0009519,AG16,+226 757 27 22 754,1800,out,Echouee,2026-06-22,18.0,Agent,9519
TX0009520,AG08,711 13 35 340,3580,out,echec,2026-06-22,36.0,Agent,9520
TX0009521,AG03,766 82 31 907,1894,in,REUSSI,2026-06-22,47.0,USSD,9521
TX0009522,AG15,701 34 51 952,1113,in,REUSSI,2026-06-22,28.0,USSD,9522
TX0009523,AG05,748 82 93 601,3733,in,REUSSI,2026-06-22,93.0,Agent,9523
TX0009524,AG18,7214113561,8566,out,OK,2026-06-22,86.0,Agent,9524
TX0009525,AG17,+226 792 73 44 848,2542,out,echec,2026-06-22,25.0,Agent,9525
TX0009526,AG09,+226 745 04 67 823,2051,in,Reussie,2026-06-22,51.0,Agent,9526
TX0009527,AG02,715 28 74 969,3166,in,Echouee,2026-06-22,79.0,Agent,9527
TX0009528,AG04,7371626007,13921,in,REUSSI,2026-06-22,348.0,Agent,9528
TX0009529,AG14,705 20 12 412,18253,in,REUSSI,2026-06-22,456.0,Agent,9529
TX0009530,AG17,754 12 91 302,2953,in,REUSSI,2026-06-22,74.0,USSD,9530
TX0009531,AG03,7670195092,744,out,OK,2026-06-22,7.0,USSD,9531
TX0009532,AG05,7857218571,551,out,Reussie,2026-06-22,6.0,USSD,9532
TX0009533,AG13,709 23 22 155,4506,out,echec,2026-06-22,45.0,USSD,9533
TX0009534,AG11,+226 760 37 97 795,2909,out,echec,2026-06-22,29.0,USSD,9534
TX0009535,AG19,+226 746 20 60 355,2180,in,ok,2026-06-22,54.0,USSD,9535
TX0009536,AG16,705 29 44 329,1900,out,ok,2026-06-22,19.0,app,9536
TX0009537,AG02,744 53 15 885,729,in,OK,2026-06-22,18.0,Agent,9537
TX0009538,AG07,724 96 47 411,1157,in,Reussie,2026-06-22,29.0,USSD,9538
TX0009539,AG12,732 95 98 209,1706,in,Reussie,2026-06-22,43.0,USSD,9539
TX0009540,AG11,7359440549,329,in,OK,2026-06-22,8.0,USSD,9540
TX0009541,AG01,751 84 61 808,4794,in,REUSSI,2026-06-22,120.0,USSD,9541
TX0009542,AG03,+226 775 16 05 979,2227,out,OK,2026-06-22,22.0,Agent,9542
TX0009543,AG04,+226 735 06 05 480,3325,in,Reussie,2026-06-22,83.0,Agent,9543
TX0009544,AG05,+226 796 36 45 413,264,in,OK,2026-06-22,7.0,Agent,9544
TX0009545,AG11,+226 729 66 33 664,3120,in,echec,2026-06-22,78.0,app,9545
TX0009546,AG18,7239160785,2162,in,ok,2026-06-22,54.0,USSD,9546
TX0009547,AG07,751 84 15 358,3173,out,REUSSI,2026-06-22,32.0,USSD,9547
TX0009548,AG12,+226 754 16 55 561,2315,out,Reussie,2026-06-22,23.0,Agent,9548
TX0009549,AG18,+226 723 95 13 431,5785,out,Reussie,2026-06-22,58.0,Agent,9549
TX0009550,AG15,+226 735 10 05 103,2145,in,ok,2026-06-22,54.0,USSD,9550
TX0009551,AG07,7219527892,2255,out,OK,2026-06-22,23.0,Agent,9551
TX0009552,AG17,7083052296,1558,in,echec,2026-06-22,39.0,Agent,9552
TX0009553,AG05,788 50 31 936,5393,out,ok,2026-06-22,54.0,app,9553
TX0009554,AG12,+226 753 26 12 030,1788,in,Echouee,2026-06-22,45.0,Agent,9554
TX0009555,AG05,7749650970,1226,in,ok,2026-06-23,31.0,Agent,9555
TX0009556,AG05,700 34 98 293,2404,out,echec,2026-06-23,24.0,Agent,9556
TX0009557,AG06,745 06 41 192,502,out,echec,2026-06-23,5.0,Agent,9557
TX0009558,AG16,7285192017,4321,in,Reussie,2026-06-23,108.0,USSD,9558
TX0009559,AG06,+226 703 89 44 551,2848,out,ok,2026-06-23,28.0,USSD,9559
TX0009560,AG16,745 55 51 748,1793,in,ok,2026-06-23,45.0,Agent,9560
TX0009561,AG11,+226 799 75 11 615,1592,in,OK,2026-06-23,40.0,USSD,9561
TX0009562,AG17,799 39 54 144,4886,in,echec,2026-06-23,122.0,app,9562
TX0009563,AG14,+226 778 58 38 639,11716,out,ok,2026-06-23,117.0,USSD,9563
TX0009564,AG08,+226 744 40 17 363,4685,out,Echouee,2026-06-23,47.0,USSD,9564
TX0009565,AG03,7173718299,591,in,OK,2026-06-23,15.0,Agent,9565
TX0009566,AG05,7253075144,1013,in,ok,2026-06-23,25.0,app,9566
TX0009567,AG12,+226 730 69 38 902,2455,out,Reussie,2026-06-23,25.0,Agent,9567
TX0009568,AG06,7793799564,3070,out,Reussie,2026-06-23,31.0,Agent,9568
TX0009569,AG19,744 73 40 208,8428,in,REUSSI,2026-06-23,211.0,Agent,9569
TX0009570,AG02,714 93 10 407,8923,in,echec,2026-06-23,223.0,Agent,9570
TX0009571,AG10,+226 739 22 72 757,793,out,Reussie,2026-06-23,8.0,Agent,9571
TX0009572,AG12,+226 752 34 64 069,2621,in,OK,2026-06-23,66.0,Agent,9572
TX0009573,AG19,+226 797 27 28 447,5009,in,ok,2026-06-23,125.0,Agent,9573
TX0009574,AG06,703 26 13 266,5891,in,REUSSI,2026-06-23,147.0,USSD,9574
TX0009575,AG15,780 49 82 065,5240,in,OK,2026-06-23,131.0,Agent,9575
TX0009576,AG04,+226 715 55 76 989,2792,in,OK,2026-06-23,70.0,Agent,9576
TX0009577,AG06,+226 705 95 82 735,4010,out,OK,2026-06-23,40.0,Agent,9577
TX0009578,AG12,+226 722 14 32 397,8681,out,ok,2026-06-23,87.0,Agent,9578
TX0009579,AG15,+226 789 43 60 969,3461,in,Reussie,2026-06-23,87.0,Agent,9579
TX0009580,AG05,7363757945,214,out,REUSSI,2026-06-23,2.0,USSD,9580
TX0009581,AG16,700 89 34 563,9240,out,REUSSI,2026-06-23,92.0,Agent,9581
TX0009582,AG05,751 82 87 507,5577,in,OK,2026-06-23,139.0,USSD,9582
TX0009583,AG20,+226 781 84 29 196,1787,in,Echouee,2026-06-23,45.0,Agent,9583
TX0009584,AG05,+226 758 01 73 543,1938,in,Reussie,2026-06-23,48.0,Agent,9584
TX0009585,AG08,748 49 71 604,2895,in,ok,2026-06-23,72.0,Agent,9585
TX0009586,AG19,723 94 71 816,7200,in,ok,2026-06-23,180.0,Agent,9586
TX0009587,AG09,784 94 61 530,3141,in,REUSSI,2026-06-23,79.0,Agent,9587
TX0009588,AG10,7887708225,9662,out,ok,2026-06-23,97.0,USSD,9588
TX0009589,AG12,764 74 93 415,13081,out,REUSSI,2026-06-23,131.0,USSD,9589
TX0009590,AG12,773 52 05 612,766,in,Reussie,2026-06-23,19.0,USSD,9590
TX0009591,AG08,738 63 81 382,358,out,OK,2026-06-23,4.0,USSD,9591
TX0009592,AG05,731 61 77 498,2309,in,Reussie,2026-06-23,58.0,Agent,9592
TX0009593,AG18,+226 782 62 54 041,1342,in,ok,2026-06-23,34.0,Agent,9593
TX0009594,AG05,+226 760 86 06 896,5007,in,echec,2026-06-23,125.0,Agent,9594
TX0009595,AG11,7028426939,1076,in,ok,2026-06-23,27.0,Agent,9595
TX0009596,AG08,+226 722 61 92 629,3223,out,REUSSI,2026-06-23,32.0,Agent,9596
TX0009597,AG03,+226 704 25 41 986,2497,in,REUSSI,2026-06-23,62.0,Agent,9597
TX0009598,AG01,+226 790 55 29 287,454,out,REUSSI,2026-06-23,5.0,Agent,9598
TX0009599,AG16,7595848106,3147,out,REUSSI,2026-06-23,31.0,USSD,9599
TX0009600,AG16,+226 739 93 66 127,1463,out,Echouee,2026-06-23,15.0,USSD,9600
TX0009601,AG06,+226 759 71 70 328,1799,out,REUSSI,2026-06-23,18.0,USSD,9601
TX0009602,AG10,+226 763 95 89 348,3794,in,REUSSI,2026-06-23,95.0,app,9602
TX0009603,AG07,785 11 72 388,8270,out,echec,2026-06-23,83.0,app,9603
TX0009604,AG02,+226 771 28 20 326,1281,in,Reussie,2026-06-23,32.0,Agent,9604
TX0009605,AG11,737 64 68 938,3092,out,ok,2026-06-23,31.0,Agent,9605
TX0009606,AG09,+226 741 91 32 244,1669,in,Reussie,2026-06-23,42.0,USSD,9606
TX0009607,AG03,781 49 97 334,10613,in,Reussie,2026-06-23,265.0,Agent,9607
TX0009608,AG04,+226 725 26 28 492,2623,out,OK,2026-06-23,26.0,Agent,9608
TX0009609,AG13,+226 784 03 27 604,3218,in,Reussie,2026-06-23,80.0,Agent,9609
TX0009610,AG13,+226 735 50 24 283,2198,in,echec,2026-06-23,55.0,USSD,9610
TX0009611,AG11,+226 789 76 41 379,1797,in,ok,2026-06-23,45.0,USSD,9611
TX0009612,AG15,716 50 79 622,2962,in,REUSSI,2026-06-23,74.0,USSD,9612
TX0009613,AG04,+226 744 29 57 722,767,in,REUSSI,2026-06-23,19.0,Agent,9613
TX0009614,AG20,+226 790 22 94 343,4275,in,REUSSI,2026-06-23,107.0,Agent,9614
TX0009615,AG01,7773761866,4887,in,REUSSI,2026-06-23,122.0,Agent,9615
TX0009616,AG12,718 76 63 611,1814,out,Echouee,2026-06-23,18.0,Agent,9616
TX0009617,AG13,791 84 88 635,8573,in,ok,2026-06-23,214.0,Agent,9617
TX0009618,AG09,+226 753 12 96 124,9826,in,REUSSI,2026-06-23,246.0,USSD,9618
TX0009619,AG05,767 27 59 802,4201,out,Reussie,2026-06-24,42.0,Agent,9619
TX0009620,AG06,7458484067,7386,out,Reussie,2026-06-24,74.0,USSD,9620
TX0009621,AG12,+226 757 68 32 875,924,out,Reussie,2026-06-24,9.0,USSD,9621
TX0009622,AG09,766 06 37 738,1557,out,REUSSI,2026-06-24,16.0,Agent,9622
TX0009623,AG13,+226 742 16 48 392,2777,in,REUSSI,2026-06-24,69.0,USSD,9623
TX0009624,AG12,+226 784 06 94 810,4847,in,Reussie,2026-06-24,121.0,Agent,9624
TX0009625,AG09,+226 756 92 60 661,1442,in,REUSSI,2026-06-24,36.0,Agent,9625
TX0009626,AG18,+226 739 59 20 623,515,out,OK,2026-06-24,5.0,Agent,9626
TX0009627,AG10,+226 783 37 38 190,4953,out,OK,2026-06-24,50.0,Agent,9627
TX0009628,AG13,7667025418,528,in,REUSSI,2026-06-24,13.0,Agent,9628
TX0009629,AG04,799 35 14 787,318,out,Echouee,2026-06-24,3.0,USSD,9629
TX0009630,AG13,+226 731 22 81 066,657,in,OK,2026-06-24,16.0,Agent,9630
TX0009631,AG04,+226 723 81 19 257,1698,in,REUSSI,2026-06-24,42.0,USSD,9631
TX0009632,AG01,+226 700 29 55 252,3922,out,OK,2026-06-24,39.0,Agent,9632
TX0009633,AG02,763 97 64 569,8254,in,OK,2026-06-24,206.0,Agent,9633
TX0009634,AG08,+226 713 23 68 669,2725,in,Reussie,2026-06-24,68.0,USSD,9634
TX0009635,AG18,799 21 27 544,11873,in,OK,2026-06-24,297.0,Agent,9635
TX0009636,AG11,7573070713,2508,in,Reussie,2026-06-24,63.0,USSD,9636
TX0009637,AG17,+226 763 43 99 099,23854,in,Reussie,2026-06-24,596.0,USSD,9637
TX0009638,AG02,726 80 27 393,4554,out,Reussie,2026-06-24,46.0,USSD,9638
TX0009639,AG17,728 95 90 099,7811,in,OK,2026-06-24,195.0,USSD,9639
TX0009640,AG13,795 80 41 710,910,in,OK,2026-06-24,23.0,Agent,9640
TX0009641,AG02,736 49 77 176,9966,in,ok,2026-06-24,249.0,app,9641
TX0009642,AG17,788 26 66 423,2871,in,Echouee,2026-06-24,72.0,USSD,9642
TX0009643,AG09,715 60 64 713,475,out,REUSSI,2026-06-24,5.0,Agent,9643
TX0009644,AG07,+226 736 83 26 602,161,in,ok,2026-06-24,4.0,Agent,9644
TX0009645,AG11,7925973259,1148,out,ok,2026-06-24,11.0,Agent,9645
TX0009646,AG11,+226 763 93 40 818,2630,out,ok,2026-06-24,26.0,Agent,9646
TX0009647,AG12,7081954462,1393,in,REUSSI,2026-06-24,35.0,USSD,9647
TX0009648,AG17,740 30 00 006,1439,out,Reussie,2026-06-24,14.0,USSD,9648
TX0009649,AG14,748 14 41 003,3345,in,Reussie,2026-06-24,84.0,USSD,9649
TX0009650,AG13,+226 776 23 33 724,7902,out,Echouee,2026-06-24,79.0,USSD,9650
TX0009651,AG02,+226 798 77 76 116,961,out,Echouee,2026-06-24,10.0,Agent,9651
TX0009652,AG14,7689459784,2157,in,OK,2026-06-24,54.0,Agent,9652
TX0009653,AG08,7052702820,2639,out,ok,2026-06-24,26.0,Agent,9653
TX0009654,AG07,728 29 30 818,7913,out,Echouee,2026-06-24,79.0,Agent,9654
TX0009655,AG05,754 48 68 612,2016,in,REUSSI,2026-06-24,50.0,Agent,9655
TX0009656,AG16,735 16 96 252,4448,in,REUSSI,2026-06-24,111.0,Agent,9656
TX0009657,AG04,7880929411,2671,out,REUSSI,2026-06-24,27.0,app,9657
TX0009658,AG08,780 63 93 273,4512,out,OK,2026-06-24,45.0,USSD,9658
TX0009659,AG04,763 62 52 790,3325,in,ok,2026-06-24,83.0,USSD,9659
TX0009660,AG09,771 88 47 178,4027,in,OK,2026-06-24,101.0,Agent,9660
TX0009661,AG13,703 03 26 462,1701,out,ok,2026-06-24,17.0,USSD,9661
TX0009662,AG01,+226 742 34 36 164,3821,out,REUSSI,2026-06-24,38.0,USSD,9662
TX0009663,AG20,745 32 32 820,2081,out,Reussie,2026-06-24,21.0,USSD,9663
TX0009664,AG08,+226 708 50 84 179,1180,in,Reussie,2026-06-24,30.0,USSD,9664
TX0009665,AG08,742 23 30 365,288,out,OK,2026-06-24,3.0,Agent,9665
TX0009666,AG08,765 00 83 641,4399,in,ok,2026-06-24,110.0,Agent,9666
TX0009667,AG17,+226 764 78 00 070,2283,in,ok,2026-06-24,57.0,Agent,9667
TX0009668,AG02,784 38 94 688,723,out,OK,2026-06-24,7.0,USSD,9668
TX0009669,AG02,7352460852,1279,out,REUSSI,2026-06-25,13.0,app,9669
TX0009670,AG13,7309323300,6235,out,OK,2026-06-25,62.0,Agent,9670
TX0009671,AG05,736 27 29 319,2172,out,ok,2026-06-25,22.0,Agent,9671
TX0009672,AG17,7339355614,1448,in,Reussie,2026-06-25,36.0,app,9672
TX0009673,AG14,791 91 98 687,3548,in,REUSSI,2026-06-25,89.0,Agent,9673
TX0009674,AG09,792 08 41 199,8340,in,ok,2026-06-25,208.0,USSD,9674
TX0009675,AG12,+226 762 26 74 434,2303,in,ok,2026-06-25,58.0,USSD,9675
TX0009676,AG02,+226 728 54 68 663,1732,out,OK,2026-06-25,17.0,USSD,9676
TX0009677,AG16,7380635235,1011,in,REUSSI,2026-06-25,25.0,Agent,9677
TX0009678,AG17,+226 742 83 02 586,7607,out,ok,2026-06-25,76.0,USSD,9678
TX0009679,AG19,+226 749 08 10 316,1880,in,echec,2026-06-25,47.0,app,9679
TX0009680,AG01,7816837290,5592,out,OK,2026-06-25,56.0,Agent,9680
TX0009681,AG12,701 87 43 150,1385,out,REUSSI,2026-06-25,14.0,USSD,9681
TX0009682,AG03,+226 742 41 00 958,4350,in,echec,2026-06-25,109.0,Agent,9682
TX0009683,AG04,778 79 90 377,2210,in,ok,2026-06-25,55.0,USSD,9683
TX0009684,AG20,7742359164,284,out,ok,2026-06-25,3.0,Agent,9684
TX0009685,AG10,+226 751 86 07 372,2889,in,OK,2026-06-25,72.0,app,9685
TX0009686,AG20,721 66 12 298,1840,in,ok,2026-06-25,46.0,Agent,9686
TX0009687,AG14,757 73 49 139,726,in,REUSSI,2026-06-25,18.0,app,9687
TX0009688,AG06,+226 722 09 87 994,25055,out,OK,2026-06-25,251.0,app,9688
TX0009689,AG06,739 61 91 513,2540,out,Reussie,2026-06-25,25.0,app,9689
TX0009690,AG06,748 64 06 466,4363,in,REUSSI,2026-06-25,109.0,USSD,9690
TX0009691,AG04,776 84 91 942,18236,in,echec,2026-06-25,456.0,Agent,9691
TX0009692,AG03,+226 781 33 40 131,893,in,REUSSI,2026-06-25,22.0,Agent,9692
TX0009693,AG15,+226 727 41 25 858,2773,in,ok,2026-06-25,69.0,USSD,9693
TX0009694,AG04,+226 767 17 51 083,1400,in,echec,2026-06-25,35.0,USSD,9694
TX0009695,AG03,+226 719 18 57 209,2948,in,ok,2026-06-25,74.0,Agent,9695
TX0009696,AG12,707 41 83 335,505,out,Reussie,2026-06-25,5.0,USSD,9696
TX0009697,AG03,774 60 55 125,3060,out,OK,2026-06-25,31.0,USSD,9697
TX0009698,AG10,+226 776 34 80 218,1250,in,echec,2026-06-25,31.0,Agent,9698
TX0009699,AG14,740 94 70 542,4657,in,Reussie,2026-06-25,116.0,Agent,9699
TX0009700,AG07,+226 726 78 83 248,13321,out,Reussie,2026-06-25,133.0,USSD,9700
TX0009701,AG06,+226 717 47 26 570,5186,out,REUSSI,2026-06-25,52.0,USSD,9701
TX0009702,AG07,782 05 97 309,2958,in,Reussie,2026-06-25,74.0,Agent,9702
TX0009703,AG10,+226 759 35 08 356,1873,in,OK,2026-06-25,47.0,app,9703
TX0009704,AG12,778 72 90 519,5577,in,REUSSI,2026-06-25,139.0,Agent,9704
TX0009705,AG14,705 19 67 288,3697,out,REUSSI,2026-06-25,37.0,app,9705
TX0009706,AG11,791 31 59 366,1933,out,REUSSI,2026-06-25,19.0,Agent,9706
TX0009707,AG08,+226 770 33 74 210,9741,out,echec,2026-06-25,97.0,USSD,9707
TX0009708,AG08,+226 718 02 39 367,898,in,REUSSI,2026-06-25,22.0,Agent,9708
TX0009709,AG13,+226 765 69 43 442,854,in,OK,2026-06-25,21.0,Agent,9709
TX0009710,AG14,780 43 34 590,1572,out,ok,2026-06-25,16.0,Agent,9710
TX0009711,AG09,777 30 84 437,5413,out,echec,2026-06-25,54.0,Agent,9711
TX0009712,AG16,723 32 87 770,5111,in,REUSSI,2026-06-25,128.0,Agent,9712
TX0009713,AG01,+226 788 33 86 760,1694,out,OK,2026-06-25,17.0,Agent,9713
TX0009714,AG10,+226 725 39 08 377,1403,out,Reussie,2026-06-25,14.0,USSD,9714
TX0009715,AG03,+226 773 11 56 324,17251,in,OK,2026-06-25,431.0,USSD,9715
TX0009716,AG05,781 21 15 031,1766,in,ok,2026-06-25,44.0,USSD,9716
TX0009717,AG16,+226 756 53 94 939,6893,out,ok,2026-06-25,69.0,Agent,9717
TX0009718,AG08,7156703615,3914,in,REUSSI,2026-06-25,98.0,USSD,9718
TX0009719,AG04,768 35 35 533,1823,in,OK,2026-06-25,46.0,app,9719
TX0009720,AG01,789 44 15 796,1480,out,Reussie,2026-06-25,15.0,USSD,9720
TX0009721,AG03,+226 721 45 57 732,1398,in,ok,2026-06-25,35.0,Agent,9721
TX0009722,AG13,+226 734 06 46 747,557,in,OK,2026-06-25,14.0,Agent,9722
TX0009723,AG02,7775861883,3362,out,Reussie,2026-06-25,34.0,USSD,9723
TX0009724,AG20,+226 736 98 48 047,636,out,REUSSI,2026-06-25,6.0,USSD,9724
TX0009725,AG06,7384002872,2213,out,OK,2026-06-25,22.0,Agent,9725
TX0009726,AG18,+226 755 59 32 378,7532,out,OK,2026-06-25,75.0,USSD,9726
TX0009727,AG17,742 14 88 101,8097,in,echec,2026-06-25,202.0,USSD,9727
TX0009728,AG04,7371385969,655,in,ok,2026-06-25,16.0,Agent,9728
TX0009729,AG14,+226 700 99 56 742,2977,in,OK,2026-06-25,74.0,Agent,9729
TX0009730,AG13,722 06 59 750,1265,out,ok,2026-06-25,13.0,USSD,9730
TX0009731,AG04,797 33 72 568,1169,out,echec,2026-06-25,12.0,app,9731
TX0009732,AG02,+226 752 89 92 274,1368,out,Echouee,2026-06-25,14.0,app,9732
TX0009733,AG17,+226 761 26 58 108,15944,out,OK,2026-06-25,159.0,USSD,9733
TX0009734,AG05,7581698469,3841,in,OK,2026-06-25,96.0,Agent,9734
TX0009735,AG07,+226 708 82 94 290,1808,in,echec,2026-06-25,45.0,Agent,9735
TX0009736,AG02,+226 727 37 56 873,1291,in,Reussie,2026-06-25,32.0,USSD,9736
TX0009737,AG05,+226 771 41 56 542,1755,in,OK,2026-06-25,44.0,app,9737
TX0009738,AG05,+226 771 37 59 430,8771,in,Echouee,2026-06-26,219.0,app,9738
TX0009739,AG01,730 59 94 209,1064,out,ok,2026-06-26,11.0,USSD,9739
TX0009740,AG15,+226 786 65 64 027,2521,in,echec,2026-06-26,63.0,USSD,9740
TX0009741,AG16,7199910870,3841,in,Echouee,2026-06-26,96.0,Agent,9741
TX0009742,AG13,+226 742 93 00 041,6174,in,REUSSI,2026-06-26,154.0,USSD,9742
TX0009743,AG07,7290434712,2141,in,Reussie,2026-06-26,54.0,Agent,9743
TX0009744,AG20,7403229115,511,out,Reussie,2026-06-26,5.0,USSD,9744
TX0009745,AG19,+226 704 00 56 145,6275,in,REUSSI,2026-06-26,157.0,Agent,9745
TX0009746,AG08,+226 796 85 70 531,4901,out,OK,2026-06-26,49.0,Agent,9746
TX0009747,AG10,794 79 18 904,1246,out,Echouee,2026-06-26,12.0,USSD,9747
TX0009748,AG19,7100680823,4211,out,OK,2026-06-26,42.0,USSD,9748
TX0009749,AG20,+226 708 92 38 318,3756,in,REUSSI,2026-06-26,94.0,Agent,9749
TX0009750,AG17,7959490328,3736,out,REUSSI,2026-06-26,37.0,app,9750
TX0009751,AG04,+226 742 12 93 817,1871,out,OK,2026-06-26,19.0,USSD,9751
TX0009752,AG09,+226 723 10 33 283,1230,in,OK,2026-06-26,31.0,Agent,9752
TX0009753,AG06,7370968319,2263,out,REUSSI,2026-06-26,23.0,USSD,9753
TX0009754,AG10,707 08 50 655,3617,in,Echouee,2026-06-26,90.0,USSD,9754
TX0009755,AG02,+226 788 75 23 681,14325,out,ok,2026-06-26,143.0,Agent,9755
TX0009756,AG13,+226 790 89 77 976,1172,in,REUSSI,2026-06-26,29.0,USSD,9756
TX0009757,AG19,+226 732 56 44 677,4571,in,OK,2026-06-26,114.0,USSD,9757
TX0009758,AG16,+226 733 01 04 699,4597,out,REUSSI,2026-06-26,46.0,Agent,9758
TX0009759,AG01,+226 772 71 67 386,6610,in,REUSSI,2026-06-26,165.0,USSD,9759
TX0009760,AG14,7777751287,1343,out,Reussie,2026-06-26,13.0,app,9760
TX0009761,AG12,754 87 94 782,832,in,OK,2026-06-26,21.0,USSD,9761
TX0009762,AG10,+226 733 57 95 094,4310,out,OK,2026-06-26,43.0,USSD,9762
TX0009763,AG11,7184109463,584,out,Echouee,2026-06-26,6.0,USSD,9763
TX0009764,AG19,7051106466,865,out,ok,2026-06-26,9.0,USSD,9764
TX0009765,AG03,+226 769 43 84 916,2041,in,OK,2026-06-26,51.0,app,9765
TX0009766,AG14,709 53 11 560,764,in,OK,2026-06-26,19.0,USSD,9766
TX0009767,AG11,704 97 99 693,7364,in,Reussie,2026-06-26,184.0,Agent,9767
TX0009768,AG18,+226 794 02 03 792,2234,out,OK,2026-06-26,22.0,USSD,9768
TX0009769,AG04,+226 718 46 32 021,8014,in,ok,2026-06-26,200.0,Agent,9769
TX0009770,AG07,7029250438,2809,out,Echouee,2026-06-26,28.0,Agent,9770
TX0009771,AG04,+226 734 71 48 023,3072,out,echec,2026-06-26,31.0,Agent,9771
TX0009772,AG08,721 33 85 884,1306,in,Echouee,2026-06-26,33.0,Agent,9772
TX0009773,AG16,7711600853,1690,out,Echouee,2026-06-26,17.0,USSD,9773
TX0009774,AG12,755 27 75 890,11203,out,Echouee,2026-06-26,112.0,app,9774
TX0009775,AG11,784 99 78 528,6245,in,OK,2026-06-26,156.0,USSD,9775
TX0009776,AG18,7875742032,783,out,echec,2026-06-26,8.0,USSD,9776
TX0009777,AG03,+226 799 78 78 331,4477,in,REUSSI,2026-06-26,112.0,USSD,9777
TX0009778,AG06,+226 731 32 62 227,2007,in,REUSSI,2026-06-26,50.0,USSD,9778
TX0009779,AG05,771 69 79 340,2042,out,ok,2026-06-26,20.0,Agent,9779
TX0009780,AG15,729 35 80 235,2121,in,OK,2026-06-26,53.0,Agent,9780
TX0009781,AG13,+226 729 95 98 405,1235,in,Reussie,2026-06-26,31.0,Agent,9781
TX0009782,AG11,769 02 88 672,477,in,Reussie,2026-06-26,12.0,Agent,9782
TX0009783,AG09,+226 703 63 37 370,3548,out,REUSSI,2026-06-26,35.0,USSD,9783
TX0009784,AG09,+226 706 48 46 622,1139,in,Reussie,2026-06-26,28.0,Agent,9784
TX0009785,AG04,+226 711 28 29 350,10716,in,Reussie,2026-06-26,268.0,Agent,9785
TX0009786,AG11,723 53 07 189,2059,in,Reussie,2026-06-26,51.0,Agent,9786
TX0009787,AG16,7034595633,2590,in,ok,2026-06-26,65.0,Agent,9787
TX0009788,AG08,798 14 58 491,8856,out,Reussie,2026-06-26,89.0,Agent,9788
TX0009789,AG12,714 62 37 570,1741,out,ok,2026-06-26,17.0,USSD,9789
TX0009790,AG07,721 36 76 505,1593,out,ok,2026-06-26,16.0,USSD,9790
TX0009791,AG12,+226 754 89 01 204,637,in,REUSSI,2026-06-26,16.0,app,9791
TX0009792,AG05,7006692046,753,out,ok,2026-06-27,8.0,app,9792
TX0009793,AG09,+226 750 87 46 050,834,in,ok,2026-06-27,21.0,Agent,9793
TX0009794,AG19,774 79 30 528,4460,in,OK,2026-06-27,112.0,USSD,9794
TX0009795,AG13,+226 719 85 13 211,1186,in,OK,2026-06-27,30.0,Agent,9795
TX0009796,AG09,783 48 53 312,3869,out,REUSSI,2026-06-27,39.0,Agent,9796
TX0009797,AG03,7468929068,2106,in,ok,2026-06-27,53.0,Agent,9797
TX0009798,AG06,769 97 81 033,2601,out,ok,2026-06-27,26.0,app,9798
TX0009799,AG11,+226 760 97 63 711,2809,in,Reussie,2026-06-27,70.0,USSD,9799
TX0009800,AG09,717 54 84 597,826,in,OK,2026-06-27,21.0,Agent,9800
TX0009801,AG20,+226 779 11 29 722,4314,in,echec,2026-06-27,108.0,USSD,9801
TX0009802,AG02,7238877375,924,in,OK,2026-06-27,23.0,USSD,9802
TX0009803,AG20,706 60 15 169,489,out,echec,2026-06-27,5.0,USSD,9803
TX0009804,AG02,773 72 19 180,4210,out,echec,2026-06-27,42.0,USSD,9804
TX0009805,AG13,718 71 45 845,1136,in,Reussie,2026-06-27,28.0,USSD,9805
TX0009806,AG05,752 50 67 038,2336,in,REUSSI,2026-06-27,58.0,USSD,9806
TX0009807,AG08,7785518154,2466,out,ok,2026-06-27,25.0,Agent,9807
TX0009808,AG07,+226 728 57 94 172,2782,out,ok,2026-06-27,28.0,USSD,9808
TX0009809,AG17,7148086120,2153,in,OK,2026-06-27,54.0,USSD,9809
TX0009810,AG15,7037385573,2244,out,OK,2026-06-27,22.0,Agent,9810
TX0009811,AG18,+226 753 37 12 784,3862,out,echec,2026-06-27,39.0,Agent,9811
TX0009812,AG06,761 82 80 421,4018,out,REUSSI,2026-06-27,40.0,app,9812
TX0009813,AG13,+226 776 71 62 891,10224,in,REUSSI,2026-06-27,256.0,USSD,9813
TX0009814,AG10,+226 750 20 75 832,347,out,ok,2026-06-27,3.0,Agent,9814
TX0009815,AG14,796 06 63 280,781,out,Reussie,2026-06-27,8.0,USSD,9815
TX0009816,AG03,738 25 32 252,10141,in,Reussie,2026-06-27,254.0,app,9816
TX0009817,AG18,+226 773 82 52 080,6435,in,Reussie,2026-06-27,161.0,Agent,9817
TX0009818,AG15,+226 766 99 31 375,1192,out,ok,2026-06-27,12.0,USSD,9818
TX0009819,AG04,738 01 14 423,9397,in,echec,2026-06-27,235.0,USSD,9819
TX0009820,AG02,+226 731 29 84 527,795,out,Echouee,2026-06-27,8.0,USSD,9820
TX0009821,AG07,734 63 70 049,316,in,REUSSI,2026-06-27,8.0,USSD,9821
TX0009822,AG20,798 08 01 853,2573,in,Reussie,2026-06-27,64.0,Agent,9822
TX0009823,AG19,726 09 06 478,4614,in,OK,2026-06-27,115.0,Agent,9823
TX0009824,AG19,797 21 84 169,4000,out,ok,2026-06-27,40.0,USSD,9824
TX0009825,AG04,+226 756 20 25 795,2036,in,echec,2026-06-27,51.0,USSD,9825
TX0009826,AG10,777 88 13 766,1768,out,echec,2026-06-27,18.0,Agent,9826
TX0009827,AG14,723 80 48 998,982,in,OK,2026-06-27,25.0,app,9827
TX0009828,AG18,719 53 69 807,5090,in,OK,2026-06-27,127.0,Agent,9828
TX0009829,AG18,+226 722 39 31 282,1420,out,ok,2026-06-27,14.0,Agent,9829
TX0009830,AG03,+226 734 54 40 132,5808,in,REUSSI,2026-06-27,145.0,Agent,9830
TX0009831,AG18,7659271479,1663,in,OK,2026-06-27,42.0,USSD,9831
TX0009832,AG13,756 97 23 487,18200,out,REUSSI,2026-06-27,182.0,Agent,9832
TX0009833,AG15,7580210160,770,out,ok,2026-06-28,8.0,USSD,9833
TX0009834,AG02,+226 798 50 67 565,2893,in,REUSSI,2026-06-28,72.0,USSD,9834
TX0009835,AG07,7040433648,9566,out,ok,2026-06-28,96.0,USSD,9835
TX0009836,AG08,700 47 84 679,2151,out,Reussie,2026-06-28,22.0,USSD,9836
TX0009837,AG15,771 04 72 444,4843,in,REUSSI,2026-06-28,121.0,Agent,9837
TX0009838,AG11,7212124962,4759,in,OK,2026-06-28,119.0,Agent,9838
TX0009839,AG16,+226 770 17 69 218,2080,in,Reussie,2026-06-29,52.0,Agent,9839
TX0009840,AG06,+226 744 59 09 638,1929,in,ok,2026-06-29,48.0,USSD,9840
TX0009841,AG10,7006764022,2556,in,Reussie,2026-06-29,64.0,USSD,9841
TX0009842,AG10,7942347836,848,out,ok,2026-06-29,8.0,app,9842
TX0009843,AG12,+226 767 41 54 450,1335,out,Echouee,2026-06-29,13.0,USSD,9843
TX0009844,AG09,7006882961,6142,out,ok,2026-06-29,61.0,Agent,9844
TX0009845,AG18,715 15 02 461,860,out,OK,2026-06-29,9.0,USSD,9845
TX0009846,AG13,700 70 80 183,609,out,Echouee,2026-06-29,6.0,app,9846
TX0009847,AG02,7078974209,2293,out,Echouee,2026-06-29,23.0,Agent,9847
TX0009848,AG05,7178878600,3991,out,REUSSI,2026-06-29,40.0,Agent,9848
TX0009849,AG07,+226 770 63 01 865,2133,out,OK,2026-06-29,21.0,Agent,9849
TX0009850,AG14,760 35 59 479,1466,out,Reussie,2026-06-29,15.0,USSD,9850
TX0009851,AG05,730 12 52 807,2725,out,OK,2026-06-29,27.0,USSD,9851
TX0009852,AG14,7969493944,5921,in,OK,2026-06-29,148.0,USSD,9852
TX0009853,AG01,+226 732 20 23 518,616,in,OK,2026-06-29,15.0,USSD,9853
TX0009854,AG20,+226 798 36 58 127,2155,in,ok,2026-06-29,54.0,Agent,9854
TX0009855,AG11,7407364216,1441,in,REUSSI,2026-06-29,36.0,app,9855
TX0009856,AG03,755 54 77 861,2768,in,Reussie,2026-06-29,69.0,Agent,9856
TX0009857,AG11,+226 732 66 10 561,3389,in,ok,2026-06-29,85.0,USSD,9857
TX0009858,AG09,755 31 36 984,5018,out,ok,2026-06-29,50.0,USSD,9858
TX0009859,AG07,+226 707 38 70 210,101167,out,echec,2026-06-29,1012.0,Agent,9859
TX0009860,AG18,+226 779 21 61 412,9966,in,OK,2026-06-29,249.0,Agent,9860
TX0009861,AG18,+226 707 55 18 640,1707,in,ok,2026-06-29,43.0,USSD,9861
TX0009862,AG01,748 14 39 974,5184,out,ok,2026-06-29,52.0,Agent,9862
TX0009863,AG15,+226 797 75 80 241,1084,in,Reussie,2026-06-29,27.0,Agent,9863
TX0009864,AG14,+226 769 04 23 217,276,out,OK,2026-06-29,3.0,Agent,9864
TX0009865,AG01,+226 720 73 88 111,5326,out,echec,2026-06-29,53.0,USSD,9865
TX0009866,AG03,7640270145,625,in,Reussie,2026-06-29,16.0,Agent,9866
TX0009867,AG13,798 99 62 104,1199,in,REUSSI,2026-06-29,30.0,app,9867
TX0009868,AG16,759 74 59 351,2347,in,Reussie,2026-06-29,59.0,app,9868
TX0009869,AG13,769 62 06 539,4871,out,ok,2026-06-29,49.0,app,9869
TX0009870,AG10,788 61 61 674,4633,out,Reussie,2026-06-29,46.0,USSD,9870
TX0009871,AG12,789 73 35 624,1031,in,ok,2026-06-29,26.0,Agent,9871
TX0009872,AG16,+226 707 03 31 375,1098,in,Reussie,2026-06-29,27.0,Agent,9872
TX0009873,AG09,+226 727 36 38 007,1549,out,ok,2026-06-29,15.0,Agent,9873
TX0009874,AG09,763 36 12 468,5950,in,echec,2026-06-29,149.0,USSD,9874
TX0009875,AG14,+226 755 80 10 805,8113,out,ok,2026-06-29,81.0,Agent,9875
TX0009876,AG17,+226 702 80 21 891,949,in,ok,2026-06-29,24.0,Agent,9876
TX0009877,AG17,7947894856,9889,in,ok,2026-06-29,247.0,USSD,9877
TX0009878,AG07,+226 787 08 59 603,7633,out,ok,2026-06-29,76.0,USSD,9878
TX0009879,AG10,7629761010,4096,out,OK,2026-06-29,41.0,USSD,9879
TX0009880,AG04,+226 754 81 73 908,3582,out,ok,2026-06-29,36.0,Agent,9880
TX0009881,AG16,798 52 96 377,7560,out,Reussie,2026-06-29,76.0,Agent,9881
TX0009882,AG12,7924851542,16679,out,OK,2026-06-29,167.0,Agent,9882
TX0009883,AG20,+226 770 84 26 737,520,in,Reussie,2026-06-29,13.0,Agent,9883
TX0009884,AG20,7957972407,3889,in,OK,2026-06-29,97.0,Agent,9884
TX0009885,AG04,760 51 92 035,4792,in,ok,2026-06-29,120.0,Agent,9885
TX0009886,AG01,7794002414,7422,in,Reussie,2026-06-29,186.0,Agent,9886
TX0009887,AG04,772 68 45 949,2236,out,REUSSI,2026-06-29,22.0,Agent,9887
TX0009888,AG01,+226 776 69 05 331,7056,out,Echouee,2026-06-29,71.0,USSD,9888
TX0009889,AG01,781 49 32 738,2900,in,ok,2026-06-29,72.0,app,9889
TX0009890,AG16,751 91 22 116,2869,out,Echouee,2026-06-29,29.0,Agent,9890
TX0009891,AG01,+226 780 69 79 103,925,in,ok,2026-06-29,23.0,USSD,9891
TX0009892,AG16,753 16 28 018,1329,in,ok,2026-06-29,33.0,Agent,9892
TX0009893,AG11,7775316812,2424,in,REUSSI,2026-06-29,61.0,Agent,9893
TX0009894,AG09,7265524210,1093,out,ok,2026-06-29,11.0,USSD,9894
TX0009895,AG20,756 78 16 368,666,in,Reussie,2026-06-29,17.0,USSD,9895
TX0009896,AG07,+226 739 93 16 764,2562,out,ok,2026-06-29,26.0,Agent,9896
TX0009897,AG06,753 32 90 892,3768,out,ok,2026-06-29,38.0,Agent,9897
TX0009898,AG12,7625379555,8263,out,ok,2026-06-29,83.0,Agent,9898
TX0009899,AG05,+226 705 54 86 252,2959,in,Echouee,2026-06-29,74.0,Agent,9899
TX0009900,AG19,752 05 68 380,5201,out,Reussie,2026-06-29,52.0,app,9900
TX0009901,AG08,+226 746 49 18 951,2745,out,REUSSI,2026-06-29,27.0,USSD,9901
TX0009902,AG10,+226 727 15 01 915,3051,in,REUSSI,2026-06-29,76.0,Agent,9902
TX0009903,AG07,+226 716 62 39 026,1229,in,OK,2026-06-29,31.0,Agent,9903
TX0009904,AG13,+226 774 22 04 431,931,in,OK,2026-06-29,23.0,Agent,9904
TX0009905,AG15,7993821068,2396,in,REUSSI,2026-06-29,60.0,USSD,9905
TX0009906,AG20,7008613970,6617,in,Reussie,2026-06-29,165.0,Agent,9906
TX0009907,AG16,7803966271,3465,out,ok,2026-06-29,35.0,Agent,9907
TX0009908,AG18,732 44 43 903,2646,out,Reussie,2026-06-29,26.0,Agent,9908
TX0009909,AG18,+226 749 85 79 658,13283,out,Echouee,2026-06-29,133.0,Agent,9909
TX0009910,AG03,775 67 91 937,1842,out,REUSSI,2026-06-29,18.0,USSD,9910
TX0009911,AG18,794 51 89 346,3000,out,Reussie,2026-06-29,30.0,Agent,9911
TX0009912,AG14,7042674451,811,out,REUSSI,2026-06-29,8.0,app,9912
TX0009913,AG01,+226 729 69 33 556,1861,out,REUSSI,2026-06-29,19.0,USSD,9913
TX0009914,AG05,+226 710 30 78 101,2226,in,Echouee,2026-06-29,56.0,Agent,9914
TX0009915,AG01,+226 723 88 96 560,1484,in,Reussie,2026-06-29,37.0,Agent,9915
TX0009916,AG09,762 69 51 787,17744,in,Reussie,2026-06-29,444.0,USSD,9916
TX0009917,AG09,717 28 73 601,2592,out,ok,2026-06-29,26.0,USSD,9917
TX0009918,AG03,+226 788 68 52 432,1384,in,ok,2026-06-29,35.0,Agent,9918
TX0009919,AG09,7871149457,2310,in,Reussie,2026-06-29,58.0,USSD,9919
TX0009920,AG03,+226 781 21 51 817,1261,out,Reussie,2026-06-29,13.0,USSD,9920
TX0009921,AG09,791 69 65 089,4494,in,ok,2026-06-29,112.0,USSD,9921
TX0009922,AG03,7003965175,2157,in,Echouee,2026-06-29,54.0,Agent,9922
TX0009923,AG05,7365120070,7568,in,Reussie,2026-06-29,189.0,app,9923
TX0009924,AG14,7509452795,3601,in,REUSSI,2026-06-29,90.0,Agent,9924
TX0009925,AG10,+226 702 85 29 248,3292,in,REUSSI,2026-06-29,82.0,USSD,9925
TX0009926,AG11,+226 795 13 86 079,9610,in,ok,2026-06-29,240.0,Agent,9926
TX0009927,AG08,762 89 84 882,1370,out,ok,2026-06-29,14.0,USSD,9927
TX0009928,AG20,+226 714 87 48 862,3333,in,OK,2026-06-29,83.0,Agent,9928
TX0009929,AG19,757 44 62 088,3368,in,OK,2026-06-29,84.0,USSD,9929
TX0009930,AG14,768 08 07 715,3636,out,Echouee,2026-06-29,36.0,Agent,9930
TX0009931,AG04,+226 791 59 30 959,869,in,Echouee,2026-06-29,22.0,Agent,9931
TX0009932,AG13,717 65 62 630,13914,in,Reussie,2026-06-29,348.0,USSD,9932
TX0009933,AG08,792 27 99 426,2294,in,Echouee,2026-06-29,57.0,USSD,9933
TX0009934,AG04,7166987594,3306,out,OK,2026-06-29,33.0,USSD,9934
TX0009935,AG06,770 32 02 720,6964,out,ok,2026-06-29,70.0,Agent,9935
TX0009936,AG20,+226 789 66 87 442,26416,in,ok,2026-06-29,660.0,USSD,9936
TX0009937,AG14,753 31 55 390,570,in,REUSSI,2026-06-30,14.0,Agent,9937
TX0009938,AG13,704 81 12 090,2027,in,ok,2026-06-30,51.0,USSD,9938
TX0009939,AG19,+226 795 84 32 371,1326,in,OK,2026-06-30,33.0,Agent,9939
TX0009940,AG06,+226 765 13 03 274,763,in,Echouee,2026-06-30,19.0,Agent,9940
TX0009941,AG01,7659427709,1829,out,REUSSI,2026-06-30,18.0,USSD,9941
TX0009942,AG15,714 28 98 029,12567,in,ok,2026-06-30,314.0,USSD,9942
TX0009943,AG05,+226 780 56 52 508,712,in,OK,2026-06-30,18.0,Agent,9943
TX0009944,AG18,+226 761 69 09 669,9237,out,REUSSI,2026-06-30,92.0,USSD,9944
TX0009945,AG20,+226 728 41 97 885,2140,in,REUSSI,2026-06-30,54.0,Agent,9945
TX0009946,AG10,+226 788 32 72 623,1247,in,REUSSI,2026-06-30,31.0,USSD,9946
TX0009947,AG04,732 23 39 631,1263,in,OK,2026-06-30,32.0,app,9947
TX0009948,AG16,784 18 44 794,1566,out,REUSSI,2026-06-30,16.0,USSD,9948
TX0009949,AG04,+226 756 72 57 647,1613,out,Reussie,2026-06-30,16.0,Agent,9949
TX0009950,AG12,+226 761 01 29 209,4362,out,Reussie,2026-06-30,44.0,Agent,9950
TX0009951,AG20,+226 754 99 17 420,6757,in,REUSSI,2026-06-30,169.0,USSD,9951
TX0009952,AG15,717 22 23 312,4841,in,Reussie,2026-06-30,121.0,USSD,9952
TX0009953,AG19,7657812852,1151,in,Echouee,2026-06-30,29.0,Agent,9953
TX0009954,AG02,+226 771 93 50 741,1867,out,OK,2026-06-30,19.0,USSD,9954
TX0009955,AG06,+226 770 86 06 421,1479,in,ok,2026-06-30,37.0,Agent,9955
TX0009956,AG06,717 43 83 541,7640,out,Echouee,2026-06-30,76.0,Agent,9956
TX0009957,AG14,+226 779 12 69 666,2249,out,REUSSI,2026-06-30,22.0,Agent,9957
TX0009958,AG14,795 91 76 973,33065,out,ok,2026-06-30,331.0,USSD,9958
TX0009959,AG16,767 53 43 057,366,out,REUSSI,2026-06-30,4.0,USSD,9959
TX0009960,AG03,+226 724 78 62 784,1455,out,REUSSI,2026-06-30,15.0,USSD,9960
TX0009961,AG01,716 60 54 103,6227,out,echec,2026-06-30,62.0,USSD,9961
TX0009962,AG17,7104101513,2360,out,ok,2026-06-30,24.0,app,9962
TX0009963,AG12,+226 736 91 54 678,1483,in,OK,2026-06-30,37.0,app,9963
TX0009964,AG12,7868739895,583,out,ok,2026-06-30,6.0,USSD,9964
TX0009965,AG11,787 43 88 001,914,in,echec,2026-06-30,23.0,USSD,9965
TX0009966,AG16,769 79 95 694,14059,out,Reussie,2026-06-30,141.0,Agent,9966
TX0009967,AG05,7073517332,2143,in,echec,2026-06-30,54.0,Agent,9967
TX0009968,AG20,7497607284,1273,in,echec,2026-06-30,32.0,USSD,9968
TX0009969,AG19,+226 737 69 02 623,4756,in,Reussie,2026-06-30,119.0,Agent,9969
TX0009970,AG03,706 43 69 618,4990,in,ok,2026-06-30,125.0,Agent,9970
TX0009971,AG12,+226 716 19 33 787,3987,in,ok,2026-06-30,100.0,app,9971
TX0009972,AG01,7514450431,3082,in,Echouee,2026-06-30,77.0,Agent,9972
TX0009973,AG07,770 60 92 809,11239,out,REUSSI,2026-06-30,112.0,app,9973
TX0009974,AG05,744 42 47 030,2417,in,ok,2026-06-30,60.0,USSD,9974
TX0009975,AG01,7795177677,2723,in,REUSSI,2026-06-30,68.0,USSD,9975
TX0009976,AG07,+226 796 21 98 763,1452,in,Reussie,2026-06-30,36.0,USSD,9976
TX0009977,AG07,+226 777 03 53 800,4179,out,ok,2026-06-30,42.0,Agent,9977
TX0009978,AG02,+226 778 50 65 170,428,out,REUSSI,2026-06-30,4.0,Agent,9978
TX0009979,AG05,+226 713 32 58 727,2616,out,echec,2026-06-30,26.0,Agent,9979
TX0009980,AG03,752 34 36 468,647,in,REUSSI,2026-06-30,16.0,Agent,9980
TX0009981,AG01,756 71 65 665,3589,in,echec,2026-06-30,90.0,Agent,9981
TX0009982,AG10,7347478593,2318,in,REUSSI,2026-06-30,58.0,USSD,9982
TX0009983,AG06,+226 711 28 86 626,4138,out,Echouee,2026-06-30,41.0,Agent,9983
TX0009984,AG05,714 22 35 373,3187,in,echec,2026-06-30,80.0,USSD,9984
TX0009985,AG15,773 59 03 430,2707,in,Echouee,2026-06-30,68.0,USSD,9985
TX0009986,AG09,+226 709 21 12 554,1501,in,echec,2026-06-30,38.0,Agent,9986
TX0009987,AG18,+226 711 30 88 339,580,out,OK,2026-06-30,6.0,USSD,9987
TX0009988,AG04,+226 761 93 97 499,1665,out,REUSSI,2026-06-30,17.0,USSD,9988
TX0009989,AG20,7997452395,1466,out,ok,2026-06-30,15.0,Agent,9989
TX0009990,AG18,7447899080,2389,in,ok,2026-06-30,60.0,USSD,9990
TX0009991,AG17,756 12 76 959,2442,in,ok,2026-06-30,61.0,app,9991
TX0009992,AG16,+226 781 92 50 454,3544,in,OK,2026-06-30,89.0,USSD,9992
TX0009993,AG01,+226 758 37 22 456,1319,in,Reussie,2026-06-30,33.0,Agent,9993
TX0009994,AG14,+226 787 65 19 852,3521,in,OK,2026-06-30,88.0,USSD,9994
TX0009995,AG05,779 88 73 284,2385,in,ok,2026-06-30,60.0,app,9995
TX0009996,AG08,778 08 47 386,3033,out,ok,2026-06-30,30.0,Agent,9996
TX0009997,AG13,780 50 30 800,2598,in,OK,2026-06-30,65.0,Agent,9997
TX0009998,AG12,+226 744 27 85 336,2059,out,OK,2026-06-30,21.0,USSD,9998
TX0009999,AG20,725 35 11 710,3169,out,REUSSI,2026-06-30,32.0,USSD,9999
TX0010000,AG13,+226 731 27 50 835,2471,in,ok,2026-06-30,62.0,USSD,10000
TX0000275,AG07,+226 760 39 75 349,1880,in,REUSSI,2026-01-06,47.0,Agent,275
TX0001108,AG08,7635288005,3229,in,ok,2026-01-21,81.0,Agent,1108
TX0003308,AG17,759 59 10 397,10263,in,echec,2026-02-28,257.0,Agent,3308
TX0003549,AG20,+226 737 06 23 821,2073,in,echec,2026-03-04,52.0,Agent,3549
TX0003971,AG06,704 85 42 545,2724,in,OK,2026-03-12,68.0,Agent,3971
TX0004029,AG03,+226 744 86 66 627,767,out,Reussie,2026-03-13,8.0,USSD,4029
TX0004348,AG20,+226 727 79 89 137,1062,out,ok,2026-03-19,11.0,Agent,4348
TX0004706,AG06,751 88 76 597,1819,out,OK,2026-03-26,18.0,USSD,4706
TX0006099,AG01,7947057776,3004,out,Echouee,2026-04-21,30.0,app,6099
TX0006642,AG14,7163934947,1434,in,ok,2026-04-30,36.0,USSD,6642
TX0006805,AG13,722 65 59 049,5655,out,REUSSI,2026-05-04,57.0,USSD,6805
TX0007497,AG10,+226 741 51 88 107,5542,in,Echouee,2026-05-15,139.0,USSD,7497
TX0008187,AG01,734 97 27 868,1860,out,Echouee,2026-05-29,,Agent,8187
TX0009167,AG14,741 41 49 844,3649,in,REUSSI,2026-06-16,91.0,Agent,9167
