date,id_medicament,entree,sortie,stock_fin
2025-01-01,M01,146,15,931
2025-01-02,M01,0,9,922
2025-01-03,M01,0,10,912
2025-01-04,M01,0,9,903
2025-01-05,M01,0,5,898
2025-01-06,M01,0,6,892
2025-01-07,M01,0,10,882
2025-01-08,M01,0,9,873
2025-01-09,M01,0,12,861
2025-01-10,M01,0,9,852
2025-01-11,M01,0,5,847
2025-01-12,M01,0,13,834
2025-01-13,M01,0,13,821
2025-01-14,M01,0,10,811
2025-01-15,M01,139,10,940
2025-01-16,M01,0,6,934
2025-01-17,M01,0,9,925
2025-01-18,M01,0,10,915
2025-01-19,M01,0,11,904
2025-01-20,M01,0,12,892
2025-01-21,M01,0,5,887
2025-01-22,M01,0,4,883
2025-01-23,M01,0,7,876
2025-01-24,M01,0,9,867
2025-01-25,M01,0,9,858
2025-01-26,M01,0,6,852
2025-01-27,M01,0,7,845
2025-01-28,M01,0,13,832
2025-01-29,M01,104,7,929
2025-01-30,M01,0,12,917
2025-01-31,M01,0,17,900
2025-02-01,M01,114,4,1010
2025-02-02,M01,0,15,995
2025-02-03,M01,0,11,984
2025-02-04,M01,0,9,975
2025-02-05,M01,0,11,964
2025-02-06,M01,0,11,953
2025-02-07,M01,0,6,947
2025-02-08,M01,0,7,940
2025-02-09,M01,0,11,929
2025-02-10,M01,0,7,922
2025-02-11,M01,0,7,915
2025-02-12,M01,0,9,906
2025-02-13,M01,0,10,896
2025-02-14,M01,0,10,886
2025-02-15,M01,121,4,1003
2025-02-16,M01,0,4,999
2025-02-17,M01,0,10,989
2025-02-18,M01,0,6,983
2025-02-19,M01,0,15,968
2025-02-20,M01,0,5,963
2025-02-21,M01,0,10,953
2025-02-22,M01,0,10,943
2025-02-23,M01,0,10,933
2025-02-24,M01,0,7,926
2025-02-25,M01,0,9,917
2025-02-26,M01,0,6,911
2025-02-27,M01,0,3,908
2025-02-28,M01,0,11,897
2025-03-01,M01,140,5,1032
2025-03-02,M01,0,8,1024
2025-03-03,M01,0,13,1011
2025-03-04,M01,0,14,997
2025-03-05,M01,0,9,988
2025-03-06,M01,0,10,978
2025-03-07,M01,0,3,975
2025-03-08,M01,0,10,965
2025-03-09,M01,0,7,958
2025-03-10,M01,0,9,949
2025-03-11,M01,0,10,939
2025-03-12,M01,0,9,930
2025-03-13,M01,0,9,921
2025-03-14,M01,0,8,913
2025-03-15,M01,121,6,1028
2025-03-16,M01,0,8,1020
2025-03-17,M01,0,11,1009
2025-03-18,M01,0,8,1001
2025-03-19,M01,0,14,987
2025-03-20,M01,0,18,969
2025-03-21,M01,0,9,960
2025-03-22,M01,0,7,953
2025-03-23,M01,0,8,945
2025-03-24,M01,0,0,945
2025-03-25,M01,0,6,939
2025-03-26,M01,0,7,932
2025-03-27,M01,0,14,918
2025-03-28,M01,0,9,909
2025-03-29,M01,139,6,1042
2025-03-30,M01,0,12,1030
2025-03-31,M01,0,9,1021
2025-04-01,M01,117,15,1123
2025-04-02,M01,0,8,1115
2025-04-03,M01,0,14,1101
2025-04-04,M01,0,6,1095
2025-04-05,M01,0,7,1088
2025-04-06,M01,0,10,1078
2025-04-07,M01,0,8,1070
2025-04-08,M01,0,7,1063
2025-04-09,M01,0,8,1055
2025-04-10,M01,0,8,1047
2025-04-11,M01,0,12,1035
2025-04-12,M01,0,5,1030
2025-04-13,M01,0,12,1018
2025-04-14,M01,0,7,1011
2025-04-15,M01,122,7,1126
2025-04-16,M01,0,10,1116
2025-04-17,M01,0,12,1104
2025-04-18,M01,0,5,1099
2025-04-19,M01,0,10,1089
2025-04-20,M01,0,9,1080
2025-04-21,M01,0,10,1070
2025-04-22,M01,0,8,1062
2025-04-23,M01,0,8,1054
2025-04-24,M01,0,5,1049
2025-04-25,M01,0,6,1043
2025-04-26,M01,0,8,1035
2025-04-27,M01,0,13,1022
2025-04-28,M01,0,11,1011
2025-04-29,M01,135,8,1138
2025-04-30,M01,0,9,1129
2025-05-01,M01,138,8,1259
2025-05-02,M01,0,8,1251
2025-05-03,M01,0,12,1239
2025-05-04,M01,0,11,1228
2025-05-05,M01,0,10,1218
2025-05-06,M01,0,11,1207
2025-05-07,M01,0,11,1196
2025-05-08,M01,0,6,1190
2025-05-09,M01,0,4,1186
2025-05-10,M01,0,5,1181
2025-05-11,M01,0,9,1172
2025-05-12,M01,0,7,1165
2025-05-13,M01,0,5,1160
2025-05-14,M01,0,9,1151
2025-05-15,M01,125,7,1269
2025-05-16,M01,0,14,1255
2025-05-17,M01,0,10,1245
2025-05-18,M01,0,6,1239
2025-05-19,M01,0,11,1228
2025-05-20,M01,0,14,1214
2025-05-21,M01,0,10,1204
2025-05-22,M01,0,12,1192
2025-05-23,M01,0,10,1182
2025-05-24,M01,0,9,1173
2025-05-25,M01,0,8,1165
2025-05-26,M01,0,13,1152
2025-05-27,M01,0,6,1146
2025-05-28,M01,0,14,1132
2025-05-29,M01,137,9,1260
2025-05-30,M01,0,11,1249
2025-05-31,M01,0,9,1240
2025-06-01,M01,124,8,1356
2025-06-02,M01,0,14,1342
2025-06-03,M01,0,11,1331
2025-06-04,M01,0,9,1322
2025-06-05,M01,0,9,1313
2025-06-06,M01,0,8,1305
2025-06-07,M01,0,12,1293
2025-06-08,M01,0,10,1283
2025-06-09,M01,0,11,1272
2025-06-10,M01,0,10,1262
2025-06-11,M01,0,8,1254
2025-06-12,M01,0,6,1248
2025-06-13,M01,0,7,1241
2025-06-14,M01,0,6,1235
2025-06-15,M01,177,8,1404
2025-06-16,M01,0,12,1392
2025-06-17,M01,0,6,1386
2025-06-18,M01,0,10,1376
2025-06-19,M01,0,9,1367
2025-06-20,M01,0,10,1357
2025-06-21,M01,0,4,1353
2025-06-22,M01,0,5,1348
2025-06-23,M01,0,11,1337
2025-06-24,M01,0,5,1332
2025-06-25,M01,0,9,1323
2025-06-26,M01,0,10,1313
2025-06-27,M01,0,12,1301
2025-06-28,M01,0,5,1296
2025-06-29,M01,130,9,1417
2025-06-30,M01,0,8,1409
2025-07-01,M01,110,8,1511
2025-07-02,M01,0,8,1503
2025-07-03,M01,0,9,1494
2025-07-04,M01,0,14,1480
2025-07-05,M01,0,7,1473
2025-07-06,M01,0,15,1458
2025-07-07,M01,0,7,1451
2025-07-08,M01,0,9,1442
2025-07-09,M01,0,11,1431
2025-07-10,M01,0,7,1424
2025-07-11,M01,0,9,1415
2025-07-12,M01,0,12,1403
2025-07-13,M01,0,8,1395
2025-07-14,M01,0,1395,0
2025-07-15,M01,0,0,0
2025-07-16,M01,0,0,0
2025-07-17,M01,77,5,72
2025-07-18,M01,0,7,1488
2025-07-19,M01,0,8,1480
2025-07-20,M01,0,5,1475
2025-07-21,M01,0,11,1464
2025-07-22,M01,0,9,1455
2025-07-23,M01,0,11,1444
2025-07-24,M01,0,14,1430
2025-07-25,M01,0,6,1424
2025-07-26,M01,0,11,1413
2025-07-27,M01,0,8,1405
2025-07-28,M01,0,9,1396
2025-07-29,M01,111,12,1495
2025-07-30,M01,0,10,1485
2025-07-31,M01,0,12,1473
2025-08-01,M01,130,7,1596
2025-08-02,M01,0,13,1583
2025-08-03,M01,0,6,1577
2025-08-04,M01,0,6,1571
2025-08-05,M01,0,14,1557
2025-08-06,M01,0,11,1546
2025-08-07,M01,0,7,1539
2025-08-08,M01,0,9,1530
2025-08-09,M01,0,5,1525
2025-08-10,M01,0,7,1518
2025-08-11,M01,0,10,1508
2025-08-12,M01,0,7,1501
2025-08-13,M01,0,16,1485
2025-08-14,M01,0,10,1475
2025-08-15,M01,130,12,1593
2025-08-16,M01,0,9,1584
2025-08-17,M01,0,11,1573
2025-08-18,M01,0,7,1566
2025-08-19,M01,0,11,1555
2025-08-20,M01,0,14,1541
2025-08-21,M01,0,9,1532
2025-08-22,M01,0,10,1522
2025-08-23,M01,0,10,1512
2025-08-24,M01,0,13,1499
2025-08-25,M01,0,12,1487
2025-08-26,M01,0,14,1473
2025-08-27,M01,0,6,1467
2025-08-28,M01,0,9,1458
2025-08-29,M01,134,9,1583
2025-08-30,M01,0,9,1574
2025-08-31,M01,0,10,1564
2025-09-01,M01,120,11,1673
2025-09-02,M01,0,8,1665
2025-09-03,M01,0,8,1657
2025-09-04,M01,0,2,1655
2025-09-05,M01,0,6,1649
2025-09-06,M01,0,7,1642
2025-09-07,M01,0,11,1631
2025-09-08,M01,0,9,1622
2025-09-09,M01,0,9,1613
2025-09-10,M01,0,11,1602
2025-09-11,M01,0,5,1597
2025-09-12,M01,0,8,1589
2025-09-13,M01,0,7,1582
2025-09-14,M01,0,7,1575
2025-09-15,M01,138,6,1707
2025-09-16,M01,0,13,1694
2025-09-17,M01,0,9,1685
2025-09-18,M01,0,9,1676
2025-09-19,M01,0,5,1671
2025-09-20,M01,0,13,1658
2025-09-21,M01,0,6,1652
2025-09-22,M01,0,6,1646
2025-09-23,M01,0,8,1638
2025-09-24,M01,0,10,1628
2025-09-25,M01,0,2,1626
2025-09-26,M01,0,17,1609
2025-09-27,M01,0,8,1601
2025-09-28,M01,0,14,1587
2025-09-29,M01,147,10,1724
2025-09-30,M01,0,12,1712
2025-10-01,M01,142,8,1846
2025-10-02,M01,0,8,1838
2025-10-03,M01,0,6,1832
2025-10-04,M01,0,10,1822
2025-10-05,M01,0,6,1816
2025-10-06,M01,0,14,1802
2025-10-07,M01,0,6,1796
2025-10-08,M01,0,8,1788
2025-10-09,M01,0,7,1781
2025-10-10,M01,0,10,1771
2025-10-11,M01,0,17,1754
2025-10-12,M01,0,16,1738
2025-10-13,M01,0,7,1731
2025-10-14,M01,0,9,1722
2025-10-15,M01,139,12,1849
2025-10-16,M01,0,6,1843
2025-10-17,M01,0,15,1828
2025-10-18,M01,0,4,1824
2025-10-19,M01,0,10,1814
2025-10-20,M01,0,10,1804
2025-10-21,M01,0,9,1795
2025-10-22,M01,0,8,1787
2025-10-23,M01,0,12,1775
2025-10-24,M01,0,9,1766
2025-10-25,M01,0,9,1757
2025-10-26,M01,0,9,1748
2025-10-27,M01,0,8,1740
2025-10-28,M01,0,10,1730
2025-10-29,M01,112,8,1834
2025-10-30,M01,0,7,1827
2025-10-31,M01,0,9,1818
2025-11-01,M01,116,6,1928
2025-11-02,M01,0,3,1925
2025-11-03,M01,0,8,1917
2025-11-04,M01,0,12,1905
2025-11-05,M01,0,6,1899
2025-11-06,M01,0,8,1891
2025-11-07,M01,0,7,1884
2025-11-08,M01,0,5,1879
2025-11-09,M01,0,9,1870
2025-11-10,M01,0,5,1865
2025-11-11,M01,0,12,1853
2025-11-12,M01,0,13,1840
2025-11-13,M01,0,8,1832
2025-11-14,M01,0,3,1829
2025-11-15,M01,109,14,1924
2025-11-16,M01,0,9,1915
2025-11-17,M01,0,13,1902
2025-11-18,M01,0,6,1896
2025-11-19,M01,0,10,1886
2025-11-20,M01,0,9,1877
2025-11-21,M01,0,7,1870
2025-11-22,M01,0,10,1860
2025-11-23,M01,0,4,1856
2025-11-24,M01,0,7,1849
2025-11-25,M01,0,6,1843
2025-11-26,M01,0,9,1834
2025-11-27,M01,0,10,1824
2025-11-28,M01,0,14,1810
2025-11-29,M01,108,8,1910
2025-11-30,M01,0,7,1903
2025-12-01,M01,101,3,2001
2025-12-02,M01,0,7,1994
2025-12-03,M01,0,7,1987
2025-12-04,M01,0,7,1980
2025-12-05,M01,0,4,1976
2025-12-06,M01,0,10,1966
2025-12-07,M01,0,9,1957
2025-12-08,M01,0,11,1946
2025-12-09,M01,0,8,1938
2025-12-10,M01,0,14,1924
2025-12-11,M01,0,10,1914
2025-12-12,M01,0,9,1905
2025-12-13,M01,0,8,1897
2025-12-14,M01,0,7,1890
2025-12-15,M01,138,8,2020
2025-12-16,M01,0,9,2011
2025-12-17,M01,0,7,2004
2025-12-18,M01,0,7,1997
2025-12-19,M01,0,8,1989
2025-12-20,M01,0,18,1971
2025-12-21,M01,0,7,1964
2025-12-22,M01,0,10,1954
2025-12-23,M01,0,6,1948
2025-12-24,M01,0,7,1941
2025-12-25,M01,0,7,1934
2025-12-26,M01,0,3,1931
2025-12-27,M01,0,15,1916
2025-12-28,M01,0,7,1909
2025-12-29,M01,116,7,2018
2025-12-30,M01,0,9,2009
2025-12-31,M01,0,7,2002
2026-01-01,M01,127,14,2115
2026-01-02,M01,0,14,2101
2026-01-03,M01,0,6,2095
2026-01-04,M01,0,7,2088
2026-01-05,M01,0,7,2081
2026-01-06,M01,0,10,2071
2026-01-07,M01,0,8,2063
2026-01-08,M01,0,6,2057
2026-01-09,M01,0,4,2053
2026-01-10,M01,0,7,2046
2026-01-11,M01,0,8,2038
2026-01-12,M01,0,13,2025
2026-01-13,M01,0,14,2011
2026-01-14,M01,0,7,2004
2026-01-15,M01,117,8,2113
2026-01-16,M01,0,18,2095
2026-01-17,M01,0,9,2086
2026-01-18,M01,0,11,2075
2026-01-19,M01,0,5,2070
2026-01-20,M01,0,9,2061
2026-01-21,M01,0,8,2053
2026-01-22,M01,0,12,2041
2026-01-23,M01,0,8,2033
2026-01-24,M01,0,8,2025
2026-01-25,M01,0,4,2021
2026-01-26,M01,0,8,2013
2026-01-27,M01,0,3,2010
2026-01-28,M01,0,8,2002
2026-01-29,M01,125,7,2120
2026-01-30,M01,0,13,2107
2026-01-31,M01,0,16,2091
2026-02-01,M01,114,12,2193
2026-02-02,M01,0,10,2183
2026-02-03,M01,0,11,2172
2026-02-04,M01,0,6,2166
2026-02-05,M01,0,15,2151
2026-02-06,M01,0,6,2145
2026-02-07,M01,0,9,2136
2026-02-08,M01,0,3,2133
2026-02-09,M01,0,11,2122
2026-02-10,M01,0,9,2113
2026-02-11,M01,0,11,2102
2026-02-12,M01,0,8,2094
2026-02-13,M01,0,13,2081
2026-02-14,M01,0,12,2069
2026-02-15,M01,124,11,2182
2026-02-16,M01,0,8,2174
2026-02-17,M01,0,10,2164
2026-02-18,M01,0,5,2159
2026-02-19,M01,0,9,2150
2026-02-20,M01,0,13,2137
2026-02-21,M01,0,8,2129
2026-02-22,M01,0,12,2117
2026-02-23,M01,0,8,2109
2026-02-24,M01,0,11,2098
2026-02-25,M01,0,14,2084
2026-02-26,M01,0,16,2068
2026-02-27,M01,0,6,2062
2026-02-28,M01,0,8,2054
2026-03-01,M01,107,10,2151
2026-03-02,M01,0,10,2141
2026-03-03,M01,0,11,2130
2026-03-04,M01,0,10,2120
2026-03-05,M01,0,4,2116
2026-03-06,M01,0,3,2113
2026-03-07,M01,0,7,2106
2026-03-08,M01,0,9,2097
2026-03-09,M01,0,6,2091
2026-03-10,M01,0,10,2081
2026-03-11,M01,0,9,2072
2026-03-12,M01,0,9,2063
2026-03-13,M01,0,9,2054
2026-03-14,M01,0,9,2045
2026-03-15,M01,107,8,2144
2026-03-16,M01,0,12,2132
2026-03-17,M01,0,9,2123
2026-03-18,M01,0,11,2112
2026-03-19,M01,0,6,2106
2026-03-20,M01,0,13,2093
2026-03-21,M01,0,9,2084
2026-03-22,M01,0,17,2067
2026-03-23,M01,0,4,2063
2026-03-24,M01,0,10,2053
2026-03-25,M01,0,15,2038
2026-03-26,M01,0,10,2028
2026-03-27,M01,0,6,2022
2026-03-28,M01,0,8,2014
2026-03-29,M01,116,9,2121
2026-03-30,M01,0,9,2112
2026-03-31,M01,0,10,2102
2026-04-01,M01,116,8,2210
2026-04-02,M01,0,19,2191
2026-04-03,M01,0,9,2182
2026-04-04,M01,0,6,2176
2026-04-05,M01,0,7,2169
2026-04-06,M01,0,14,2155
2026-04-07,M01,0,11,2144
2026-04-08,M01,0,9,2135
2026-04-09,M01,0,7,2128
2026-04-10,M01,0,10,2118
2026-04-11,M01,0,8,2110
2026-04-12,M01,0,12,2098
2026-04-13,M01,0,12,2086
2026-04-14,M01,0,8,2078
2026-04-15,M01,119,14,2183
2026-04-16,M01,0,7,2176
2026-04-17,M01,0,9,2167
2026-04-18,M01,0,8,2159
2026-04-19,M01,0,10,2149
2026-04-20,M01,0,9,2140
2026-04-21,M01,0,11,2129
2026-04-22,M01,0,11,2118
2026-04-23,M01,0,7,2111
2026-04-24,M01,0,9,2102
2026-04-25,M01,0,10,2092
2026-04-26,M01,0,8,2084
2026-04-27,M01,0,2,2082
2026-04-28,M01,0,12,2070
2026-04-29,M01,139,7,2202
2026-04-30,M01,0,4,2198
2026-05-01,M01,133,13,2318
2026-05-02,M01,0,5,2313
2026-05-03,M01,0,10,2303
2026-05-04,M01,0,9,2294
2026-05-05,M01,0,10,2284
2026-05-06,M01,0,13,2271
2026-05-07,M01,0,11,2260
2026-05-08,M01,0,13,2247
2026-05-09,M01,0,11,2236
2026-05-10,M01,0,4,2232
2026-05-11,M01,0,9,2223
2026-05-12,M01,0,12,2211
2026-05-13,M01,0,9,2202
2026-05-14,M01,0,11,2191
2026-05-15,M01,105,11,2285
2026-05-16,M01,0,14,2271
2026-05-17,M01,0,9,2262
2026-05-18,M01,0,11,2251
2026-05-19,M01,0,5,2246
2026-05-20,M01,0,10,2236
2026-05-21,M01,0,6,2230
2026-05-22,M01,0,8,2222
2026-05-23,M01,0,12,2210
2026-05-24,M01,0,10,2200
2026-05-25,M01,0,5,2195
2026-05-26,M01,0,6,2189
2026-05-27,M01,0,8,2181
2026-05-28,M01,0,12,2169
2026-05-29,M01,117,5,2281
2026-05-30,M01,0,9,2272
2026-05-31,M01,0,12,2260
2026-06-01,M01,134,5,2389
2026-06-02,M01,0,14,2375
2026-06-03,M01,0,11,2364
2026-06-04,M01,0,10,2354
2026-06-05,M01,0,9,2345
2026-06-06,M01,0,6,2339
2026-06-07,M01,0,6,2333
2026-06-08,M01,0,7,2326
2026-06-09,M01,0,8,2318
2026-06-10,M01,0,0,2318
2026-06-11,M01,0,5,2313
2026-06-12,M01,0,10,2303
2026-06-13,M01,0,10,2293
2026-06-14,M01,0,8,2285
2026-06-15,M01,136,15,2406
2026-06-16,M01,0,8,2398
2026-06-17,M01,0,12,2386
2026-06-18,M01,0,11,2375
2026-06-19,M01,0,7,2368
2026-06-20,M01,0,7,2361
2026-06-21,M01,0,6,2355
2026-06-22,M01,0,9,2346
2026-06-23,M01,0,5,2341
2026-06-24,M01,0,9,2332
2026-06-25,M01,0,12,2320
2026-06-26,M01,0,6,2314
2026-06-27,M01,0,9,2305
2026-06-28,M01,0,7,2298
2026-06-29,M01,104,5,2397
2026-06-30,M01,0,13,2384
2026-07-01,M01,136,11,2509
2026-07-02,M01,0,6,2503
2026-07-03,M01,0,9,2494
2026-07-04,M01,0,8,2486
2026-07-05,M01,0,8,2478
2026-07-06,M01,0,8,2470
2026-07-07,M01,0,13,2457
2026-07-08,M01,0,10,2447
2026-07-09,M01,0,7,2440
2026-07-10,M01,0,15,2425
2026-07-11,M01,0,10,2415
2026-07-12,M01,0,10,2405
2026-07-13,M01,0,11,2394
2026-07-14,M01,0,12,2382
2026-07-15,M01,129,10,2501
2026-07-16,M01,0,7,2494
2026-07-17,M01,0,11,2483
2026-07-18,M01,0,13,2470
2026-07-19,M01,0,10,2460
2026-07-20,M01,0,5,2455
2026-07-21,M01,0,10,2445
2026-07-22,M01,0,4,2441
2026-07-23,M01,0,7,2434
2026-07-24,M01,0,11,2423
2026-07-25,M01,0,5,2418
2026-07-26,M01,0,5,2413
2026-07-27,M01,0,8,2405
2026-07-28,M01,0,9,2396
2026-07-29,M01,136,6,2526
2026-07-30,M01,0,7,2519
2026-07-31,M01,0,11,2508
2026-08-01,M01,118,13,2613
2026-08-02,M01,0,7,2606
2026-08-03,M01,0,7,2599
2026-08-04,M01,0,16,2583
2026-08-05,M01,0,4,2579
2026-08-06,M01,0,15,2564
2026-08-07,M01,0,9,2555
2026-08-08,M01,0,11,2544
2026-08-09,M01,0,11,2533
2026-08-10,M01,0,12,2521
2026-08-11,M01,0,9,2512
2026-08-12,M01,0,10,2502
2026-08-13,M01,0,7,2495
2026-08-14,M01,0,8,2487
2026-08-15,M01,112,10,2589
2026-08-16,M01,0,8,2581
2026-08-17,M01,0,14,2567
2026-08-18,M01,0,11,2556
2026-08-19,M01,0,14,2542
2026-08-20,M01,0,1,2541
2026-08-21,M01,0,4,2537
2026-08-22,M01,0,9,2528
2026-08-23,M01,0,13,2515
2026-08-24,M01,0,9,2506
2026-08-25,M01,0,12,2494
2026-08-26,M01,0,5,2489
2026-08-27,M01,0,11,2478
2026-08-28,M01,0,8,2470
2026-08-29,M01,119,13,2576
2026-08-30,M01,0,12,2564
2026-08-31,M01,0,9,2555
2026-09-01,M01,114,12,2657
2026-09-02,M01,0,7,2650
2026-09-03,M01,0,12,2638
2026-09-04,M01,0,12,2626
2026-09-05,M01,0,14,2612
2026-09-06,M01,0,8,2604
2026-09-07,M01,0,7,2597
2026-09-08,M01,0,7,2590
2026-09-09,M01,0,11,2579
2026-09-10,M01,0,9,2570
2026-09-11,M01,0,8,2562
2026-09-12,M01,0,10,2552
2026-09-13,M01,0,8,2544
2026-09-14,M01,0,6,2538
2026-09-15,M01,104,7,2635
2026-09-16,M01,0,15,2620
2026-09-17,M01,0,6,2614
2026-09-18,M01,0,10,2604
2026-09-19,M01,0,8,2596
2026-09-20,M01,0,6,2590
2026-09-21,M01,0,9,2581
2026-09-22,M01,0,13,2568
2026-09-23,M01,0,7,2561
2026-09-24,M01,0,11,2550
2026-09-25,M01,0,6,2544
2026-09-26,M01,0,7,2537
2026-09-27,M01,0,10,2527
2026-09-28,M01,0,3,2524
2026-09-29,M01,118,8,2634
2026-09-30,M01,0,7,2627
2026-10-01,M01,114,8,2733
2026-10-02,M01,0,6,2727
2026-10-03,M01,0,13,2714
2026-10-04,M01,0,7,2707
2026-10-05,M01,0,6,2701
2026-10-06,M01,0,12,2689
2026-10-07,M01,0,11,2678
2026-10-08,M01,0,9,2669
2026-10-09,M01,0,8,2661
2026-10-10,M01,0,22,2639
2026-10-11,M01,0,9,2630
2026-10-12,M01,0,8,2622
2026-10-13,M01,0,11,2611
2026-10-14,M01,0,11,2600
2026-10-15,M01,139,9,2730
2026-10-16,M01,0,9,2721
2026-10-17,M01,0,12,2709
2026-10-18,M01,0,6,2703
2026-10-19,M01,0,11,2692
2026-10-20,M01,0,8,2684
2026-10-21,M01,0,15,2669
2026-10-22,M01,0,9,2660
2026-10-23,M01,0,8,2652
2026-10-24,M01,0,7,2645
2026-10-25,M01,0,4,2641
2026-10-26,M01,0,3,2638
2026-10-27,M01,0,12,2626
2026-10-28,M01,0,10,2616
2026-10-29,M01,124,15,2725
2026-10-30,M01,0,11,2714
2026-10-31,M01,0,10,2704
2026-11-01,M01,121,7,2818
2026-11-02,M01,0,10,2808
2026-11-03,M01,0,9,2799
2026-11-04,M01,0,15,2784
2026-11-05,M01,0,13,2771
2026-11-06,M01,0,14,2757
2026-11-07,M01,0,8,2749
2026-11-08,M01,0,6,2743
2026-11-09,M01,0,12,2731
2026-11-10,M01,0,10,2721
2026-11-11,M01,0,10,2711
2026-11-12,M01,0,11,2700
2026-11-13,M01,0,11,2689
2026-11-14,M01,0,7,2682
2026-11-15,M01,132,9,2805
2026-11-16,M01,0,11,2794
2026-11-17,M01,0,10,2784
2026-11-18,M01,0,12,2772
2026-11-19,M01,0,7,2765
2026-11-20,M01,0,7,2758
2026-11-21,M01,0,8,2750
2026-11-22,M01,0,7,2743
2026-11-23,M01,0,9,2734
2026-11-24,M01,0,4,2730
2026-11-25,M01,0,10,2720
2026-11-26,M01,0,6,2714
2026-11-27,M01,0,9,2705
2026-11-28,M01,0,10,2695
2026-11-29,M01,112,8,2799
2026-11-30,M01,0,13,2786
2026-12-01,M01,109,13,2882
2026-12-02,M01,0,4,2878
2026-12-03,M01,0,13,2865
2026-12-04,M01,0,9,2856
2026-12-05,M01,0,8,2848
2026-12-06,M01,0,10,2838
2026-12-07,M01,0,7,2831
2026-12-08,M01,0,14,2817
2026-12-09,M01,0,10,2807
2026-12-10,M01,0,8,2799
2026-12-11,M01,0,7,2792
2026-12-12,M01,0,7,2785
2026-12-13,M01,0,14,2771
2026-12-14,M01,0,7,2764
2026-12-15,M01,141,8,2897
2026-12-16,M01,0,9,2888
2026-12-17,M01,0,8,2880
2026-12-18,M01,0,4,2876
2026-12-19,M01,0,8,2868
2026-12-20,M01,0,13,2855
2026-12-21,M01,0,8,2847
2026-12-22,M01,0,11,2836
2026-12-23,M01,0,10,2826
2026-12-24,M01,0,9,2817
2026-12-25,M01,0,10,2807
2026-12-26,M01,0,4,2803
2026-12-27,M01,0,9,2794
2026-12-28,M01,0,12,2782
2026-12-29,M01,134,6,2910
2026-12-30,M01,0,11,2899
2026-12-31,M01,0,7,2892
2025-01-01,M02,0,5,495
2025-01-02,M02,88,8,575
2025-01-03,M02,0,7,568
2025-01-04,M02,0,5,563
2025-01-05,M02,0,7,556
2025-01-06,M02,0,9,547
2025-01-07,M02,0,6,541
2025-01-08,M02,0,5,536
2025-01-09,M02,0,7,529
2025-01-10,M02,0,5,524
2025-01-11,M02,0,8,516
2025-01-12,M02,0,2,514
2025-01-13,M02,0,4,510
2025-01-14,M02,0,7,503
2025-01-15,M02,0,3,500
2025-01-16,M02,86,6,580
2025-01-17,M02,0,9,571
2025-01-18,M02,0,7,564
2025-01-19,M02,0,8,556
2025-01-20,M02,0,6,550
2025-01-21,M02,0,4,546
2025-01-22,M02,0,8,538
2025-01-23,M02,0,5,533
2025-01-24,M02,0,7,526
2025-01-25,M02,0,7,519
2025-01-26,M02,0,5,514
2025-01-27,M02,0,9,505
2025-01-28,M02,0,6,499
2025-01-29,M02,0,4,495
2025-01-30,M02,86,5,576
2025-01-31,M02,0,6,570
2025-02-01,M02,0,3,567
2025-02-02,M02,67,6,628
2025-02-03,M02,0,7,621
2025-02-04,M02,0,6,615
2025-02-05,M02,0,5,610
2025-02-06,M02,0,12,598
2025-02-07,M02,0,10,588
2025-02-08,M02,0,8,580
2025-02-09,M02,0,3,577
2025-02-10,M02,0,11,566
2025-02-11,M02,0,6,560
2025-02-12,M02,0,7,553
2025-02-13,M02,0,4,549
2025-02-14,M02,0,5,544
2025-02-15,M02,0,7,537
2025-02-16,M02,76,11,602
2025-02-17,M02,0,6,596
2025-02-18,M02,0,2,594
2025-02-19,M02,0,8,586
2025-02-20,M02,0,13,573
2025-02-21,M02,0,7,566
2025-02-22,M02,0,7,559
2025-02-23,M02,0,8,551
2025-02-24,M02,0,10,541
2025-02-25,M02,0,8,533
2025-02-26,M02,0,3,530
2025-02-27,M02,0,6,524
2025-02-28,M02,0,7,517
2025-03-01,M02,0,4,513
2025-03-02,M02,88,5,596
2025-03-03,M02,0,7,589
2025-03-04,M02,0,5,584
2025-03-05,M02,0,5,579
2025-03-06,M02,0,2,577
2025-03-07,M02,0,6,571
2025-03-08,M02,0,6,565
2025-03-09,M02,0,9,556
2025-03-10,M02,0,8,548
2025-03-11,M02,0,5,543
2025-03-12,M02,0,10,533
2025-03-13,M02,0,4,529
2025-03-14,M02,0,8,521
2025-03-15,M02,0,2,519
2025-03-16,M02,80,10,589
2025-03-17,M02,0,8,581
2025-03-18,M02,0,6,575
2025-03-19,M02,0,8,567
2025-03-20,M02,0,7,560
2025-03-21,M02,0,7,553
2025-03-22,M02,0,8,545
2025-03-23,M02,0,7,538
2025-03-24,M02,0,1,537
2025-03-25,M02,0,6,531
2025-03-26,M02,0,2,529
2025-03-27,M02,0,6,523
2025-03-28,M02,0,6,517
2025-03-29,M02,0,12,505
2025-03-30,M02,99,5,599
2025-03-31,M02,0,7,592
2025-04-01,M02,0,3,589
2025-04-02,M02,83,8,664
2025-04-03,M02,0,3,661
2025-04-04,M02,0,5,656
2025-04-05,M02,0,4,652
2025-04-06,M02,0,5,647
2025-04-07,M02,0,4,643
2025-04-08,M02,0,8,635
2025-04-09,M02,0,4,631
2025-04-10,M02,0,4,627
2025-04-11,M02,0,5,622
2025-04-12,M02,0,7,615
2025-04-13,M02,0,2,613
2025-04-14,M02,0,7,606
2025-04-15,M02,0,5,601
2025-04-16,M02,89,2,688
2025-04-17,M02,0,5,683
2025-04-18,M02,0,15,668
2025-04-19,M02,0,7,661
2025-04-20,M02,0,5,656
2025-04-21,M02,0,7,649
2025-04-22,M02,0,5,644
2025-04-23,M02,0,8,636
2025-04-24,M02,0,8,628
2025-04-25,M02,0,9,619
2025-04-26,M02,0,11,608
2025-04-27,M02,0,10,598
2025-04-28,M02,0,6,592
2025-04-29,M02,0,8,584
2025-04-30,M02,81,4,661
2025-05-01,M02,0,2,659
2025-05-02,M02,87,3,743
2025-05-03,M02,0,2,741
2025-05-04,M02,0,12,729
2025-05-05,M02,0,3,726
2025-05-06,M02,0,8,718
2025-05-07,M02,0,2,716
2025-05-08,M02,0,4,712
2025-05-09,M02,0,6,706
2025-05-10,M02,0,5,701
2025-05-11,M02,0,9,692
2025-05-12,M02,0,4,688
2025-05-13,M02,0,7,681
2025-05-14,M02,0,6,675
2025-05-15,M02,0,9,666
2025-05-16,M02,85,6,745
2025-05-17,M02,0,8,737
2025-05-18,M02,0,5,732
2025-05-19,M02,0,6,726
2025-05-20,M02,0,4,722
2025-05-21,M02,0,9,713
2025-05-22,M02,0,6,707
2025-05-23,M02,0,7,700
2025-05-24,M02,0,10,690
2025-05-25,M02,0,8,682
2025-05-26,M02,0,5,677
2025-05-27,M02,0,6,671
2025-05-28,M02,0,4,667
2025-05-29,M02,0,5,662
2025-05-30,M02,80,6,736
2025-05-31,M02,0,3,733
2025-06-01,M02,0,4,729
2025-06-02,M02,87,6,810
2025-06-03,M02,0,8,802
2025-06-04,M02,0,5,797
2025-06-05,M02,0,7,790
2025-06-06,M02,0,5,785
2025-06-07,M02,0,5,780
2025-06-08,M02,0,5,775
2025-06-09,M02,0,4,771
2025-06-10,M02,0,7,764
2025-06-11,M02,0,5,759
2025-06-12,M02,0,4,755
2025-06-13,M02,0,4,751
2025-06-14,M02,0,8,743
2025-06-15,M02,0,10,733
2025-06-16,M02,85,8,810
2025-06-17,M02,0,6,804
2025-06-18,M02,0,7,797
2025-06-19,M02,0,5,792
2025-06-20,M02,0,6,786
2025-06-21,M02,0,14,772
2025-06-22,M02,0,10,762
2025-06-23,M02,0,5,757
2025-06-24,M02,0,7,750
2025-06-25,M02,0,6,744
2025-06-26,M02,0,8,736
2025-06-27,M02,0,3,733
2025-06-28,M02,0,7,726
2025-06-29,M02,0,4,722
2025-06-30,M02,84,7,799
2025-07-01,M02,0,3,796
2025-07-02,M02,85,1,880
2025-07-03,M02,0,6,874
2025-07-04,M02,0,3,871
2025-07-05,M02,0,7,864
2025-07-06,M02,0,6,858
2025-07-07,M02,0,6,852
2025-07-08,M02,0,11,841
2025-07-09,M02,0,5,836
2025-07-10,M02,0,7,829
2025-07-11,M02,0,2,827
2025-07-12,M02,0,3,824
2025-07-13,M02,0,7,817
2025-07-14,M02,0,7,810
2025-07-15,M02,0,8,802
2025-07-16,M02,73,7,868
2025-07-17,M02,0,6,862
2025-07-18,M02,0,6,856
2025-07-19,M02,0,7,849
2025-07-20,M02,0,5,844
2025-07-21,M02,0,3,841
2025-07-22,M02,0,4,837
2025-07-23,M02,0,2,835
2025-07-24,M02,0,7,828
2025-07-25,M02,0,4,824
2025-07-26,M02,0,5,819
2025-07-27,M02,0,3,816
2025-07-28,M02,0,5,811
2025-07-29,M02,0,10,801
2025-07-30,M02,69,7,863
2025-07-31,M02,0,4,859
2025-08-01,M02,0,5,854
2025-08-02,M02,97,7,944
2025-08-03,M02,0,3,941
2025-08-04,M02,0,7,934
2025-08-05,M02,0,3,931
2025-08-06,M02,0,5,926
2025-08-07,M02,0,7,919
2025-08-08,M02,0,6,913
2025-08-09,M02,0,6,907
2025-08-10,M02,0,5,902
2025-08-11,M02,0,5,897
2025-08-12,M02,0,4,893
2025-08-13,M02,0,8,885
2025-08-14,M02,0,3,882
2025-08-15,M02,0,9,873
2025-08-16,M02,94,12,955
2025-08-17,M02,0,5,950
2025-08-18,M02,0,6,944
2025-08-19,M02,0,8,936
2025-08-20,M02,0,3,933
2025-08-21,M02,0,5,928
2025-08-22,M02,0,5,923
2025-08-23,M02,0,5,918
2025-08-24,M02,0,8,910
2025-08-25,M02,0,9,901
2025-08-26,M02,0,4,897
2025-08-27,M02,0,2,895
2025-08-28,M02,0,6,889
2025-08-29,M02,0,9,880
2025-08-30,M02,87,4,963
2025-08-31,M02,0,6,957
2025-09-01,M02,0,7,950
2025-09-02,M02,97,5,1042
2025-09-03,M02,0,8,1034
2025-09-04,M02,0,7,1027
2025-09-05,M02,0,8,1019
2025-09-06,M02,0,4,1015
2025-09-07,M02,0,3,1012
2025-09-08,M02,0,7,1005
2025-09-09,M02,0,7,998
2025-09-10,M02,0,2,996
2025-09-11,M02,0,11,985
2025-09-12,M02,0,10,975
2025-09-13,M02,0,5,970
2025-09-14,M02,0,5,965
2025-09-15,M02,0,4,961
2025-09-16,M02,87,7,1041
2025-09-17,M02,0,6,1035
2025-09-17,M02,0,6,1035
2025-09-18,M02,0,4,1031
2025-09-19,M02,0,8,1023
2025-09-20,M02,0,12,1011
2025-09-21,M02,0,5,1006
2025-09-22,M02,0,6,1000
2025-09-23,M02,0,3,997
2025-09-24,M02,0,6,991
2025-09-25,M02,0,3,988
2025-09-26,M02,0,6,982
2025-09-27,M02,0,8,974
2025-09-28,M02,0,3,971
2025-09-29,M02,0,5,966
2025-09-30,M02,94,3,1057
2025-10-01,M02,0,5,1052
2025-10-02,M02,83,3,1132
2025-10-03,M02,0,8,1124
2025-10-04,M02,0,4,1120
2025-10-05,M02,0,6,1114
2025-10-06,M02,0,6,1108
2025-10-07,M02,0,8,1100
2025-10-08,M02,0,7,1093
2025-10-09,M02,0,8,1085
2025-10-10,M02,0,8,1077
2025-10-11,M02,0,7,1070
2025-10-12,M02,0,2,1068
2025-10-13,M02,0,3,1065
2025-10-14,M02,0,7,1058
2025-10-15,M02,0,6,1052
2025-10-16,M02,88,6,1134
2025-10-17,M02,0,9,1125
2025-10-18,M02,0,6,1119
2025-10-19,M02,0,8,1111
2025-10-20,M02,0,6,1105
2025-10-21,M02,0,5,1100
2025-10-22,M02,0,8,1092
2025-10-23,M02,0,6,1086
2025-10-24,M02,0,8,1078
2025-10-25,M02,0,10,1068
2025-10-26,M02,0,7,1061
2025-10-27,M02,0,5,1056
2025-10-28,M02,0,9,1047
2025-10-29,M02,0,6,1041
2025-10-30,M02,96,6,1131
2025-10-31,M02,0,5,1126
2025-11-01,M02,0,8,1118
2025-11-02,M02,76,6,1188
2025-11-03,M02,0,8,1180
2025-11-04,M02,0,10,1170
2025-11-05,M02,0,11,1159
2025-11-06,M02,0,11,1148
2025-11-07,M02,0,14,1134
2025-11-08,M02,0,7,1127
2025-11-09,M02,0,3,1124
2025-11-10,M02,0,2,1122
2025-11-11,M02,0,5,1117
2025-11-12,M02,0,9,1108
2025-11-13,M02,0,5,1103
2025-11-14,M02,0,9,1094
2025-11-15,M02,0,6,1088
2025-11-16,M02,96,4,1180
2025-11-17,M02,0,8,1172
2025-11-18,M02,0,9,1163
2025-11-19,M02,0,2,1161
2025-11-20,M02,0,4,1157
2025-11-21,M02,0,7,1150
2025-11-22,M02,0,9,1141
2025-11-23,M02,0,7,1134
2025-11-24,M02,0,6,1128
2025-11-25,M02,0,5,1123
2025-11-26,M02,0,12,1111
2025-11-27,M02,0,5,1106
2025-11-28,M02,0,4,1102
2025-11-29,M02,0,6,1096
2025-11-30,M02,74,4,1166
2025-12-01,M02,0,4,1162
2025-12-02,M02,77,6,1233
2025-12-03,M02,0,7,1226
2025-12-04,M02,0,4,1222
2025-12-05,M02,0,4,1218
2025-12-06,M02,0,11,1207
2025-12-07,M02,0,6,1201
2025-12-08,M02,0,5,1196
2025-12-09,M02,0,5,1191
2025-12-10,M02,0,3,1188
2025-12-11,M02,0,4,1184
2025-12-12,M02,0,6,1178
2025-12-13,M02,0,11,1167
2025-12-14,M02,0,5,1162
2025-12-15,M02,0,9,1153
2025-12-16,M02,95,6,1242
2025-12-17,M02,0,5,1237
2025-12-18,M02,0,5,1232
2025-12-19,M02,0,3,1229
2025-12-20,M02,0,7,1222
2025-12-21,M02,0,10,1212
2025-12-22,M02,0,3,1209
2025-12-23,M02,0,7,1202
2025-12-24,M02,0,7,1195
2025-12-25,M02,0,3,1192
2025-12-26,M02,0,6,1186
2025-12-27,M02,0,8,1178
2025-12-28,M02,0,5,1173
2025-12-29,M02,0,8,1165
2025-12-30,M02,86,4,1247
2025-12-31,M02,0,7,1240
2026-01-01,M02,0,8,1232
2026-01-02,M02,66,7,1291
2026-01-03,M02,0,4,1287
2026-01-04,M02,0,11,1276
2026-01-05,M02,0,9,1267
2026-01-06,M02,0,4,1263
2026-01-07,M02,0,3,1260
2026-01-08,M02,0,4,1256
2026-01-09,M02,0,4,1252
2026-01-10,M02,0,6,1246
2026-01-11,M02,0,7,1239
2026-01-12,M02,0,9,1230
2026-01-13,M02,0,6,1224
2026-01-14,M02,0,7,1217
2026-01-15,M02,0,7,1210
2026-01-16,M02,82,9,1283
2026-01-17,M02,0,5,1278
2026-01-18,M02,0,3,1275
2026-01-19,M02,0,9,1266
2026-01-20,M02,0,9,1257
2026-01-21,M02,0,7,1250
2026-01-22,M02,0,9,1241
2026-01-23,M02,0,7,1234
2026-01-24,M02,0,5,1229
2026-01-25,M02,0,5,1224
2026-01-26,M02,0,7,1217
2026-01-27,M02,0,6,1211
2026-01-28,M02,0,3,1208
2026-01-29,M02,0,2,1206
2026-01-30,M02,103,6,1303
2026-01-31,M02,0,6,1297
2026-02-01,M02,0,8,1289
2026-02-02,M02,92,7,1374
2026-02-03,M02,0,8,1366
2026-02-04,M02,0,4,1362
2026-02-05,M02,0,8,1354
2026-02-06,M02,0,4,1350
2026-02-07,M02,0,5,1345
2026-02-08,M02,0,5,1340
2026-02-09,M02,0,8,1332
2026-02-10,M02,0,11,1321
2026-02-11,M02,0,7,1314
2026-02-12,M02,0,5,1309
2026-02-13,M02,0,8,1301
2026-02-14,M02,0,7,1294
2026-02-15,M02,0,7,1287
2026-02-16,M02,86,5,1368
2026-02-17,M02,0,10,1358
2026-02-18,M02,0,8,1350
2026-02-19,M02,0,4,1346
2026-02-20,M02,0,6,1340
2026-02-21,M02,0,5,1335
2026-02-22,M02,0,7,1328
2026-02-23,M02,0,7,1321
2026-02-24,M02,0,4,1317
2026-02-25,M02,0,11,1306
2026-02-26,M02,0,8,1298
2026-02-27,M02,0,3,1295
2026-02-28,M02,0,7,1288
2026-03-01,M02,0,11,1277
2026-03-02,M02,100,1377,0
2026-03-03,M02,0,0,0
2026-03-04,M02,0,0,0
2026-03-05,M02,0,0,0
2026-03-06,M02,0,0,0
2026-03-07,M02,68,7,61
2026-03-08,M02,0,4,1344
2026-03-09,M02,0,11,1333
2026-03-10,M02,0,7,1326
2026-03-11,M02,0,7,1319
2026-03-12,M02,0,4,1315
2026-03-13,M02,0,5,1310
2026-03-14,M02,0,4,1306
2026-03-15,M02,0,6,1300
2026-03-16,M02,96,4,1392
2026-03-17,M02,0,7,1385
2026-03-18,M02,0,7,1378
2026-03-19,M02,0,8,1370
2026-03-20,M02,0,9,1361
2026-03-21,M02,0,6,1355
2026-03-22,M02,0,3,1352
2026-03-23,M02,0,6,1346
2026-03-24,M02,0,4,1342
2026-03-25,M02,0,7,1335
2026-03-26,M02,0,1,1334
2026-03-27,M02,0,4,1330
2026-03-28,M02,0,5,1325
2026-03-29,M02,0,6,1319
2026-03-30,M02,86,5,1400
2026-03-31,M02,0,4,1396
2026-04-01,M02,0,12,1384
2026-04-02,M02,80,9,1455
2026-04-03,M02,0,3,1452
2026-04-04,M02,0,4,1448
2026-04-05,M02,0,5,1443
2026-04-06,M02,0,9,1434
2026-04-07,M02,0,5,1429
2026-04-08,M02,0,3,1426
2026-04-09,M02,0,6,1420
2026-04-10,M02,0,2,1418
2026-04-11,M02,0,5,1413
2026-04-12,M02,0,5,1408
2026-04-13,M02,0,4,1404
2026-04-14,M02,0,3,1401
2026-04-15,M02,0,4,1397
2026-04-16,M02,83,10,1470
2026-04-17,M02,0,7,1463
2026-04-18,M02,0,7,1456
2026-04-19,M02,0,6,1450
2026-04-20,M02,0,4,1446
2026-04-21,M02,0,9,1437
2026-04-22,M02,0,7,1430
2026-04-23,M02,0,8,1422
2026-04-24,M02,0,8,1414
2026-04-25,M02,0,8,1406
2026-04-26,M02,0,8,1398
2026-04-27,M02,0,6,1392
2026-04-28,M02,0,9,1383
2026-04-29,M02,0,12,1371
2026-04-30,M02,92,6,1457
2026-05-01,M02,0,5,1452
2026-05-02,M02,100,6,1546
2026-05-03,M02,0,5,1541
2026-05-04,M02,0,5,1536
2026-05-05,M02,0,3,1533
2026-05-06,M02,0,4,1529
2026-05-07,M02,0,5,1524
2026-05-08,M02,0,3,1521
2026-05-09,M02,0,5,1516
2026-05-10,M02,0,4,1512
2026-05-11,M02,0,6,1506
2026-05-12,M02,0,8,1498
2026-05-13,M02,0,7,1491
2026-05-14,M02,0,3,1488
2026-05-15,M02,0,8,1480
2026-05-16,M02,90,3,1567
2026-05-17,M02,0,4,1563
2026-05-18,M02,0,8,1555
2026-05-19,M02,0,7,1548
2026-05-20,M02,0,3,1545
2026-05-21,M02,0,8,1537
2026-05-22,M02,0,7,1530
2026-05-23,M02,0,2,1528
2026-05-24,M02,0,5,1523
2026-05-25,M02,0,6,1517
2026-05-26,M02,0,6,1511
2026-05-27,M02,0,8,1503
2026-05-28,M02,0,3,1500
2026-05-29,M02,0,3,1497
2026-05-30,M02,88,4,1581
2026-05-31,M02,0,5,1576
2026-06-01,M02,0,5,1571
2026-06-02,M02,76,7,1640
2026-06-03,M02,0,8,1632
2026-06-04,M02,0,3,1629
2026-06-05,M02,0,11,1618
2026-06-06,M02,0,8,1610
2026-06-07,M02,0,6,1604
2026-06-08,M02,0,11,1593
2026-06-09,M02,0,7,1586
2026-06-10,M02,0,5,1581
2026-06-11,M02,0,8,1573
2026-06-12,M02,0,7,1566
2026-06-13,M02,0,5,1561
2026-06-14,M02,0,4,1557
2026-06-15,M02,0,3,1554
2026-06-16,M02,97,10,1641
2026-06-17,M02,0,6,1635
2026-06-18,M02,0,5,1630
2026-06-19,M02,0,4,1626
2026-06-20,M02,0,2,1624
2026-06-21,M02,0,6,1618
2026-06-22,M02,0,5,1613
2026-06-23,M02,0,9,1604
2026-06-24,M02,0,5,1599
2026-06-25,M02,0,5,1594
2026-06-26,M02,0,3,1591
2026-06-27,M02,0,7,1584
2026-06-28,M02,0,8,1576
2026-06-29,M02,0,9,1567
2026-06-30,M02,82,4,1645
2026-07-01,M02,0,4,1641
2026-07-02,M02,75,7,1709
2026-07-03,M02,0,6,1703
2026-07-04,M02,0,7,1696
2026-07-05,M02,0,13,1683
2026-07-06,M02,0,6,1677
2026-07-07,M02,0,8,1669
2026-07-08,M02,0,5,1664
2026-07-09,M02,0,7,1657
2026-07-10,M02,0,3,1654
2026-07-11,M02,0,4,1650
2026-07-12,M02,0,1,1649
2026-07-13,M02,0,3,1646
2026-07-14,M02,0,3,1643
2026-07-15,M02,0,4,1639
2026-07-16,M02,102,7,1734
2026-07-17,M02,0,6,1728
2026-07-18,M02,0,4,1724
2026-07-19,M02,0,6,1718
2026-07-20,M02,0,9,1709
2026-07-21,M02,0,6,1703
2026-07-22,M02,0,6,1697
2026-07-23,M02,0,4,1693
2026-07-24,M02,0,8,1685
2026-07-25,M02,0,8,1677
2026-07-26,M02,0,4,1673
2026-07-27,M02,0,5,1668
2026-07-28,M02,0,5,1663
2026-07-29,M02,0,7,1656
2026-07-30,M02,77,6,1727
2026-07-31,M02,0,8,1719
2026-08-01,M02,0,4,1715
2026-08-02,M02,98,5,1808
2026-08-03,M02,0,8,1800
2026-08-04,M02,0,4,1796
2026-08-05,M02,0,13,1783
2026-08-06,M02,0,7,1776
2026-08-07,M02,0,5,1771
2026-08-08,M02,0,3,1768
2026-08-09,M02,0,8,1760
2026-08-10,M02,0,7,1753
2026-08-11,M02,0,5,1748
2026-08-12,M02,0,4,1744
2026-08-13,M02,0,6,1738
2026-08-14,M02,0,3,1735
2026-08-15,M02,0,6,1729
2026-08-16,M02,94,5,1818
2026-08-17,M02,0,6,1812
2026-08-18,M02,0,8,1804
2026-08-19,M02,0,6,1798
2026-08-20,M02,0,7,1791
2026-08-21,M02,0,8,1783
2026-08-22,M02,0,4,1779
2026-08-23,M02,0,4,1775
2026-08-24,M02,0,4,1771
2026-08-25,M02,0,9,1762
2026-08-26,M02,0,7,1755
2026-08-27,M02,0,4,1751
2026-08-28,M02,0,5,1746
2026-08-29,M02,0,5,1741
2026-08-30,M02,80,7,1814
2026-08-31,M02,0,7,1807
2026-09-01,M02,0,11,1796
2026-09-02,M02,103,5,1894
2026-09-03,M02,0,7,1887
2026-09-04,M02,0,2,1885
2026-09-05,M02,0,6,1879
2026-09-06,M02,0,5,1874
2026-09-07,M02,0,6,1868
2026-09-08,M02,0,11,1857
2026-09-09,M02,0,4,1853
2026-09-10,M02,0,0,1853
2026-09-11,M02,0,12,1841
2026-09-12,M02,0,11,1830
2026-09-13,M02,0,6,1824
2026-09-14,M02,0,6,1818
2026-09-15,M02,0,8,1810
2026-09-16,M02,93,9,1894
2026-09-17,M02,0,8,1886
2026-09-18,M02,0,6,1880
2026-09-19,M02,0,4,1876
2026-09-20,M02,0,7,1869
2026-09-21,M02,0,7,1862
2026-09-22,M02,0,7,1855
2026-09-23,M02,0,4,1851
2026-09-24,M02,0,5,1846
2026-09-25,M02,0,9,1837
2026-09-26,M02,0,7,1830
2026-09-27,M02,0,9,1821
2026-09-28,M02,0,5,1816
2026-09-29,M02,0,6,1810
2026-09-30,M02,87,10,1887
2026-10-01,M02,0,5,1882
2026-10-02,M02,93,13,1962
2026-10-03,M02,0,5,1957
2026-10-04,M02,0,5,1952
2026-10-05,M02,0,4,1948
2026-10-06,M02,0,4,1944
2026-10-07,M02,0,8,1936
2026-10-08,M02,0,6,1930
2026-10-09,M02,0,5,1925
2026-10-10,M02,0,6,1919
2026-10-11,M02,0,3,1916
2026-10-12,M02,0,5,1911
2026-10-13,M02,0,12,1899
2026-10-14,M02,0,3,1896
2026-10-15,M02,0,5,1891
2026-10-16,M02,73,1,1963
2026-10-17,M02,0,3,1960
2026-10-18,M02,0,12,1948
2026-10-19,M02,0,7,1941
2026-10-20,M02,0,6,1935
2026-10-21,M02,0,5,1930
2026-10-22,M02,0,7,1923
2026-10-23,M02,0,2,1921
2026-10-24,M02,0,11,1910
2026-10-25,M02,0,4,1906
2026-10-26,M02,0,12,1894
2026-10-27,M02,0,6,1888
2026-10-28,M02,0,7,1881
2026-10-29,M02,0,7,1874
2026-10-30,M02,88,10,1952
2026-10-31,M02,0,7,1945
2026-11-01,M02,0,7,1938
2026-11-02,M02,77,5,2010
2026-11-03,M02,0,10,2000
2026-11-04,M02,0,8,1992
2026-11-05,M02,0,6,1986
2026-11-06,M02,0,5,1981
2026-11-07,M02,0,5,1976
2026-11-08,M02,0,9,1967
2026-11-09,M02,0,7,1960
2026-11-10,M02,0,3,1957
2026-11-11,M02,0,7,1950
2026-11-12,M02,0,3,1947
2026-11-13,M02,0,4,1943
2026-11-14,M02,0,8,1935
2026-11-15,M02,0,9,1926
2026-11-16,M02,80,8,1998
2026-11-17,M02,0,9,1989
2026-11-18,M02,0,12,1977
2026-11-19,M02,0,3,1974
2026-11-20,M02,0,4,1970
2026-11-21,M02,0,12,1958
2026-11-22,M02,0,7,1951
2026-11-23,M02,0,9,1942
2026-11-24,M02,0,6,1936
2026-11-25,M02,0,3,1933
2026-11-26,M02,0,9,1924
2026-11-27,M02,0,13,1911
2026-11-28,M02,0,2,1909
2026-11-29,M02,0,6,1903
2026-11-30,M02,76,11,1968
2026-12-01,M02,0,6,1962
2026-12-02,M02,84,4,2042
2026-12-03,M02,0,2,2040
2026-12-04,M02,0,7,2033
2026-12-05,M02,0,7,2026
2026-12-06,M02,0,6,2020
2026-12-07,M02,0,7,2013
2026-12-08,M02,0,2,2011
2026-12-09,M02,0,4,2007
2026-12-10,M02,0,7,2000
2026-12-11,M02,0,5,1995
2026-12-12,M02,0,5,1990
2026-12-13,M02,0,7,1983
2026-12-14,M02,0,6,1977
2026-12-15,M02,0,6,1971
2026-12-16,M02,84,12,2043
2026-12-17,M02,0,6,2037
2026-12-18,M02,0,4,2033
2026-12-18,M02,0,4,2033
2026-12-19,M02,0,7,2026
2026-12-20,M02,0,3,2023
2026-12-21,M02,0,3,2020
2026-12-22,M02,0,7,2013
2026-12-23,M02,0,10,2003
2026-12-24,M02,0,5,1998
2026-12-25,M02,0,6,1992
2026-12-26,M02,0,9,1983
2026-12-27,M02,0,7,1976
2026-12-28,M02,0,6,1970
2026-12-29,M02,0,4,1966
2026-12-30,M02,77,4,2039
2026-12-31,M02,0,8,2031
2025-01-01,M03,0,9,641
2025-01-02,M03,0,9,632
2025-01-03,M03,110,8,734
2025-01-04,M03,0,9,725
2025-01-05,M03,0,7,718
2025-01-06,M03,0,4,714
2025-01-07,M03,0,7,707
2025-01-08,M03,0,7,700
2025-01-09,M03,0,8,692
2025-01-10,M03,0,10,682
2025-01-11,M03,0,6,676
2025-01-12,M03,0,6,670
2025-01-13,M03,0,5,665
2025-01-14,M03,0,7,658
2025-01-15,M03,0,6,652
2025-01-16,M03,0,5,647
2025-01-17,M03,92,6,733
2025-01-18,M03,0,7,726
2025-01-19,M03,0,9,717
2025-01-20,M03,0,13,704
2025-01-21,M03,0,14,690
2025-01-22,M03,0,7,683
2025-01-23,M03,0,9,674
2025-01-24,M03,0,6,668
2025-01-25,M03,0,12,656
2025-01-26,M03,0,7,649
2025-01-27,M03,0,7,642
2025-01-28,M03,0,5,637
2025-01-29,M03,0,4,633
2025-01-30,M03,0,6,627
2025-01-31,M03,116,7,736
2025-02-01,M03,0,8,728
2025-02-02,M03,0,7,721
2025-02-03,M03,113,10,824
2025-02-04,M03,0,9,815
2025-02-05,M03,0,5,810
2025-02-06,M03,0,6,804
2025-02-07,M03,0,9,795
2025-02-08,M03,0,5,790
2025-02-09,M03,0,3,787
2025-02-10,M03,0,7,780
2025-02-11,M03,0,7,773
2025-02-12,M03,0,6,767
2025-02-13,M03,0,9,758
2025-02-14,M03,0,8,750
2025-02-15,M03,0,7,743
2025-02-16,M03,0,11,732
2025-02-17,M03,105,7,830
2025-02-18,M03,0,9,821
2025-02-19,M03,0,2,819
2025-02-20,M03,0,11,808
2025-02-21,M03,0,6,802
2025-02-22,M03,0,6,796
2025-02-23,M03,0,4,792
2025-02-24,M03,0,9,783
2025-02-25,M03,0,6,777
2025-02-26,M03,0,5,772
2025-02-27,M03,0,7,765
2025-02-28,M03,0,7,758
2025-03-01,M03,0,15,743
2025-03-02,M03,0,6,737
2025-03-03,M03,110,9,838
2025-03-04,M03,0,8,830
2025-03-05,M03,0,7,823
2025-03-06,M03,0,5,818
2025-03-07,M03,0,7,811
2025-03-08,M03,0,7,804
2025-03-09,M03,0,7,797
2025-03-10,M03,0,5,792
2025-03-11,M03,0,6,786
2025-03-12,M03,0,6,780
2025-03-13,M03,0,10,770
2025-03-14,M03,0,11,759
2025-03-15,M03,0,8,751
2025-03-16,M03,0,5,746
2025-03-17,M03,111,7,850
2025-03-18,M03,0,10,840
2025-03-19,M03,0,6,834
2025-03-20,M03,0,3,831
2025-03-21,M03,0,3,828
2025-03-22,M03,0,4,824
2025-03-23,M03,0,9,815
2025-03-24,M03,0,5,810
2025-03-25,M03,0,9,801
2025-03-26,M03,0,8,793
2025-03-27,M03,0,8,785
2025-03-28,M03,0,8,777
2025-03-29,M03,0,6,771
2025-03-30,M03,0,4,767
2025-03-31,M03,120,7,880
2025-04-01,M03,0,5,875
2025-04-02,M03,0,7,868
2025-04-03,M03,84,12,940
2025-04-04,M03,0,2,938
2025-04-05,M03,0,12,926
2025-04-06,M03,0,4,922
2025-04-07,M03,0,10,912
2025-04-08,M03,0,7,905
2025-04-09,M03,0,7,898
2025-04-10,M03,0,6,892
2025-04-11,M03,0,5,887
2025-04-12,M03,0,5,882
2025-04-13,M03,0,9,873
2025-04-14,M03,0,8,865
2025-04-15,M03,0,4,861
2025-04-16,M03,0,7,854
2025-04-17,M03,90,6,938
2025-04-18,M03,0,2,936
2025-04-19,M03,0,5,931
2025-04-20,M03,0,8,923
2025-04-21,M03,0,12,911
2025-04-22,M03,0,7,904
2025-04-23,M03,0,4,900
2025-04-24,M03,0,9,891
2025-04-25,M03,0,5,886
2025-04-26,M03,0,6,880
2025-04-27,M03,0,9,871
2025-04-28,M03,0,4,867
2025-04-29,M03,0,7,860
2025-04-30,M03,0,7,853
2025-05-01,M03,0,7,846
2025-05-02,M03,0,8,838
2025-05-03,M03,122,4,956
2025-05-04,M03,0,8,948
2025-05-05,M03,0,4,944
2025-05-06,M03,0,6,938
2025-05-07,M03,0,5,933
2025-05-08,M03,0,9,924
2025-05-09,M03,0,11,913
2025-05-10,M03,0,6,907
2025-05-11,M03,0,6,901
2025-05-12,M03,0,6,895
2025-05-13,M03,0,6,889
2025-05-14,M03,0,8,881
2025-05-15,M03,0,7,874
2025-05-16,M03,0,3,871
2025-05-17,M03,104,5,970
2025-05-18,M03,0,4,966
2025-05-19,M03,0,7,959
2025-05-20,M03,0,10,949
2025-05-21,M03,0,4,945
2025-05-22,M03,0,7,938
2025-05-23,M03,0,8,930
2025-05-24,M03,0,5,925
2025-05-25,M03,0,11,914
2025-05-26,M03,0,5,909
2025-05-27,M03,0,2,907
2025-05-28,M03,0,5,902
2025-05-29,M03,0,16,886
2025-05-30,M03,0,7,879
2025-05-31,M03,92,5,966
2025-06-01,M03,0,4,962
2025-06-02,M03,0,8,954
2025-06-03,M03,98,5,1047
2025-06-04,M03,0,13,1034
2025-06-05,M03,0,3,1031
2025-06-06,M03,0,6,1025
2025-06-07,M03,0,8,1017
2025-06-08,M03,0,3,1014
2025-06-09,M03,0,7,1007
2025-06-10,M03,0,6,1001
2025-06-11,M03,0,5,996
2025-06-12,M03,0,4,992
2025-06-13,M03,0,7,985
2025-06-14,M03,0,10,975
2025-06-15,M03,0,12,963
2025-06-16,M03,0,7,956
2025-06-17,M03,106,8,1054
2025-06-18,M03,0,6,1048
2025-06-19,M03,0,5,1043
2025-06-20,M03,0,10,1033
2025-06-21,M03,0,6,1027
2025-06-22,M03,0,4,1023
2025-06-23,M03,0,4,1019
2025-06-24,M03,0,8,1011
2025-06-25,M03,0,8,1003
2025-06-26,M03,0,4,999
2025-06-27,M03,0,6,993
2025-06-28,M03,0,8,985
2025-06-29,M03,0,5,980
2025-06-30,M03,0,4,976
2025-07-01,M03,0,9,967
2025-07-02,M03,0,4,963
2025-07-03,M03,99,10,1052
2025-07-04,M03,0,8,1044
2025-07-05,M03,0,6,1038
2025-07-06,M03,0,6,1032
2025-07-07,M03,0,2,1030
2025-07-08,M03,0,11,1019
2025-07-09,M03,0,7,1012
2025-07-10,M03,0,16,996
2025-07-11,M03,0,9,987
2025-07-12,M03,0,8,979
2025-07-13,M03,0,5,974
2025-07-14,M03,0,12,962
2025-07-15,M03,0,5,957
2025-07-16,M03,0,7,950
2025-07-17,M03,96,12,1034
2025-07-18,M03,0,7,1027
2025-07-19,M03,0,8,1019
2025-07-20,M03,0,7,1012
2025-07-21,M03,0,7,1005
2025-07-22,M03,0,7,998
2025-07-23,M03,0,8,990
2025-07-24,M03,0,6,984
2025-07-25,M03,0,7,977
2025-07-26,M03,0,10,967
2025-07-27,M03,0,8,959
2025-07-28,M03,0,7,952
2025-07-29,M03,0,3,949
2025-07-30,M03,0,9,940
2025-07-31,M03,109,11,1038
2025-08-01,M03,0,9,1029
2025-08-02,M03,0,7,1022
2025-08-03,M03,93,5,1110
2025-08-04,M03,0,7,1103
2025-08-05,M03,0,7,1096
2025-08-06,M03,0,10,1086
2025-08-07,M03,0,8,1078
2025-08-08,M03,0,6,1072
2025-08-09,M03,0,9,1063
2025-08-10,M03,0,7,1056
2025-08-11,M03,0,6,1050
2025-08-12,M03,0,5,1045
2025-08-13,M03,0,6,1039
2025-08-14,M03,0,6,1033
2025-08-15,M03,0,8,1025
2025-08-16,M03,0,11,1014
2025-08-17,M03,109,5,1118
2025-08-18,M03,0,8,1110
2025-08-19,M03,0,11,1099
2025-08-20,M03,0,7,1092
2025-08-21,M03,0,8,1084
2025-08-22,M03,0,8,1076
2025-08-23,M03,0,4,1072
2025-08-24,M03,0,7,1065
2025-08-25,M03,0,9,1056
2025-08-26,M03,0,8,1048
2025-08-27,M03,0,9,1039
2025-08-28,M03,0,12,1027
2025-08-29,M03,0,6,1021
2025-08-30,M03,0,7,1014
2025-08-31,M03,105,5,1114
2025-09-01,M03,0,9,1105
2025-09-02,M03,0,9,1096
2025-09-03,M03,93,9,1180
2025-09-04,M03,0,7,1173
2025-09-05,M03,0,8,1165
2025-09-06,M03,0,10,1155
2025-09-07,M03,0,6,1149
2025-09-08,M03,0,6,1143
2025-09-09,M03,0,6,1137
2025-09-10,M03,0,7,1130
2025-09-11,M03,0,6,1124
2025-09-12,M03,0,3,1121
2025-09-13,M03,0,5,1116
2025-09-14,M03,0,9,1107
2025-09-15,M03,0,12,1095
2025-09-16,M03,0,10,1085
2025-09-17,M03,101,5,1181
2025-09-18,M03,0,7,1174
2025-09-19,M03,0,7,1167
2025-09-20,M03,0,16,1151
2025-09-21,M03,0,9,1142
2025-09-22,M03,0,10,1132
2025-09-23,M03,0,7,1125
2025-09-24,M03,0,6,1119
2025-09-25,M03,0,10,1109
2025-09-26,M03,0,3,1106
2025-09-27,M03,0,6,1100
2025-09-28,M03,0,7,1093
2025-09-29,M03,0,6,1087
2025-09-30,M03,0,2,1085
2025-10-01,M03,0,9,1076
2025-10-02,M03,0,6,1070
2025-10-03,M03,102,8,1164
2025-10-04,M03,0,8,1156
2025-10-05,M03,0,10,1146
2025-10-06,M03,0,10,1136
2025-10-07,M03,0,8,1128
2025-10-08,M03,0,7,1121
2025-10-09,M03,0,4,1117
2025-10-10,M03,0,5,1112
2025-10-11,M03,0,7,1105
2025-10-12,M03,0,8,1097
2025-10-13,M03,0,12,1085
2025-10-14,M03,0,6,1079
2025-10-15,M03,0,5,1074
2025-10-16,M03,0,6,1068
2025-10-17,M03,104,7,1165
2025-10-18,M03,0,8,1157
2025-10-19,M03,0,7,1150
2025-10-20,M03,0,8,1142
2025-10-21,M03,0,6,1136
2025-10-22,M03,0,7,1129
2025-10-23,M03,0,9,1120
2025-10-24,M03,0,5,1115
2025-10-25,M03,0,8,1107
2025-10-26,M03,0,5,1102
2025-10-27,M03,0,7,1095
2025-10-28,M03,0,9,1086
2025-10-29,M03,0,6,1080
2025-10-30,M03,0,3,1077
2025-10-31,M03,99,7,1169
2025-11-01,M03,0,7,1162
2025-11-02,M03,0,11,1151
2025-11-03,M03,110,10,1251
2025-11-04,M03,0,8,1243
2025-11-05,M03,0,7,1236
2025-11-06,M03,0,6,1230
2025-11-07,M03,0,11,1219
2025-11-08,M03,0,7,1212
2025-11-09,M03,0,2,1210
2025-11-10,M03,0,5,1205
2025-11-11,M03,0,7,1198
2025-11-12,M03,0,9,1189
2025-11-13,M03,0,9,1180
2025-11-14,M03,0,8,1172
2025-11-15,M03,0,1,1171
2025-11-16,M03,0,6,1165
2025-11-17,M03,105,5,1265
2025-11-18,M03,0,4,1261
2025-11-19,M03,0,9,1252
2025-11-20,M03,0,11,1241
2025-11-21,M03,0,8,1233
2025-11-22,M03,0,10,1223
2025-11-23,M03,0,8,1215
2025-11-24,M03,0,8,1207
2025-11-25,M03,0,4,1203
2025-11-26,M03,0,7,1196
2025-11-27,M03,0,9,1187
2025-11-28,M03,0,6,1181
2025-11-29,M03,0,7,1174
2025-11-30,M03,0,2,1172
2025-12-01,M03,0,8,1164
2025-12-02,M03,0,12,1152
2025-12-03,M03,108,11,1249
2025-12-04,M03,0,4,1245
2025-12-05,M03,0,7,1238
2025-12-06,M03,0,6,1232
2025-12-07,M03,0,5,1227
2025-12-08,M03,0,6,1221
2025-12-09,M03,0,7,1214
2025-12-10,M03,0,5,1209
2025-12-11,M03,0,5,1204
2025-12-12,M03,0,8,1196
2025-12-13,M03,0,5,1191
2025-12-14,M03,0,9,1182
2025-12-15,M03,0,4,1178
2025-12-16,M03,0,4,1174
2025-12-17,M03,111,9,1276
2025-12-18,M03,0,8,1268
2025-12-19,M03,0,11,1257
2025-12-20,M03,0,5,1252
2025-12-21,M03,0,3,1249
2025-12-22,M03,0,6,1243
2025-12-23,M03,0,10,1233
2025-12-24,M03,0,6,1227
2025-12-25,M03,0,5,1222
2025-12-26,M03,0,5,1217
2025-12-27,M03,0,4,1213
2025-12-28,M03,0,8,1205
2025-12-29,M03,0,8,1197
2025-12-30,M03,0,5,1192
2025-12-31,M03,94,4,1282
2026-01-01,M03,0,4,1278
2026-01-02,M03,0,2,1276
2026-01-03,M03,107,3,1380
2026-01-04,M03,0,5,1375
2026-01-05,M03,0,4,1371
2026-01-06,M03,0,11,1360
2026-01-07,M03,0,6,1354
2026-01-08,M03,0,7,1347
2026-01-09,M03,0,3,1344
2026-01-10,M03,0,6,1338
2026-01-11,M03,0,8,1330
2026-01-12,M03,0,4,1326
2026-01-13,M03,0,5,1321
2026-01-14,M03,0,7,1314
2026-01-15,M03,0,7,1307
2026-01-16,M03,0,5,1302
2026-01-17,M03,97,6,1393
2026-01-18,M03,0,4,1389
2026-01-19,M03,0,7,1382
2026-01-20,M03,0,7,1375
2026-01-21,M03,0,9,1366
2026-01-22,M03,0,8,1358
2026-01-23,M03,0,2,1356
2026-01-24,M03,0,6,1350
2026-01-25,M03,0,10,1340
2026-01-26,M03,0,6,1334
2026-01-27,M03,0,11,1323
2026-01-28,M03,0,5,1318
2026-01-29,M03,0,7,1311
2026-01-30,M03,0,9,1302
2026-01-31,M03,90,6,1386
2026-02-01,M03,0,5,1381
2026-02-02,M03,0,10,1371
2026-02-03,M03,92,2,1461
2026-02-04,M03,0,7,1454
2026-02-05,M03,0,12,1442
2026-02-06,M03,0,4,1438
2026-02-07,M03,0,8,1430
2026-02-08,M03,0,7,1423
2026-02-09,M03,0,10,1413
2026-02-10,M03,0,13,1400
2026-02-11,M03,0,7,1393
2026-02-12,M03,0,3,1390
2026-02-13,M03,0,12,1378
2026-02-14,M03,0,8,1370
2026-02-15,M03,0,16,1354
2026-02-16,M03,0,8,1346
2026-02-17,M03,95,2,1439
2026-02-18,M03,0,5,1434
2026-02-19,M03,0,10,1424
2026-02-20,M03,0,7,1417
2026-02-21,M03,0,6,1411
2026-02-22,M03,0,6,1405
2026-02-23,M03,0,6,1399
2026-02-24,M03,0,8,1391
2026-02-25,M03,0,12,1379
2026-02-26,M03,0,7,1372
2026-02-27,M03,0,12,1360
2026-02-28,M03,0,7,1353
2026-03-01,M03,0,3,1350
2026-03-02,M03,0,8,1342
2026-03-03,M03,106,7,1441
2026-03-04,M03,0,10,1431
2026-03-05,M03,0,8,1423
2026-03-06,M03,0,4,1419
2026-03-07,M03,0,8,1411
2026-03-08,M03,0,9,1402
2026-03-09,M03,0,11,1391
2026-03-10,M03,0,6,1385
2026-03-11,M03,0,5,1380
2026-03-12,M03,0,3,1377
2026-03-13,M03,0,10,1367
2026-03-14,M03,0,5,1362
2026-03-15,M03,0,7,1355
2026-03-16,M03,0,7,1348
2026-03-17,M03,116,9,1455
2026-03-18,M03,0,11,1444
2026-03-19,M03,0,6,1438
2026-03-20,M03,0,2,1436
2026-03-21,M03,0,7,1429
2026-03-22,M03,0,2,1427
2026-03-23,M03,0,7,1420
2026-03-24,M03,0,8,1412
2026-03-25,M03,0,7,1405
2026-03-26,M03,0,6,1399
2026-03-27,M03,0,8,1391
2026-03-28,M03,0,9,1382
2026-03-29,M03,0,7,1375
2026-03-30,M03,0,15,1360
2026-03-31,M03,114,5,1469
2026-04-01,M03,0,3,1466
2026-04-02,M03,0,8,1458
2026-04-03,M03,100,8,1550
2026-04-04,M03,0,9,1541
2026-04-05,M03,0,12,1529
2026-04-06,M03,0,4,1525
2026-04-07,M03,0,11,1514
2026-04-08,M03,0,10,1504
2026-04-09,M03,0,5,1499
2026-04-10,M03,0,9,1490
2026-04-11,M03,0,8,1482
2026-04-12,M03,0,5,1477
2026-04-13,M03,0,6,1471
2026-04-14,M03,0,7,1464
2026-04-15,M03,0,10,1454
2026-04-16,M03,0,4,1450
2026-04-17,M03,96,7,1539
2026-04-18,M03,0,6,1533
2026-04-19,M03,0,10,1523
2026-04-20,M03,0,4,1519
2026-04-21,M03,0,7,1512
2026-04-22,M03,0,8,1504
2026-04-23,M03,0,2,1502
2026-04-24,M03,0,3,1499
2026-04-25,M03,0,8,1491
2026-04-26,M03,0,8,1483
2026-04-27,M03,0,6,1477
2026-04-28,M03,0,8,1469
2026-04-29,M03,0,4,1465
2026-04-30,M03,0,12,1453
2026-05-01,M03,0,10,1443
2026-05-02,M03,0,6,1437
2026-05-03,M03,90,7,1520
2026-05-04,M03,0,10,1510
2026-05-05,M03,0,5,1505
2026-05-06,M03,0,8,1497
2026-05-07,M03,0,6,1491
2026-05-08,M03,0,7,1484
2026-05-09,M03,0,5,1479
2026-05-10,M03,0,11,1468
2026-05-11,M03,0,13,1455
2026-05-12,M03,0,7,1448
2026-05-13,M03,0,6,1442
2026-05-14,M03,0,7,1435
2026-05-15,M03,0,4,1431
2026-05-16,M03,0,4,1427
2026-05-17,M03,91,8,1510
2026-05-18,M03,0,4,1506
2026-05-19,M03,0,5,1501
2026-05-20,M03,0,4,1497
2026-05-21,M03,0,8,1489
2026-05-22,M03,0,10,1479
2026-05-23,M03,0,4,1475
2026-05-24,M03,0,8,1467
2026-05-25,M03,0,3,1464
2026-05-26,M03,0,4,1460
2026-05-27,M03,0,9,1451
2026-05-28,M03,0,6,1445
2026-05-29,M03,0,7,1438
2026-05-30,M03,0,9,1429
2026-05-31,M03,125,8,1546
2026-06-01,M03,0,5,1541
2026-06-02,M03,0,9,1532
2026-06-03,M03,97,6,1623
2026-06-04,M03,0,6,1617
2026-06-05,M03,0,13,1604
2026-06-06,M03,0,8,1596
2026-06-07,M03,0,6,1590
2026-06-08,M03,0,4,1586
2026-06-09,M03,0,5,1581
2026-06-10,M03,0,7,1574
2026-06-11,M03,0,8,1566
2026-06-12,M03,0,5,1561
2026-06-13,M03,0,9,1552
2026-06-14,M03,0,11,1541
2026-06-15,M03,0,4,1537
2026-06-16,M03,0,4,1533
2026-06-17,M03,113,7,1639
2026-06-18,M03,0,5,1634
2026-06-19,M03,0,8,1626
2026-06-20,M03,0,5,1621
2026-06-21,M03,0,9,1612
2026-06-22,M03,0,5,1607
2026-06-23,M03,0,7,1600
2026-06-24,M03,0,3,1597
2026-06-25,M03,0,6,1591
2026-06-26,M03,0,3,1588
2026-06-27,M03,0,8,1580
2026-06-28,M03,0,7,1573
2026-06-29,M03,0,11,1562
2026-06-30,M03,0,8,1554
2026-07-01,M03,0,4,1550
2026-07-02,M03,0,7,1543
2026-07-03,M03,105,9,1639
2026-07-04,M03,0,4,1635
2026-07-05,M03,0,8,1627
2026-07-06,M03,0,2,1625
2026-07-07,M03,0,9,1616
2026-07-08,M03,0,8,1608
2026-07-09,M03,0,8,1600
2026-07-10,M03,0,7,1593
2026-07-11,M03,0,6,1587
2026-07-12,M03,0,12,1575
2026-07-13,M03,0,9,1566
2026-07-14,M03,0,11,1555
2026-07-15,M03,0,6,1549
2026-07-16,M03,0,7,1542
2026-07-17,M03,87,3,1626
2026-07-18,M03,0,3,1623
2026-07-19,M03,0,4,1619
2026-07-20,M03,0,5,1614
2026-07-21,M03,0,4,1610
2026-07-22,M03,0,6,1604
2026-07-23,M03,0,6,1598
2026-07-24,M03,0,7,1591
2026-07-25,M03,0,7,1584
2026-07-26,M03,0,2,1582
2026-07-27,M03,0,6,1576
2026-07-28,M03,0,7,1569
2026-07-29,M03,0,11,1558
2026-07-30,M03,0,6,1552
2026-07-31,M03,92,10,1634
2026-08-01,M03,0,5,1629
2026-08-02,M03,0,3,1626
2026-08-03,M03,105,10,1721
2026-08-04,M03,0,14,1707
2026-08-05,M03,0,8,1699
2026-08-06,M03,0,8,1691
2026-08-07,M03,0,8,1683
2026-08-08,M03,0,12,1671
2026-08-09,M03,0,11,1660
2026-08-10,M03,0,5,1655
2026-08-11,M03,0,7,1648
2026-08-12,M03,0,8,1640
2026-08-13,M03,0,11,1629
2026-08-14,M03,0,14,1615
2026-08-15,M03,0,6,1609
2026-08-16,M03,0,4,1605
2026-08-17,M03,91,4,1692
2026-08-18,M03,0,10,1682
2026-08-19,M03,0,11,1671
2026-08-20,M03,0,3,1668
2026-08-21,M03,0,8,1660
2026-08-22,M03,0,6,1654
2026-08-23,M03,0,12,1642
2026-08-24,M03,0,6,1636
2026-08-25,M03,0,8,1628
2026-08-26,M03,0,7,1621
2026-08-27,M03,0,13,1608
2026-08-28,M03,0,7,1601
2026-08-29,M03,0,8,1593
2026-08-30,M03,0,4,1589
2026-08-31,M03,103,8,1684
2026-09-01,M03,0,4,1680
2026-09-02,M03,0,5,1675
2026-09-03,M03,115,6,1784
2026-09-04,M03,0,6,1778
2026-09-05,M03,0,6,1772
2026-09-06,M03,0,7,1765
2026-09-07,M03,0,10,1755
2026-09-08,M03,0,10,1745
2026-09-09,M03,0,5,1740
2026-09-10,M03,0,8,1732
2026-09-11,M03,0,4,1728
2026-09-12,M03,0,9,1719
2026-09-13,M03,0,14,1705
2026-09-14,M03,0,3,1702
2026-09-15,M03,0,9,1693
2026-09-16,M03,0,10,1683
2026-09-17,M03,93,3,1773
2026-09-18,M03,0,6,1767
2026-09-19,M03,0,5,1762
2026-09-20,M03,0,6,1756
2026-09-21,M03,0,3,1753
2026-09-22,M03,0,5,1748
2026-09-23,M03,0,8,1740
2026-09-24,M03,0,5,1735
2026-09-25,M03,0,5,1730
2026-09-26,M03,0,4,1726
2026-09-27,M03,0,8,1718
2026-09-28,M03,0,4,1714
2026-09-29,M03,0,4,1710
2026-09-30,M03,0,8,1702
2026-10-01,M03,0,6,1696
2026-10-02,M03,0,8,1688
2026-10-03,M03,107,12,1783
2026-10-04,M03,0,10,1773
2026-10-05,M03,0,11,1762
2026-10-06,M03,0,4,1758
2026-10-07,M03,0,5,1753
2026-10-08,M03,0,3,1750
2026-10-09,M03,0,5,1745
2026-10-10,M03,0,5,1740
2026-10-11,M03,0,3,1737
2026-10-12,M03,0,5,1732
2026-10-13,M03,0,7,1725
2026-10-14,M03,0,7,1718
2026-10-15,M03,0,4,1714
2026-10-16,M03,0,11,1703
2026-10-17,M03,91,4,1790
2026-10-18,M03,0,11,1779
2026-10-19,M03,0,7,1772
2026-10-20,M03,0,3,1769
2026-10-21,M03,0,6,1763
2026-10-22,M03,0,9,1754
2026-10-23,M03,0,9,1745
2026-10-24,M03,0,9,1736
2026-10-25,M03,0,7,1729
2026-10-26,M03,0,11,1718
2026-10-27,M03,0,8,1710
2026-10-28,M03,0,3,1707
2026-10-29,M03,0,6,1701
2026-10-30,M03,0,4,1697
2026-10-31,M03,112,5,1804
2026-11-01,M03,0,3,1801
2026-11-02,M03,0,10,1791
2026-11-03,M03,100,7,1884
2026-11-04,M03,0,9,1875
2026-11-05,M03,0,9,1866
2026-11-06,M03,0,10,1856
2026-11-07,M03,0,8,1848
2026-11-08,M03,0,14,1834
2026-11-09,M03,0,9,1825
2026-11-10,M03,0,9,1816
2026-11-11,M03,0,7,1809
2026-11-12,M03,0,7,1802
2026-11-13,M03,0,7,1795
2026-11-14,M03,0,5,1790
2026-11-15,M03,0,8,1782
2026-11-16,M03,0,3,1779
2026-11-17,M03,105,7,1877
2026-11-18,M03,0,5,1872
2026-11-19,M03,0,2,1870
2026-11-20,M03,0,7,1863
2026-11-21,M03,0,6,1857
2026-11-22,M03,0,7,1850
2026-11-23,M03,0,9,1841
2026-11-24,M03,0,6,1835
2026-11-25,M03,0,8,1827
2026-11-26,M03,0,5,1822
2026-11-27,M03,0,6,1816
2026-11-28,M03,0,8,1808
2026-11-29,M03,0,6,1802
2026-11-30,M03,0,14,1788
2026-12-01,M03,0,6,1782
2026-12-02,M03,0,2,1780
2026-12-03,M03,95,5,1870
2026-12-04,M03,0,7,1863
2026-12-05,M03,0,8,1855
2026-12-06,M03,0,4,1851
2026-12-07,M03,0,3,1848
2026-12-08,M03,0,10,1838
2026-12-09,M03,0,9,1829
2026-12-10,M03,0,5,1824
2026-12-11,M03,0,6,1818
2026-12-12,M03,0,10,1808
2026-12-13,M03,0,6,1802
2026-12-14,M03,0,6,1796
2026-12-15,M03,0,8,1788
2026-12-16,M03,0,6,1782
2026-12-17,M03,97,5,1874
2026-12-18,M03,0,8,1866
2026-12-19,M03,0,6,1860
2026-12-20,M03,0,6,1854
2026-12-21,M03,0,13,1841
2026-12-22,M03,0,7,1834
2026-12-23,M03,0,4,1830
2026-12-24,M03,0,9,1821
2026-12-25,M03,0,8,1813
2026-12-26,M03,0,6,1807
2026-12-27,M03,0,9,1798
2026-12-28,M03,0,5,1793
2026-12-29,M03,0,9,1784
2026-12-30,M03,0,10,1774
2026-12-31,M03,100,10,1864
2025-01-01,M04,0,2,448
2025-01-02,M04,0,2,446
2025-01-03,M04,0,7,439
2025-01-04,M04,77,4,512
2025-01-05,M04,0,3,509
2025-01-06,M04,0,6,503
2025-01-07,M04,0,2,501
2025-01-08,M04,0,6,495
2025-01-09,M04,0,10,485
2025-01-10,M04,0,5,480
2025-01-11,M04,0,4,476
2025-01-12,M04,0,6,470
2025-01-13,M04,0,10,460
2025-01-14,M04,0,9,451
2025-01-15,M04,0,5,446
2025-01-16,M04,0,4,442
2025-01-17,M04,0,6,436
2025-01-18,M04,79,3,512
2025-01-19,M04,0,2,510
2025-01-20,M04,0,6,504
2025-01-21,M04,0,9,495
2025-01-22,M04,0,4,491
2025-01-23,M04,0,1,490
2025-01-24,M04,0,2,488
2025-01-25,M04,0,9,479
2025-01-26,M04,0,3,476
2025-01-27,M04,0,4,472
2025-01-28,M04,0,5,467
2025-01-29,M04,0,2,465
2025-01-30,M04,0,4,461
2025-01-31,M04,0,4,457
2025-02-01,M04,0,4,453
2025-02-02,M04,0,5,448
2025-02-03,M04,0,5,443
2025-02-04,M04,56,4,495
2025-02-05,M04,0,3,492
2025-02-06,M04,0,5,487
2025-02-07,M04,0,4,483
2025-02-08,M04,0,3,480
2025-02-09,M04,0,6,474
2025-02-10,M04,0,2,472
2025-02-11,M04,0,9,463
2025-02-12,M04,0,5,458
2025-02-13,M04,0,8,450
2025-02-14,M04,0,1,449
2025-02-15,M04,0,3,446
2025-02-16,M04,0,3,443
2025-02-17,M04,0,2,441
2025-02-18,M04,71,5,507
2025-02-19,M04,0,4,503
2025-02-20,M04,0,4,499
2025-02-21,M04,0,4,495
2025-02-22,M04,0,2,493
2025-02-23,M04,0,7,486
2025-02-24,M04,0,10,476
2025-02-25,M04,0,5,471
2025-02-26,M04,0,5,466
2025-02-27,M04,0,3,463
2025-02-28,M04,0,6,457
2025-03-01,M04,0,6,451
2025-03-02,M04,0,5,446
2025-03-03,M04,0,8,438
2025-03-04,M04,65,2,501
2025-03-05,M04,0,4,497
2025-03-06,M04,0,6,491
2025-03-07,M04,0,3,488
2025-03-08,M04,0,9,479
2025-03-09,M04,0,5,474
2025-03-10,M04,0,9,465
2025-03-11,M04,0,5,460
2025-03-12,M04,0,6,454
2025-03-13,M04,0,10,444
2025-03-14,M04,0,7,437
2025-03-15,M04,0,4,433
2025-03-16,M04,0,7,426
2025-03-17,M04,0,4,422
2025-03-18,M04,67,6,483
2025-03-19,M04,0,7,476
2025-03-20,M04,0,5,471
2025-03-21,M04,0,0,471
2025-03-22,M04,0,6,465
2025-03-23,M04,0,0,465
2025-03-24,M04,0,5,460
2025-03-25,M04,0,5,455
2025-03-26,M04,0,6,449
2025-03-27,M04,0,3,446
2025-03-28,M04,0,6,440
2025-03-29,M04,0,7,433
2025-03-30,M04,0,6,427
2025-03-31,M04,0,6,421
2025-04-01,M04,0,5,416
2025-04-01,M04,0,5,416
2025-04-02,M04,0,7,409
2025-04-03,M04,0,2,407
2025-04-04,M04,80,3,484
2025-04-05,M04,0,7,477
2025-04-06,M04,0,6,471
2025-04-07,M04,0,4,467
2025-04-08,M04,0,5,462
2025-04-09,M04,0,7,455
2025-04-10,M04,0,4,451
2025-04-11,M04,0,7,444
2025-04-12,M04,0,5,439
2025-04-13,M04,0,8,431
2025-04-14,M04,0,4,427
2025-04-15,M04,0,7,420
2025-04-16,M04,0,4,416
2025-04-17,M04,0,5,411
2025-04-18,M04,73,6,478
2025-04-19,M04,0,7,471
2025-04-20,M04,0,7,464
2025-04-21,M04,0,3,461
2025-04-22,M04,0,8,453
2025-04-23,M04,0,9,444
2025-04-24,M04,0,6,438
2025-04-25,M04,0,7,431
2025-04-26,M04,0,7,424
2025-04-27,M04,0,4,420
2025-04-28,M04,0,4,416
2025-04-29,M04,0,1,415
2025-04-30,M04,0,3,412
2025-05-01,M04,0,6,406
2025-05-02,M04,0,3,403
2025-05-03,M04,0,6,397
2025-05-04,M04,73,4,466
2025-05-05,M04,0,2,464
2025-05-06,M04,0,4,460
2025-05-07,M04,0,2,458
2025-05-08,M04,0,2,456
2025-05-09,M04,0,5,451
2025-05-10,M04,0,1,450
2025-05-11,M04,0,1,449
2025-05-12,M04,0,3,446
2025-05-13,M04,0,6,440
2025-05-14,M04,0,5,435
2025-05-15,M04,0,5,430
2025-05-16,M04,0,9,421
2025-05-17,M04,0,7,414
2025-05-18,M04,80,6,488
2025-05-19,M04,0,6,482
2025-05-20,M04,0,5,477
2025-05-21,M04,0,3,474
2025-05-22,M04,0,2,472
2025-05-23,M04,0,5,467
2025-05-24,M04,0,5,462
2025-05-25,M04,0,4,458
2025-05-26,M04,0,7,451
2025-05-27,M04,0,4,447
2025-05-28,M04,0,8,439
2025-05-29,M04,0,5,434
2025-05-30,M04,0,6,428
2025-05-31,M04,0,5,423
2025-06-01,M04,0,3,420
2025-06-02,M04,0,5,415
2025-06-03,M04,0,4,411
2025-06-04,M04,74,9,476
2025-06-05,M04,0,8,468
2025-06-06,M04,0,6,462
2025-06-07,M04,0,3,459
2025-06-08,M04,0,5,454
2025-06-09,M04,0,7,447
2025-06-10,M04,0,4,443
2025-06-11,M04,0,3,440
2025-06-12,M04,0,6,434
2025-06-13,M04,0,7,427
2025-06-14,M04,0,6,421
2025-06-15,M04,0,5,416
2025-06-16,M04,0,4,412
2025-06-17,M04,0,6,406
2025-06-18,M04,75,3,478
2025-06-19,M04,0,3,475
2025-06-20,M04,0,4,471
2025-06-21,M04,0,3,468
2025-06-22,M04,0,4,464
2025-06-23,M04,0,9,455
2025-06-24,M04,0,6,449
2025-06-25,M04,0,5,444
2025-06-26,M04,0,8,436
2025-06-27,M04,0,3,433
2025-06-28,M04,0,8,425
2025-06-29,M04,0,5,420
2025-06-30,M04,0,2,418
2025-07-01,M04,0,6,412
2025-07-02,M04,0,9,403
2025-07-03,M04,0,3,400
2025-07-04,M04,65,3,462
2025-07-05,M04,0,6,456
2025-07-06,M04,0,5,451
2025-07-07,M04,0,0,451
2025-07-08,M04,0,3,448
2025-07-09,M04,0,3,445
2025-07-10,M04,0,4,441
2025-07-11,M04,0,14,427
2025-07-12,M04,0,5,422
2025-07-13,M04,0,8,414
2025-07-14,M04,0,1,413
2025-07-15,M04,0,3,410
2025-07-16,M04,0,2,408
2025-07-17,M04,0,2,406
2025-07-18,M04,77,5,478
2025-07-19,M04,0,8,470
2025-07-20,M04,0,7,463
2025-07-21,M04,0,6,457
2025-07-22,M04,0,6,451
2025-07-23,M04,0,2,449
2025-07-24,M04,0,5,444
2025-07-25,M04,0,4,440
2025-07-26,M04,0,4,436
2025-07-27,M04,0,4,432
2025-07-28,M04,0,4,428
2025-07-29,M04,0,4,424
2025-07-30,M04,0,3,421
2025-07-31,M04,0,9,412
2025-08-01,M04,0,5,407
2025-08-02,M04,0,7,400
2025-08-03,M04,0,6,394
2025-08-04,M04,79,4,469
2025-08-05,M04,0,4,465
2025-08-06,M04,0,6,459
2025-08-07,M04,0,6,453
2025-08-08,M04,0,6,447
2025-08-09,M04,0,6,441
2025-08-10,M04,0,5,436
2025-08-11,M04,0,11,425
2025-08-12,M04,0,4,421
2025-08-13,M04,0,1,420
2025-08-14,M04,0,7,413
2025-08-15,M04,0,10,403
2025-08-16,M04,0,8,395
2025-08-17,M04,0,2,393
2025-08-18,M04,68,10,451
2025-08-19,M04,0,4,447
2025-08-20,M04,0,4,443
2025-08-21,M04,0,3,440
2025-08-22,M04,0,3,437
2025-08-23,M04,0,4,433
2025-08-24,M04,0,2,431
2025-08-25,M04,0,3,428
2025-08-26,M04,0,5,423
2025-08-27,M04,0,11,412
2025-08-28,M04,0,3,409
2025-08-29,M04,0,7,402
2025-08-30,M04,0,5,397
2025-08-31,M04,0,4,393
2025-09-01,M04,0,2,391
2025-09-02,M04,0,1,390
2025-09-03,M04,0,7,383
2025-09-04,M04,73,5,451
2025-09-05,M04,0,5,446
2025-09-06,M04,0,6,440
2025-09-07,M04,0,4,436
2025-09-08,M04,0,6,430
2025-09-09,M04,0,5,425
2025-09-10,M04,0,4,421
2025-09-11,M04,0,2,419
2025-09-12,M04,0,1,418
2025-09-13,M04,0,6,412
2025-09-14,M04,0,7,405
2025-09-15,M04,0,7,398
2025-09-16,M04,0,6,392
2025-09-17,M04,0,6,386
2025-09-18,M04,68,4,450
2025-09-19,M04,0,5,445
2025-09-20,M04,0,2,443
2025-09-21,M04,0,6,437
2025-09-22,M04,0,4,433
2025-09-23,M04,0,6,427
2025-09-24,M04,0,9,418
2025-09-25,M04,0,2,416
2025-09-26,M04,0,6,410
2025-09-27,M04,0,6,404
2025-09-28,M04,0,6,398
2025-09-29,M04,0,4,394
2025-09-30,M04,0,3,391
2025-10-01,M04,0,8,383
2025-10-02,M04,0,5,378
2025-10-03,M04,0,4,374
2025-10-04,M04,80,7,447
2025-10-05,M04,0,6,441
2025-10-06,M04,0,7,434
2025-10-07,M04,0,3,431
2025-10-08,M04,0,3,428
2025-10-09,M04,0,4,424
2025-10-10,M04,0,3,421
2025-10-11,M04,0,5,416
2025-10-12,M04,0,4,412
2025-10-13,M04,0,4,408
2025-10-14,M04,0,4,404
2025-10-15,M04,0,6,398
2025-10-16,M04,0,10,388
2025-10-17,M04,0,3,385
2025-10-18,M04,79,10,454
2025-10-19,M04,0,6,448
2025-10-20,M04,0,9,439
2025-10-21,M04,0,3,436
2025-10-22,M04,0,4,432
2025-10-23,M04,0,7,425
2025-10-24,M04,0,4,421
2025-10-25,M04,0,3,418
2025-10-26,M04,0,7,411
2025-10-27,M04,0,7,404
2025-10-28,M04,0,4,400
2025-10-29,M04,0,10,390
2025-10-30,M04,0,13,377
2025-10-31,M04,0,3,374
2025-11-01,M04,0,2,372
2025-11-02,M04,0,6,366
2025-11-03,M04,0,5,361
2025-11-04,M04,77,8,430
2025-11-05,M04,0,5,425
2025-11-06,M04,0,3,422
2025-11-07,M04,0,7,415
2025-11-08,M04,0,9,406
2025-11-09,M04,0,7,399
2025-11-10,M04,0,8,391
2025-11-11,M04,0,4,387
2025-11-12,M04,0,7,380
2025-11-13,M04,0,3,377
2025-11-14,M04,0,3,374
2025-11-15,M04,0,8,366
2025-11-16,M04,0,6,360
2025-11-17,M04,0,4,356
2025-11-18,M04,76,2,430
2025-11-19,M04,0,3,427
2025-11-20,M04,0,4,423
2025-11-21,M04,0,5,418
2025-11-22,M04,0,4,414
2025-11-23,M04,0,4,410
2025-11-24,M04,0,3,407
2025-11-25,M04,0,6,401
2025-11-26,M04,0,5,396
2025-11-27,M04,0,4,392
2025-11-28,M04,0,4,388
2025-11-29,M04,0,2,386
2025-11-30,M04,0,7,379
2025-12-01,M04,0,3,376
2025-12-02,M04,0,10,366
2025-12-03,M04,0,5,361
2025-12-04,M04,76,2,435
2025-12-05,M04,0,3,432
2025-12-06,M04,0,5,427
2025-12-07,M04,0,6,421
2025-12-08,M04,0,2,419
2025-12-09,M04,0,6,413
2025-12-10,M04,0,6,407
2025-12-11,M04,0,4,403
2025-12-12,M04,0,6,397
2025-12-13,M04,0,4,393
2025-12-14,M04,0,3,390
2025-12-15,M04,0,5,385
2025-12-16,M04,0,7,378
2025-12-17,M04,0,4,374
2025-12-18,M04,70,8,436
2025-12-19,M04,0,8,428
2025-12-20,M04,0,4,424
2025-12-21,M04,0,4,420
2025-12-22,M04,0,3,417
2025-12-23,M04,0,5,412
2025-12-24,M04,0,4,408
2025-12-25,M04,0,6,402
2025-12-26,M04,0,7,395
2025-12-27,M04,0,6,389
2025-12-28,M04,0,1,388
2025-12-29,M04,0,7,381
2025-12-30,M04,0,9,372
2025-12-31,M04,0,2,370
2026-01-01,M04,0,3,367
2026-01-02,M04,0,5,362
2026-01-03,M04,0,7,355
2026-01-04,M04,63,4,414
2026-01-05,M04,0,2,412
2026-01-06,M04,0,11,401
2026-01-07,M04,0,3,398
2026-01-08,M04,0,7,391
2026-01-09,M04,0,4,387
2026-01-10,M04,0,11,376
2026-01-11,M04,0,6,370
2026-01-12,M04,0,8,362
2026-01-13,M04,0,5,357
2026-01-14,M04,0,8,349
2026-01-15,M04,0,8,341
2026-01-16,M04,0,7,334
2026-01-17,M04,0,6,328
2026-01-18,M04,64,1,391
2026-01-19,M04,0,4,387
2026-01-20,M04,0,3,384
2026-01-21,M04,0,3,381
2026-01-22,M04,0,6,375
2026-01-23,M04,0,5,370
2026-01-24,M04,0,7,363
2026-01-25,M04,0,5,358
2026-01-26,M04,0,1,357
2026-01-27,M04,0,1,356
2026-01-28,M04,0,5,351
2026-01-29,M04,0,5,346
2026-01-30,M04,0,4,342
2026-01-31,M04,0,5,337
2026-02-01,M04,0,5,332
2026-02-02,M04,0,4,328
2026-02-03,M04,0,5,323
2026-02-04,M04,76,7,392
2026-02-05,M04,0,6,386
2026-02-06,M04,0,4,382
2026-02-07,M04,0,9,373
2026-02-08,M04,0,4,369
2026-02-09,M04,0,6,363
2026-02-10,M04,0,3,360
2026-02-11,M04,0,5,355
2026-02-12,M04,0,4,351
2026-02-13,M04,0,6,345
2026-02-14,M04,0,3,342
2026-02-15,M04,0,3,339
2026-02-16,M04,0,5,334
2026-02-17,M04,0,4,330
2026-02-18,M04,70,2,398
2026-02-19,M04,0,4,394
2026-02-20,M04,0,7,387
2026-02-21,M04,0,2,385
2026-02-22,M04,0,3,382
2026-02-23,M04,0,5,377
2026-02-24,M04,0,4,373
2026-02-25,M04,0,2,371
2026-02-26,M04,0,7,364
2026-02-27,M04,0,5,359
2026-02-28,M04,0,5,354
2026-03-01,M04,0,7,347
2026-03-02,M04,0,8,339
2026-03-03,M04,0,6,333
2026-03-04,M04,77,7,403
2026-03-05,M04,0,6,397
2026-03-06,M04,0,7,390
2026-03-07,M04,0,5,385
2026-03-08,M04,0,7,378
2026-03-09,M04,0,6,372
2026-03-10,M04,0,9,363
2026-03-11,M04,0,6,357
2026-03-12,M04,0,4,353
2026-03-13,M04,0,5,348
2026-03-14,M04,0,2,346
2026-03-15,M04,0,7,339
2026-03-16,M04,0,4,335
2026-03-17,M04,0,9,326
2026-03-18,M04,63,2,387
2026-03-19,M04,0,3,384
2026-03-20,M04,0,6,378
2026-03-21,M04,0,6,372
2026-03-22,M04,0,2,370
2026-03-23,M04,0,8,362
2026-03-24,M04,0,6,356
2026-03-25,M04,0,6,350
2026-03-26,M04,0,5,345
2026-03-27,M04,0,7,338
2026-03-28,M04,0,5,333
2026-03-29,M04,0,8,325
2026-03-30,M04,0,9,316
2026-03-31,M04,0,6,310
2026-04-01,M04,0,9,301
2026-04-02,M04,0,4,297
2026-04-03,M04,0,3,294
2026-04-04,M04,77,7,364
2026-04-05,M04,0,3,361
2026-04-06,M04,0,5,356
2026-04-07,M04,0,4,352
2026-04-08,M04,0,5,347
2026-04-09,M04,0,3,344
2026-04-10,M04,0,6,338
2026-04-11,M04,0,2,336
2026-04-12,M04,0,4,332
2026-04-13,M04,0,8,324
2026-04-14,M04,0,2,322
2026-04-15,M04,0,6,316
2026-04-16,M04,0,8,308
2026-04-17,M04,0,8,300
2026-04-18,M04,69,3,366
2026-04-19,M04,0,6,360
2026-04-20,M04,0,6,354
2026-04-21,M04,0,10,344
2026-04-22,M04,0,7,337
2026-04-23,M04,0,6,331
2026-04-24,M04,0,7,324
2026-04-25,M04,0,7,317
2026-04-26,M04,0,4,313
2026-04-27,M04,0,5,308
2026-04-28,M04,0,5,303
2026-04-29,M04,0,4,299
2026-04-30,M04,0,2,297
2026-05-01,M04,0,3,294
2026-05-02,M04,0,6,288
2026-05-03,M04,0,10,278
2026-05-04,M04,74,5,347
2026-05-05,M04,0,2,345
2026-05-06,M04,0,10,335
2026-05-07,M04,0,1,334
2026-05-08,M04,0,1,333
2026-05-09,M04,0,5,328
2026-05-10,M04,0,6,322
2026-05-11,M04,0,2,320
2026-05-12,M04,0,6,314
2026-05-13,M04,0,3,311
2026-05-14,M04,0,5,306
2026-05-15,M04,0,4,302
2026-05-16,M04,0,5,297
2026-05-17,M04,0,2,295
2026-05-18,M04,67,6,356
2026-05-19,M04,0,10,346
2026-05-20,M04,0,10,336
2026-05-21,M04,0,7,329
2026-05-22,M04,0,5,324
2026-05-23,M04,0,2,322
2026-05-24,M04,0,10,312
2026-05-25,M04,0,6,306
2026-05-26,M04,0,5,301
2026-05-27,M04,0,4,297
2026-05-28,M04,0,4,293
2026-05-29,M04,0,3,290
2026-05-30,M04,0,3,287
2026-05-31,M04,0,4,283
2026-06-01,M04,0,3,280
2026-06-02,M04,0,3,277
2026-06-03,M04,0,4,273
2026-06-04,M04,67,1,339
2026-06-05,M04,0,5,334
2026-06-06,M04,0,3,331
2026-06-07,M04,0,3,328
2026-06-08,M04,0,10,318
2026-06-09,M04,0,7,311
2026-06-10,M04,0,4,307
2026-06-11,M04,0,6,301
2026-06-12,M04,0,1,300
2026-06-13,M04,0,8,292
2026-06-14,M04,0,2,290
2026-06-15,M04,0,7,283
2026-06-16,M04,0,3,280
2026-06-17,M04,0,7,273
2026-06-18,M04,71,7,337
2026-06-19,M04,0,7,330
2026-06-20,M04,0,2,328
2026-06-21,M04,0,8,320
2026-06-22,M04,0,8,312
2026-06-23,M04,0,6,306
2026-06-24,M04,0,6,300
2026-06-25,M04,0,8,292
2026-06-26,M04,0,7,285
2026-06-27,M04,0,11,274
2026-06-28,M04,0,5,269
2026-06-29,M04,0,5,264
2026-06-30,M04,0,7,257
2026-07-01,M04,0,4,253
2026-07-02,M04,0,2,251
2026-07-03,M04,0,3,248
2026-07-04,M04,66,6,308
2026-07-05,M04,0,7,301
2026-07-06,M04,0,3,298
2026-07-07,M04,0,3,295
2026-07-08,M04,0,6,289
2026-07-09,M04,0,4,285
2026-07-10,M04,0,5,280
2026-07-11,M04,0,6,274
2026-07-12,M04,0,1,273
2026-07-13,M04,0,1,272
2026-07-14,M04,0,6,266
2026-07-15,M04,0,9,257
2026-07-16,M04,0,4,253
2026-07-17,M04,0,4,249
2026-07-18,M04,69,8,310
2026-07-19,M04,0,3,307
2026-07-20,M04,0,8,299
2026-07-21,M04,0,8,291
2026-07-22,M04,0,11,280
2026-07-23,M04,0,8,272
2026-07-24,M04,0,7,265
2026-07-25,M04,0,5,260
2026-07-26,M04,0,8,252
2026-07-27,M04,0,7,245
2026-07-28,M04,0,7,238
2026-07-29,M04,0,5,233
2026-07-30,M04,0,7,226
2026-07-31,M04,0,5,221
2026-08-01,M04,0,4,217
2026-08-02,M04,0,8,209
2026-08-03,M04,0,7,202
2026-08-04,M04,67,13,256
2026-08-05,M04,0,2,254
2026-08-06,M04,0,6,248
2026-08-07,M04,0,2,246
2026-08-08,M04,0,5,241
2026-08-09,M04,0,6,235
2026-08-10,M04,0,235,0
2026-08-11,M04,0,0,0
2026-08-12,M04,65,6,59
2026-08-13,M04,0,4,213
2026-08-14,M04,0,7,206
2026-08-15,M04,0,4,202
2026-08-16,M04,0,6,196
2026-08-17,M04,0,5,191
2026-08-18,M04,92,9,274
2026-08-19,M04,0,7,267
2026-08-20,M04,0,4,263
2026-08-21,M04,0,2,261
2026-08-22,M04,0,4,257
2026-08-23,M04,0,4,253
2026-08-24,M04,0,5,248
2026-08-25,M04,0,5,243
2026-08-26,M04,0,6,237
2026-08-27,M04,0,6,231
2026-08-28,M04,0,5,226
2026-08-29,M04,0,5,221
2026-08-30,M04,0,6,215
2026-08-31,M04,0,7,208
2026-09-01,M04,0,7,201
2026-09-02,M04,0,6,195
2026-09-03,M04,0,4,191
2026-09-04,M04,74,5,260
2026-09-05,M04,0,6,254
2026-09-06,M04,0,2,252
2026-09-07,M04,0,5,247
2026-09-08,M04,0,7,240
2026-09-09,M04,0,9,231
2026-09-10,M04,0,6,225
2026-09-11,M04,0,2,223
2026-09-12,M04,0,3,220
2026-09-13,M04,0,6,214
2026-09-14,M04,0,4,210
2026-09-15,M04,0,3,207
2026-09-16,M04,0,4,203
2026-09-17,M04,0,4,199
2026-09-18,M04,82,4,277
2026-09-19,M04,0,4,273
2026-09-20,M04,0,7,266
2026-09-21,M04,0,5,261
2026-09-22,M04,0,2,259
2026-09-23,M04,0,4,255
2026-09-24,M04,0,5,250
2026-09-25,M04,0,6,244
2026-09-26,M04,0,4,240
2026-09-27,M04,0,9,231
2026-09-28,M04,0,7,224
2026-09-29,M04,0,8,216
2026-09-30,M04,0,5,211
2026-10-01,M04,0,5,206
2026-10-02,M04,0,6,200
2026-10-03,M04,0,4,196
2026-10-04,M04,68,6,258
2026-10-05,M04,0,1,257
2026-10-06,M04,0,6,251
2026-10-07,M04,0,3,248
2026-10-08,M04,0,7,241
2026-10-09,M04,0,3,238
2026-10-10,M04,0,8,230
2026-10-11,M04,0,6,224
2026-10-12,M04,0,3,221
2026-10-13,M04,0,3,218
2026-10-14,M04,0,7,211
2026-10-15,M04,0,6,205
2026-10-16,M04,0,6,199
2026-10-17,M04,0,5,194
2026-10-18,M04,75,8,261
2026-10-19,M04,0,6,255
2026-10-20,M04,0,10,245
2026-10-21,M04,0,7,238
2026-10-22,M04,0,7,231
2026-10-23,M04,0,7,224
2026-10-24,M04,0,5,219
2026-10-25,M04,0,3,216
2026-10-26,M04,0,5,211
2026-10-27,M04,0,4,207
2026-10-28,M04,0,3,204
2026-10-29,M04,0,7,197
2026-10-30,M04,0,5,192
2026-10-31,M04,0,7,185
2026-11-01,M04,0,1,184
2026-11-02,M04,0,5,179
2026-11-03,M04,0,4,175
2026-11-04,M04,79,4,250
2026-11-05,M04,0,5,245
2026-11-06,M04,0,8,237
2026-11-07,M04,0,4,233
2026-11-08,M04,0,3,230
2026-11-09,M04,0,4,226
2026-11-10,M04,0,3,223
2026-11-11,M04,0,3,220
2026-11-12,M04,0,5,215
2026-11-13,M04,0,5,210
2026-11-14,M04,0,4,206
2026-11-15,M04,0,5,201
2026-11-16,M04,0,6,195
2026-11-17,M04,0,3,192
2026-11-18,M04,81,9,264
2026-11-19,M04,0,7,257
2026-11-20,M04,0,8,249
2026-11-21,M04,0,10,239
2026-11-22,M04,0,7,232
2026-11-23,M04,0,6,226
2026-11-24,M04,0,1,225
2026-11-25,M04,0,3,222
2026-11-26,M04,0,7,215
2026-11-27,M04,0,3,212
2026-11-28,M04,0,0,212
2026-11-29,M04,0,5,207
2026-11-30,M04,0,6,201
2026-12-01,M04,0,5,196
2026-12-02,M04,0,6,190
2026-12-03,M04,0,3,187
2026-12-04,M04,73,4,256
2026-12-05,M04,0,6,250
2026-12-06,M04,0,3,247
2026-12-06,M04,0,3,247
2026-12-07,M04,0,3,244
2026-12-08,M04,0,2,242
2026-12-09,M04,0,6,236
2026-12-10,M04,0,6,230
2026-12-11,M04,0,4,226
2026-12-12,M04,0,9,217
2026-12-13,M04,0,5,212
2026-12-14,M04,0,3,209
2026-12-15,M04,0,6,203
2026-12-16,M04,0,5,198
2026-12-17,M04,0,8,190
2026-12-18,M04,80,3,267
2026-12-19,M04,0,6,261
2026-12-20,M04,0,4,257
2026-12-21,M04,0,6,251
2026-12-22,M04,0,5,246
2026-12-23,M04,0,8,238
2026-12-24,M04,0,5,233
2026-12-25,M04,0,4,229
2026-12-26,M04,0,4,225
2026-12-27,M04,0,2,223
2026-12-28,M04,0,3,220
2026-12-29,M04,0,3,217
2026-12-30,M04,0,4,213
2026-12-31,M04,0,10,203
2025-01-01,M05,0,3,377
2025-01-02,M05,0,2,375
2025-01-03,M05,0,3,372
2025-01-04,M05,0,4,368
2025-01-05,M05,49,2,415
2025-01-06,M05,0,1,414
2025-01-07,M05,0,9,405
2025-01-08,M05,0,2,403
2025-01-09,M05,0,2,401
2025-01-10,M05,0,3,398
2025-01-11,M05,0,5,393
2025-01-12,M05,0,7,386
2025-01-13,M05,0,6,380
2025-01-14,M05,0,2,378
2025-01-15,M05,0,4,374
2025-01-16,M05,0,4,370
2025-01-17,M05,0,6,364
2025-01-18,M05,0,4,360
2025-01-19,M05,67,5,422
2025-01-20,M05,0,3,419
2025-01-21,M05,0,3,416
2025-01-22,M05,0,6,410
2025-01-23,M05,0,1,409
2025-01-24,M05,0,4,405
2025-01-25,M05,0,5,400
2025-01-26,M05,0,4,396
2025-01-27,M05,0,2,394
2025-01-28,M05,0,5,389
2025-01-29,M05,0,4,385
2025-01-30,M05,0,2,383
2025-01-31,M05,0,4,379
2025-02-01,M05,0,5,374
2025-02-02,M05,0,1,373
2025-02-03,M05,0,3,370
2025-02-04,M05,0,2,368
2025-02-05,M05,70,3,435
2025-02-06,M05,0,4,431
2025-02-07,M05,0,3,428
2025-02-08,M05,0,6,422
2025-02-09,M05,0,5,417
2025-02-10,M05,0,7,410
2025-02-11,M05,0,2,408
2025-02-12,M05,0,3,405
2025-02-13,M05,0,7,398
2025-02-14,M05,0,3,395
2025-02-15,M05,0,2,393
2025-02-16,M05,0,3,390
2025-02-17,M05,0,2,388
2025-02-18,M05,0,2,386
2025-02-19,M05,75,6,455
2025-02-20,M05,0,5,450
2025-02-21,M05,0,3,447
2025-02-22,M05,0,6,441
2025-02-23,M05,0,3,438
2025-02-24,M05,0,3,435
2025-02-25,M05,0,3,432
2025-02-26,M05,0,2,430
2025-02-27,M05,0,2,428
2025-02-28,M05,0,11,417
2025-03-01,M05,0,4,413
2025-03-02,M05,0,6,407
2025-03-03,M05,0,3,404
2025-03-04,M05,0,3,401
2025-03-05,M05,51,7,445
2025-03-06,M05,0,3,442
2025-03-07,M05,0,3,439
2025-03-08,M05,0,2,437
2025-03-09,M05,0,3,434
2025-03-10,M05,0,2,432
2025-03-11,M05,0,4,428
2025-03-12,M05,0,4,424
2025-03-13,M05,0,1,423
2025-03-14,M05,0,4,419
2025-03-15,M05,0,3,416
2025-03-16,M05,0,2,414
2025-03-17,M05,0,4,410
2025-03-18,M05,0,7,403
2025-03-19,M05,60,4,459
2025-03-20,M05,0,4,455
2025-03-21,M05,0,7,448
2025-03-22,M05,0,2,446
2025-03-23,M05,0,2,444
2025-03-24,M05,0,5,439
2025-03-25,M05,0,5,434
2025-03-26,M05,0,4,430
2025-03-27,M05,0,4,426
2025-03-28,M05,0,4,422
2025-03-29,M05,0,3,419
2025-03-30,M05,0,5,414
2025-03-31,M05,0,0,414
2025-04-01,M05,0,5,409
2025-04-02,M05,0,5,404
2025-04-03,M05,0,3,401
2025-04-04,M05,0,7,394
2025-04-05,M05,66,1,459
2025-04-06,M05,0,2,457
2025-04-07,M05,0,1,456
2025-04-08,M05,0,9,447
2025-04-09,M05,0,4,443
2025-04-10,M05,0,4,439
2025-04-11,M05,0,3,436
2025-04-12,M05,0,2,434
2025-04-13,M05,0,2,432
2025-04-14,M05,0,5,427
2025-04-15,M05,0,4,423
2025-04-16,M05,0,4,419
2025-04-17,M05,0,5,414
2025-04-18,M05,0,3,-1
2025-04-19,M05,51,4,458
2025-04-20,M05,0,2,456
2025-04-21,M05,0,8,448
2025-04-22,M05,0,3,445
2025-04-23,M05,0,2,443
2025-04-24,M05,0,1,442
2025-04-25,M05,0,3,439
2025-04-26,M05,0,7,432
2025-04-27,M05,0,5,427
2025-04-28,M05,0,4,423
2025-04-29,M05,0,4,419
2025-04-30,M05,0,8,411
2025-05-01,M05,0,6,405
2025-05-02,M05,0,3,402
2025-05-03,M05,0,2,400
2025-05-04,M05,0,2,398
2025-05-05,M05,51,4,445
2025-05-06,M05,0,2,443
2025-05-07,M05,0,6,437
2025-05-08,M05,0,6,431
2025-05-09,M05,0,5,426
2025-05-10,M05,0,6,420
2025-05-11,M05,0,5,415
2025-05-12,M05,0,4,411
2025-05-13,M05,0,9,402
2025-05-14,M05,0,2,400
2025-05-15,M05,0,4,396
2025-05-16,M05,0,9,387
2025-05-17,M05,0,2,385
2025-05-18,M05,0,2,383
2025-05-19,M05,55,3,435
2025-05-20,M05,0,9,426
2025-05-21,M05,0,6,420
2025-05-22,M05,0,3,417
2025-05-23,M05,0,3,414
2025-05-24,M05,0,4,410
2025-05-25,M05,0,4,406
2025-05-26,M05,0,5,401
2025-05-27,M05,0,6,395
2025-05-28,M05,0,2,393
2025-05-29,M05,0,3,390
2025-05-30,M05,0,3,387
2025-05-31,M05,0,4,383
2025-06-01,M05,0,5,378
2025-06-02,M05,0,7,371
2025-06-03,M05,0,1,370
2025-06-04,M05,0,3,367
2025-06-05,M05,57,3,421
2025-06-06,M05,0,4,417
2025-06-07,M05,0,6,411
2025-06-08,M05,0,4,407
2025-06-09,M05,0,1,406
2025-06-10,M05,0,6,400
2025-06-11,M05,0,2,398
2025-06-12,M05,0,6,392
2025-06-13,M05,0,5,387
2025-06-14,M05,0,6,381
2025-06-15,M05,0,9,372
2025-06-16,M05,0,4,368
2025-06-17,M05,0,5,363
2025-06-18,M05,0,4,359
2025-06-19,M05,58,3,414
2025-06-20,M05,0,2,412
2025-06-21,M05,0,3,409
2025-06-22,M05,0,2,407
2025-06-23,M05,0,8,399
2025-06-24,M05,0,1,398
2025-06-25,M05,0,7,391
2025-06-26,M05,0,4,387
2025-06-27,M05,0,7,380
2025-06-28,M05,0,7,373
2025-06-29,M05,0,5,368
2025-06-30,M05,0,4,364
2025-07-01,M05,0,6,358
2025-07-02,M05,0,7,351
2025-07-03,M05,0,6,345
2025-07-04,M05,0,6,339
2025-07-05,M05,65,3,401
2025-07-06,M05,0,4,397
2025-07-07,M05,0,3,394
2025-07-08,M05,0,3,391
2025-07-09,M05,0,1,390
2025-07-10,M05,0,4,386
2025-07-11,M05,0,4,382
2025-07-12,M05,0,1,381
2025-07-13,M05,0,2,379
2025-07-14,M05,0,6,373
2025-07-15,M05,0,4,369
2025-07-16,M05,0,4,365
2025-07-17,M05,0,3,362
2025-07-18,M05,0,4,358
2025-07-19,M05,63,8,413
2025-07-20,M05,0,4,409
2025-07-21,M05,0,6,403
2025-07-22,M05,0,4,399
2025-07-23,M05,0,5,394
2025-07-24,M05,0,2,392
2025-07-25,M05,0,6,386
2025-07-26,M05,0,8,378
2025-07-27,M05,0,4,374
2025-07-28,M05,0,7,367
2025-07-29,M05,0,3,364
2025-07-30,M05,0,4,360
2025-07-31,M05,0,5,355
2025-08-01,M05,0,4,351
2025-08-02,M05,0,1,350
2025-08-03,M05,0,1,349
2025-08-04,M05,0,5,344
2025-08-05,M05,68,4,408
2025-08-06,M05,0,6,402
2025-08-07,M05,0,5,397
2025-08-08,M05,0,3,394
2025-08-09,M05,0,5,389
2025-08-10,M05,0,4,385
2025-08-11,M05,0,0,385
2025-08-12,M05,0,4,381
2025-08-13,M05,0,1,380
2025-08-14,M05,0,2,378
2025-08-15,M05,0,2,376
2025-08-16,M05,0,2,374
2025-08-17,M05,0,6,368
2025-08-18,M05,0,2,366
2025-08-19,M05,56,8,414
2025-08-20,M05,0,4,410
2025-08-21,M05,0,7,403
2025-08-22,M05,0,3,400
2025-08-23,M05,0,1,399
2025-08-24,M05,0,2,397
2025-08-25,M05,0,6,391
2025-08-26,M05,0,3,388
2025-08-27,M05,0,3,385
2025-08-28,M05,0,2,383
2025-08-29,M05,0,2,381
2025-08-30,M05,0,0,381
2025-08-31,M05,0,7,374
2025-09-01,M05,0,1,373
2025-09-02,M05,0,3,370
2025-09-03,M05,0,3,367
2025-09-04,M05,0,5,362
2025-09-05,M05,74,4,432
2025-09-06,M05,0,3,429
2025-09-07,M05,0,6,423
2025-09-08,M05,0,4,419
2025-09-09,M05,0,4,415
2025-09-10,M05,0,5,410
2025-09-11,M05,0,1,409
2025-09-12,M05,0,5,404
2025-09-13,M05,0,3,401
2025-09-14,M05,0,6,395
2025-09-15,M05,0,2,393
2025-09-16,M05,0,6,387
2025-09-17,M05,0,4,383
2025-09-18,M05,0,5,378
2025-09-19,M05,52,2,428
2025-09-20,M05,0,0,428
2025-09-21,M05,0,3,425
2025-09-22,M05,0,2,423
2025-09-23,M05,0,3,420
2025-09-24,M05,0,9,411
2025-09-25,M05,0,5,406
2025-09-26,M05,0,0,406
2025-09-27,M05,0,5,401
2025-09-28,M05,0,5,396
2025-09-29,M05,0,2,394
2025-09-30,M05,0,3,391
2025-10-01,M05,0,4,387
2025-10-02,M05,0,7,380
2025-10-03,M05,0,1,379
2025-10-04,M05,0,3,376
2025-10-05,M05,60,3,433
2025-10-06,M05,0,6,427
2025-10-07,M05,0,3,424
2025-10-08,M05,0,2,422
2025-10-09,M05,0,2,420
2025-10-10,M05,0,3,417
2025-10-11,M05,0,3,414
2025-10-12,M05,0,2,412
2025-10-13,M05,0,1,411
2025-10-14,M05,0,0,411
2025-10-15,M05,0,6,405
2025-10-16,M05,0,5,400
2025-10-17,M05,0,4,396
2025-10-18,M05,0,5,391
2025-10-19,M05,48,3,436
2025-10-20,M05,0,3,433
2025-10-21,M05,0,4,429
2025-10-22,M05,0,4,425
2025-10-23,M05,0,4,421
2025-10-24,M05,0,2,419
2025-10-25,M05,0,6,413
2025-10-26,M05,0,7,406
2025-10-27,M05,0,6,400
2025-10-28,M05,0,3,397
2025-10-29,M05,0,4,393
2025-10-30,M05,0,8,385
2025-10-31,M05,0,5,380
2025-11-01,M05,0,9,371
2025-11-02,M05,0,4,367
2025-11-03,M05,0,4,363
2025-11-04,M05,0,2,361
2025-11-05,M05,68,3,426
2025-11-06,M05,0,2,424
2025-11-07,M05,0,2,422
2025-11-08,M05,0,4,418
2025-11-09,M05,0,3,415
2025-11-10,M05,0,4,411
2025-11-11,M05,0,4,407
2025-11-12,M05,0,4,403
2025-11-13,M05,0,6,397
2025-11-14,M05,0,4,393
2025-11-15,M05,0,5,388
2025-11-16,M05,0,4,384
2025-11-17,M05,0,4,380
2025-11-18,M05,0,4,376
2025-11-19,M05,70,3,443
2025-11-20,M05,0,7,436
2025-11-21,M05,0,0,436
2025-11-22,M05,0,6,430
2025-11-23,M05,0,3,427
2025-11-24,M05,0,8,419
2025-11-25,M05,0,3,416
2025-11-26,M05,0,3,413
2025-11-27,M05,0,4,409
2025-11-28,M05,0,3,406
2025-11-29,M05,0,4,402
2025-11-30,M05,0,2,400
2025-12-01,M05,0,7,393
2025-12-02,M05,0,4,389
2025-12-03,M05,0,2,387
2025-12-04,M05,0,2,385
2025-12-05,M05,56,4,437
2025-12-06,M05,0,7,430
2025-12-07,M05,0,6,424
2025-12-08,M05,0,2,422
2025-12-09,M05,0,3,419
2025-12-10,M05,0,3,416
2025-12-11,M05,0,2,414
2025-12-12,M05,0,5,409
2025-12-13,M05,0,6,403
2025-12-14,M05,0,0,403
2025-12-15,M05,0,3,400
2025-12-16,M05,0,2,398
2025-12-17,M05,0,1,397
2025-12-18,M05,0,3,394
2025-12-19,M05,64,3,455
2025-12-20,M05,0,3,452
2025-12-21,M05,0,11,441
2025-12-22,M05,0,4,437
2025-12-23,M05,0,1,436
2025-12-24,M05,0,7,429
2025-12-25,M05,0,3,426
2025-12-26,M05,0,1,425
2025-12-27,M05,0,3,422
2025-12-28,M05,0,1,421
2025-12-29,M05,0,2,419
2025-12-30,M05,0,4,415
2025-12-31,M05,0,2,413
2026-01-01,M05,0,3,410
2026-01-02,M05,0,4,406
2026-01-03,M05,0,1,405
2026-01-04,M05,0,4,401
2026-01-05,M05,54,3,452
2026-01-06,M05,0,5,447
2026-01-07,M05,0,4,443
2026-01-08,M05,0,5,438
2026-01-09,M05,0,8,430
2026-01-10,M05,0,1,429
2026-01-11,M05,0,5,424
2026-01-12,M05,0,2,422
2026-01-13,M05,0,2,420
2026-01-14,M05,0,3,417
2026-01-15,M05,0,6,411
2026-01-16,M05,0,2,409
2026-01-17,M05,0,1,408
2026-01-18,M05,0,5,403
2026-01-19,M05,54,3,454
2026-01-20,M05,0,4,450
2026-01-21,M05,0,2,448
2026-01-22,M05,0,5,443
2026-01-23,M05,0,3,440
2026-01-24,M05,0,1,439
2026-01-25,M05,0,5,434
2026-01-26,M05,0,8,426
2026-01-27,M05,0,7,419
2026-01-28,M05,0,3,416
2026-01-29,M05,0,3,413
2026-01-30,M05,0,2,411
2026-01-31,M05,0,3,408
2026-02-01,M05,0,3,405
2026-02-02,M05,0,7,398
2026-02-03,M05,0,1,397
2026-02-04,M05,0,3,394
2026-02-05,M05,63,5,452
2026-02-06,M05,0,4,448
2026-02-07,M05,0,3,445
2026-02-08,M05,0,8,437
2026-02-09,M05,0,3,434
2026-02-10,M05,0,4,430
2026-02-11,M05,0,4,426
2026-02-12,M05,0,7,419
2026-02-13,M05,0,1,418
2026-02-14,M05,0,4,414
2026-02-15,M05,0,8,406
2026-02-16,M05,0,3,403
2026-02-17,M05,0,7,396
2026-02-18,M05,0,6,390
2026-02-19,M05,54,3,441
2026-02-20,M05,0,5,436
2026-02-21,M05,0,0,436
2026-02-22,M05,0,4,432
2026-02-23,M05,0,6,426
2026-02-24,M05,0,7,419
2026-02-25,M05,0,6,413
2026-02-26,M05,0,6,407
2026-02-27,M05,0,5,402
2026-02-28,M05,0,6,396
2026-03-01,M05,0,2,394
2026-03-02,M05,0,3,391
2026-03-03,M05,0,7,384
2026-03-04,M05,0,0,384
2026-03-05,M05,67,4,447
2026-03-06,M05,0,4,443
2026-03-07,M05,0,6,437
2026-03-08,M05,0,9,428
2026-03-09,M05,0,5,423
2026-03-10,M05,0,4,419
2026-03-11,M05,0,3,416
2026-03-12,M05,0,4,412
2026-03-13,M05,0,2,410
2026-03-14,M05,0,4,406
2026-03-15,M05,0,3,403
2026-03-16,M05,0,2,401
2026-03-17,M05,0,5,396
2026-03-18,M05,0,6,390
2026-03-19,M05,73,4,459
2026-03-20,M05,0,3,456
2026-03-21,M05,0,6,450
2026-03-22,M05,0,4,446
2026-03-23,M05,0,6,440
2026-03-24,M05,0,6,434
2026-03-25,M05,0,3,431
2026-03-26,M05,0,6,425
2026-03-27,M05,0,5,420
2026-03-28,M05,0,4,416
2026-03-29,M05,0,5,411
2026-03-30,M05,0,2,409
2026-03-31,M05,0,3,406
2026-04-01,M05,0,2,404
2026-04-02,M05,0,4,400
2026-04-03,M05,0,2,398
2026-04-04,M05,0,1,397
2026-04-05,M05,52,1,448
2026-04-06,M05,0,1,447
2026-04-07,M05,0,2,445
2026-04-08,M05,0,1,444
2026-04-09,M05,0,3,441
2026-04-10,M05,0,4,437
2026-04-11,M05,0,1,436
2026-04-12,M05,0,2,434
2026-04-13,M05,0,6,428
2026-04-14,M05,0,3,425
2026-04-15,M05,0,6,419
2026-04-16,M05,0,4,415
2026-04-17,M05,0,4,411
2026-04-18,M05,0,2,409
2026-04-19,M05,64,7,466
2026-04-20,M05,0,5,461
2026-04-21,M05,0,4,457
2026-04-22,M05,0,2,455
2026-04-23,M05,0,8,447
2026-04-24,M05,0,2,445
2026-04-25,M05,0,3,442
2026-04-26,M05,0,2,440
2026-04-27,M05,0,2,438
2026-04-28,M05,0,10,428
2026-04-29,M05,0,2,426
2026-04-30,M05,0,7,419
2026-05-01,M05,0,2,417
2026-05-02,M05,0,10,407
2026-05-03,M05,0,2,405
2026-05-04,M05,0,5,400
2026-05-05,M05,64,6,458
2026-05-06,M05,0,5,453
2026-05-07,M05,0,7,446
2026-05-08,M05,0,6,440
2026-05-09,M05,0,3,437
2026-05-10,M05,0,4,433
2026-05-11,M05,0,6,427
2026-05-12,M05,0,5,422
2026-05-13,M05,0,8,414
2026-05-14,M05,0,1,413
2026-05-15,M05,0,4,409
2026-05-16,M05,0,4,405
2026-05-17,M05,0,1,404
2026-05-18,M05,0,5,399
2026-05-19,M05,54,3,450
2026-05-20,M05,0,7,443
2026-05-21,M05,0,4,439
2026-05-22,M05,0,6,433
2026-05-23,M05,0,6,427
2026-05-24,M05,0,3,424
2026-05-25,M05,0,6,418
2026-05-26,M05,0,3,415
2026-05-27,M05,0,4,411
2026-05-28,M05,0,4,407
2026-05-29,M05,0,6,401
2026-05-30,M05,0,6,395
2026-05-31,M05,0,1,394
2026-06-01,M05,0,4,390
2026-06-02,M05,0,10,380
2026-06-03,M05,0,4,376
2026-06-04,M05,0,7,369
2026-06-05,M05,60,5,424
2026-06-06,M05,0,5,419
2026-06-07,M05,0,4,415
2026-06-08,M05,0,4,411
2026-06-09,M05,0,4,407
2026-06-10,M05,0,3,404
2026-06-11,M05,0,7,397
2026-06-12,M05,0,4,393
2026-06-13,M05,0,6,387
2026-06-14,M05,0,6,381
2026-06-15,M05,0,3,378
2026-06-16,M05,0,4,374
2026-06-17,M05,0,5,369
2026-06-18,M05,0,4,365
2026-06-19,M05,73,4,434
2026-06-20,M05,0,2,432
2026-06-21,M05,0,3,429
2026-06-22,M05,0,2,427
2026-06-23,M05,0,5,422
2026-06-24,M05,0,3,419
2026-06-25,M05,0,5,414
2026-06-26,M05,0,9,405
2026-06-27,M05,0,2,403
2026-06-28,M05,0,4,399
2026-06-29,M05,0,4,395
2026-06-30,M05,0,4,391
2026-07-01,M05,0,1,390
2026-07-02,M05,0,3,387
2026-07-03,M05,0,3,384
2026-07-04,M05,0,4,380
2026-07-05,M05,69,4,445
2026-07-06,M05,0,6,439
2026-07-07,M05,0,5,434
2026-07-08,M05,0,5,429
2026-07-09,M05,0,3,426
2026-07-10,M05,0,2,424
2026-07-11,M05,0,1,423
2026-07-12,M05,0,8,415
2026-07-13,M05,0,4,411
2026-07-14,M05,0,3,408
2026-07-15,M05,0,9,399
2026-07-16,M05,0,2,397
2026-07-17,M05,0,4,393
2026-07-18,M05,0,6,387
2026-07-19,M05,62,1,448
2026-07-20,M05,0,3,445
2026-07-21,M05,0,2,443
2026-07-22,M05,0,3,440
2026-07-23,M05,0,4,436
2026-07-24,M05,0,4,432
2026-07-25,M05,0,1,431
2026-07-26,M05,0,1,430
2026-07-27,M05,0,3,427
2026-07-28,M05,0,3,424
2026-07-29,M05,0,2,422
2026-07-30,M05,0,7,415
2026-07-31,M05,0,4,411
2026-08-01,M05,0,2,409
2026-08-02,M05,0,1,408
2026-08-03,M05,0,5,403
2026-08-04,M05,0,3,400
2026-08-05,M05,58,3,455
2026-08-06,M05,0,2,453
2026-08-07,M05,0,6,447
2026-08-08,M05,0,4,443
2026-08-09,M05,0,3,440
2026-08-10,M05,0,5,435
2026-08-11,M05,0,4,431
2026-08-12,M05,0,3,428
2026-08-13,M05,0,4,424
2026-08-14,M05,0,10,414
2026-08-15,M05,0,5,409
2026-08-16,M05,0,3,406
2026-08-17,M05,0,6,400
2026-08-18,M05,0,2,398
2026-08-19,M05,70,2,466
2026-08-20,M05,0,3,463
2026-08-21,M05,0,3,460
2026-08-22,M05,0,6,454
2026-08-23,M05,0,6,448
2026-08-24,M05,0,5,443
2026-08-25,M05,0,6,437
2026-08-26,M05,0,8,429
2026-08-27,M05,0,6,423
2026-08-28,M05,0,4,419
2026-08-29,M05,0,4,415
2026-08-30,M05,0,3,412
2026-08-31,M05,0,2,410
2026-09-01,M05,0,2,408
2026-09-02,M05,0,3,405
2026-09-03,M05,0,7,398
2026-09-04,M05,0,6,392
2026-09-05,M05,55,5,442
2026-09-06,M05,0,2,440
2026-09-07,M05,0,3,437
2026-09-08,M05,0,6,431
2026-09-09,M05,0,4,427
2026-09-10,M05,0,2,425
2026-09-11,M05,0,5,420
2026-09-12,M05,0,4,416
2026-09-13,M05,0,9,407
2026-09-14,M05,0,2,405
2026-09-15,M05,0,3,402
2026-09-16,M05,0,3,399
2026-09-17,M05,0,3,396
2026-09-18,M05,0,7,389
2026-09-19,M05,57,4,442
2026-09-20,M05,0,7,435
2026-09-21,M05,0,2,433
2026-09-22,M05,0,4,429
2026-09-23,M05,0,8,421
2026-09-24,M05,0,1,420
2026-09-25,M05,0,3,417
2026-09-26,M05,0,5,412
2026-09-27,M05,0,3,409
2026-09-28,M05,0,5,404
2026-09-29,M05,0,4,400
2026-09-30,M05,0,6,394
2026-10-01,M05,0,4,390
2026-10-02,M05,0,7,383
2026-10-03,M05,0,5,378
2026-10-04,M05,0,4,374
2026-10-05,M05,62,1,435
2026-10-06,M05,0,4,431
2026-10-07,M05,0,2,429
2026-10-08,M05,0,3,426
2026-10-09,M05,0,6,420
2026-10-10,M05,0,5,415
2026-10-11,M05,0,9,406
2026-10-12,M05,0,2,404
2026-10-13,M05,0,7,397
2026-10-14,M05,0,5,392
2026-10-15,M05,0,4,388
2026-10-16,M05,0,2,386
2026-10-17,M05,0,3,383
2026-10-18,M05,0,0,383
2026-10-19,M05,71,6,448
2026-10-20,M05,0,5,443
2026-10-21,M05,0,3,440
2026-10-22,M05,0,2,438
2026-10-23,M05,0,6,432
2026-10-24,M05,0,6,426
2026-10-25,M05,0,8,418
2026-10-26,M05,0,3,415
2026-10-27,M05,0,3,412
2026-10-28,M05,0,3,409
2026-10-29,M05,0,0,409
2026-10-30,M05,0,5,404
2026-10-31,M05,0,8,396
2026-11-01,M05,0,3,393
2026-11-02,M05,0,4,389
2026-11-03,M05,0,7,382
2026-11-04,M05,0,9,373
2026-11-05,M05,67,7,433
2026-11-06,M05,0,4,429
2026-11-07,M05,0,1,428
2026-11-08,M05,0,4,424
2026-11-09,M05,0,4,420
2026-11-10,M05,0,0,420
2026-11-11,M05,0,5,415
2026-11-12,M05,0,2,413
2026-11-13,M05,0,2,411
2026-11-14,M05,0,3,408
2026-11-15,M05,0,3,405
2026-11-16,M05,0,7,398
2026-11-17,M05,0,1,397
2026-11-18,M05,0,2,395
2026-11-19,M05,43,8,430
2026-11-20,M05,0,6,424
2026-11-21,M05,0,2,422
2026-11-22,M05,0,3,419
2026-11-23,M05,0,3,416
2026-11-24,M05,0,4,412
2026-11-25,M05,0,10,402
2026-11-26,M05,0,6,396
2026-11-27,M05,0,5,391
2026-11-28,M05,0,5,386
2026-11-29,M05,0,8,378
2026-11-30,M05,0,3,375
2026-12-01,M05,0,2,373
2026-12-02,M05,0,6,367
2026-12-03,M05,0,7,360
2026-12-04,M05,0,4,356
2026-12-05,M05,66,2,420
2026-12-06,M05,0,6,414
2026-12-07,M05,0,7,407
2026-12-08,M05,0,6,401
2026-12-09,M05,0,4,397
2026-12-10,M05,0,6,391
2026-12-11,M05,0,1,390
2026-12-12,M05,0,3,387
2026-12-13,M05,0,7,380
2026-12-14,M05,0,3,377
2026-12-15,M05,0,0,377
2026-12-16,M05,0,8,369
2026-12-17,M05,0,2,367
2026-12-18,M05,0,5,362
2026-12-19,M05,60,2,420
2026-12-20,M05,0,1,419
2026-12-21,M05,0,6,413
2026-12-22,M05,0,6,407
2026-12-23,M05,0,3,404
2026-12-24,M05,0,2,402
2026-12-25,M05,0,3,399
2026-12-26,M05,0,4,395
2026-12-27,M05,0,1,394
2026-12-28,M05,0,3,391
2026-12-29,M05,0,2,389
2026-12-30,M05,0,8,381
2026-12-31,M05,0,2,379
2025-01-01,M06,0,7,513
2025-01-02,M06,0,5,508
2025-01-03,M06,0,7,501
2025-01-04,M06,0,3,498
2025-01-05,M06,0,3,495
2025-01-06,M06,59,3,551
2025-01-07,M06,0,7,544
2025-01-08,M06,0,5,539
2025-01-09,M06,0,2,537
2025-01-10,M06,0,3,534
2025-01-11,M06,0,7,527
2025-01-12,M06,0,2,525
2025-01-13,M06,0,4,521
2025-01-14,M06,0,5,516
2025-01-15,M06,0,6,510
2025-01-16,M06,0,6,504
2025-01-17,M06,0,4,500
2025-01-18,M06,0,3,497
2025-01-19,M06,0,4,493
2025-01-20,M06,71,0,564
2025-01-21,M06,0,4,560
2025-01-22,M06,0,4,556
2025-01-23,M06,0,2,554
2025-01-24,M06,0,4,550
2025-01-25,M06,0,4,546
2025-01-26,M06,0,4,542
2025-01-27,M06,0,5,537
2025-01-28,M06,0,4,533
2025-01-29,M06,0,2,531
2025-01-30,M06,0,4,527
2025-01-31,M06,0,5,522
2025-02-01,M06,0,9,513
2025-02-02,M06,0,4,509
2025-02-03,M06,0,2,507
2025-02-04,M06,0,2,505
2025-02-05,M06,0,3,502
2025-02-06,M06,54,2,554
2025-02-07,M06,0,6,548
2025-02-08,M06,0,4,544
2025-02-09,M06,0,4,540
2025-02-10,M06,0,5,535
2025-02-11,M06,0,2,533
2025-02-12,M06,0,4,529
2025-02-13,M06,0,3,526
2025-02-14,M06,0,7,519
2025-02-15,M06,0,2,517
2025-02-16,M06,0,4,513
2025-02-17,M06,0,1,512
2025-02-18,M06,0,5,507
2025-02-19,M06,0,2,505
2025-02-20,M06,81,2,584
2025-02-21,M06,0,3,581
2025-02-22,M06,0,1,580
2025-02-23,M06,0,3,577
2025-02-24,M06,0,4,573
2025-02-25,M06,0,3,570
2025-02-26,M06,0,4,566
2025-02-27,M06,0,4,562
2025-02-28,M06,0,5,557
2025-03-01,M06,0,5,552
2025-03-02,M06,0,2,550
2025-03-03,M06,0,5,545
2025-03-04,M06,0,4,541
2025-03-05,M06,0,6,535
2025-03-06,M06,67,3,599
2025-03-07,M06,0,10,589
2025-03-08,M06,0,3,586
2025-03-09,M06,0,9,577
2025-03-10,M06,0,3,574
2025-03-11,M06,0,5,569
2025-03-12,M06,0,6,563
2025-03-13,M06,0,3,560
2025-03-14,M06,0,3,557
2025-03-15,M06,0,2,555
2025-03-16,M06,0,7,548
2025-03-17,M06,0,4,544
2025-03-18,M06,0,4,540
2025-03-19,M06,0,5,535
2025-03-20,M06,51,7,579
2025-03-21,M06,0,5,574
2025-03-22,M06,0,5,569
2025-03-23,M06,0,6,563
2025-03-24,M06,0,6,557
2025-03-25,M06,0,5,552
2025-03-26,M06,0,4,548
2025-03-27,M06,0,2,546
2025-03-28,M06,0,2,544
2025-03-29,M06,0,7,537
2025-03-30,M06,0,3,534
2025-03-31,M06,0,2,532
2025-04-01,M06,0,2,530
2025-04-02,M06,0,8,522
2025-04-03,M06,0,6,516
2025-04-04,M06,0,3,513
2025-04-05,M06,0,6,507
2025-04-06,M06,53,5,555
2025-04-07,M06,0,5,550
2025-04-08,M06,0,2,548
2025-04-09,M06,0,3,545
2025-04-10,M06,0,0,545
2025-04-11,M06,0,6,539
2025-04-12,M06,0,4,535
2025-04-13,M06,0,7,528
2025-04-14,M06,0,2,526
2025-04-15,M06,0,6,520
2025-04-16,M06,0,4,516
2025-04-17,M06,0,7,509
2025-04-18,M06,0,2,507
2025-04-19,M06,0,4,503
2025-04-20,M06,54,5,552
2025-04-21,M06,0,3,549
2025-04-22,M06,0,4,545
2025-04-23,M06,0,2,543
2025-04-24,M06,0,4,539
2025-04-25,M06,0,7,532
2025-04-26,M06,0,7,525
2025-04-27,M06,0,2,523
2025-04-28,M06,0,3,520
2025-04-29,M06,0,6,514
2025-04-30,M06,0,6,508
2025-05-01,M06,0,6,502
2025-05-02,M06,0,4,498
2025-05-03,M06,0,4,494
2025-05-04,M06,0,4,490
2025-05-05,M06,0,5,485
2025-05-06,M06,58,4,539
2025-05-07,M06,0,4,535
2025-05-08,M06,0,0,535
2025-05-09,M06,0,2,533
2025-05-10,M06,0,8,525
2025-05-11,M06,0,3,522
2025-05-12,M06,0,4,518
2025-05-13,M06,0,4,514
2025-05-14,M06,0,4,510
2025-05-15,M06,0,6,504
2025-05-16,M06,0,5,499
2025-05-17,M06,0,7,492
2025-05-18,M06,0,5,487
2025-05-19,M06,0,7,480
2025-05-20,M06,51,5,526
2025-05-21,M06,0,3,523
2025-05-22,M06,0,3,520
2025-05-23,M06,0,2,518
2025-05-24,M06,0,7,511
2025-05-25,M06,0,5,506
2025-05-26,M06,0,5,501
2025-05-27,M06,0,3,498
2025-05-28,M06,0,4,494
2025-05-29,M06,0,4,490
2025-05-30,M06,0,4,486
2025-05-31,M06,0,6,480
2025-06-01,M06,0,5,475
2025-06-02,M06,0,4,471
2025-06-03,M06,0,5,466
2025-06-04,M06,0,5,461
2025-06-05,M06,0,6,455
2025-06-06,M06,80,6,529
2025-06-07,M06,0,5,524
2025-06-08,M06,0,3,521
2025-06-09,M06,0,3,518
2025-06-10,M06,0,4,514
2025-06-11,M06,0,3,511
2025-06-12,M06,0,2,509
2025-06-13,M06,0,8,501
2025-06-14,M06,0,3,498
2025-06-15,M06,0,3,495
2025-06-16,M06,0,2,493
2025-06-17,M06,0,8,485
2025-06-18,M06,0,2,483
2025-06-19,M06,0,4,479
2025-06-20,M06,64,1,542
2025-06-21,M06,0,2,540
2025-06-22,M06,0,3,537
2025-06-23,M06,0,2,535
2025-06-24,M06,0,4,531
2025-06-25,M06,0,1,530
2025-06-26,M06,0,3,527
2025-06-27,M06,0,4,523
2025-06-28,M06,0,3,520
2025-06-29,M06,0,2,518
2025-06-30,M06,0,1,517
2025-07-01,M06,0,3,514
2025-07-02,M06,0,5,509
2025-07-03,M06,0,5,504
2025-07-04,M06,0,2,502
2025-07-05,M06,0,3,499
2025-07-06,M06,50,4,545
2025-07-07,M06,0,4,541
2025-07-08,M06,0,3,538
2025-07-09,M06,0,3,535
2025-07-10,M06,0,6,529
2025-07-11,M06,0,3,526
2025-07-12,M06,0,4,522
2025-07-13,M06,0,4,518
2025-07-14,M06,0,5,513
2025-07-15,M06,0,0,513
2025-07-16,M06,0,0,513
2025-07-17,M06,0,2,511
2025-07-18,M06,0,7,504
2025-07-19,M06,0,2,502
2025-07-20,M06,71,2,571
2025-07-21,M06,0,5,566
2025-07-22,M06,0,5,561
2025-07-23,M06,0,5,556
2025-07-24,M06,0,2,554
2025-07-25,M06,0,4,550
2025-07-26,M06,0,4,546
2025-07-27,M06,0,4,542
2025-07-28,M06,0,5,537
2025-07-29,M06,0,3,534
2025-07-30,M06,0,4,530
2025-07-31,M06,0,3,527
2025-08-01,M06,0,5,522
2025-08-02,M06,0,3,519
2025-08-03,M06,0,7,512
2025-08-04,M06,0,1,511
2025-08-05,M06,0,2,509
2025-08-06,M06,60,6,563
2025-08-07,M06,0,2,561
2025-08-08,M06,0,7,554
2025-08-09,M06,0,5,549
2025-08-10,M06,0,3,546
2025-08-11,M06,0,1,545
2025-08-12,M06,0,6,539
2025-08-13,M06,0,4,535
2025-08-14,M06,0,5,530
2025-08-15,M06,0,2,528
2025-08-16,M06,0,2,526
2025-08-17,M06,0,4,522
2025-08-18,M06,0,4,518
2025-08-19,M06,0,3,515
2025-08-20,M06,72,5,582
2025-08-21,M06,0,1,581
2025-08-22,M06,0,8,573
2025-08-23,M06,0,3,570
2025-08-24,M06,0,1,569
2025-08-25,M06,0,4,565
2025-08-26,M06,0,4,561
2025-08-27,M06,0,4,557
2025-08-28,M06,0,3,554
2025-08-29,M06,0,4,550
2025-08-30,M06,0,4,546
2025-08-31,M06,0,3,543
2025-09-01,M06,0,9,534
2025-09-02,M06,0,3,531
2025-09-03,M06,0,6,525
2025-09-04,M06,0,2,523
2025-09-05,M06,0,0,523
2025-09-06,M06,52,2,573
2025-09-07,M06,0,1,572
2025-09-08,M06,0,6,566
2025-09-09,M06,0,3,563
2025-09-10,M06,0,5,558
2025-09-11,M06,0,5,553
2025-09-12,M06,0,4,549
2025-09-13,M06,0,5,544
2025-09-14,M06,0,2,542
2025-09-15,M06,0,0,542
2025-09-16,M06,0,4,538
2025-09-17,M06,0,2,536
2025-09-18,M06,0,4,532
2025-09-19,M06,0,3,529
2025-09-20,M06,65,3,591
2025-09-21,M06,0,1,590
2025-09-22,M06,0,3,587
2025-09-23,M06,0,3,584
2025-09-24,M06,0,7,577
2025-09-25,M06,0,4,573
2025-09-26,M06,0,5,568
2025-09-27,M06,0,5,563
2025-09-28,M06,0,5,558
2025-09-29,M06,0,3,555
2025-09-30,M06,0,6,549
2025-10-01,M06,0,4,545
2025-10-02,M06,0,2,543
2025-10-03,M06,0,1,542
2025-10-04,M06,0,4,538
2025-10-05,M06,0,5,533
2025-10-06,M06,60,5,588
2025-10-07,M06,0,3,585
2025-10-08,M06,0,4,581
2025-10-09,M06,0,4,577
2025-10-10,M06,0,2,575
2025-10-11,M06,0,2,573
2025-10-12,M06,0,1,572
2025-10-13,M06,0,1,571
2025-10-14,M06,0,7,564
2025-10-15,M06,0,1,563
2025-10-16,M06,0,4,559
2025-10-17,M06,0,4,555
2025-10-18,M06,0,5,550
2025-10-19,M06,0,5,545
2025-10-20,M06,61,4,602
2025-10-21,M06,0,4,598
2025-10-22,M06,0,4,594
2025-10-23,M06,0,2,592
2025-10-24,M06,0,4,588
2025-10-25,M06,0,6,582
2025-10-26,M06,0,4,578
2025-10-27,M06,0,6,572
2025-10-28,M06,0,5,567
2025-10-29,M06,0,5,562
2025-10-30,M06,0,4,558
2025-10-31,M06,0,6,552
2025-11-01,M06,0,6,546
2025-11-02,M06,0,4,542
2025-11-03,M06,0,7,535
2025-11-04,M06,0,4,531
2025-11-05,M06,0,1,530
2025-11-06,M06,64,2,592
2025-11-07,M06,0,6,586
2025-11-08,M06,0,6,580
2025-11-09,M06,0,3,577
2025-11-10,M06,0,4,573
2025-11-11,M06,0,7,566
2025-11-12,M06,0,5,561
2025-11-13,M06,0,2,559
2025-11-14,M06,0,8,551
2025-11-15,M06,0,6,545
2025-11-16,M06,0,6,539
2025-11-17,M06,0,2,537
2025-11-18,M06,0,7,530
2025-11-19,M06,0,1,529
2025-11-20,M06,87,6,610
2025-11-21,M06,0,4,606
2025-11-22,M06,0,3,603
2025-11-23,M06,0,5,598
2025-11-24,M06,0,5,593
2025-11-25,M06,0,3,590
2025-11-26,M06,0,5,585
2025-11-27,M06,0,7,578
2025-11-28,M06,0,3,575
2025-11-29,M06,0,1,574
2025-11-30,M06,0,4,570
2025-12-01,M06,0,3,567
2025-12-02,M06,0,3,564
2025-12-03,M06,0,3,561
2025-12-04,M06,0,2,559
2025-12-05,M06,0,3,556
2025-12-06,M06,63,6,613
2025-12-07,M06,0,4,609
2025-12-08,M06,0,2,607
2025-12-09,M06,0,3,604
2025-12-10,M06,0,3,601
2025-12-11,M06,0,3,598
2025-12-12,M06,0,8,590
2025-12-13,M06,0,7,583
2025-12-14,M06,0,2,581
2025-12-15,M06,0,2,579
2025-12-16,M06,0,1,578
2025-12-17,M06,0,7,571
2025-12-18,M06,0,3,568
2025-12-19,M06,0,5,563
2025-12-20,M06,65,1,627
2025-12-21,M06,0,4,623
2025-12-22,M06,0,1,622
2025-12-23,M06,0,0,622
2025-12-24,M06,0,3,619
2025-12-25,M06,0,4,615
2025-12-26,M06,0,7,608
2025-12-27,M06,0,4,604
2025-12-28,M06,0,7,597
2025-12-29,M06,0,5,592
2025-12-30,M06,0,3,589
2025-12-31,M06,0,3,586
2026-01-01,M06,0,3,583
2026-01-02,M06,0,6,577
2026-01-03,M06,0,5,572
2026-01-04,M06,0,4,568
2026-01-05,M06,0,4,564
2026-01-06,M06,59,8,615
2026-01-07,M06,0,1,614
2026-01-08,M06,0,2,612
2026-01-09,M06,0,4,608
2026-01-10,M06,0,4,604
2026-01-11,M06,0,6,598
2026-01-12,M06,0,1,597
2026-01-13,M06,0,6,591
2026-01-14,M06,0,3,588
2026-01-15,M06,0,2,586
2026-01-16,M06,0,3,583
2026-01-17,M06,0,2,581
2026-01-18,M06,0,2,579
2026-01-19,M06,0,5,574
2026-01-20,M06,60,2,632
2026-01-21,M06,0,2,630
2026-01-22,M06,0,6,624
2026-01-23,M06,0,8,616
2026-01-24,M06,0,4,612
2026-01-25,M06,0,4,608
2026-01-26,M06,0,8,600
2026-01-27,M06,0,6,594
2026-01-28,M06,0,8,586
2026-01-29,M06,0,4,582
2026-01-30,M06,0,4,578
2026-01-31,M06,0,4,574
2026-02-01,M06,0,8,566
2026-02-02,M06,0,6,560
2026-02-03,M06,0,6,554
2026-02-04,M06,0,3,551
2026-02-05,M06,0,5,546
2026-02-06,M06,64,10,600
2026-02-07,M06,0,6,594
2026-02-08,M06,0,6,588
2026-02-09,M06,0,2,586
2026-02-10,M06,0,8,578
2026-02-11,M06,0,3,575
2026-02-12,M06,0,2,573
2026-02-13,M06,0,2,571
2026-02-14,M06,0,5,566
2026-02-15,M06,0,2,564
2026-02-16,M06,0,6,558
2026-02-17,M06,0,5,553
2026-02-18,M06,0,1,552
2026-02-19,M06,0,5,547
2026-02-20,M06,61,4,604
2026-02-21,M06,0,3,601
2026-02-22,M06,0,4,597
2026-02-23,M06,0,6,591
2026-02-24,M06,0,7,584
2026-02-25,M06,0,3,581
2026-02-26,M06,0,4,577
2026-02-27,M06,0,2,575
2026-02-28,M06,0,7,568
2026-03-01,M06,0,7,561
2026-03-02,M06,0,6,555
2026-03-03,M06,0,5,550
2026-03-04,M06,0,2,548
2026-03-05,M06,0,6,542
2026-03-06,M06,67,6,603
2026-03-07,M06,0,3,600
2026-03-08,M06,0,3,597
2026-03-09,M06,0,2,595
2026-03-10,M06,0,3,592
2026-03-11,M06,0,5,587
2026-03-12,M06,0,1,586
2026-03-13,M06,0,5,581
2026-03-14,M06,0,2,579
2026-03-15,M06,0,5,574
2026-03-16,M06,0,4,570
2026-03-17,M06,0,3,567
2026-03-18,M06,0,0,567
2026-03-19,M06,0,6,561
2026-03-20,M06,50,0,611
2026-03-21,M06,0,1,610
2026-03-22,M06,0,2,608
2026-03-23,M06,0,1,607
2026-03-24,M06,0,2,605
2026-03-25,M06,0,4,601
2026-03-26,M06,0,2,599
2026-03-27,M06,0,3,596
2026-03-28,M06,0,4,592
2026-03-29,M06,0,3,589
2026-03-30,M06,0,5,584
2026-03-31,M06,0,2,582
2026-04-01,M06,0,4,578
2026-04-02,M06,0,4,574
2026-04-03,M06,0,3,571
2026-04-04,M06,0,4,567
2026-04-05,M06,0,4,563
2026-04-06,M06,62,4,621
2026-04-07,M06,0,4,617
2026-04-08,M06,0,4,613
2026-04-09,M06,0,5,608
2026-04-10,M06,0,5,603
2026-04-11,M06,0,4,599
2026-04-12,M06,0,3,596
2026-04-13,M06,0,1,595
2026-04-14,M06,0,5,590
2026-04-15,M06,0,4,586
2026-04-16,M06,0,3,583
2026-04-17,M06,0,5,578
2026-04-18,M06,0,4,574
2026-04-19,M06,0,3,571
2026-04-20,M06,70,3,638
2026-04-21,M06,0,4,634
2026-04-22,M06,0,3,631
2026-04-23,M06,0,3,628
2026-04-24,M06,0,3,625
2026-04-25,M06,0,5,620
2026-04-26,M06,0,3,617
2026-04-27,M06,0,6,611
2026-04-28,M06,0,6,605
2026-04-29,M06,0,4,601
2026-04-30,M06,0,2,599
2026-05-01,M06,0,4,595
2026-05-02,M06,0,4,591
2026-05-03,M06,0,2,589
2026-05-04,M06,0,4,585
2026-05-05,M06,0,2,583
2026-05-06,M06,49,3,629
2026-05-07,M06,0,10,619
2026-05-08,M06,0,1,618
2026-05-09,M06,0,8,610
2026-05-10,M06,0,2,608
2026-05-10,M06,0,2,608
2026-05-11,M06,0,2,606
2026-05-12,M06,0,4,602
2026-05-13,M06,0,3,599
2026-05-14,M06,0,4,595
2026-05-15,M06,0,5,590
2026-05-16,M06,0,2,588
2026-05-17,M06,0,7,581
2026-05-18,M06,0,5,576
2026-05-19,M06,0,4,572
2026-05-20,M06,54,5,621
2026-05-21,M06,0,0,621
2026-05-22,M06,0,2,619
2026-05-23,M06,0,5,614
2026-05-24,M06,0,3,611
2026-05-25,M06,0,6,605
2026-05-26,M06,0,5,600
2026-05-27,M06,0,3,597
2026-05-28,M06,0,3,594
2026-05-29,M06,0,3,591
2026-05-30,M06,0,7,584
2026-05-31,M06,0,2,582
2026-06-01,M06,0,2,580
2026-06-02,M06,0,11,569
2026-06-03,M06,0,5,564
2026-06-04,M06,0,5,559
2026-06-05,M06,0,3,556
2026-06-06,M06,62,4,614
2026-06-07,M06,0,7,607
2026-06-08,M06,0,3,604
2026-06-09,M06,0,3,601
2026-06-10,M06,0,5,596
2026-06-11,M06,0,2,594
2026-06-12,M06,0,5,589
2026-06-13,M06,0,6,583
2026-06-14,M06,0,3,580
2026-06-15,M06,0,3,577
2026-06-16,M06,0,3,574
2026-06-17,M06,0,2,572
2026-06-18,M06,0,4,568
2026-06-19,M06,0,5,563
2026-06-20,M06,76,5,634
2026-06-21,M06,0,2,632
2026-06-22,M06,0,7,625
2026-06-23,M06,0,9,616
2026-06-24,M06,0,2,614
2026-06-25,M06,0,1,613
2026-06-26,M06,0,4,609
2026-06-27,M06,0,5,604
2026-06-28,M06,0,7,597
2026-06-29,M06,0,6,591
2026-06-30,M06,0,3,588
2026-07-01,M06,0,7,581
2026-07-02,M06,0,7,574
2026-07-03,M06,0,2,572
2026-07-04,M06,0,7,565
2026-07-05,M06,0,5,560
2026-07-06,M06,58,5,613
2026-07-07,M06,0,3,610
2026-07-08,M06,0,7,603
2026-07-09,M06,0,5,598
2026-07-10,M06,0,2,596
2026-07-11,M06,0,5,591
2026-07-12,M06,0,3,588
2026-07-13,M06,0,4,584
2026-07-14,M06,0,1,583
2026-07-15,M06,0,6,577
2026-07-16,M06,0,4,573
2026-07-17,M06,0,5,568
2026-07-18,M06,0,4,564
2026-07-19,M06,0,4,560
2026-07-20,M06,60,5,615
2026-07-21,M06,0,4,611
2026-07-22,M06,0,7,604
2026-07-23,M06,0,3,601
2026-07-24,M06,0,7,594
2026-07-25,M06,0,1,593
2026-07-26,M06,0,4,589
2026-07-27,M06,0,3,586
2026-07-28,M06,0,5,581
2026-07-29,M06,0,5,576
2026-07-30,M06,0,5,571
2026-07-31,M06,0,2,569
2026-08-01,M06,0,6,563
2026-08-02,M06,0,5,558
2026-08-03,M06,0,5,553
2026-08-04,M06,0,3,550
2026-08-05,M06,0,3,547
2026-08-06,M06,55,3,599
2026-08-07,M06,0,2,597
2026-08-08,M06,0,4,593
2026-08-09,M06,0,5,588
2026-08-10,M06,0,1,587
2026-08-11,M06,0,7,580
2026-08-12,M06,0,4,576
2026-08-13,M06,0,4,572
2026-08-14,M06,0,3,569
2026-08-15,M06,0,3,566
2026-08-16,M06,0,4,562
2026-08-17,M06,0,8,554
2026-08-18,M06,0,8,546
2026-08-19,M06,0,4,542
2026-08-20,M06,39,1,580
2026-08-21,M06,0,3,577
2026-08-22,M06,0,2,575
2026-08-23,M06,0,3,572
2026-08-24,M06,0,6,566
2026-08-25,M06,0,3,563
2026-08-26,M06,0,3,560
2026-08-27,M06,0,1,559
2026-08-28,M06,0,1,558
2026-08-29,M06,0,2,556
2026-08-30,M06,0,4,552
2026-08-31,M06,0,5,547
2026-09-01,M06,0,0,547
2026-09-02,M06,0,2,545
2026-09-03,M06,0,3,542
2026-09-04,M06,0,4,538
2026-09-05,M06,0,4,534
2026-09-06,M06,62,2,594
2026-09-07,M06,0,6,588
2026-09-08,M06,0,1,587
2026-09-09,M06,0,5,582
2026-09-10,M06,0,4,578
2026-09-11,M06,0,4,574
2026-09-12,M06,0,2,572
2026-09-13,M06,0,3,569
2026-09-14,M06,0,6,563
2026-09-15,M06,0,3,560
2026-09-16,M06,0,5,555
2026-09-17,M06,0,10,545
2026-09-18,M06,0,1,544
2026-09-19,M06,0,2,542
2026-09-20,M06,52,4,590
2026-09-21,M06,0,3,587
2026-09-22,M06,0,2,585
2026-09-23,M06,0,2,583
2026-09-24,M06,0,4,579
2026-09-25,M06,0,3,576
2026-09-26,M06,0,5,571
2026-09-27,M06,0,11,560
2026-09-28,M06,0,1,559
2026-09-29,M06,0,3,556
2026-09-30,M06,0,5,551
2026-10-01,M06,0,4,547
2026-10-02,M06,0,9,538
2026-10-03,M06,0,3,535
2026-10-04,M06,0,6,529
2026-10-05,M06,0,3,526
2026-10-06,M06,59,7,578
2026-10-07,M06,0,5,573
2026-10-08,M06,0,2,571
2026-10-09,M06,0,8,563
2026-10-10,M06,0,2,561
2026-10-11,M06,0,7,554
2026-10-12,M06,0,4,550
2026-10-13,M06,0,3,547
2026-10-14,M06,0,1,546
2026-10-15,M06,0,4,542
2026-10-16,M06,0,5,537
2026-10-17,M06,0,4,533
2026-10-18,M06,0,2,531
2026-10-19,M06,0,5,526
2026-10-20,M06,64,2,588
2026-10-21,M06,0,2,586
2026-10-22,M06,0,4,582
2026-10-23,M06,0,2,580
2026-10-24,M06,0,6,574
2026-10-25,M06,0,6,568
2026-10-26,M06,0,4,564
2026-10-27,M06,0,7,557
2026-10-28,M06,0,2,555
2026-10-29,M06,0,6,549
2026-10-30,M06,0,8,541
2026-10-31,M06,0,1,540
2026-11-01,M06,0,3,537
2026-11-02,M06,0,4,533
2026-11-03,M06,0,3,530
2026-11-04,M06,0,4,526
2026-11-05,M06,0,2,524
2026-11-06,M06,64,1,587
2026-11-07,M06,0,5,582
2026-11-08,M06,0,5,577
2026-11-09,M06,0,4,573
2026-11-10,M06,0,7,566
2026-11-11,M06,0,3,563
2026-11-12,M06,0,3,560
2026-11-13,M06,0,2,558
2026-11-14,M06,0,3,555
2026-11-15,M06,0,7,548
2026-11-16,M06,0,0,548
2026-11-17,M06,0,1,547
2026-11-18,M06,0,4,543
2026-11-19,M06,0,5,538
2026-11-20,M06,59,0,597
2026-11-21,M06,0,4,593
2026-11-22,M06,0,2,591
2026-11-23,M06,0,6,585
2026-11-24,M06,0,4,581
2026-11-25,M06,0,4,577
2026-11-26,M06,0,4,573
2026-11-27,M06,0,3,570
2026-11-28,M06,0,5,565
2026-11-29,M06,0,4,561
2026-11-30,M06,0,6,555
2026-12-01,M06,0,5,550
2026-12-02,M06,0,2,548
2026-12-03,M06,0,4,544
2026-12-04,M06,0,6,538
2026-12-05,M06,0,7,531
2026-12-06,M06,58,5,584
2026-12-07,M06,0,1,583
2026-12-08,M06,0,4,579
2026-12-09,M06,0,2,577
2026-12-10,M06,0,5,572
2026-12-11,M06,0,6,566
2026-12-12,M06,0,3,563
2026-12-13,M06,0,4,559
2026-12-14,M06,0,5,554
2026-12-15,M06,0,3,551
2026-12-16,M06,0,6,545
2026-12-17,M06,0,4,541
2026-12-18,M06,0,0,541
2026-12-19,M06,0,6,535
2026-12-20,M06,57,2,590
2026-12-21,M06,0,3,587
2026-12-22,M06,0,2,585
2026-12-23,M06,0,6,579
2026-12-24,M06,0,3,576
2026-12-25,M06,0,1,575
2026-12-26,M06,0,6,569
2026-12-27,M06,0,6,563
2026-12-28,M06,0,4,559
2026-12-29,M06,0,5,554
2026-12-30,M06,0,3,551
2026-12-31,M06,0,4,547
2025-01-01,M07,0,3,147
2025-01-02,M07,0,3,144
2025-01-03,M07,0,1,143
2025-01-04,M07,0,2,141
2025-01-05,M07,0,0,141
2025-01-06,M07,0,2,139
2025-01-07,M07,31,1,169
2025-01-08,M07,0,0,169
2025-01-09,M07,0,4,165
2025-01-10,M07,0,1,164
2025-01-11,M07,0,1,163
2025-01-12,M07,0,1,162
2025-01-13,M07,0,0,162
2025-01-14,M07,0,0,162
2025-01-15,M07,0,4,158
2025-01-16,M07,0,1,157
2025-01-17,M07,0,3,154
2025-01-18,M07,0,3,151
2025-01-19,M07,0,3,148
2025-01-20,M07,0,1,147
2025-01-21,M07,30,2,175
2025-01-22,M07,0,4,171
2025-01-23,M07,0,3,168
2025-01-24,M07,0,3,165
2025-01-25,M07,0,3,162
2025-01-26,M07,0,3,159
2025-01-27,M07,0,3,156
2025-01-28,M07,0,1,155
2025-01-29,M07,0,2,153
2025-01-30,M07,0,3,150
2025-01-31,M07,0,2,148
2025-02-01,M07,0,1,147
2025-02-02,M07,0,1,146
2025-02-03,M07,0,2,144
2025-02-04,M07,0,0,144
2025-02-05,M07,0,0,144
2025-02-06,M07,0,4,140
2025-02-07,M07,34,0,174
2025-02-08,M07,0,4,170
2025-02-09,M07,0,3,167
2025-02-10,M07,0,1,166
2025-02-11,M07,0,2,164
2025-02-12,M07,0,2,162
2025-02-13,M07,0,4,158
2025-02-14,M07,0,3,155
2025-02-15,M07,0,3,152
2025-02-16,M07,0,1,151
2025-02-17,M07,0,1,150
2025-02-18,M07,0,0,150
2025-02-19,M07,0,1,149
2025-02-20,M07,0,2,147
2025-02-21,M07,23,5,165
2025-02-22,M07,0,4,161
2025-02-23,M07,0,0,161
2025-02-24,M07,0,2,159
2025-02-25,M07,0,2,157
2025-02-26,M07,0,2,155
2025-02-27,M07,0,3,152
2025-02-28,M07,0,1,151
2025-03-01,M07,0,0,151
2025-03-02,M07,0,0,151
2025-03-03,M07,0,4,147
2025-03-04,M07,0,2,145
2025-03-05,M07,0,1,144
2025-03-06,M07,0,2,142
2025-03-07,M07,38,1,179
2025-03-08,M07,0,1,178
2025-03-09,M07,0,1,177
2025-03-10,M07,0,0,177
2025-03-11,M07,0,3,174
2025-03-12,M07,0,3,171
2025-03-13,M07,0,3,168
2025-03-14,M07,0,3,165
2025-03-15,M07,0,2,163
2025-03-16,M07,0,1,162
2025-03-17,M07,0,2,160
2025-03-18,M07,0,1,159
2025-03-19,M07,0,1,158
2025-03-20,M07,0,2,156
2025-03-21,M07,33,1,188
2025-03-22,M07,0,2,186
2025-03-23,M07,0,2,184
2025-03-24,M07,0,1,183
2025-03-25,M07,0,1,182
2025-03-26,M07,0,3,179
2025-03-27,M07,0,2,177
2025-03-28,M07,0,8,169
2025-03-29,M07,0,2,167
2025-03-30,M07,0,5,162
2025-03-31,M07,0,0,162
2025-04-01,M07,0,1,161
2025-04-02,M07,0,3,158
2025-04-03,M07,0,4,154
2025-04-04,M07,0,1,153
2025-04-05,M07,0,2,151
2025-04-06,M07,0,2,149
2025-04-07,M07,31,2,178
2025-04-08,M07,0,3,175
2025-04-09,M07,0,1,174
2025-04-10,M07,0,2,172
2025-04-11,M07,0,2,170
2025-04-12,M07,0,0,170
2025-04-13,M07,0,4,166
2025-04-14,M07,0,2,164
2025-04-15,M07,0,0,164
2025-04-16,M07,0,2,162
2025-04-17,M07,0,1,161
2025-04-18,M07,0,1,160
2025-04-19,M07,0,1,159
2025-04-20,M07,0,3,156
2025-04-21,M07,34,1,189
2025-04-22,M07,0,3,186
2025-04-23,M07,0,1,185
2025-04-24,M07,0,2,183
2025-04-25,M07,0,0,183
2025-04-26,M07,0,1,182
2025-04-27,M07,0,0,182
2025-04-28,M07,0,2,180
2025-04-29,M07,0,3,177
2025-04-30,M07,0,2,175
2025-05-01,M07,0,0,175
2025-05-02,M07,0,0,175
2025-05-03,M07,0,2,173
2025-05-04,M07,0,1,172
2025-05-05,M07,0,3,169
2025-05-06,M07,0,3,166
2025-05-07,M07,37,2,201
2025-05-08,M07,0,2,199
2025-05-09,M07,0,0,199
2025-05-10,M07,0,2,197
2025-05-11,M07,0,1,196
2025-05-12,M07,0,3,193
2025-05-13,M07,0,3,190
2025-05-14,M07,0,1,189
2025-05-15,M07,0,3,186
2025-05-16,M07,0,0,186
2025-05-17,M07,0,3,183
2025-05-18,M07,0,3,180
2025-05-19,M07,0,0,180
2025-05-20,M07,0,2,178
2025-05-21,M07,42,2,218
2025-05-22,M07,0,3,215
2025-05-23,M07,0,0,215
2025-05-24,M07,0,0,215
2025-05-25,M07,0,3,212
2025-05-26,M07,0,3,209
2025-05-27,M07,0,1,208
2025-05-28,M07,0,2,206
2025-05-29,M07,0,2,204
2025-05-30,M07,0,2,202
2025-05-31,M07,0,0,202
2025-06-01,M07,0,0,202
2025-06-02,M07,0,0,202
2025-06-03,M07,0,1,201
2025-06-04,M07,0,2,199
2025-06-05,M07,0,4,195
2025-06-06,M07,0,4,191
2025-06-07,M07,25,1,215
2025-06-08,M07,0,3,212
2025-06-09,M07,0,0,212
2025-06-10,M07,0,3,209
2025-06-11,M07,0,0,209
2025-06-12,M07,0,1,208
2025-06-13,M07,0,4,204
2025-06-14,M07,0,1,203
2025-06-15,M07,0,2,201
2025-06-16,M07,0,3,198
2025-06-17,M07,0,0,198
2025-06-18,M07,0,1,197
2025-06-19,M07,0,2,195
2025-06-20,M07,0,2,193
2025-06-21,M07,33,2,224
2025-06-22,M07,0,4,220
2025-06-23,M07,0,5,215
2025-06-24,M07,0,2,213
2025-06-25,M07,0,2,211
2025-06-26,M07,0,2,209
2025-06-27,M07,0,0,209
2025-06-28,M07,0,1,208
2025-06-29,M07,0,1,207
2025-06-30,M07,0,2,205
2025-07-01,M07,0,3,202
2025-07-02,M07,0,3,199
2025-07-03,M07,0,1,198
2025-07-04,M07,0,1,197
2025-07-05,M07,0,4,193
2025-07-06,M07,0,1,192
2025-07-07,M07,31,2,221
2025-07-08,M07,0,2,219
2025-07-09,M07,0,1,218
2025-07-10,M07,0,2,216
2025-07-11,M07,0,1,215
2025-07-12,M07,0,2,213
2025-07-13,M07,0,5,208
2025-07-14,M07,0,3,205
2025-07-15,M07,0,4,201
2025-07-16,M07,0,0,201
2025-07-17,M07,0,0,201
2025-07-18,M07,0,4,197
2025-07-19,M07,0,2,195
2025-07-20,M07,0,1,194
2025-07-21,M07,39,0,233
2025-07-22,M07,0,3,230
2025-07-23,M07,0,3,227
2025-07-24,M07,0,4,223
2025-07-25,M07,0,3,220
2025-07-26,M07,0,5,215
2025-07-27,M07,0,0,215
2025-07-28,M07,0,0,215
2025-07-29,M07,0,1,214
2025-07-30,M07,0,3,211
2025-07-31,M07,0,1,210
2025-08-01,M07,0,2,208
2025-08-02,M07,0,4,204
2025-08-03,M07,0,2,202
2025-08-04,M07,0,2,200
2025-08-05,M07,0,2,198
2025-08-06,M07,0,3,195
2025-08-07,M07,38,2,231
2025-08-08,M07,0,1,230
2025-08-09,M07,0,3,227
2025-08-10,M07,0,3,224
2025-08-11,M07,0,3,221
2025-08-12,M07,0,4,217
2025-08-13,M07,0,1,216
2025-08-14,M07,0,1,215
2025-08-15,M07,0,2,213
2025-08-16,M07,0,2,211
2025-08-17,M07,0,5,206
2025-08-18,M07,0,4,202
2025-08-19,M07,0,6,196
2025-08-20,M07,0,1,195
2025-08-21,M07,36,3,228
2025-08-22,M07,0,3,225
2025-08-23,M07,0,0,225
2025-08-24,M07,0,1,224
2025-08-25,M07,0,1,223
2025-08-26,M07,0,1,222
2025-08-27,M07,0,2,220
2025-08-28,M07,0,0,220
2025-08-29,M07,0,1,219
2025-08-30,M07,0,1,218
2025-08-31,M07,0,2,216
2025-09-01,M07,0,3,213
2025-09-02,M07,0,3,210
2025-09-03,M07,0,1,209
2025-09-04,M07,0,1,208
2025-09-05,M07,0,0,208
2025-09-06,M07,0,3,205
2025-09-07,M07,29,1,233
2025-09-08,M07,0,1,232
2025-09-09,M07,0,0,232
2025-09-10,M07,0,2,230
2025-09-11,M07,0,2,228
2025-09-12,M07,0,1,227
2025-09-13,M07,0,4,223
2025-09-14,M07,0,3,220
2025-09-15,M07,0,1,219
2025-09-16,M07,0,3,216
2025-09-17,M07,0,2,214
2025-09-18,M07,0,0,214
2025-09-19,M07,0,1,213
2025-09-20,M07,0,2,211
2025-09-21,M07,34,1,244
2025-09-22,M07,0,3,241
2025-09-23,M07,0,4,237
2025-09-24,M07,0,2,235
2025-09-25,M07,0,2,233
2025-09-26,M07,0,0,233
2025-09-27,M07,0,1,232
2025-09-28,M07,0,2,230
2025-09-29,M07,0,3,227
2025-09-30,M07,0,1,226
2025-10-01,M07,0,0,226
2025-10-02,M07,0,2,224
2025-10-03,M07,0,1,223
2025-10-04,M07,0,0,223
2025-10-05,M07,0,1,222
2025-10-06,M07,0,2,220
2025-10-07,M07,38,2,256
2025-10-08,M07,0,1,255
2025-10-09,M07,0,2,-3
2025-10-10,M07,0,2,251
2025-10-11,M07,0,0,251
2025-10-12,M07,0,2,249
2025-10-13,M07,0,2,247
2025-10-14,M07,0,1,246
2025-10-15,M07,0,3,243
2025-10-16,M07,0,2,241
2025-10-17,M07,0,1,240
2025-10-18,M07,0,1,239
2025-10-19,M07,0,1,238
2025-10-20,M07,0,4,234
2025-10-21,M07,34,2,266
2025-10-22,M07,0,6,260
2025-10-23,M07,0,2,258
2025-10-24,M07,0,2,256
2025-10-25,M07,0,2,254
2025-10-26,M07,0,1,253
2025-10-27,M07,0,0,253
2025-10-28,M07,0,1,252
2025-10-29,M07,0,1,251
2025-10-30,M07,0,1,250
2025-10-31,M07,0,2,248
2025-11-01,M07,0,0,248
2025-11-02,M07,0,2,246
2025-11-03,M07,0,4,242
2025-11-04,M07,0,3,239
2025-11-05,M07,0,0,239
2025-11-06,M07,0,0,239
2025-11-07,M07,27,1,265
2025-11-08,M07,0,3,262
2025-11-09,M07,0,2,260
2025-11-10,M07,0,3,257
2025-11-11,M07,0,1,256
2025-11-12,M07,0,2,254
2025-11-13,M07,0,4,250
2025-11-14,M07,0,3,247
2025-11-15,M07,0,1,246
2025-11-16,M07,0,1,245
2025-11-17,M07,0,3,242
2025-11-18,M07,0,0,242
2025-11-19,M07,0,2,240
2025-11-20,M07,0,0,240
2025-11-21,M07,28,0,268
2025-11-22,M07,0,2,266
2025-11-23,M07,0,1,265
2025-11-24,M07,0,1,264
2025-11-25,M07,0,4,260
2025-11-26,M07,0,4,256
2025-11-27,M07,0,0,256
2025-11-28,M07,0,4,252
2025-11-29,M07,0,1,251
2025-11-30,M07,0,4,247
2025-12-01,M07,0,3,244
2025-12-02,M07,0,0,244
2025-12-03,M07,0,7,237
2025-12-04,M07,0,2,235
2025-12-05,M07,0,3,232
2025-12-06,M07,0,1,231
2025-12-07,M07,30,4,257
2025-12-08,M07,0,3,254
2025-12-09,M07,0,1,253
2025-12-10,M07,0,3,250
2025-12-11,M07,0,1,249
2025-12-12,M07,0,3,246
2025-12-13,M07,0,2,244
2025-12-14,M07,0,1,243
2025-12-15,M07,0,1,242
2025-12-16,M07,0,3,239
2025-12-17,M07,0,1,238
2025-12-18,M07,0,2,236
2025-12-19,M07,0,3,233
2025-12-20,M07,0,1,232
2025-12-21,M07,28,3,257
2025-12-22,M07,0,3,254
2025-12-23,M07,0,1,253
2025-12-24,M07,0,0,253
2025-12-25,M07,0,3,250
2025-12-26,M07,0,1,249
2025-12-27,M07,0,1,248
2025-12-28,M07,0,2,246
2025-12-29,M07,0,2,244
2025-12-30,M07,0,2,242
2025-12-31,M07,0,4,238
2026-01-01,M07,0,3,235
2026-01-02,M07,0,0,235
2026-01-03,M07,0,0,235
2026-01-04,M07,0,1,234
2026-01-05,M07,0,3,231
2026-01-06,M07,0,1,230
2026-01-07,M07,35,2,263
2026-01-08,M07,0,5,258
2026-01-09,M07,0,3,255
2026-01-10,M07,0,0,255
2026-01-11,M07,0,5,250
2026-01-12,M07,0,0,250
2026-01-13,M07,0,2,248
2026-01-14,M07,0,0,248
2026-01-15,M07,0,1,247
2026-01-16,M07,0,2,245
2026-01-17,M07,0,0,245
2026-01-18,M07,0,3,242
2026-01-19,M07,0,1,241
2026-01-20,M07,0,4,237
2026-01-21,M07,42,3,276
2026-01-22,M07,0,2,274
2026-01-23,M07,0,2,272
2026-01-24,M07,0,3,269
2026-01-25,M07,0,5,264
2026-01-26,M07,0,5,259
2026-01-27,M07,0,1,258
2026-01-28,M07,0,1,257
2026-01-29,M07,0,4,253
2026-01-30,M07,0,0,253
2026-01-31,M07,0,1,252
2026-02-01,M07,0,1,251
2026-02-02,M07,0,5,246
2026-02-03,M07,0,2,244
2026-02-04,M07,0,2,242
2026-02-05,M07,0,3,239
2026-02-06,M07,0,1,238
2026-02-07,M07,35,0,273
2026-02-08,M07,0,2,271
2026-02-09,M07,0,4,267
2026-02-10,M07,0,1,266
2026-02-11,M07,0,1,265
2026-02-12,M07,0,0,265
2026-02-13,M07,0,5,260
2026-02-14,M07,0,1,259
2026-02-15,M07,0,2,257
2026-02-16,M07,0,3,254
2026-02-17,M07,0,3,251
2026-02-18,M07,0,2,249
2026-02-19,M07,0,0,249
2026-02-20,M07,0,0,249
2026-02-21,M07,37,1,285
2026-02-22,M07,0,2,283
2026-02-23,M07,0,0,283
2026-02-24,M07,0,5,278
2026-02-25,M07,0,1,277
2026-02-26,M07,0,2,275
2026-02-27,M07,0,1,274
2026-02-28,M07,0,0,274
2026-03-01,M07,0,2,272
2026-03-02,M07,0,5,267
2026-03-03,M07,0,2,265
2026-03-04,M07,0,3,262
2026-03-05,M07,0,3,259
2026-03-06,M07,0,1,258
2026-03-07,M07,36,1,293
2026-03-08,M07,0,1,292
2026-03-09,M07,0,0,292
2026-03-10,M07,0,4,288
2026-03-11,M07,0,3,285
2026-03-12,M07,0,5,280
2026-03-13,M07,0,1,279
2026-03-14,M07,0,2,277
2026-03-15,M07,0,2,275
2026-03-16,M07,0,5,270
2026-03-17,M07,0,3,267
2026-03-18,M07,0,2,265
2026-03-19,M07,0,0,265
2026-03-20,M07,0,0,265
2026-03-21,M07,39,3,301
2026-03-22,M07,0,5,296
2026-03-23,M07,0,1,295
2026-03-24,M07,0,3,292
2026-03-25,M07,0,1,291
2026-03-26,M07,0,0,291
2026-03-27,M07,0,1,290
2026-03-28,M07,0,1,289
2026-03-29,M07,0,1,288
2026-03-30,M07,0,1,287
2026-03-31,M07,0,2,285
2026-04-01,M07,0,3,282
2026-04-02,M07,0,4,278
2026-04-03,M07,0,2,276
2026-04-04,M07,0,1,275
2026-04-05,M07,0,3,272
2026-04-06,M07,0,3,269
2026-04-07,M07,35,4,300
2026-04-08,M07,0,0,300
2026-04-09,M07,0,1,299
2026-04-10,M07,0,2,297
2026-04-11,M07,0,0,297
2026-04-12,M07,0,4,293
2026-04-13,M07,0,2,291
2026-04-14,M07,0,2,289
2026-04-15,M07,0,3,286
2026-04-16,M07,0,3,283
2026-04-17,M07,0,2,281
2026-04-17,M07,0,2,281
2026-04-18,M07,0,3,278
2026-04-19,M07,0,2,276
2026-04-20,M07,0,2,274
2026-04-21,M07,34,5,303
2026-04-22,M07,0,1,302
2026-04-23,M07,0,2,300
2026-04-24,M07,0,2,298
2026-04-25,M07,0,2,296
2026-04-26,M07,0,1,295
2026-04-27,M07,0,1,294
2026-04-28,M07,0,2,292
2026-04-29,M07,0,2,290
2026-04-30,M07,0,4,286
2026-05-01,M07,0,0,286
2026-05-02,M07,0,4,282
2026-05-03,M07,0,2,280
2026-05-04,M07,0,1,279
2026-05-05,M07,0,1,278
2026-05-06,M07,0,0,278
2026-05-07,M07,34,1,311
2026-05-08,M07,0,5,306
2026-05-09,M07,0,2,304
2026-05-10,M07,0,2,302
2026-05-11,M07,0,0,302
2026-05-12,M07,0,2,300
2026-05-13,M07,0,3,297
2026-05-14,M07,0,3,294
2026-05-15,M07,0,2,292
2026-05-16,M07,0,0,292
2026-05-17,M07,0,4,288
2026-05-18,M07,0,5,283
2026-05-19,M07,0,1,282
2026-05-20,M07,0,0,282
2026-05-21,M07,37,0,319
2026-05-22,M07,0,3,316
2026-05-23,M07,0,3,313
2026-05-24,M07,0,2,311
2026-05-25,M07,0,1,310
2026-05-26,M07,0,1,309
2026-05-27,M07,0,0,309
2026-05-28,M07,0,2,307
2026-05-29,M07,0,3,304
2026-05-30,M07,0,4,300
2026-05-31,M07,0,3,297
2026-06-01,M07,0,3,294
2026-06-02,M07,0,1,293
2026-06-03,M07,0,0,293
2026-06-04,M07,0,6,287
2026-06-05,M07,0,2,285
2026-06-06,M07,0,4,281
2026-06-07,M07,30,0,311
2026-06-08,M07,0,2,309
2026-06-09,M07,0,2,307
2026-06-10,M07,0,3,304
2026-06-11,M07,0,1,303
2026-06-12,M07,0,5,298
2026-06-13,M07,0,2,296
2026-06-14,M07,0,2,294
2026-06-15,M07,0,1,293
2026-06-16,M07,0,3,290
2026-06-17,M07,0,2,288
2026-06-18,M07,0,0,288
2026-06-19,M07,0,3,285
2026-06-20,M07,0,2,283
2026-06-21,M07,41,1,323
2026-06-22,M07,0,3,320
2026-06-23,M07,0,3,317
2026-06-24,M07,0,2,315
2026-06-25,M07,0,3,312
2026-06-26,M07,0,3,309
2026-06-27,M07,0,3,306
2026-06-28,M07,0,3,303
2026-06-29,M07,0,2,301
2026-06-30,M07,0,1,300
2026-07-01,M07,0,5,295
2026-07-02,M07,0,1,294
2026-07-03,M07,0,0,294
2026-07-04,M07,0,3,291
2026-07-05,M07,0,3,288
2026-07-06,M07,0,4,284
2026-07-07,M07,27,2,309
2026-07-08,M07,0,0,309
2026-07-09,M07,0,3,306
2026-07-10,M07,0,2,304
2026-07-11,M07,0,0,304
2026-07-12,M07,0,0,304
2026-07-13,M07,0,5,299
2026-07-14,M07,0,3,296
2026-07-15,M07,0,1,295
2026-07-16,M07,0,1,294
2026-07-17,M07,0,2,292
2026-07-18,M07,0,2,290
2026-07-19,M07,0,1,289
2026-07-20,M07,0,0,289
2026-07-21,M07,39,0,328
2026-07-22,M07,0,2,326
2026-07-23,M07,0,3,323
2026-07-24,M07,0,2,321
2026-07-25,M07,0,3,318
2026-07-26,M07,0,2,316
2026-07-27,M07,0,1,315
2026-07-28,M07,0,3,312
2026-07-29,M07,0,3,309
2026-07-30,M07,0,1,308
2026-07-31,M07,0,1,307
2026-08-01,M07,0,2,305
2026-08-02,M07,0,2,303
2026-08-03,M07,0,2,301
2026-08-04,M07,0,1,300
2026-08-05,M07,0,2,298
2026-08-06,M07,0,2,296
2026-08-07,M07,27,1,322
2026-08-08,M07,0,2,320
2026-08-09,M07,0,2,318
2026-08-10,M07,0,2,316
2026-08-11,M07,0,0,316
2026-08-12,M07,0,1,315
2026-08-13,M07,0,3,312
2026-08-14,M07,0,0,312
2026-08-15,M07,0,3,309
2026-08-16,M07,0,0,309
2026-08-17,M07,0,0,309
2026-08-18,M07,0,3,306
2026-08-19,M07,0,0,306
2026-08-20,M07,0,1,305
2026-08-21,M07,33,2,336
2026-08-22,M07,0,2,334
2026-08-23,M07,0,3,331
2026-08-24,M07,0,7,324
2026-08-25,M07,0,2,322
2026-08-26,M07,0,0,322
2026-08-27,M07,0,1,321
2026-08-28,M07,0,4,317
2026-08-29,M07,0,2,315
2026-08-30,M07,0,4,311
2026-08-31,M07,0,1,310
2026-09-01,M07,0,1,309
2026-09-02,M07,0,0,309
2026-09-03,M07,0,2,307
2026-09-04,M07,0,2,305
2026-09-05,M07,0,4,301
2026-09-06,M07,0,1,300
2026-09-07,M07,38,3,335
2026-09-08,M07,0,2,333
2026-09-09,M07,0,1,332
2026-09-10,M07,0,3,329
2026-09-11,M07,0,2,327
2026-09-12,M07,0,0,327
2026-09-13,M07,0,3,324
2026-09-14,M07,0,3,321
2026-09-15,M07,0,1,320
2026-09-16,M07,0,4,316
2026-09-17,M07,0,1,315
2026-09-18,M07,0,2,313
2026-09-19,M07,0,1,312
2026-09-20,M07,0,2,310
2026-09-21,M07,46,3,353
2026-09-22,M07,0,3,350
2026-09-23,M07,0,3,347
2026-09-24,M07,0,0,347
2026-09-25,M07,0,3,344
2026-09-26,M07,0,2,342
2026-09-27,M07,0,2,340
2026-09-28,M07,0,1,339
2026-09-29,M07,0,3,336
2026-09-30,M07,0,1,335
2026-10-01,M07,0,0,335
2026-10-02,M07,0,4,331
2026-10-03,M07,0,0,331
2026-10-04,M07,0,3,328
2026-10-05,M07,0,0,328
2026-10-06,M07,0,2,326
2026-10-07,M07,31,2,355
2026-10-08,M07,0,5,350
2026-10-09,M07,0,4,346
2026-10-10,M07,0,6,340
2026-10-11,M07,0,0,340
2026-10-12,M07,0,2,338
2026-10-13,M07,0,1,337
2026-10-14,M07,0,3,334
2026-10-15,M07,0,4,330
2026-10-16,M07,0,0,330
2026-10-17,M07,0,3,327
2026-10-18,M07,0,0,327
2026-10-19,M07,0,2,325
2026-10-20,M07,0,2,323
2026-10-21,M07,39,2,360
2026-10-22,M07,0,1,359
2026-10-23,M07,0,0,359
2026-10-24,M07,0,2,357
2026-10-25,M07,0,3,354
2026-10-26,M07,0,2,352
2026-10-27,M07,0,0,352
2026-10-28,M07,0,2,350
2026-10-29,M07,0,3,347
2026-10-30,M07,0,1,346
2026-10-31,M07,0,1,345
2026-11-01,M07,0,1,344
2026-11-02,M07,0,2,342
2026-11-03,M07,0,4,338
2026-11-04,M07,0,1,337
2026-11-05,M07,0,2,335
2026-11-06,M07,0,2,333
2026-11-07,M07,38,5,366
2026-11-08,M07,0,2,364
2026-11-09,M07,0,2,362
2026-11-10,M07,0,0,362
2026-11-11,M07,0,1,361
2026-11-12,M07,0,2,359
2026-11-13,M07,0,3,356
2026-11-14,M07,0,2,354
2026-11-15,M07,0,0,354
2026-11-16,M07,0,2,352
2026-11-17,M07,0,2,350
2026-11-18,M07,0,1,349
2026-11-19,M07,0,3,346
2026-11-20,M07,0,3,343
2026-11-21,M07,23,2,364
2026-11-22,M07,0,1,363
2026-11-23,M07,0,4,359
2026-11-24,M07,0,2,357
2026-11-25,M07,0,4,353
2026-11-26,M07,0,3,350
2026-11-27,M07,0,1,349
2026-11-28,M07,0,1,348
2026-11-29,M07,0,3,345
2026-11-30,M07,0,3,342
2026-12-01,M07,0,2,340
2026-12-02,M07,0,0,340
2026-12-03,M07,0,2,338
2026-12-04,M07,0,4,334
2026-12-05,M07,0,1,333
2026-12-06,M07,0,1,332
2026-12-07,M07,31,1,362
2026-12-08,M07,0,5,357
2026-12-09,M07,0,1,356
2026-12-10,M07,0,1,355
2026-12-11,M07,0,1,354
2026-12-12,M07,0,4,350
2026-12-13,M07,0,2,348
2026-12-14,M07,0,3,345
2026-12-15,M07,0,2,343
2026-12-16,M07,0,0,343
2026-12-17,M07,0,1,342
2026-12-18,M07,0,2,340
2026-12-19,M07,0,0,340
2026-12-20,M07,0,4,336
2026-12-21,M07,32,3,365
2026-12-22,M07,0,1,364
2026-12-23,M07,0,2,362
2026-12-24,M07,0,3,359
2026-12-25,M07,0,1,358
2026-12-26,M07,0,1,357
2026-12-27,M07,0,1,356
2026-12-28,M07,0,1,355
2026-12-29,M07,0,2,353
2026-12-30,M07,0,1,352
2026-12-31,M07,0,1,351
2025-01-01,M08,0,2,298
2025-01-02,M08,0,4,294
2025-01-03,M08,0,2,292
2025-01-04,M08,0,1,291
2025-01-05,M08,0,1,290
2025-01-06,M08,0,0,290
2025-01-07,M08,0,1,289
2025-01-08,M08,60,1,348
2025-01-09,M08,0,3,345
2025-01-10,M08,0,6,339
2025-01-11,M08,0,4,335
2025-01-12,M08,0,3,332
2025-01-13,M08,0,2,330
2025-01-14,M08,0,7,323
2025-01-15,M08,0,3,320
2025-01-16,M08,0,3,317
2025-01-17,M08,0,2,315
2025-01-18,M08,0,2,313
2025-01-19,M08,0,3,310
2025-01-20,M08,0,5,305
2025-01-21,M08,0,5,300
2025-01-22,M08,46,3,343
2025-01-23,M08,0,1,342
2025-01-24,M08,0,3,339
2025-01-25,M08,0,6,333
2025-01-26,M08,0,4,329
2025-01-27,M08,0,5,324
2025-01-28,M08,0,5,319
2025-01-29,M08,0,0,319
2025-01-30,M08,0,3,316
2025-01-31,M08,0,5,311
2025-02-01,M08,0,2,309
2025-02-02,M08,0,4,305
2025-02-03,M08,0,2,303
2025-02-04,M08,0,5,298
2025-02-05,M08,0,2,296
2025-02-06,M08,0,2,294
2025-02-07,M08,0,1,293
2025-02-08,M08,52,2,343
2025-02-09,M08,0,4,339
2025-02-10,M08,0,2,337
2025-02-11,M08,0,4,333
2025-02-12,M08,0,5,328
2025-02-13,M08,0,2,326
2025-02-14,M08,0,5,321
2025-02-15,M08,0,5,316
2025-02-16,M08,0,2,314
2025-02-17,M08,0,7,307
2025-02-18,M08,0,4,303
2025-02-19,M08,0,5,298
2025-02-20,M08,0,5,293
2025-02-21,M08,0,2,291
2025-02-22,M08,46,1,336
2025-02-23,M08,0,1,335
2025-02-24,M08,0,3,332
2025-02-25,M08,0,2,330
2025-02-26,M08,0,2,328
2025-02-27,M08,0,6,322
2025-02-28,M08,0,2,320
2025-03-01,M08,0,4,316
2025-03-02,M08,0,4,312
2025-03-03,M08,0,3,309
2025-03-04,M08,0,4,305
2025-03-05,M08,0,4,301
2025-03-06,M08,0,4,297
2025-03-07,M08,0,2,295
2025-03-08,M08,40,2,333
2025-03-09,M08,0,4,329
2025-03-10,M08,0,1,328
2025-03-11,M08,0,2,326
2025-03-12,M08,0,5,321
2025-03-13,M08,0,1,320
2025-03-14,M08,0,3,317
2025-03-15,M08,0,5,312
2025-03-16,M08,0,3,309
2025-03-17,M08,0,1,308
2025-03-18,M08,0,1,307
2025-03-19,M08,0,4,303
2025-03-20,M08,0,2,301
2025-03-21,M08,0,7,294
2025-03-22,M08,55,5,344
2025-03-23,M08,0,4,340
2025-03-24,M08,0,3,337
2025-03-25,M08,0,3,334
2025-03-26,M08,0,2,332
2025-03-27,M08,0,5,327
2025-03-28,M08,0,4,323
2025-03-29,M08,0,2,321
2025-03-30,M08,0,2,319
2025-03-31,M08,0,2,317
2025-04-01,M08,0,5,312
2025-04-02,M08,0,1,311
2025-04-03,M08,0,3,308
2025-04-04,M08,0,1,307
2025-04-05,M08,0,2,305
2025-04-06,M08,0,2,303
2025-04-07,M08,0,1,302
2025-04-08,M08,66,3,365
2025-04-09,M08,0,3,362
2025-04-10,M08,0,3,359
2025-04-11,M08,0,3,356
2025-04-12,M08,0,10,346
2025-04-13,M08,0,5,341
2025-04-14,M08,0,1,340
2025-04-15,M08,0,4,336
2025-04-16,M08,0,2,334
2025-04-17,M08,0,4,330
2025-04-18,M08,0,5,325
2025-04-19,M08,0,3,322
2025-04-20,M08,0,2,320
2025-04-21,M08,0,5,315
2025-04-22,M08,55,6,364
2025-04-23,M08,0,5,359
2025-04-24,M08,0,1,358
2025-04-25,M08,0,2,356
2025-04-26,M08,0,4,352
2025-04-27,M08,0,3,349
2025-04-28,M08,0,6,343
2025-04-29,M08,0,3,340
2025-04-30,M08,0,1,339
2025-05-01,M08,0,3,336
2025-05-02,M08,0,4,332
2025-05-03,M08,0,1,331
2025-05-04,M08,0,6,325
2025-05-05,M08,0,3,322
2025-05-06,M08,0,3,319
2025-05-07,M08,0,5,314
2025-05-08,M08,52,4,362
2025-05-09,M08,0,1,361
2025-05-10,M08,0,5,356
2025-05-11,M08,0,0,356
2025-05-12,M08,0,4,352
2025-05-13,M08,0,4,348
2025-05-14,M08,0,5,343
2025-05-15,M08,0,6,337
2025-05-16,M08,0,3,334
2025-05-17,M08,0,1,333
2025-05-18,M08,0,0,333
2025-05-19,M08,0,2,331
2025-05-20,M08,0,2,329
2025-05-21,M08,0,3,326
2025-05-22,M08,44,3,367
2025-05-23,M08,0,4,363
2025-05-24,M08,0,1,362
2025-05-25,M08,0,3,359
2025-05-26,M08,0,3,356
2025-05-27,M08,0,2,354
2025-05-28,M08,0,5,349
2025-05-29,M08,0,3,346
2025-05-30,M08,0,1,345
2025-05-31,M08,0,1,344
2025-06-01,M08,0,0,344
2025-06-02,M08,0,2,342
2025-06-03,M08,0,2,340
2025-06-04,M08,0,4,336
2025-06-05,M08,0,6,330
2025-06-06,M08,0,4,326
2025-06-07,M08,0,3,323
2025-06-08,M08,47,4,366
2025-06-09,M08,0,5,361
2025-06-10,M08,0,4,357
2025-06-11,M08,0,7,350
2025-06-12,M08,0,2,348
2025-06-13,M08,0,4,344
2025-06-14,M08,0,7,337
2025-06-15,M08,0,2,335
2025-06-16,M08,0,0,335
2025-06-17,M08,0,2,333
2025-06-18,M08,0,1,332
2025-06-19,M08,0,5,327
2025-06-20,M08,0,4,323
2025-06-21,M08,0,3,320
2025-06-22,M08,57,3,374
2025-06-23,M08,0,3,371
2025-06-24,M08,0,3,368
2025-06-25,M08,0,2,366
2025-06-26,M08,0,3,363
2025-06-27,M08,0,2,361
2025-06-28,M08,0,0,361
2025-06-29,M08,0,2,359
2025-06-30,M08,0,3,356
2025-07-01,M08,0,1,355
2025-07-02,M08,0,4,351
2025-07-03,M08,0,4,347
2025-07-04,M08,0,1,346
2025-07-05,M08,0,3,343
2025-07-06,M08,0,7,336
2025-07-07,M08,0,6,330
2025-07-08,M08,41,2,369
2025-07-09,M08,0,6,363
2025-07-10,M08,0,3,360
2025-07-11,M08,0,3,357
2025-07-12,M08,0,2,355
2025-07-13,M08,0,5,350
2025-07-14,M08,0,5,345
2025-07-15,M08,0,1,344
2025-07-16,M08,0,1,343
2025-07-17,M08,0,7,336
2025-07-18,M08,0,2,334
2025-07-19,M08,0,2,332
2025-07-20,M08,0,2,330
2025-07-21,M08,0,2,328
2025-07-22,M08,52,1,379
2025-07-23,M08,0,6,373
2025-07-24,M08,0,3,370
2025-07-25,M08,0,5,365
2025-07-26,M08,0,4,361
2025-07-27,M08,0,2,359
2025-07-28,M08,0,3,356
2025-07-29,M08,0,2,354
2025-07-30,M08,0,0,354
2025-07-31,M08,0,5,349
2025-08-01,M08,0,3,346
2025-08-02,M08,0,4,342
2025-08-03,M08,0,3,339
2025-08-04,M08,0,4,335
2025-08-05,M08,0,5,330
2025-08-06,M08,0,1,329
2025-08-07,M08,0,1,328
2025-08-08,M08,50,4,374
2025-08-09,M08,0,3,371
2025-08-10,M08,0,3,368
2025-08-11,M08,0,3,365
2025-08-12,M08,0,2,363
2025-08-13,M08,0,4,359
2025-08-14,M08,0,3,356
2025-08-15,M08,0,2,354
2025-08-16,M08,0,1,353
2025-08-17,M08,0,1,352
2025-08-18,M08,0,1,351
2025-08-19,M08,0,4,347
2025-08-20,M08,0,3,344
2025-08-21,M08,0,5,339
2025-08-22,M08,46,2,383
2025-08-23,M08,0,6,377
2025-08-24,M08,0,3,374
2025-08-25,M08,0,2,372
2025-08-26,M08,0,1,371
2025-08-27,M08,0,1,370
2025-08-28,M08,0,3,367
2025-08-29,M08,0,1,366
2025-08-30,M08,0,2,364
2025-08-31,M08,0,2,362
2025-09-01,M08,0,0,362
2025-09-02,M08,0,1,361
2025-09-03,M08,0,5,356
2025-09-04,M08,0,3,353
2025-09-05,M08,0,5,348
2025-09-06,M08,0,2,346
2025-09-07,M08,0,4,342
2025-09-08,M08,49,2,389
2025-09-09,M08,0,1,388
2025-09-10,M08,0,1,387
2025-09-11,M08,0,8,379
2025-09-12,M08,0,3,376
2025-09-13,M08,0,3,373
2025-09-14,M08,0,3,370
2025-09-15,M08,0,3,367
2025-09-16,M08,0,3,364
2025-09-17,M08,0,3,361
2025-09-18,M08,0,2,359
2025-09-19,M08,0,2,357
2025-09-20,M08,0,3,354
2025-09-21,M08,0,2,352
2025-09-22,M08,47,4,395
2025-09-23,M08,0,2,393
2025-09-24,M08,0,2,391
2025-09-25,M08,0,1,390
2025-09-26,M08,0,3,387
2025-09-27,M08,0,5,382
2025-09-28,M08,0,2,380
2025-09-29,M08,0,5,375
2025-09-30,M08,0,0,375
2025-10-01,M08,0,0,375
2025-10-02,M08,0,4,371
2025-10-03,M08,0,3,368
2025-10-04,M08,0,4,364
2025-10-05,M08,0,4,360
2025-10-06,M08,0,1,359
2025-10-07,M08,0,3,356
2025-10-08,M08,51,5,402
2025-10-09,M08,0,3,399
2025-10-10,M08,0,5,394
2025-10-11,M08,0,9,385
2025-10-12,M08,0,2,383
2025-10-13,M08,0,5,378
2025-10-14,M08,0,4,374
2025-10-15,M08,0,1,373
2025-10-16,M08,0,3,370
2025-10-17,M08,0,1,369
2025-10-18,M08,0,3,366
2025-10-19,M08,0,3,363
2025-10-20,M08,0,3,360
2025-10-21,M08,0,5,355
2025-10-22,M08,49,3,401
2025-10-23,M08,0,2,399
2025-10-24,M08,0,1,398
2025-10-25,M08,0,3,395
2025-10-26,M08,0,3,392
2025-10-27,M08,0,3,389
2025-10-28,M08,0,0,389
2025-10-29,M08,0,7,382
2025-10-30,M08,0,6,376
2025-10-31,M08,0,4,372
2025-11-01,M08,0,4,368
2025-11-02,M08,0,1,367
2025-11-03,M08,0,2,365
2025-11-04,M08,0,4,361
2025-11-05,M08,0,3,358
2025-11-06,M08,0,3,355
2025-11-07,M08,0,4,351
2025-11-08,M08,42,3,390
2025-11-09,M08,0,3,387
2025-11-10,M08,0,1,386
2025-11-11,M08,0,4,382
2025-11-12,M08,0,3,379
2025-11-13,M08,0,4,375
2025-11-14,M08,0,1,374
2025-11-15,M08,0,3,371
2025-11-16,M08,0,2,369
2025-11-17,M08,0,1,368
2025-11-18,M08,0,0,368
2025-11-19,M08,0,4,364
2025-11-20,M08,0,6,358
2025-11-21,M08,0,4,354
2025-11-22,M08,56,0,410
2025-11-23,M08,0,2,408
2025-11-24,M08,0,1,407
2025-11-25,M08,0,4,403
2025-11-26,M08,0,4,399
2025-11-27,M08,0,2,397
2025-11-28,M08,0,6,391
2025-11-29,M08,0,4,387
2025-11-30,M08,0,3,384
2025-12-01,M08,0,4,380
2025-12-02,M08,0,2,378
2025-12-03,M08,0,4,374
2025-12-04,M08,0,2,372
2025-12-05,M08,0,0,372
2025-12-06,M08,0,1,371
2025-12-07,M08,0,3,368
2025-12-08,M08,42,2,408
2025-12-09,M08,0,1,407
2025-12-10,M08,0,0,407
2025-12-11,M08,0,0,407
2025-12-12,M08,0,2,405
2025-12-13,M08,0,2,403
2025-12-14,M08,0,2,401
2025-12-15,M08,0,4,397
2025-12-16,M08,0,4,393
2025-12-17,M08,0,0,393
2025-12-18,M08,0,1,392
2025-12-19,M08,0,5,387
2025-12-20,M08,0,3,384
2025-12-21,M08,0,1,383
2025-12-22,M08,48,4,427
2025-12-23,M08,0,0,427
2025-12-24,M08,0,1,426
2025-12-25,M08,0,1,425
2025-12-26,M08,0,2,423
2025-12-27,M08,0,0,423
2025-12-28,M08,0,3,420
2025-12-29,M08,0,3,417
2025-12-30,M08,0,4,413
2025-12-31,M08,0,0,413
2026-01-01,M08,0,4,409
2026-01-02,M08,0,1,408
2026-01-03,M08,0,3,405
2026-01-04,M08,0,0,405
2026-01-05,M08,0,5,400
2026-01-06,M08,0,1,399
2026-01-07,M08,0,4,395
2026-01-08,M08,40,4,431
2026-01-09,M08,0,4,427
2026-01-10,M08,0,6,421
2026-01-11,M08,0,3,418
2026-01-12,M08,0,6,412
2026-01-13,M08,0,3,409
2026-01-14,M08,0,0,409
2026-01-15,M08,0,3,406
2026-01-16,M08,0,2,404
2026-01-17,M08,0,3,401
2026-01-18,M08,0,5,396
2026-01-19,M08,0,5,391
2026-01-20,M08,0,1,390
2026-01-21,M08,0,1,389
2026-01-22,M08,39,4,424
2026-01-23,M08,0,3,421
2026-01-24,M08,0,2,419
2026-01-25,M08,0,4,415
2026-01-26,M08,0,4,411
2026-01-27,M08,0,1,410
2026-01-28,M08,0,5,405
2026-01-29,M08,0,5,400
2026-01-30,M08,0,3,397
2026-01-31,M08,0,5,392
2026-02-01,M08,0,1,391
2026-02-02,M08,0,3,388
2026-02-03,M08,0,8,380
2026-02-04,M08,0,2,378
2026-02-05,M08,0,3,375
2026-02-06,M08,0,4,371
2026-02-07,M08,0,1,370
2026-02-08,M08,50,2,418
2026-02-09,M08,0,2,416
2026-02-10,M08,0,1,415
2026-02-11,M08,0,6,409
2026-02-12,M08,0,3,406
2026-02-13,M08,0,3,403
2026-02-14,M08,0,0,403
2026-02-15,M08,0,1,402
2026-02-16,M08,0,4,398
2026-02-17,M08,0,3,395
2026-02-18,M08,0,5,390
2026-02-19,M08,0,3,387
2026-02-20,M08,0,3,384
2026-02-21,M08,0,6,378
2026-02-22,M08,47,3,422
2026-02-23,M08,0,2,420
2026-02-24,M08,0,4,416
2026-02-25,M08,0,2,414
2026-02-26,M08,0,3,411
2026-02-27,M08,0,3,408
2026-02-28,M08,0,3,405
2026-03-01,M08,0,2,403
2026-03-02,M08,0,4,399
2026-03-03,M08,0,5,394
2026-03-04,M08,0,2,392
2026-03-05,M08,0,4,388
2026-03-06,M08,0,9,379
2026-03-07,M08,0,4,375
2026-03-08,M08,46,2,419
2026-03-09,M08,0,5,414
2026-03-10,M08,0,6,408
2026-03-11,M08,0,6,402
2026-03-12,M08,0,4,398
2026-03-13,M08,0,5,393
2026-03-14,M08,0,3,390
2026-03-15,M08,0,2,388
2026-03-16,M08,0,2,386
2026-03-17,M08,0,0,386
2026-03-18,M08,0,3,383
2026-03-19,M08,0,2,381
2026-03-20,M08,0,1,380
2026-03-21,M08,0,3,377
2026-03-22,M08,45,2,420
2026-03-23,M08,0,3,417
2026-03-24,M08,0,2,415
2026-03-25,M08,0,6,409
2026-03-26,M08,0,2,407
2026-03-27,M08,0,3,404
2026-03-28,M08,0,3,401
2026-03-29,M08,0,4,397
2026-03-30,M08,0,2,395
2026-03-31,M08,0,4,391
2026-04-01,M08,0,2,389
2026-04-02,M08,0,1,388
2026-04-03,M08,0,3,385
2026-04-04,M08,0,3,382
2026-04-05,M08,0,2,380
2026-04-06,M08,0,5,375
2026-04-07,M08,0,2,373
2026-04-08,M08,51,3,421
2026-04-09,M08,0,1,420
2026-04-10,M08,0,1,419
2026-04-11,M08,0,2,417
2026-04-12,M08,0,2,415
2026-04-13,M08,0,4,411
2026-04-14,M08,0,3,408
2026-04-15,M08,0,7,401
2026-04-16,M08,0,2,399
2026-04-17,M08,0,3,396
2026-04-18,M08,0,0,396
2026-04-19,M08,0,2,394
2026-04-20,M08,0,3,391
2026-04-21,M08,0,1,390
2026-04-22,M08,37,4,423
2026-04-23,M08,0,1,422
2026-04-24,M08,0,5,417
2026-04-25,M08,0,4,413
2026-04-26,M08,0,2,411
2026-04-27,M08,0,0,411
2026-04-28,M08,0,1,410
2026-04-29,M08,0,3,407
2026-04-30,M08,0,1,406
2026-05-01,M08,0,3,403
2026-05-02,M08,0,5,398
2026-05-03,M08,0,2,396
2026-05-04,M08,0,0,396
2026-05-05,M08,0,5,391
2026-05-06,M08,0,3,388
2026-05-07,M08,0,2,386
2026-05-08,M08,53,3,436
2026-05-09,M08,0,2,434
2026-05-10,M08,0,4,430
2026-05-11,M08,0,0,430
2026-05-12,M08,0,2,428
2026-05-13,M08,0,2,426
2026-05-14,M08,0,2,424
2026-05-15,M08,0,4,420
2026-05-16,M08,0,6,414
2026-05-17,M08,0,3,411
2026-05-18,M08,0,2,409
2026-05-19,M08,0,5,404
2026-05-20,M08,0,2,402
2026-05-21,M08,0,2,400
2026-05-22,M08,32,0,432
2026-05-23,M08,0,5,427
2026-05-24,M08,0,1,426
2026-05-25,M08,0,4,422
2026-05-26,M08,0,3,419
2026-05-27,M08,0,4,415
2026-05-28,M08,0,1,414
2026-05-29,M08,0,3,411
2026-05-30,M08,0,3,408
2026-05-31,M08,0,5,403
2026-06-01,M08,0,4,399
2026-06-02,M08,0,3,396
2026-06-03,M08,0,3,393
2026-06-04,M08,0,7,386
2026-06-05,M08,0,3,383
2026-06-06,M08,0,5,378
2026-06-07,M08,0,1,377
2026-06-08,M08,58,1,434
2026-06-09,M08,0,2,432
2026-06-10,M08,0,4,428
2026-06-11,M08,0,3,425
2026-06-12,M08,0,3,422
2026-06-13,M08,0,1,421
2026-06-14,M08,0,2,419
2026-06-15,M08,0,2,417
2026-06-16,M08,0,1,416
2026-06-17,M08,0,1,415
2026-06-18,M08,0,2,413
2026-06-19,M08,0,0,413
2026-06-20,M08,0,2,411
2026-06-21,M08,0,3,408
2026-06-22,M08,53,2,459
2026-06-23,M08,0,3,456
2026-06-24,M08,0,0,456
2026-06-25,M08,0,4,452
2026-06-26,M08,0,3,449
2026-06-27,M08,0,2,447
2026-06-28,M08,0,4,443
2026-06-29,M08,0,3,440
2026-06-30,M08,0,2,438
2026-07-01,M08,0,3,435
2026-07-02,M08,0,6,429
2026-07-03,M08,0,1,428
2026-07-04,M08,0,1,427
2026-07-05,M08,0,3,424
2026-07-06,M08,0,3,421
2026-07-07,M08,0,0,421
2026-07-08,M08,52,3,470
2026-07-09,M08,0,3,467
2026-07-10,M08,0,3,464
2026-07-11,M08,0,3,461
2026-07-12,M08,0,2,459
2026-07-13,M08,0,7,452
2026-07-14,M08,0,2,450
2026-07-15,M08,0,4,446
2026-07-16,M08,0,6,440
2026-07-17,M08,0,1,439
2026-07-18,M08,0,3,436
2026-07-19,M08,0,3,433
2026-07-20,M08,0,1,432
2026-07-21,M08,0,2,430
2026-07-22,M08,48,2,476
2026-07-23,M08,0,4,472
2026-07-24,M08,0,2,470
2026-07-25,M08,0,5,465
2026-07-26,M08,0,10,455
2026-07-27,M08,0,4,451
2026-07-28,M08,0,4,447
2026-07-29,M08,0,4,443
2026-07-30,M08,0,1,442
2026-07-31,M08,0,4,438
2026-08-01,M08,0,3,435
2026-08-02,M08,0,3,432
2026-08-03,M08,0,2,430
2026-08-04,M08,0,2,428
2026-08-05,M08,0,4,424
2026-08-06,M08,0,3,421
2026-08-07,M08,0,5,416
2026-08-08,M08,54,4,466
2026-08-09,M08,0,1,465
2026-08-10,M08,0,0,465
2026-08-11,M08,0,2,463
2026-08-12,M08,0,1,462
2026-08-13,M08,0,5,457
2026-08-14,M08,0,2,455
2026-08-15,M08,0,5,450
2026-08-16,M08,0,5,445
2026-08-17,M08,0,3,442
2026-08-18,M08,0,3,439
2026-08-19,M08,0,1,438
2026-08-20,M08,0,2,436
2026-08-21,M08,0,2,434
2026-08-22,M08,39,2,471
2026-08-23,M08,0,3,468
2026-08-24,M08,0,2,466
2026-08-25,M08,0,8,458
2026-08-26,M08,0,2,456
2026-08-27,M08,0,3,453
2026-08-28,M08,0,8,445
2026-08-29,M08,0,1,444
2026-08-30,M08,0,1,443
2026-08-31,M08,0,5,438
2026-09-01,M08,0,7,431
2026-09-02,M08,0,3,428
2026-09-03,M08,0,3,425
2026-09-04,M08,0,2,423
2026-09-05,M08,0,5,418
2026-09-06,M08,0,1,417
2026-09-07,M08,0,0,417
2026-09-08,M08,56,2,471
2026-09-09,M08,0,3,468
2026-09-10,M08,0,3,465
2026-09-11,M08,0,6,459
2026-09-12,M08,0,4,455
2026-09-13,M08,0,3,452
2026-09-14,M08,0,4,448
2026-09-15,M08,0,2,446
2026-09-16,M08,0,1,445
2026-09-17,M08,0,5,440
2026-09-18,M08,0,2,438
2026-09-19,M08,0,1,437
2026-09-20,M08,0,3,434
2026-09-21,M08,0,7,427
2026-09-22,M08,49,3,473
2026-09-23,M08,0,2,471
2026-09-24,M08,0,3,468
2026-09-25,M08,0,5,463
2026-09-26,M08,0,7,456
2026-09-27,M08,0,1,455
2026-09-28,M08,0,6,449
2026-09-29,M08,0,1,448
2026-09-30,M08,0,2,446
2026-10-01,M08,0,7,439
2026-10-02,M08,0,7,432
2026-10-03,M08,0,5,427
2026-10-04,M08,0,6,421
2026-10-05,M08,0,7,414
2026-10-06,M08,0,4,410
2026-10-07,M08,0,1,409
2026-10-08,M08,47,1,455
2026-10-09,M08,0,0,455
2026-10-10,M08,0,4,451
2026-10-11,M08,0,1,450
2026-10-12,M08,0,4,446
2026-10-13,M08,0,2,444
2026-10-14,M08,0,1,443
2026-10-15,M08,0,0,443
2026-10-16,M08,0,5,438
2026-10-17,M08,0,1,437
2026-10-18,M08,0,1,436
2026-10-19,M08,0,2,434
2026-10-20,M08,0,1,433
2026-10-21,M08,0,3,430
2026-10-22,M08,61,1,490
2026-10-23,M08,0,7,483
2026-10-24,M08,0,2,481
2026-10-25,M08,0,3,478
2026-10-26,M08,0,2,476
2026-10-27,M08,0,6,470
2026-10-28,M08,0,6,464
2026-10-29,M08,0,3,461
2026-10-30,M08,0,6,455
2026-10-31,M08,0,3,452
2026-11-01,M08,0,6,446
2026-11-02,M08,0,1,445
2026-11-03,M08,0,5,440
2026-11-04,M08,0,0,440
2026-11-05,M08,0,3,437
2026-11-06,M08,0,4,433
2026-11-07,M08,0,2,431
2026-11-08,M08,46,4,473
2026-11-09,M08,0,1,472
2026-11-10,M08,0,3,469
2026-11-11,M08,0,2,467
2026-11-12,M08,0,2,465
2026-11-13,M08,0,2,463
2026-11-14,M08,0,4,459
2026-11-15,M08,0,6,453
2026-11-16,M08,0,0,453
2026-11-17,M08,0,0,453
2026-11-18,M08,0,3,450
2026-11-19,M08,0,4,446
2026-11-20,M08,0,3,443
2026-11-21,M08,0,1,442
2026-11-22,M08,58,4,496
2026-11-23,M08,0,2,494
2026-11-24,M08,0,4,490
2026-11-25,M08,0,2,488
2026-11-26,M08,0,3,485
2026-11-27,M08,0,4,481
2026-11-28,M08,0,3,478
2026-11-29,M08,0,3,475
2026-11-30,M08,0,6,469
2026-12-01,M08,0,2,467
2026-12-02,M08,0,4,463
2026-12-03,M08,0,3,460
2026-12-04,M08,0,2,458
2026-12-05,M08,0,0,458
2026-12-06,M08,0,2,456
2026-12-07,M08,0,2,454
2026-12-08,M08,39,4,489
2026-12-09,M08,0,6,483
2026-12-10,M08,0,5,478
2026-12-11,M08,0,2,476
2026-12-12,M08,0,3,473
2026-12-13,M08,0,3,470
2026-12-14,M08,0,2,468
2026-12-15,M08,0,3,465
2026-12-16,M08,0,1,464
2026-12-17,M08,0,5,459
2026-12-18,M08,0,2,457
2026-12-19,M08,0,6,451
2026-12-20,M08,0,1,450
2026-12-21,M08,0,4,446
2026-12-22,M08,38,5,479
2026-12-23,M08,0,3,476
2026-12-24,M08,0,4,472
2026-12-25,M08,0,1,471
2026-12-26,M08,0,0,471
2026-12-27,M08,0,2,469
2026-12-28,M08,0,4,465
2026-12-29,M08,0,2,463
2026-12-30,M08,0,7,456
2026-12-31,M08,0,1,455
2025-01-01,M09,0,5,595
2025-01-02,M09,0,4,591
2025-01-03,M09,0,10,581
2025-01-04,M09,0,5,576
2025-01-05,M09,0,2,574
2025-01-06,M09,0,4,570
2025-01-07,M09,0,9,561
2025-01-08,M09,0,9,552
2025-01-09,M09,77,3,626
2025-01-10,M09,0,4,622
2025-01-11,M09,0,3,619
2025-01-12,M09,0,2,617
2025-01-13,M09,0,3,614
2025-01-14,M09,0,8,606
2025-01-15,M09,0,5,601
2025-01-16,M09,0,2,599
2025-01-17,M09,0,3,596
2025-01-18,M09,0,6,590
2025-01-19,M09,0,8,582
2025-01-20,M09,0,2,580
2025-01-21,M09,0,4,576
2025-01-22,M09,0,5,571
2025-01-23,M09,80,4,647
2025-01-24,M09,0,4,643
2025-01-25,M09,0,8,635
2025-01-26,M09,0,6,629
2025-01-27,M09,0,4,625
2025-01-28,M09,0,3,622
2025-01-29,M09,0,6,616
2025-01-30,M09,0,3,613
2025-01-31,M09,0,6,607
2025-02-01,M09,0,6,601
2025-02-02,M09,0,5,596
2025-02-03,M09,0,2,594
2025-02-04,M09,0,6,588
2025-02-05,M09,0,12,576
2025-02-06,M09,0,6,570
2025-02-07,M09,0,7,563
2025-02-08,M09,0,5,558
2025-02-09,M09,80,5,633
2025-02-10,M09,0,4,629
2025-02-11,M09,0,6,623
2025-02-12,M09,0,4,619
2025-02-13,M09,0,7,612
2025-02-14,M09,0,5,607
2025-02-15,M09,0,7,600
2025-02-16,M09,0,5,595
2025-02-17,M09,0,6,589
2025-02-18,M09,0,8,581
2025-02-19,M09,0,3,578
2025-02-20,M09,0,9,569
2025-02-21,M09,0,6,563
2025-02-22,M09,0,6,557
2025-02-23,M09,64,5,616
2025-02-24,M09,0,8,608
2025-02-25,M09,0,4,604
2025-02-26,M09,0,4,600
2025-02-27,M09,0,1,599
2025-02-28,M09,0,6,593
2025-03-01,M09,0,4,589
2025-03-02,M09,0,6,583
2025-03-03,M09,0,2,581
2025-03-04,M09,0,10,571
2025-03-05,M09,0,10,561
2025-03-06,M09,0,6,555
2025-03-07,M09,0,2,553
2025-03-08,M09,0,3,550
2025-03-09,M09,66,2,614
2025-03-10,M09,0,4,610
2025-03-11,M09,0,3,607
2025-03-12,M09,0,6,601
2025-03-13,M09,0,6,595
2025-03-14,M09,0,4,591
2025-03-15,M09,0,7,584
2025-03-16,M09,0,3,581
2025-03-17,M09,0,7,574
2025-03-18,M09,0,7,567
2025-03-19,M09,0,4,563
2025-03-20,M09,0,6,557
2025-03-21,M09,0,3,554
2025-03-22,M09,0,4,550
2025-03-23,M09,78,5,623
2025-03-24,M09,0,4,619
2025-03-25,M09,0,2,617
2025-03-26,M09,0,1,616
2025-03-27,M09,0,2,614
2025-03-28,M09,0,2,612
2025-03-29,M09,0,5,607
2025-03-30,M09,0,4,603
2025-03-31,M09,0,1,602
2025-04-01,M09,0,3,599
2025-04-02,M09,0,10,589
2025-04-03,M09,0,7,582
2025-04-04,M09,0,6,576
2025-04-05,M09,0,4,572
2025-04-06,M09,0,5,567
2025-04-07,M09,0,5,562
2025-04-08,M09,0,7,555
2025-04-09,M09,81,8,628
2025-04-10,M09,0,2,626
2025-04-11,M09,0,8,618
2025-04-12,M09,0,3,615
2025-04-13,M09,0,8,607
2025-04-14,M09,0,4,603
2025-04-15,M09,0,8,595
2025-04-16,M09,0,2,593
2025-04-17,M09,0,7,586
2025-04-18,M09,0,10,576
2025-04-19,M09,0,5,571
2025-04-20,M09,0,4,567
2025-04-21,M09,0,4,563
2025-04-22,M09,0,9,554
2025-04-23,M09,71,4,621
2025-04-24,M09,0,5,616
2025-04-25,M09,0,8,608
2025-04-26,M09,0,3,605
2025-04-27,M09,0,10,595
2025-04-28,M09,0,7,588
2025-04-29,M09,0,8,580
2025-04-30,M09,0,7,573
2025-05-01,M09,0,6,567
2025-05-02,M09,0,4,563
2025-05-03,M09,0,6,557
2025-05-04,M09,0,1,556
2025-05-05,M09,0,3,553
2025-05-06,M09,0,6,547
2025-05-07,M09,0,11,536
2025-05-08,M09,0,9,527
2025-05-09,M09,73,5,595
2025-05-10,M09,0,4,591
2025-05-11,M09,0,7,584
2025-05-12,M09,0,1,583
2025-05-13,M09,0,4,579
2025-05-14,M09,0,1,578
2025-05-15,M09,0,3,575
2025-05-16,M09,0,7,568
2025-05-17,M09,0,8,560
2025-05-18,M09,0,5,555
2025-05-19,M09,0,7,548
2025-05-20,M09,0,2,546
2025-05-21,M09,0,5,541
2025-05-22,M09,0,9,532
2025-05-23,M09,83,7,608
2025-05-24,M09,0,4,604
2025-05-25,M09,0,7,597
2025-05-26,M09,0,7,590
2025-05-27,M09,0,6,584
2025-05-28,M09,0,4,580
2025-05-29,M09,0,4,576
2025-05-30,M09,0,5,571
2025-05-31,M09,0,6,565
2025-06-01,M09,0,5,560
2025-06-02,M09,0,1,559
2025-06-03,M09,0,5,554
2025-06-04,M09,0,7,547
2025-06-05,M09,0,6,541
2025-06-06,M09,0,6,535
2025-06-07,M09,0,8,527
2025-06-08,M09,0,4,523
2025-06-09,M09,88,7,604
2025-06-10,M09,0,7,597
2025-06-11,M09,0,10,587
2025-06-12,M09,0,6,581
2025-06-13,M09,0,5,576
2025-06-14,M09,0,7,569
2025-06-15,M09,0,4,565
2025-06-16,M09,0,5,560
2025-06-17,M09,0,1,559
2025-06-18,M09,0,4,555
2025-06-19,M09,0,5,550
2025-06-20,M09,0,5,545
2025-06-21,M09,0,6,539
2025-06-22,M09,0,6,533
2025-06-23,M09,83,1,615
2025-06-24,M09,0,2,613
2025-06-25,M09,0,8,605
2025-06-26,M09,0,5,600
2025-06-27,M09,0,7,593
2025-06-28,M09,0,7,586
2025-06-29,M09,0,3,583
2025-06-30,M09,0,4,579
2025-07-01,M09,0,6,573
2025-07-02,M09,0,5,568
2025-07-03,M09,0,5,563
2025-07-04,M09,0,9,554
2025-07-05,M09,0,5,549
2025-07-06,M09,0,4,545
2025-07-07,M09,0,4,541
2025-07-08,M09,0,6,535
2025-07-09,M09,70,8,597
2025-07-10,M09,0,10,587
2025-07-11,M09,0,11,576
2025-07-12,M09,0,10,566
2025-07-13,M09,0,2,564
2025-07-14,M09,0,8,556
2025-07-15,M09,0,5,551
2025-07-16,M09,0,7,544
2025-07-17,M09,0,6,538
2025-07-18,M09,0,7,531
2025-07-19,M09,0,9,522
2025-07-20,M09,0,6,516
2025-07-21,M09,0,7,509
2025-07-22,M09,0,3,506
2025-07-23,M09,65,8,563
2025-07-24,M09,0,6,557
2025-07-25,M09,0,6,551
2025-07-26,M09,0,3,548
2025-07-27,M09,0,7,541
2025-07-28,M09,0,4,537
2025-07-29,M09,0,4,533
2025-07-30,M09,0,2,531
2025-07-31,M09,0,3,528
2025-08-01,M09,0,3,525
2025-08-02,M09,0,4,521
2025-08-03,M09,0,4,517
2025-08-04,M09,0,5,512
2025-08-05,M09,0,7,505
2025-08-06,M09,0,2,503
2025-08-07,M09,0,8,495
2025-08-08,M09,0,4,491
2025-08-09,M09,79,6,564
2025-08-10,M09,0,5,559
2025-08-11,M09,0,2,557
2025-08-12,M09,0,2,555
2025-08-13,M09,0,9,546
2025-08-14,M09,0,4,542
2025-08-15,M09,0,3,539
2025-08-16,M09,0,8,531
2025-08-17,M09,0,3,528
2025-08-18,M09,0,4,524
2025-08-19,M09,0,6,518
2025-08-20,M09,0,6,512
2025-08-21,M09,0,2,510
2025-08-22,M09,0,5,505
2025-08-23,M09,78,2,581
2025-08-24,M09,0,4,577
2025-08-25,M09,0,3,574
2025-08-26,M09,0,7,567
2025-08-27,M09,0,3,564
2025-08-28,M09,0,5,559
2025-08-29,M09,0,6,553
2025-08-30,M09,0,2,551
2025-08-31,M09,0,9,542
2025-09-01,M09,0,8,534
2025-09-02,M09,0,2,532
2025-09-03,M09,0,6,526
2025-09-04,M09,0,8,518
2025-09-05,M09,0,2,516
2025-09-06,M09,0,5,511
2025-09-07,M09,0,7,504
2025-09-08,M09,0,1,503
2025-09-09,M09,65,2,566
2025-09-10,M09,0,5,561
2025-09-11,M09,0,4,557
2025-09-12,M09,0,6,551
2025-09-13,M09,0,6,545
2025-09-14,M09,0,4,541
2025-09-15,M09,0,4,537
2025-09-16,M09,0,5,532
2025-09-17,M09,0,5,527
2025-09-18,M09,0,6,521
2025-09-19,M09,0,4,517
2025-09-20,M09,0,5,512
2025-09-21,M09,0,7,505
2025-09-22,M09,0,8,497
2025-09-23,M09,66,5,558
2025-09-24,M09,0,4,554
2025-09-25,M09,0,8,546
2025-09-26,M09,0,7,539
2025-09-27,M09,0,4,535
2025-09-28,M09,0,4,531
2025-09-29,M09,0,8,523
2025-09-30,M09,0,6,517
2025-10-01,M09,0,8,509
2025-10-02,M09,0,6,503
2025-10-03,M09,0,3,500
2025-10-04,M09,0,8,492
2025-10-05,M09,0,8,484
2025-10-06,M09,0,6,478
2025-10-07,M09,0,4,474
2025-10-08,M09,0,4,470
2025-10-09,M09,70,3,537
2025-10-10,M09,0,6,531
2025-10-11,M09,0,1,530
2025-10-12,M09,0,3,527
2025-10-13,M09,0,8,519
2025-10-14,M09,0,7,512
2025-10-15,M09,0,4,508
2025-10-16,M09,0,7,501
2025-10-17,M09,0,5,496
2025-10-18,M09,0,4,492
2025-10-19,M09,0,6,486
2025-10-20,M09,0,7,479
2025-10-21,M09,0,2,477
2025-10-22,M09,0,5,472
2025-10-23,M09,79,7,544
2025-10-24,M09,0,3,541
2025-10-25,M09,0,6,535
2025-10-26,M09,0,4,531
2025-10-27,M09,0,1,530
2025-10-28,M09,0,6,524
2025-10-29,M09,0,4,520
2025-10-30,M09,0,4,516
2025-10-31,M09,0,5,511
2025-11-01,M09,0,4,507
2025-11-02,M09,0,6,501
2025-11-03,M09,0,5,496
2025-11-04,M09,0,10,486
2025-11-05,M09,0,8,478
2025-11-06,M09,0,4,474
2025-11-07,M09,0,5,469
2025-11-08,M09,0,5,464
2025-11-09,M09,79,2,541
2025-11-10,M09,0,2,539
2025-11-11,M09,0,3,536
2025-11-12,M09,0,4,532
2025-11-13,M09,0,4,528
2025-11-14,M09,0,4,524
2025-11-15,M09,0,7,517
2025-11-16,M09,0,4,513
2025-11-17,M09,0,3,510
2025-11-18,M09,0,1,509
2025-11-19,M09,0,3,506
2025-11-20,M09,0,1,505
2025-11-21,M09,0,4,501
2025-11-22,M09,0,6,495
2025-11-23,M09,71,8,558
2025-11-24,M09,0,9,549
2025-11-25,M09,0,3,546
2025-11-26,M09,0,6,540
2025-11-27,M09,0,4,536
2025-11-28,M09,0,4,532
2025-11-29,M09,0,7,525
2025-11-30,M09,0,4,521
2025-12-01,M09,0,9,512
2025-12-02,M09,0,4,508
2025-12-03,M09,0,5,503
2025-12-04,M09,0,7,496
2025-12-05,M09,0,3,493
2025-12-06,M09,0,8,485
2025-12-07,M09,0,10,475
2025-12-08,M09,0,5,470
2025-12-09,M09,84,8,546
2025-12-10,M09,0,4,542
2025-12-11,M09,0,4,538
2025-12-12,M09,0,4,534
2025-12-13,M09,0,6,528
2025-12-14,M09,0,5,523
2025-12-15,M09,0,4,519
2025-12-16,M09,0,5,514
2025-12-17,M09,0,5,509
2025-12-18,M09,0,4,505
2025-12-19,M09,0,3,502
2025-12-20,M09,0,5,497
2025-12-21,M09,0,3,494
2025-12-22,M09,0,1,493
2025-12-23,M09,76,7,562
2025-12-24,M09,0,7,555
2025-12-25,M09,0,6,549
2025-12-26,M09,0,3,546
2025-12-27,M09,0,5,541
2025-12-28,M09,0,7,534
2025-12-29,M09,0,5,529
2025-12-30,M09,0,4,525
2025-12-31,M09,0,6,519
2026-01-01,M09,0,7,512
2026-01-02,M09,0,8,504
2026-01-03,M09,0,2,502
2026-01-04,M09,0,4,498
2026-01-05,M09,0,8,490
2026-01-06,M09,0,6,484
2026-01-07,M09,0,3,481
2026-01-08,M09,0,4,477
2026-01-09,M09,59,2,534
2026-01-10,M09,0,7,527
2026-01-11,M09,0,2,525
2026-01-12,M09,0,4,521
2026-01-13,M09,0,8,513
2026-01-14,M09,0,3,510
2026-01-15,M09,0,5,505
2026-01-16,M09,0,7,498
2026-01-17,M09,0,7,491
2026-01-18,M09,0,9,482
2026-01-19,M09,0,11,471
2026-01-20,M09,0,6,465
2026-01-21,M09,0,5,460
2026-01-22,M09,0,7,453
2026-01-23,M09,72,4,521
2026-01-24,M09,0,5,516
2026-01-25,M09,0,4,512
2026-01-26,M09,0,4,508
2026-01-27,M09,0,7,501
2026-01-28,M09,0,3,498
2026-01-29,M09,0,4,494
2026-01-30,M09,0,4,490
2026-01-31,M09,0,7,483
2026-02-01,M09,0,5,478
2026-02-02,M09,0,0,478
2026-02-03,M09,0,5,473
2026-02-04,M09,0,8,465
2026-02-05,M09,0,3,462
2026-02-06,M09,0,6,456
2026-02-07,M09,0,7,449
2026-02-08,M09,0,8,441
2026-02-09,M09,78,9,510
2026-02-10,M09,0,5,505
2026-02-11,M09,0,6,499
2026-02-12,M09,0,9,490
2026-02-13,M09,0,6,484
2026-02-14,M09,0,9,475
2026-02-15,M09,0,8,467
2026-02-16,M09,0,4,463
2026-02-17,M09,0,2,461
2026-02-18,M09,0,4,457
2026-02-19,M09,0,5,452
2026-02-20,M09,0,6,446
2026-02-21,M09,0,5,441
2026-02-22,M09,0,10,431
2026-02-23,M09,91,2,520
2026-02-24,M09,0,5,515
2026-02-25,M09,0,8,507
2026-02-26,M09,0,1,506
2026-02-27,M09,0,2,504
2026-02-28,M09,0,1,503
2026-03-01,M09,0,8,495
2026-03-02,M09,0,3,492
2026-03-03,M09,0,5,487
2026-03-04,M09,0,3,484
2026-03-05,M09,0,3,481
2026-03-06,M09,0,2,479
2026-03-07,M09,0,2,477
2026-03-08,M09,0,5,472
2026-03-09,M09,79,4,547
2026-03-10,M09,0,6,541
2026-03-11,M09,0,4,537
2026-03-12,M09,0,3,534
2026-03-13,M09,0,5,529
2026-03-14,M09,0,7,522
2026-03-15,M09,0,8,514
2026-03-16,M09,0,3,511
2026-03-17,M09,0,6,505
2026-03-18,M09,0,6,499
2026-03-19,M09,0,5,494
2026-03-20,M09,0,7,487
2026-03-21,M09,0,2,485
2026-03-22,M09,0,6,479
2026-03-23,M09,70,5,544
2026-03-24,M09,0,8,536
2026-03-25,M09,0,1,535
2026-03-26,M09,0,6,529
2026-03-27,M09,0,6,523
2026-03-28,M09,0,7,516
2026-03-29,M09,0,1,515
2026-03-30,M09,0,6,509
2026-03-31,M09,0,8,501
2026-04-01,M09,0,2,499
2026-04-02,M09,0,5,494
2026-04-03,M09,0,4,490
2026-04-04,M09,0,4,486
2026-04-05,M09,0,2,484
2026-04-06,M09,0,8,476
2026-04-07,M09,0,9,467
2026-04-08,M09,0,4,463
2026-04-09,M09,64,8,519
2026-04-10,M09,0,6,513
2026-04-11,M09,0,4,509
2026-04-12,M09,0,5,504
2026-04-13,M09,0,7,497
2026-04-14,M09,0,4,493
2026-04-15,M09,0,3,490
2026-04-16,M09,0,7,483
2026-04-17,M09,0,7,476
2026-04-18,M09,0,3,473
2026-04-19,M09,0,7,466
2026-04-20,M09,0,2,464
2026-04-21,M09,0,5,459
2026-04-22,M09,0,6,453
2026-04-23,M09,59,3,509
2026-04-24,M09,0,1,508
2026-04-25,M09,0,5,503
2026-04-26,M09,0,7,496
2026-04-27,M09,0,7,489
2026-04-28,M09,0,6,483
2026-04-29,M09,0,8,475
2026-04-30,M09,0,5,470
2026-05-01,M09,0,4,466
2026-05-02,M09,0,4,462
2026-05-03,M09,0,3,459
2026-05-04,M09,0,9,450
2026-05-05,M09,0,2,448
2026-05-06,M09,0,4,444
2026-05-07,M09,0,6,438
2026-05-08,M09,0,3,435
2026-05-09,M09,74,4,505
2026-05-10,M09,0,2,503
2026-05-11,M09,0,4,499
2026-05-12,M09,0,8,491
2026-05-13,M09,0,3,488
2026-05-14,M09,0,3,485
2026-05-15,M09,0,8,477
2026-05-16,M09,0,3,474
2026-05-17,M09,0,3,471
2026-05-18,M09,0,3,468
2026-05-19,M09,0,8,460
2026-05-20,M09,0,4,456
2026-05-21,M09,0,5,451
2026-05-22,M09,0,6,445
2026-05-23,M09,79,3,521
2026-05-24,M09,0,6,515
2026-05-25,M09,0,3,512
2026-05-26,M09,0,4,508
2026-05-27,M09,0,4,504
2026-05-28,M09,0,5,499
2026-05-29,M09,0,4,495
2026-05-30,M09,0,4,491
2026-05-31,M09,0,5,486
2026-06-01,M09,0,3,483
2026-06-02,M09,0,7,476
2026-06-03,M09,0,5,471
2026-06-04,M09,0,6,465
2026-06-05,M09,0,2,463
2026-06-06,M09,0,4,459
2026-06-07,M09,0,5,454
2026-06-08,M09,0,4,450
2026-06-09,M09,53,5,498
2026-06-10,M09,0,6,492
2026-06-11,M09,0,8,484
2026-06-12,M09,0,5,479
2026-06-13,M09,0,4,475
2026-06-14,M09,0,4,471
2026-06-15,M09,0,5,466
2026-06-16,M09,0,2,464
2026-06-17,M09,0,10,454
2026-06-18,M09,0,7,447
2026-06-19,M09,0,7,440
2026-06-20,M09,0,5,435
2026-06-21,M09,0,6,429
2026-06-22,M09,0,1,428
2026-06-23,M09,77,2,503
2026-06-24,M09,0,3,500
2026-06-25,M09,0,8,492
2026-06-26,M09,0,3,489
2026-06-27,M09,0,6,483
2026-06-28,M09,0,3,480
2026-06-29,M09,0,3,477
2026-06-30,M09,0,4,473
2026-07-01,M09,0,2,471
2026-07-02,M09,0,2,469
2026-07-03,M09,0,5,464
2026-07-04,M09,0,9,455
2026-07-05,M09,0,6,449
2026-07-06,M09,0,9,440
2026-07-07,M09,0,5,435
2026-07-08,M09,0,6,429
2026-07-09,M09,72,5,496
2026-07-10,M09,0,7,489
2026-07-11,M09,0,1,488
2026-07-12,M09,0,10,478
2026-07-13,M09,0,3,475
2026-07-14,M09,0,3,472
2026-07-15,M09,0,6,466
2026-07-16,M09,0,3,463
2026-07-17,M09,0,4,459
2026-07-18,M09,0,6,453
2026-07-19,M09,0,7,446
2026-07-20,M09,0,6,440
2026-07-21,M09,0,4,436
2026-07-22,M09,0,4,432
2026-07-23,M09,79,4,507
2026-07-24,M09,0,5,502
2026-07-25,M09,0,7,495
2026-07-26,M09,0,7,488
2026-07-27,M09,0,2,486
2026-07-28,M09,0,3,483
2026-07-29,M09,0,4,479
2026-07-30,M09,0,3,476
2026-07-31,M09,0,0,476
2026-08-01,M09,0,4,472
2026-08-02,M09,0,6,466
2026-08-03,M09,0,3,463
2026-08-04,M09,0,1,462
2026-08-05,M09,0,3,459
2026-08-06,M09,0,4,455
2026-08-07,M09,0,8,447
2026-08-08,M09,0,5,442
2026-08-09,M09,76,2,516
2026-08-10,M09,0,3,513
2026-08-11,M09,0,0,513
2026-08-12,M09,0,7,506
2026-08-13,M09,0,3,503
2026-08-14,M09,0,5,498
2026-08-15,M09,0,8,490
2026-08-16,M09,0,9,481
2026-08-17,M09,0,8,473
2026-08-18,M09,0,2,471
2026-08-19,M09,0,10,461
2026-08-20,M09,0,6,455
2026-08-21,M09,0,5,450
2026-08-22,M09,0,7,443
2026-08-23,M09,74,5,512
2026-08-24,M09,0,2,510
2026-08-25,M09,0,3,507
2026-08-26,M09,0,5,502
2026-08-27,M09,0,1,501
2026-08-28,M09,0,6,495
2026-08-29,M09,0,5,490
2026-08-30,M09,0,4,486
2026-08-31,M09,0,10,476
2026-09-01,M09,0,3,473
2026-09-02,M09,0,4,469
2026-09-03,M09,0,4,465
2026-09-04,M09,0,8,457
2026-09-05,M09,0,8,449
2026-09-06,M09,0,7,442
2026-09-07,M09,0,6,436
2026-09-08,M09,0,7,429
2026-09-09,M09,65,6,488
2026-09-10,M09,0,6,482
2026-09-11,M09,0,4,478
2026-09-12,M09,0,4,474
2026-09-13,M09,0,5,469
2026-09-14,M09,0,1,468
2026-09-15,M09,0,5,463
2026-09-16,M09,0,7,456
2026-09-17,M09,0,5,451
2026-09-18,M09,0,6,445
2026-09-19,M09,0,6,439
2026-09-20,M09,0,7,432
2026-09-21,M09,0,6,426
2026-09-22,M09,0,6,420
2026-09-23,M09,88,5,503
2026-09-24,M09,0,4,499
2026-09-25,M09,0,3,496
2026-09-26,M09,0,7,489
2026-09-27,M09,0,6,483
2026-09-28,M09,0,4,479
2026-09-29,M09,0,5,474
2026-09-30,M09,0,5,469
2026-10-01,M09,0,1,468
2026-10-02,M09,0,5,463
2026-10-03,M09,0,6,457
2026-10-04,M09,0,7,450
2026-10-05,M09,0,2,448
2026-10-06,M09,0,3,445
2026-10-07,M09,0,8,437
2026-10-08,M09,0,5,432
2026-10-09,M09,77,3,506
2026-10-10,M09,0,4,502
2026-10-11,M09,0,6,496
2026-10-12,M09,0,4,492
2026-10-13,M09,0,6,486
2026-10-14,M09,0,4,482
2026-10-15,M09,0,8,474
2026-10-16,M09,0,9,465
2026-10-17,M09,0,5,460
2026-10-18,M09,0,2,458
2026-10-19,M09,0,7,451
2026-10-20,M09,0,8,443
2026-10-21,M09,0,6,437
2026-10-22,M09,0,1,436
2026-10-23,M09,69,6,499
2026-10-24,M09,0,4,495
2026-10-25,M09,0,9,486
2026-10-26,M09,0,3,483
2026-10-27,M09,0,4,479
2026-10-28,M09,0,6,473
2026-10-29,M09,0,4,469
2026-10-30,M09,0,4,465
2026-10-31,M09,0,6,459
2026-11-01,M09,0,6,453
2026-11-02,M09,0,5,448
2026-11-03,M09,0,6,442
2026-11-04,M09,0,3,439
2026-11-05,M09,0,5,434
2026-11-06,M09,0,1,433
2026-11-07,M09,0,1,432
2026-11-08,M09,0,4,428
2026-11-09,M09,74,2,500
2026-11-10,M09,0,0,500
2026-11-11,M09,0,5,495
2026-11-12,M09,0,6,489
2026-11-13,M09,0,6,483
2026-11-14,M09,0,8,475
2026-11-15,M09,0,2,473
2026-11-16,M09,0,6,467
2026-11-17,M09,0,9,458
2026-11-18,M09,0,3,455
2026-11-19,M09,0,4,451
2026-11-20,M09,0,7,444
2026-11-21,M09,0,8,436
2026-11-22,M09,0,4,432
2026-11-23,M09,67,0,499
2026-11-24,M09,0,5,494
2026-11-25,M09,0,2,492
2026-11-26,M09,0,6,486
2026-11-27,M09,0,6,480
2026-11-28,M09,0,8,472
2026-11-29,M09,0,5,467
2026-11-30,M09,0,6,461
2026-12-01,M09,0,7,454
2026-12-02,M09,0,5,449
2026-12-03,M09,0,2,447
2026-12-04,M09,0,5,442
2026-12-05,M09,0,4,438
2026-12-06,M09,0,1,437
2026-12-07,M09,0,3,434
2026-12-08,M09,0,10,424
2026-12-09,M09,74,3,495
2026-12-10,M09,0,1,494
2026-12-11,M09,0,5,489
2026-12-12,M09,0,9,480
2026-12-13,M09,0,9,471
2026-12-14,M09,0,8,463
2026-12-15,M09,0,3,460
2026-12-16,M09,0,5,455
2026-12-17,M09,0,2,453
2026-12-18,M09,0,10,443
2026-12-19,M09,0,1,442
2026-12-20,M09,0,3,439
2026-12-21,M09,0,3,436
2026-12-22,M09,0,4,432
2026-12-23,M09,85,8,509
2026-12-24,M09,0,2,507
2026-12-25,M09,0,5,502
2026-12-26,M09,0,8,494
2026-12-27,M09,0,8,486
2026-12-28,M09,0,1,485
2026-12-29,M09,0,7,478
2026-12-30,M09,0,4,474
2026-12-31,M09,0,8,466
2025-01-01,M10,0,4,236
2025-01-02,M10,0,4,232
2025-01-03,M10,0,6,226
2025-01-04,M10,0,2,224
2025-01-05,M10,0,4,220
2025-01-06,M10,0,1,219
2025-01-07,M10,0,1,218
2025-01-08,M10,0,3,215
2025-01-09,M10,0,4,211
2025-01-10,M10,51,3,259
2025-01-11,M10,0,4,255
2025-01-12,M10,0,2,253
2025-01-13,M10,0,3,250
2025-01-14,M10,0,3,247
2025-01-15,M10,0,4,243
2025-01-16,M10,0,4,239
2025-01-17,M10,0,5,234
2025-01-18,M10,0,4,230
2025-01-19,M10,0,3,227
2025-01-20,M10,0,6,221
2025-01-21,M10,0,3,218
2025-01-22,M10,0,3,215
2025-01-23,M10,0,2,213
2025-01-24,M10,44,2,255
2025-01-25,M10,0,4,251
2025-01-26,M10,0,1,250
2025-01-27,M10,0,1,249
2025-01-28,M10,0,4,245
2025-01-29,M10,0,5,240
2025-01-30,M10,0,2,238
2025-01-31,M10,0,3,235
2025-02-01,M10,0,4,231
2025-02-02,M10,0,1,230
2025-02-03,M10,0,2,228
2025-02-04,M10,0,3,225
2025-02-05,M10,0,3,222
2025-02-06,M10,0,4,218
2025-02-07,M10,0,4,214
2025-02-08,M10,0,2,212
2025-02-09,M10,0,2,210
2025-02-10,M10,61,5,266
2025-02-11,M10,0,2,264
2025-02-12,M10,0,3,261
2025-02-13,M10,0,2,259
2025-02-14,M10,0,2,257
2025-02-15,M10,0,1,256
2025-02-16,M10,0,2,254
2025-02-17,M10,0,3,251
2025-02-18,M10,0,3,248
2025-02-19,M10,0,4,244
2025-02-20,M10,0,3,241
2025-02-21,M10,0,4,237
2025-02-22,M10,0,1,236
2025-02-23,M10,0,7,229
2025-02-24,M10,47,6,270
2025-02-25,M10,0,4,266
2025-02-26,M10,0,4,262
2025-02-27,M10,0,1,261
2025-02-28,M10,0,1,260
2025-03-01,M10,0,1,259
2025-03-02,M10,0,1,258
2025-03-03,M10,0,4,254
2025-03-04,M10,0,5,249
2025-03-05,M10,0,3,246
2025-03-06,M10,0,1,245
2025-03-07,M10,0,4,241
2025-03-08,M10,0,4,237
2025-03-09,M10,0,3,234
2025-03-10,M10,53,0,287
2025-03-11,M10,0,2,285
2025-03-12,M10,0,7,278
2025-03-13,M10,0,3,275
2025-03-14,M10,0,1,274
2025-03-15,M10,0,2,272
2025-03-16,M10,0,3,269
2025-03-17,M10,0,6,263
2025-03-18,M10,0,3,260
2025-03-19,M10,0,4,256
2025-03-20,M10,0,3,253
2025-03-21,M10,0,1,252
2025-03-22,M10,0,5,247
2025-03-23,M10,0,4,243
2025-03-24,M10,47,4,286
2025-03-25,M10,0,3,283
2025-03-26,M10,0,4,279
2025-03-27,M10,0,1,278
2025-03-28,M10,0,3,275
2025-03-29,M10,0,1,274
2025-03-30,M10,0,6,268
2025-03-31,M10,0,5,263
2025-04-01,M10,0,2,261
2025-04-02,M10,0,2,259
2025-04-03,M10,0,2,257
2025-04-04,M10,0,0,257
2025-04-05,M10,0,1,256
2025-04-06,M10,0,1,255
2025-04-07,M10,0,2,253
2025-04-08,M10,0,3,250
2025-04-09,M10,0,4,246
2025-04-10,M10,42,7,281
2025-04-11,M10,0,4,277
2025-04-12,M10,0,2,275
2025-04-13,M10,0,6,269
2025-04-14,M10,0,5,264
2025-04-15,M10,0,1,263
2025-04-16,M10,0,3,260
2025-04-17,M10,0,4,256
2025-04-18,M10,0,1,255
2025-04-19,M10,0,3,252
2025-04-20,M10,0,5,247
2025-04-21,M10,0,5,242
2025-04-22,M10,0,9,233
2025-04-23,M10,0,3,230
2025-04-24,M10,47,1,276
2025-04-25,M10,0,4,272
2025-04-26,M10,0,1,271
2025-04-27,M10,0,2,269
2025-04-28,M10,0,0,269
2025-04-29,M10,0,0,269
2025-04-30,M10,0,9,260
2025-05-01,M10,0,1,259
2025-05-02,M10,0,3,256
2025-05-03,M10,0,6,250
2025-05-04,M10,0,6,244
2025-05-05,M10,0,3,241
2025-05-06,M10,0,5,236
2025-05-07,M10,0,4,232
2025-05-08,M10,0,0,232
2025-05-09,M10,0,7,225
2025-05-10,M10,58,3,280
2025-05-11,M10,0,3,277
2025-05-12,M10,0,3,274
2025-05-13,M10,0,5,269
2025-05-14,M10,0,1,268
2025-05-15,M10,0,1,267
2025-05-16,M10,0,2,265
2025-05-17,M10,0,0,265
2025-05-18,M10,0,2,263
2025-05-19,M10,0,2,261
2025-05-20,M10,0,3,258
2025-05-21,M10,0,3,255
2025-05-22,M10,0,4,251
2025-05-23,M10,0,3,248
2025-05-24,M10,49,4,293
2025-05-25,M10,0,4,289
2025-05-26,M10,0,6,283
2025-05-27,M10,0,4,279
2025-05-28,M10,0,2,277
2025-05-29,M10,0,3,274
2025-05-30,M10,0,3,271
2025-05-31,M10,0,4,267
2025-06-01,M10,0,4,263
2025-06-02,M10,0,1,262
2025-06-03,M10,0,4,258
2025-06-04,M10,0,4,254
2025-06-05,M10,0,4,250
2025-06-06,M10,0,7,243
2025-06-07,M10,0,3,240
2025-06-08,M10,0,2,238
2025-06-09,M10,0,4,234
2025-06-10,M10,50,1,283
2025-06-11,M10,0,7,276
2025-06-12,M10,0,0,276
2025-06-13,M10,0,3,273
2025-06-14,M10,0,4,269
2025-06-15,M10,0,4,265
2025-06-16,M10,0,4,261
2025-06-17,M10,0,4,257
2025-06-18,M10,0,5,252
2025-06-19,M10,0,5,247
2025-06-20,M10,0,2,245
2025-06-21,M10,0,2,243
2025-06-22,M10,0,3,240
2025-06-23,M10,0,3,237
2025-06-24,M10,33,2,268
2025-06-25,M10,0,3,265
2025-06-26,M10,0,4,261
2025-06-27,M10,0,3,258
2025-06-28,M10,0,3,255
2025-06-29,M10,0,2,253
2025-06-30,M10,0,2,251
2025-07-01,M10,0,1,250
2025-07-02,M10,0,1,249
2025-07-03,M10,0,3,246
2025-07-04,M10,0,6,240
2025-07-05,M10,0,2,238
2025-07-06,M10,0,3,235
2025-07-07,M10,0,4,231
2025-07-08,M10,0,4,227
2025-07-09,M10,0,1,226
2025-07-10,M10,38,0,264
2025-07-11,M10,0,4,260
2025-07-12,M10,0,3,257
2025-07-13,M10,0,2,255
2025-07-14,M10,0,3,252
2025-07-15,M10,0,2,250
2025-07-16,M10,0,1,249
2025-07-17,M10,0,4,245
2025-07-18,M10,0,5,240
2025-07-19,M10,0,4,236
2025-07-20,M10,0,4,232
2025-07-21,M10,0,3,229
2025-07-22,M10,0,3,226
2025-07-23,M10,0,1,225
2025-07-24,M10,37,4,258
2025-07-25,M10,0,3,255
2025-07-26,M10,0,6,249
2025-07-27,M10,0,0,249
2025-07-28,M10,0,5,244
2025-07-29,M10,0,4,240
2025-07-30,M10,0,1,239
2025-07-31,M10,0,2,237
2025-08-01,M10,0,7,230
2025-08-02,M10,0,3,227
2025-08-03,M10,0,4,223
2025-08-04,M10,0,5,218
2025-08-05,M10,0,0,218
2025-08-06,M10,0,2,216
2025-08-07,M10,0,3,213
2025-08-08,M10,0,3,210
2025-08-09,M10,0,3,207
2025-08-10,M10,39,4,242
2025-08-11,M10,0,3,239
2025-08-12,M10,0,7,232
2025-08-13,M10,0,1,231
2025-08-14,M10,0,1,230
2025-08-15,M10,0,4,226
2025-08-16,M10,0,5,221
2025-08-17,M10,0,3,218
2025-08-18,M10,0,1,217
2025-08-19,M10,0,1,216
2025-08-20,M10,0,2,214
2025-08-21,M10,0,3,211
2025-08-22,M10,0,3,208
2025-08-23,M10,0,5,203
2025-08-24,M10,42,3,242
2025-08-25,M10,0,7,235
2025-08-26,M10,0,5,230
2025-08-27,M10,0,3,227
2025-08-28,M10,0,3,224
2025-08-29,M10,0,2,222
2025-08-30,M10,0,1,221
2025-08-31,M10,0,3,218
2025-09-01,M10,0,3,215
2025-09-02,M10,0,5,210
2025-09-03,M10,0,2,208
2025-09-04,M10,0,2,206
2025-09-05,M10,0,4,202
2025-09-06,M10,0,3,199
2025-09-07,M10,0,2,197
2025-09-08,M10,0,0,197
2025-09-09,M10,0,2,195
2025-09-10,M10,53,3,245
2025-09-11,M10,0,0,245
2025-09-12,M10,0,4,241
2025-09-13,M10,0,4,237
2025-09-14,M10,0,3,234
2025-09-15,M10,0,3,231
2025-09-16,M10,0,3,228
2025-09-17,M10,0,2,226
2025-09-18,M10,0,2,224
2025-09-19,M10,0,4,220
2025-09-20,M10,0,4,216
2025-09-21,M10,0,1,215
2025-09-22,M10,0,5,210
2025-09-23,M10,0,5,205
2025-09-24,M10,41,3,243
2025-09-25,M10,0,7,236
2025-09-26,M10,0,5,231
2025-09-27,M10,0,2,229
2025-09-28,M10,0,4,225
2025-09-29,M10,0,2,223
2025-09-30,M10,0,1,222
2025-10-01,M10,0,4,218
2025-10-02,M10,0,2,216
2025-10-03,M10,0,4,212
2025-10-04,M10,0,3,209
2025-10-05,M10,0,3,206
2025-10-06,M10,0,3,203
2025-10-07,M10,0,4,199
2025-10-08,M10,0,1,198
2025-10-09,M10,0,3,195
2025-10-10,M10,28,4,219
2025-10-11,M10,0,2,217
2025-10-12,M10,0,1,216
2025-10-13,M10,0,1,215
2025-10-14,M10,0,3,212
2025-10-15,M10,0,5,207
2025-10-16,M10,0,2,205
2025-10-17,M10,0,0,205
2025-10-18,M10,0,2,203
2025-10-19,M10,0,1,202
2025-10-20,M10,0,6,196
2025-10-21,M10,0,3,193
2025-10-22,M10,0,4,189
2025-10-23,M10,0,3,186
2025-10-24,M10,62,9,239
2025-10-25,M10,0,1,238
2025-10-26,M10,0,7,231
2025-10-27,M10,0,1,230
2025-10-28,M10,0,2,228
2025-10-29,M10,0,3,225
2025-10-30,M10,0,1,224
2025-10-31,M10,0,3,221
2025-11-01,M10,0,1,220
2025-11-02,M10,0,2,218
2025-11-03,M10,0,2,216
2025-11-04,M10,0,3,213
2025-11-05,M10,0,1,212
2025-11-06,M10,0,4,208
2025-11-07,M10,0,3,205
2025-11-08,M10,0,0,205
2025-11-09,M10,0,2,203
2025-11-10,M10,53,2,254
2025-11-11,M10,0,1,253
2025-11-12,M10,0,3,250
2025-11-13,M10,0,2,248
2025-11-14,M10,0,4,244
2025-11-15,M10,0,7,237
2025-11-16,M10,0,2,235
2025-11-17,M10,0,3,232
2025-11-18,M10,0,7,225
2025-11-19,M10,0,2,223
2025-11-20,M10,0,3,220
2025-11-21,M10,0,5,215
2025-11-22,M10,0,2,213
2025-11-23,M10,0,2,211
2025-11-24,M10,41,3,249
2025-11-25,M10,0,3,246
2025-11-26,M10,0,1,245
2025-11-27,M10,0,3,242
2025-11-28,M10,0,3,239
2025-11-29,M10,0,4,235
2025-11-30,M10,0,5,230
2025-12-01,M10,0,3,227
2025-12-02,M10,0,3,224
2025-12-03,M10,0,7,217
2025-12-04,M10,0,2,215
2025-12-05,M10,0,1,214
2025-12-06,M10,0,4,210
2025-12-07,M10,0,4,206
2025-12-08,M10,0,4,202
2025-12-09,M10,0,1,201
2025-12-10,M10,56,2,255
2025-12-11,M10,0,0,255
2025-12-12,M10,0,2,253
2025-12-13,M10,0,7,246
2025-12-14,M10,0,5,241
2025-12-15,M10,0,3,238
2025-12-16,M10,0,3,235
2025-12-17,M10,0,1,234
2025-12-18,M10,0,3,231
2025-12-19,M10,0,1,230
2025-12-20,M10,0,5,225
2025-12-21,M10,0,3,222
2025-12-22,M10,0,5,217
2025-12-23,M10,0,3,214
2025-12-24,M10,47,4,257
2025-12-25,M10,0,4,253
2025-12-26,M10,0,3,250
2025-12-27,M10,0,1,249
2025-12-28,M10,0,0,249
2025-12-29,M10,0,5,244
2025-12-30,M10,0,1,243
2025-12-31,M10,0,1,242
2026-01-01,M10,0,5,237
2026-01-02,M10,0,5,232
2026-01-03,M10,0,4,228
2026-01-04,M10,0,1,227
2026-01-05,M10,0,2,225
2026-01-06,M10,0,1,224
2026-01-07,M10,0,2,222
2026-01-08,M10,0,1,221
2026-01-09,M10,0,4,217
2026-01-10,M10,41,2,256
2026-01-11,M10,0,1,255
2026-01-12,M10,0,3,252
2026-01-13,M10,0,1,251
2026-01-14,M10,0,3,248
2026-01-15,M10,0,3,245
2026-01-16,M10,0,4,241
2026-01-17,M10,0,3,238
2026-01-18,M10,0,2,236
2026-01-19,M10,0,2,234
2026-01-20,M10,0,1,233
2026-01-21,M10,0,4,229
2026-01-22,M10,0,3,226
2026-01-23,M10,0,2,224
2026-01-24,M10,52,4,272
2026-01-25,M10,0,3,269
2026-01-26,M10,0,1,268
2026-01-27,M10,0,7,261
2026-01-28,M10,0,3,258
2026-01-29,M10,0,4,254
2026-01-30,M10,0,1,253
2026-01-31,M10,0,2,251
2026-02-01,M10,0,6,245
2026-02-02,M10,0,1,244
2026-02-03,M10,0,4,240
2026-02-04,M10,0,0,240
2026-02-05,M10,0,4,236
2026-02-06,M10,0,0,236
2026-02-07,M10,0,6,230
2026-02-08,M10,0,5,225
2026-02-09,M10,0,4,221
2026-02-10,M10,55,3,273
2026-02-11,M10,0,1,272
2026-02-12,M10,0,6,266
2026-02-13,M10,0,5,261
2026-02-14,M10,0,4,257
2026-02-15,M10,0,1,256
2026-02-16,M10,0,1,255
2026-02-17,M10,0,2,253
2026-02-18,M10,0,0,253
2026-02-19,M10,0,2,251
2026-02-20,M10,0,2,249
2026-02-21,M10,0,3,246
2026-02-22,M10,0,3,243
2026-02-23,M10,0,4,239
2026-02-24,M10,43,5,277
2026-02-25,M10,0,3,274
2026-02-26,M10,0,3,271
2026-02-27,M10,0,6,265
2026-02-28,M10,0,2,263
2026-03-01,M10,0,4,259
2026-03-02,M10,0,2,257
2026-03-03,M10,0,2,255
2026-03-04,M10,0,2,253
2026-03-05,M10,0,2,251
2026-03-06,M10,0,3,248
2026-03-07,M10,0,2,246
2026-03-08,M10,0,4,242
2026-03-09,M10,0,3,239
2026-03-10,M10,48,3,284
2026-03-11,M10,0,1,283
2026-03-12,M10,0,5,278
2026-03-13,M10,0,2,276
2026-03-14,M10,0,5,271
2026-03-15,M10,0,6,265
2026-03-16,M10,0,1,264
2026-03-17,M10,0,3,261
2026-03-18,M10,0,2,259
2026-03-19,M10,0,3,256
2026-03-20,M10,0,6,250
2026-03-21,M10,0,3,247
2026-03-22,M10,0,2,245
2026-03-23,M10,0,4,241
2026-03-24,M10,59,3,297
2026-03-25,M10,0,4,293
2026-03-26,M10,0,4,289
2026-03-27,M10,0,5,284
2026-03-28,M10,0,4,280
2026-03-29,M10,0,2,278
2026-03-30,M10,0,3,275
2026-03-31,M10,0,1,274
2026-04-01,M10,0,4,270
2026-04-02,M10,0,2,268
2026-04-03,M10,0,6,262
2026-04-04,M10,0,0,262
2026-04-05,M10,0,4,258
2026-04-06,M10,0,2,256
2026-04-07,M10,0,3,253
2026-04-08,M10,0,3,250
2026-04-09,M10,0,3,247
2026-04-10,M10,48,5,290
2026-04-11,M10,0,4,286
2026-04-12,M10,0,5,281
2026-04-13,M10,0,2,279
2026-04-14,M10,0,3,276
2026-04-15,M10,0,2,274
2026-04-16,M10,0,3,271
2026-04-17,M10,0,2,269
2026-04-18,M10,0,1,268
2026-04-19,M10,0,3,265
2026-04-20,M10,0,4,261
2026-04-21,M10,0,3,258
2026-04-22,M10,0,3,255
2026-04-23,M10,0,1,254
2026-04-24,M10,51,6,299
2026-04-25,M10,0,4,295
2026-04-26,M10,0,1,294
2026-04-27,M10,0,1,293
2026-04-28,M10,0,3,290
2026-04-29,M10,0,0,290
2026-04-30,M10,0,7,283
2026-05-01,M10,0,4,279
2026-05-02,M10,0,4,275
2026-05-03,M10,0,2,273
2026-05-04,M10,0,3,270
2026-05-05,M10,0,5,265
2026-05-06,M10,0,2,263
2026-05-07,M10,0,0,263
2026-05-08,M10,0,2,261
2026-05-09,M10,0,4,257
2026-05-10,M10,52,3,306
2026-05-11,M10,0,3,303
2026-05-12,M10,0,1,302
2026-05-13,M10,0,3,299
2026-05-14,M10,0,5,294
2026-05-15,M10,0,2,292
2026-05-16,M10,0,2,290
2026-05-17,M10,0,2,288
2026-05-18,M10,0,2,286
2026-05-19,M10,0,3,283
2026-05-20,M10,0,3,280
2026-05-21,M10,0,2,-2
2026-05-22,M10,0,2,276
2026-05-23,M10,0,4,272
2026-05-24,M10,51,3,320
2026-05-25,M10,0,6,314
2026-05-26,M10,0,4,310
2026-05-27,M10,0,3,307
2026-05-28,M10,0,4,303
2026-05-29,M10,0,3,300
2026-05-30,M10,0,2,298
2026-05-31,M10,0,2,296
2026-06-01,M10,0,6,290
2026-06-02,M10,0,2,288
2026-06-03,M10,0,3,285
2026-06-04,M10,0,3,282
2026-06-05,M10,0,3,279
2026-06-06,M10,0,4,275
2026-06-07,M10,0,4,271
2026-06-08,M10,0,3,268
2026-06-09,M10,0,2,266
2026-06-10,M10,41,3,304
2026-06-11,M10,0,1,303
2026-06-12,M10,0,1,302
2026-06-13,M10,0,3,299
2026-06-14,M10,0,3,296
2026-06-15,M10,0,7,289
2026-06-16,M10,0,2,287
2026-06-17,M10,0,4,283
2026-06-18,M10,0,7,276
2026-06-19,M10,0,2,274
2026-06-20,M10,0,3,271
2026-06-21,M10,0,2,269
2026-06-22,M10,0,9,260
2026-06-23,M10,0,3,257
2026-06-24,M10,43,4,296
2026-06-25,M10,0,3,293
2026-06-26,M10,0,1,292
2026-06-27,M10,0,3,289
2026-06-28,M10,0,4,285
2026-06-29,M10,0,5,280
2026-06-30,M10,0,5,275
2026-07-01,M10,0,2,273
2026-07-02,M10,0,1,272
2026-07-03,M10,0,4,268
2026-07-04,M10,0,5,263
2026-07-05,M10,0,5,258
2026-07-06,M10,0,4,254
2026-07-07,M10,0,0,254
2026-07-08,M10,0,6,248
2026-07-09,M10,0,2,246
2026-07-10,M10,49,2,293
2026-07-11,M10,0,7,286
2026-07-12,M10,0,2,284
2026-07-13,M10,0,2,282
2026-07-14,M10,0,3,279
2026-07-15,M10,0,2,277
2026-07-16,M10,0,0,277
2026-07-17,M10,0,2,275
2026-07-18,M10,0,4,271
2026-07-19,M10,0,2,269
2026-07-20,M10,0,5,264
2026-07-21,M10,0,3,261
2026-07-22,M10,0,2,259
2026-07-23,M10,0,3,256
2026-07-24,M10,47,1,302
2026-07-25,M10,0,2,300
2026-07-26,M10,0,3,297
2026-07-27,M10,0,8,289
2026-07-28,M10,0,3,286
2026-07-29,M10,0,2,284
2026-07-30,M10,0,1,283
2026-07-31,M10,0,3,280
2026-08-01,M10,0,4,276
2026-08-02,M10,0,4,272
2026-08-03,M10,0,2,270
2026-08-04,M10,0,2,268
2026-08-05,M10,0,2,266
2026-08-06,M10,0,3,263
2026-08-07,M10,0,4,259
2026-08-08,M10,0,3,256
2026-08-09,M10,0,5,251
2026-08-10,M10,42,4,289
2026-08-11,M10,0,4,285
2026-08-12,M10,0,6,279
2026-08-13,M10,0,3,276
2026-08-14,M10,0,3,273
2026-08-15,M10,0,4,269
2026-08-16,M10,0,6,263
2026-08-17,M10,0,1,262
2026-08-18,M10,0,2,260
2026-08-19,M10,0,5,255
2026-08-20,M10,0,4,251
2026-08-21,M10,0,1,250
2026-08-22,M10,0,1,249
2026-08-23,M10,0,6,243
2026-08-24,M10,44,3,284
2026-08-25,M10,0,4,280
2026-08-26,M10,0,3,277
2026-08-27,M10,0,1,276
2026-08-28,M10,0,2,274
2026-08-29,M10,0,3,271
2026-08-30,M10,0,1,270
2026-08-31,M10,0,2,268
2026-09-01,M10,0,2,266
2026-09-02,M10,0,1,265
2026-09-03,M10,0,2,263
2026-09-04,M10,0,7,256
2026-09-05,M10,0,3,253
2026-09-06,M10,0,4,249
2026-09-07,M10,0,1,248
2026-09-08,M10,0,4,244
2026-09-09,M10,0,1,243
2026-09-10,M10,51,2,292
2026-09-11,M10,0,5,287
2026-09-12,M10,0,1,286
2026-09-13,M10,0,3,283
2026-09-14,M10,0,4,279
2026-09-15,M10,0,4,275
2026-09-16,M10,0,1,274
2026-09-17,M10,0,2,272
2026-09-18,M10,0,1,271
2026-09-19,M10,0,3,268
2026-09-20,M10,0,5,263
2026-09-21,M10,0,1,262
2026-09-22,M10,0,2,260
2026-09-23,M10,0,2,258
2026-09-24,M10,35,3,290
2026-09-25,M10,0,3,287
2026-09-26,M10,0,5,282
2026-09-27,M10,0,4,278
2026-09-28,M10,0,2,276
2026-09-29,M10,0,2,274
2026-09-30,M10,0,2,272
2026-10-01,M10,0,0,272
2026-10-02,M10,0,0,272
2026-10-03,M10,0,6,266
2026-10-04,M10,0,5,261
2026-10-05,M10,0,2,259
2026-10-06,M10,0,3,256
2026-10-07,M10,0,1,255
2026-10-08,M10,0,3,252
2026-10-09,M10,0,4,248
2026-10-10,M10,41,5,284
2026-10-11,M10,0,2,282
2026-10-12,M10,0,2,280
2026-10-13,M10,0,2,278
2026-10-14,M10,0,2,276
2026-10-15,M10,0,4,272
2026-10-16,M10,0,5,267
2026-10-17,M10,0,5,262
2026-10-18,M10,0,5,257
2026-10-19,M10,0,2,255
2026-10-20,M10,0,1,254
2026-10-21,M10,0,4,250
2026-10-22,M10,0,3,247
2026-10-23,M10,0,3,244
2026-10-24,M10,43,2,285
2026-10-25,M10,0,4,281
2026-10-26,M10,0,5,276
2026-10-27,M10,0,6,270
2026-10-28,M10,0,4,266
2026-10-29,M10,0,3,263
2026-10-30,M10,0,2,261
2026-10-31,M10,0,2,259
2026-11-01,M10,0,6,253
2026-11-02,M10,0,1,252
2026-11-03,M10,0,6,246
2026-11-04,M10,0,1,245
2026-11-05,M10,0,2,243
2026-11-06,M10,0,1,242
2026-11-07,M10,0,8,234
2026-11-08,M10,0,0,234
2026-11-09,M10,0,1,233
2026-11-10,M10,52,1,284
2026-11-11,M10,0,3,281
2026-11-12,M10,0,1,280
2026-11-13,M10,0,4,276
2026-11-14,M10,0,1,275
2026-11-15,M10,0,2,273
2026-11-16,M10,0,2,271
2026-11-17,M10,0,4,267
2026-11-18,M10,0,3,264
2026-11-19,M10,0,2,262
2026-11-20,M10,0,3,259
2026-11-21,M10,0,3,256
2026-11-22,M10,0,1,255
2026-11-23,M10,0,6,249
2026-11-24,M10,49,3,295
2026-11-25,M10,0,4,291
2026-11-26,M10,0,2,289
2026-11-27,M10,0,2,287
2026-11-28,M10,0,1,286
2026-11-29,M10,0,2,284
2026-11-30,M10,0,2,282
2026-12-01,M10,0,3,279
2026-12-02,M10,0,6,273
2026-12-03,M10,0,1,272
2026-12-04,M10,0,2,270
2026-12-05,M10,0,2,268
2026-12-06,M10,0,2,266
2026-12-07,M10,0,1,265
2026-12-08,M10,0,3,262
2026-12-09,M10,0,7,255
2026-12-10,M10,52,3,304
2026-12-11,M10,0,3,301
2026-12-12,M10,0,4,297
2026-12-13,M10,0,2,295
2026-12-14,M10,0,3,292
2026-12-15,M10,0,5,287
2026-12-16,M10,0,2,285
2026-12-17,M10,0,1,284
2026-12-18,M10,0,6,278
2026-12-19,M10,0,2,276
2026-12-20,M10,0,3,273
2026-12-21,M10,0,4,269
2026-12-22,M10,0,5,264
2026-12-23,M10,0,3,261
2026-12-24,M10,38,2,297
2026-12-25,M10,0,5,292
2026-12-26,M10,0,2,290
2026-12-27,M10,0,3,287
2026-12-28,M10,0,3,284
2026-12-29,M10,0,2,282
2026-12-30,M10,0,2,280
2026-12-31,M10,0,2,278
2025-01-01,M11,0,4,186
2025-01-02,M11,0,2,184
2025-01-03,M11,0,5,179
2025-01-04,M11,0,0,179
2025-01-05,M11,0,2,177
2025-01-06,M11,0,3,174
2025-01-07,M11,0,0,174
2025-01-08,M11,0,3,171
2025-01-09,M11,0,1,170
2025-01-10,M11,0,2,168
2025-01-11,M11,29,0,197
2025-01-12,M11,0,3,194
2025-01-13,M11,0,1,193
2025-01-14,M11,0,2,191
2025-01-15,M11,0,2,189
2025-01-16,M11,0,1,188
2025-01-17,M11,0,1,187
2025-01-18,M11,0,0,187
2025-01-19,M11,0,1,186
2025-01-20,M11,0,1,185
2025-01-21,M11,0,4,181
2025-01-22,M11,0,1,180
2025-01-23,M11,0,1,179
2025-01-24,M11,0,2,177
2025-01-25,M11,32,1,208
2025-01-26,M11,0,5,203
2025-01-27,M11,0,2,201
2025-01-28,M11,0,1,200
2025-01-29,M11,0,1,199
2025-01-30,M11,0,6,193
2025-01-31,M11,0,2,191
2025-02-01,M11,0,2,189
2025-02-02,M11,0,3,186
2025-02-03,M11,0,3,183
2025-02-04,M11,0,2,181
2025-02-05,M11,0,3,178
2025-02-06,M11,0,1,177
2025-02-07,M11,0,1,176
2025-02-08,M11,0,2,174
2025-02-09,M11,0,3,171
2025-02-10,M11,0,2,169
2025-02-11,M11,38,1,206
2025-02-12,M11,0,4,202
2025-02-13,M11,0,3,199
2025-02-14,M11,0,1,198
2025-02-15,M11,0,0,198
2025-02-16,M11,0,0,198
2025-02-17,M11,0,2,196
2025-02-18,M11,0,2,194
2025-02-19,M11,0,1,193
2025-02-20,M11,0,0,193
2025-02-21,M11,0,3,190
2025-02-22,M11,0,1,189
2025-02-23,M11,0,2,187
2025-02-24,M11,0,5,182
2025-02-25,M11,38,1,219
2025-02-26,M11,0,2,217
2025-02-27,M11,0,2,215
2025-02-28,M11,0,3,212
2025-03-01,M11,0,0,212
2025-03-02,M11,0,1,211
2025-03-03,M11,0,2,209
2025-03-04,M11,0,1,208
2025-03-05,M11,0,2,206
2025-03-06,M11,0,3,203
2025-03-07,M11,0,2,201
2025-03-08,M11,0,3,198
2025-03-09,M11,0,2,196
2025-03-10,M11,0,2,194
2025-03-11,M11,29,2,221
2025-03-12,M11,0,0,221
2025-03-13,M11,0,6,215
2025-03-14,M11,0,6,209
2025-03-15,M11,0,0,209
2025-03-16,M11,0,1,208
2025-03-17,M11,0,1,207
2025-03-18,M11,0,0,207
2025-03-19,M11,0,3,204
2025-03-20,M11,0,0,204
2025-03-21,M11,0,0,204
2025-03-22,M11,0,2,202
2025-03-23,M11,0,1,201
2025-03-24,M11,0,4,197
2025-03-25,M11,26,1,222
2025-03-26,M11,0,0,222
2025-03-27,M11,0,4,218
2025-03-28,M11,0,0,218
2025-03-29,M11,0,1,217
2025-03-30,M11,0,1,216
2025-03-31,M11,0,3,213
2025-04-01,M11,0,2,211
2025-04-02,M11,0,2,209
2025-04-03,M11,0,3,206
2025-04-04,M11,0,1,205
2025-04-05,M11,0,0,205
2025-04-06,M11,0,1,204
2025-04-07,M11,0,3,201
2025-04-08,M11,0,1,200
2025-04-09,M11,0,2,198
2025-04-10,M11,0,3,195
2025-04-11,M11,28,1,222
2025-04-12,M11,0,3,219
2025-04-13,M11,0,2,217
2025-04-14,M11,0,2,215
2025-04-15,M11,0,4,211
2025-04-16,M11,0,4,207
2025-04-17,M11,0,1,206
2025-04-18,M11,0,1,205
2025-04-19,M11,0,3,202
2025-04-20,M11,0,4,198
2025-04-21,M11,0,3,195
2025-04-22,M11,0,2,193
2025-04-23,M11,0,3,190
2025-04-24,M11,0,2,188
2025-04-25,M11,43,1,230
2025-04-26,M11,0,1,229
2025-04-27,M11,0,2,227
2025-04-28,M11,0,4,223
2025-04-29,M11,0,2,221
2025-04-30,M11,0,2,219
2025-05-01,M11,0,1,218
2025-05-02,M11,0,4,214
2025-05-03,M11,0,7,207
2025-05-04,M11,0,2,205
2025-05-05,M11,0,4,201
2025-05-06,M11,0,0,201
2025-05-07,M11,0,2,199
2025-05-08,M11,0,1,198
2025-05-09,M11,0,1,197
2025-05-10,M11,0,1,196
2025-05-11,M11,32,2,226
2025-05-12,M11,0,0,226
2025-05-13,M11,0,1,225
2025-05-14,M11,0,2,223
2025-05-15,M11,0,1,222
2025-05-16,M11,0,1,221
2025-05-17,M11,0,2,219
2025-05-18,M11,0,1,218
2025-05-19,M11,0,3,215
2025-05-20,M11,0,1,214
2025-05-21,M11,0,3,211
2025-05-22,M11,0,1,210
2025-05-23,M11,0,4,206
2025-05-24,M11,0,2,204
2025-05-25,M11,36,3,237
2025-05-26,M11,0,1,236
2025-05-27,M11,0,0,236
2025-05-28,M11,0,3,233
2025-05-29,M11,0,3,230
2025-05-30,M11,0,1,229
2025-05-31,M11,0,2,227
2025-06-01,M11,0,2,225
2025-06-02,M11,0,1,224
2025-06-03,M11,0,1,223
2025-06-04,M11,0,2,221
2025-06-05,M11,0,2,219
2025-06-06,M11,0,4,215
2025-06-07,M11,0,1,214
2025-06-08,M11,0,2,212
2025-06-09,M11,0,2,210
2025-06-10,M11,0,2,208
2025-06-11,M11,39,3,244
2025-06-12,M11,0,3,241
2025-06-13,M11,0,1,240
2025-06-14,M11,0,2,238
2025-06-15,M11,0,3,235
2025-06-16,M11,0,4,231
2025-06-17,M11,0,1,230
2025-06-18,M11,0,0,230
2025-06-19,M11,0,0,230
2025-06-20,M11,0,1,229
2025-06-21,M11,0,1,228
2025-06-22,M11,0,2,226
2025-06-23,M11,0,2,224
2025-06-24,M11,0,1,223
2025-06-25,M11,49,1,271
2025-06-26,M11,0,2,269
2025-06-27,M11,0,1,268
2025-06-28,M11,0,1,267
2025-06-29,M11,0,0,267
2025-06-30,M11,0,1,266
2025-07-01,M11,0,0,266
2025-07-02,M11,0,0,266
2025-07-03,M11,0,4,262
2025-07-04,M11,0,5,257
2025-07-05,M11,0,1,256
2025-07-06,M11,0,1,255
2025-07-07,M11,0,6,249
2025-07-08,M11,0,1,248
2025-07-09,M11,0,2,246
2025-07-10,M11,0,2,244
2025-07-11,M11,33,2,275
2025-07-12,M11,0,4,271
2025-07-13,M11,0,0,271
2025-07-14,M11,0,1,270
2025-07-15,M11,0,3,267
2025-07-16,M11,0,3,264
2025-07-17,M11,0,1,263
2025-07-18,M11,0,4,259
2025-07-19,M11,0,3,256
2025-07-20,M11,0,0,256
2025-07-21,M11,0,1,255
2025-07-22,M11,0,3,252
2025-07-23,M11,0,2,250
2025-07-24,M11,0,2,248
2025-07-25,M11,35,1,282
2025-07-26,M11,0,1,281
2025-07-27,M11,0,1,280
2025-07-28,M11,0,2,278
2025-07-29,M11,0,2,276
2025-07-30,M11,0,3,273
2025-07-31,M11,0,2,271
2025-08-01,M11,0,1,270
2025-08-02,M11,0,0,270
2025-08-03,M11,0,1,269
2025-08-04,M11,0,3,266
2025-08-05,M11,0,2,264
2025-08-06,M11,0,3,261
2025-08-07,M11,0,4,257
2025-08-08,M11,0,4,253
2025-08-09,M11,0,2,251
2025-08-10,M11,0,2,249
2025-08-11,M11,33,1,281
2025-08-12,M11,0,1,280
2025-08-13,M11,0,1,279
2025-08-14,M11,0,3,276
2025-08-15,M11,0,3,273
2025-08-16,M11,0,0,273
2025-08-17,M11,0,2,271
2025-08-18,M11,0,2,269
2025-08-19,M11,0,0,269
2025-08-20,M11,0,0,269
2025-08-21,M11,0,2,267
2025-08-22,M11,0,2,265
2025-08-23,M11,0,4,261
2025-08-24,M11,0,0,261
2025-08-25,M11,32,2,291
2025-08-26,M11,0,2,289
2025-08-27,M11,0,4,285
2025-08-28,M11,0,1,284
2025-08-29,M11,0,1,283
2025-08-30,M11,0,1,282
2025-08-31,M11,0,1,281
2025-09-01,M11,0,2,279
2025-09-02,M11,0,3,276
2025-09-03,M11,0,1,275
2025-09-04,M11,0,2,273
2025-09-05,M11,0,1,272
2025-09-06,M11,0,2,270
2025-09-07,M11,0,3,267
2025-09-08,M11,0,1,266
2025-09-09,M11,0,1,265
2025-09-10,M11,0,2,263
2025-09-11,M11,27,2,288
2025-09-12,M11,0,3,285
2025-09-13,M11,0,2,283
2025-09-14,M11,0,1,282
2025-09-15,M11,0,2,280
2025-09-16,M11,0,4,276
2025-09-17,M11,0,2,274
2025-09-18,M11,0,1,273
2025-09-19,M11,0,1,272
2025-09-20,M11,0,5,267
2025-09-21,M11,0,2,265
2025-09-22,M11,0,2,263
2025-09-23,M11,0,1,262
2025-09-24,M11,0,1,261
2025-09-25,M11,26,0,287
2025-09-26,M11,0,0,287
2025-09-27,M11,0,1,286
2025-09-28,M11,0,3,283
2025-09-29,M11,0,0,283
2025-09-30,M11,0,3,280
2025-10-01,M11,0,2,278
2025-10-02,M11,0,3,275
2025-10-03,M11,0,2,273
2025-10-04,M11,0,2,271
2025-10-05,M11,0,1,270
2025-10-06,M11,0,1,269
2025-10-07,M11,0,4,265
2025-10-08,M11,0,3,262
2025-10-09,M11,0,2,260
2025-10-10,M11,0,7,253
2025-10-11,M11,33,2,284
2025-10-12,M11,0,1,283
2025-10-13,M11,0,3,280
2025-10-14,M11,0,2,278
2025-10-15,M11,0,2,276
2025-10-16,M11,0,0,276
2025-10-17,M11,0,1,275
2025-10-18,M11,0,2,273
2025-10-19,M11,0,1,272
2025-10-20,M11,0,3,269
2025-10-21,M11,0,1,268
2025-10-22,M11,0,0,268
2025-10-23,M11,0,3,265
2025-10-24,M11,0,3,262
2025-10-25,M11,40,2,300
2025-10-26,M11,0,4,296
2025-10-27,M11,0,1,295
2025-10-28,M11,0,0,295
2025-10-29,M11,0,4,291
2025-10-30,M11,0,2,289
2025-10-31,M11,0,2,287
2025-11-01,M11,0,2,285
2025-11-02,M11,0,2,283
2025-11-03,M11,0,0,283
2025-11-04,M11,0,1,282
2025-11-05,M11,0,1,281
2025-11-06,M11,0,2,279
2025-11-07,M11,0,1,278
2025-11-08,M11,0,2,276
2025-11-09,M11,0,2,274
2025-11-10,M11,0,3,271
2025-11-11,M11,30,4,297
2025-11-12,M11,0,0,297
2025-11-13,M11,0,1,296
2025-11-14,M11,0,0,296
2025-11-15,M11,0,2,294
2025-11-16,M11,0,2,292
2025-11-17,M11,0,4,288
2025-11-18,M11,0,1,287
2025-11-19,M11,0,2,285
2025-11-20,M11,0,0,285
2025-11-21,M11,0,1,284
2025-11-22,M11,0,1,283
2025-11-23,M11,0,2,281
2025-11-24,M11,0,2,279
2025-11-25,M11,24,1,302
2025-11-26,M11,0,1,301
2025-11-27,M11,0,4,297
2025-11-28,M11,0,2,295
2025-11-29,M11,0,2,293
2025-11-30,M11,0,3,290
2025-12-01,M11,0,1,289
2025-12-02,M11,0,3,286
2025-12-03,M11,0,4,282
2025-12-04,M11,0,1,281
2025-12-05,M11,0,4,277
2025-12-06,M11,0,0,277
2025-12-07,M11,0,5,272
2025-12-08,M11,0,1,271
2025-12-09,M11,0,1,270
2025-12-10,M11,0,1,269
2025-12-11,M11,39,2,306
2025-12-12,M11,0,4,302
2025-12-12,M11,0,4,302
2025-12-13,M11,0,0,302
2025-12-14,M11,0,2,300
2025-12-15,M11,0,2,298
2025-12-16,M11,0,5,293
2025-12-17,M11,0,3,290
2025-12-18,M11,0,0,290
2025-12-19,M11,0,2,288
2025-12-20,M11,0,4,284
2025-12-21,M11,0,3,281
2025-12-22,M11,0,1,280
2025-12-23,M11,0,1,279
2025-12-24,M11,0,4,275
2025-12-25,M11,31,0,306
2025-12-26,M11,0,2,304
2025-12-27,M11,0,1,303
2025-12-28,M11,0,5,298
2025-12-29,M11,0,3,295
2025-12-30,M11,0,0,295
2025-12-31,M11,0,1,294
2026-01-01,M11,0,2,292
2026-01-02,M11,0,0,292
2026-01-03,M11,0,1,291
2026-01-04,M11,0,5,286
2026-01-05,M11,0,2,284
2026-01-06,M11,0,2,282
2026-01-07,M11,0,1,281
2026-01-08,M11,0,1,280
2026-01-09,M11,0,2,278
2026-01-10,M11,0,1,277
2026-01-11,M11,34,5,306
2026-01-12,M11,0,3,303
2026-01-13,M11,0,2,301
2026-01-14,M11,0,3,298
2026-01-15,M11,0,1,297
2026-01-16,M11,0,2,295
2026-01-17,M11,0,4,291
2026-01-18,M11,0,0,291
2026-01-19,M11,0,1,290
2026-01-20,M11,0,2,288
2026-01-21,M11,0,1,287
2026-01-22,M11,0,2,285
2026-01-23,M11,0,1,284
2026-01-24,M11,0,1,283
2026-01-25,M11,37,5,315
2026-01-26,M11,0,2,313
2026-01-27,M11,0,0,313
2026-01-28,M11,0,1,312
2026-01-29,M11,0,1,311
2026-01-30,M11,0,2,309
2026-01-31,M11,0,2,307
2026-02-01,M11,0,1,306
2026-02-02,M11,0,1,305
2026-02-03,M11,0,2,303
2026-02-04,M11,0,2,301
2026-02-05,M11,0,4,297
2026-02-06,M11,0,2,295
2026-02-07,M11,0,1,294
2026-02-08,M11,0,0,294
2026-02-09,M11,0,3,291
2026-02-10,M11,0,3,288
2026-02-11,M11,36,4,320
2026-02-12,M11,0,2,318
2026-02-13,M11,0,4,314
2026-02-14,M11,0,2,312
2026-02-15,M11,0,0,312
2026-02-16,M11,0,2,310
2026-02-17,M11,0,2,308
2026-02-18,M11,0,1,307
2026-02-19,M11,0,3,304
2026-02-20,M11,0,2,302
2026-02-21,M11,0,0,302
2026-02-22,M11,0,1,301
2026-02-23,M11,0,0,301
2026-02-24,M11,0,0,301
2026-02-25,M11,32,1,332
2026-02-26,M11,0,3,329
2026-02-27,M11,0,1,328
2026-02-28,M11,0,1,327
2026-03-01,M11,0,2,325
2026-03-02,M11,0,2,323
2026-03-03,M11,0,0,323
2026-03-04,M11,0,2,321
2026-03-05,M11,0,3,318
2026-03-06,M11,0,2,316
2026-03-07,M11,0,3,313
2026-03-08,M11,0,1,312
2026-03-09,M11,0,2,310
2026-03-10,M11,0,5,305
2026-03-11,M11,28,1,332
2026-03-12,M11,0,3,329
2026-03-13,M11,0,5,324
2026-03-14,M11,0,2,322
2026-03-15,M11,0,2,320
2026-03-16,M11,0,2,318
2026-03-17,M11,0,4,314
2026-03-18,M11,0,1,313
2026-03-19,M11,0,0,313
2026-03-20,M11,0,1,312
2026-03-21,M11,0,2,310
2026-03-22,M11,0,1,309
2026-03-23,M11,0,4,305
2026-03-24,M11,0,1,304
2026-03-25,M11,31,0,335
2026-03-26,M11,0,0,335
2026-03-27,M11,0,3,332
2026-03-28,M11,0,1,331
2026-03-29,M11,0,4,327
2026-03-30,M11,0,3,324
2026-03-31,M11,0,2,322
2026-04-01,M11,0,4,318
2026-04-02,M11,0,0,318
2026-04-03,M11,0,0,318
2026-04-04,M11,0,3,315
2026-04-05,M11,0,1,314
2026-04-06,M11,0,0,314
2026-04-07,M11,0,4,310
2026-04-08,M11,0,0,310
2026-04-09,M11,0,3,307
2026-04-10,M11,0,2,305
2026-04-11,M11,32,0,337
2026-04-12,M11,0,1,336
2026-04-13,M11,0,3,333
2026-04-14,M11,0,3,330
2026-04-15,M11,0,1,329
2026-04-16,M11,0,1,328
2026-04-17,M11,0,0,328
2026-04-18,M11,0,4,324
2026-04-19,M11,0,1,323
2026-04-20,M11,0,3,320
2026-04-21,M11,0,4,316
2026-04-22,M11,0,4,312
2026-04-23,M11,0,0,312
2026-04-24,M11,0,5,307
2026-04-25,M11,32,4,335
2026-04-26,M11,0,4,331
2026-04-27,M11,0,3,328
2026-04-28,M11,0,0,328
2026-04-29,M11,0,8,320
2026-04-30,M11,0,1,319
2026-05-01,M11,0,0,319
2026-05-02,M11,0,1,318
2026-05-03,M11,0,2,316
2026-05-04,M11,0,0,316
2026-05-05,M11,0,5,311
2026-05-06,M11,0,2,309
2026-05-07,M11,0,1,308
2026-05-08,M11,0,1,307
2026-05-09,M11,0,3,304
2026-05-10,M11,0,5,299
2026-05-11,M11,40,1,338
2026-05-12,M11,0,2,336
2026-05-13,M11,0,1,335
2026-05-14,M11,0,5,330
2026-05-15,M11,0,1,329
2026-05-16,M11,0,2,327
2026-05-17,M11,0,1,326
2026-05-18,M11,0,0,326
2026-05-19,M11,0,2,324
2026-05-20,M11,0,4,320
2026-05-21,M11,0,3,317
2026-05-22,M11,0,4,313
2026-05-23,M11,0,3,310
2026-05-24,M11,0,1,309
2026-05-25,M11,41,0,350
2026-05-26,M11,0,2,348
2026-05-27,M11,0,2,346
2026-05-28,M11,0,0,346
2026-05-29,M11,0,0,346
2026-05-30,M11,0,3,343
2026-05-31,M11,0,2,341
2026-06-01,M11,0,6,335
2026-06-02,M11,0,2,333
2026-06-03,M11,0,3,330
2026-06-04,M11,0,3,327
2026-06-05,M11,0,0,327
2026-06-06,M11,0,1,326
2026-06-07,M11,0,3,323
2026-06-08,M11,0,1,322
2026-06-09,M11,0,5,317
2026-06-10,M11,0,1,316
2026-06-11,M11,24,2,338
2026-06-12,M11,0,1,337
2026-06-13,M11,0,1,336
2026-06-14,M11,0,2,334
2026-06-15,M11,0,2,332
2026-06-16,M11,0,1,331
2026-06-17,M11,0,2,329
2026-06-18,M11,0,2,327
2026-06-19,M11,0,3,324
2026-06-20,M11,0,1,323
2026-06-21,M11,0,1,322
2026-06-22,M11,0,1,321
2026-06-23,M11,0,1,320
2026-06-24,M11,0,1,319
2026-06-25,M11,32,1,350
2026-06-26,M11,0,2,348
2026-06-27,M11,0,0,348
2026-06-28,M11,0,3,345
2026-06-29,M11,0,2,343
2026-06-30,M11,0,1,342
2026-07-01,M11,0,6,336
2026-07-02,M11,0,3,333
2026-07-03,M11,0,1,332
2026-07-04,M11,0,4,328
2026-07-05,M11,0,4,324
2026-07-06,M11,0,2,322
2026-07-07,M11,0,2,320
2026-07-08,M11,0,6,314
2026-07-09,M11,0,3,311
2026-07-10,M11,0,1,310
2026-07-11,M11,36,2,344
2026-07-12,M11,0,2,342
2026-07-13,M11,0,1,341
2026-07-14,M11,0,4,337
2026-07-15,M11,0,2,335
2026-07-16,M11,0,3,332
2026-07-17,M11,0,3,329
2026-07-18,M11,0,1,328
2026-07-19,M11,0,1,327
2026-07-20,M11,0,1,326
2026-07-21,M11,0,3,323
2026-07-22,M11,0,6,317
2026-07-23,M11,0,2,315
2026-07-24,M11,0,2,313
2026-07-25,M11,33,5,341
2026-07-26,M11,0,7,334
2026-07-27,M11,0,1,333
2026-07-28,M11,0,2,331
2026-07-29,M11,0,1,330
2026-07-30,M11,0,2,328
2026-07-31,M11,0,3,325
2026-08-01,M11,0,3,322
2026-08-02,M11,0,0,322
2026-08-03,M11,0,2,320
2026-08-04,M11,0,8,312
2026-08-05,M11,0,1,311
2026-08-06,M11,0,2,309
2026-08-07,M11,0,1,308
2026-08-08,M11,0,1,307
2026-08-09,M11,0,2,305
2026-08-10,M11,0,2,303
2026-08-11,M11,33,5,331
2026-08-12,M11,0,3,328
2026-08-13,M11,0,3,325
2026-08-14,M11,0,3,322
2026-08-15,M11,0,2,320
2026-08-16,M11,0,1,319
2026-08-17,M11,0,1,318
2026-08-18,M11,0,0,318
2026-08-19,M11,0,0,318
2026-08-20,M11,0,3,315
2026-08-21,M11,0,1,314
2026-08-22,M11,0,2,312
2026-08-23,M11,0,2,310
2026-08-24,M11,0,0,310
2026-08-25,M11,33,2,341
2026-08-26,M11,0,2,339
2026-08-27,M11,0,1,338
2026-08-28,M11,0,1,337
2026-08-29,M11,0,4,333
2026-08-30,M11,0,0,333
2026-08-31,M11,0,2,331
2026-09-01,M11,0,3,328
2026-09-02,M11,0,2,326
2026-09-03,M11,0,1,325
2026-09-04,M11,0,3,322
2026-09-05,M11,0,2,320
2026-09-06,M11,0,3,317
2026-09-07,M11,0,0,317
2026-09-08,M11,0,3,314
2026-09-09,M11,0,1,313
2026-09-10,M11,0,0,313
2026-09-11,M11,17,5,325
2026-09-12,M11,0,1,324
2026-09-13,M11,0,2,322
2026-09-14,M11,0,3,319
2026-09-15,M11,0,0,319
2026-09-16,M11,0,2,317
2026-09-17,M11,0,3,314
2026-09-18,M11,0,2,312
2026-09-19,M11,0,2,310
2026-09-20,M11,0,4,306
2026-09-21,M11,0,1,305
2026-09-22,M11,0,4,301
2026-09-23,M11,0,2,299
2026-09-24,M11,0,0,299
2026-09-25,M11,36,1,334
2026-09-26,M11,0,2,332
2026-09-27,M11,0,3,329
2026-09-28,M11,0,4,325
2026-09-29,M11,0,5,320
2026-09-30,M11,0,2,318
2026-10-01,M11,0,0,318
2026-10-02,M11,0,2,316
2026-10-03,M11,0,6,310
2026-10-04,M11,0,4,306
2026-10-05,M11,0,2,304
2026-10-06,M11,0,3,301
2026-10-07,M11,0,1,300
2026-10-08,M11,0,1,299
2026-10-09,M11,0,5,294
2026-10-10,M11,0,0,294
2026-10-11,M11,31,0,325
2026-10-12,M11,0,0,325
2026-10-13,M11,0,5,320
2026-10-14,M11,0,2,318
2026-10-15,M11,0,1,317
2026-10-16,M11,0,2,315
2026-10-17,M11,0,3,312
2026-10-18,M11,0,2,310
2026-10-19,M11,0,2,308
2026-10-20,M11,0,1,307
2026-10-21,M11,0,1,306
2026-10-22,M11,0,1,305
2026-10-23,M11,0,1,304
2026-10-24,M11,0,4,300
2026-10-25,M11,30,1,329
2026-10-26,M11,0,4,325
2026-10-27,M11,0,1,324
2026-10-28,M11,0,2,322
2026-10-29,M11,0,3,319
2026-10-30,M11,0,1,318
2026-10-31,M11,0,1,317
2026-11-01,M11,0,1,316
2026-11-02,M11,0,0,316
2026-11-03,M11,0,3,313
2026-11-04,M11,0,3,310
2026-11-05,M11,0,5,305
2026-11-06,M11,0,2,303
2026-11-07,M11,0,5,298
2026-11-08,M11,0,4,294
2026-11-09,M11,0,2,292
2026-11-10,M11,0,3,289
2026-11-11,M11,40,2,327
2026-11-12,M11,0,2,325
2026-11-13,M11,0,1,324
2026-11-14,M11,0,0,324
2026-11-15,M11,0,2,322
2026-11-16,M11,0,2,320
2026-11-17,M11,0,1,319
2026-11-18,M11,0,4,315
2026-11-19,M11,0,1,314
2026-11-20,M11,0,0,314
2026-11-21,M11,0,3,311
2026-11-22,M11,0,1,310
2026-11-23,M11,0,1,309
2026-11-24,M11,0,1,308
2026-11-25,M11,27,0,335
2026-11-26,M11,0,1,334
2026-11-27,M11,0,0,334
2026-11-28,M11,0,3,331
2026-11-29,M11,0,0,331
2026-11-30,M11,0,3,328
2026-12-01,M11,0,1,327
2026-12-02,M11,0,1,326
2026-12-03,M11,0,3,323
2026-12-04,M11,0,1,322
2026-12-05,M11,0,2,320
2026-12-06,M11,0,1,319
2026-12-07,M11,0,3,316
2026-12-08,M11,0,4,312
2026-12-09,M11,0,1,311
2026-12-10,M11,0,1,310
2026-12-11,M11,36,4,342
2026-12-12,M11,0,2,340
2026-12-13,M11,0,2,338
2026-12-14,M11,0,0,338
2026-12-15,M11,0,2,336
2026-12-16,M11,0,1,335
2026-12-17,M11,0,3,332
2026-12-18,M11,0,2,330
2026-12-19,M11,0,3,327
2026-12-20,M11,0,6,321
2026-12-21,M11,0,1,320
2026-12-22,M11,0,0,320
2026-12-23,M11,0,3,317
2026-12-24,M11,0,1,316
2026-12-25,M11,33,2,347
2026-12-26,M11,0,2,345
2026-12-27,M11,0,5,340
2026-12-28,M11,0,2,338
2026-12-29,M11,0,3,335
2026-12-30,M11,0,2,333
2026-12-31,M11,0,3,330
2025-01-01,M12,0,1,479
2025-01-02,M12,0,2,477
2025-01-03,M12,0,3,474
2025-01-04,M12,0,0,474
2025-01-05,M12,0,3,471
2025-01-06,M12,0,2,469
2025-01-07,M12,0,0,469
2025-01-08,M12,0,3,466
2025-01-09,M12,0,3,463
2025-01-10,M12,0,1,462
2025-01-11,M12,0,3,459
2025-01-12,M12,32,3,488
2025-01-13,M12,0,4,484
2025-01-14,M12,0,3,481
2025-01-15,M12,0,4,477
2025-01-16,M12,0,4,473
2025-01-17,M12,0,1,472
2025-01-18,M12,0,4,468
2025-01-19,M12,0,2,466
2025-01-20,M12,0,3,463
2025-01-21,M12,0,4,459
2025-01-22,M12,0,6,453
2025-01-23,M12,0,2,451
2025-01-24,M12,0,5,446
2025-01-25,M12,0,4,442
2025-01-26,M12,44,3,483
2025-01-27,M12,0,2,481
2025-01-28,M12,0,1,480
2025-01-29,M12,0,4,476
2025-01-30,M12,0,3,473
2025-01-31,M12,0,1,472
2025-02-01,M12,0,5,467
2025-02-02,M12,0,1,466
2025-02-03,M12,0,4,462
2025-02-04,M12,0,4,458
2025-02-05,M12,0,4,454
2025-02-06,M12,0,1,453
2025-02-07,M12,0,2,451
2025-02-08,M12,0,2,449
2025-02-09,M12,0,1,448
2025-02-10,M12,0,2,446
2025-02-11,M12,0,0,446
2025-02-12,M12,41,2,485
2025-02-13,M12,0,6,479
2025-02-14,M12,0,3,476
2025-02-15,M12,0,2,474
2025-02-16,M12,0,2,472
2025-02-17,M12,0,1,471
2025-02-18,M12,0,2,469
2025-02-19,M12,0,1,468
2025-02-20,M12,0,2,466
2025-02-21,M12,0,3,463
2025-02-22,M12,0,3,460
2025-02-23,M12,0,1,459
2025-02-24,M12,0,4,455
2025-02-25,M12,0,1,454
2025-02-26,M12,51,2,503
2025-02-27,M12,0,3,500
2025-02-28,M12,0,1,499
2025-03-01,M12,0,5,494
2025-03-02,M12,0,3,491
2025-03-03,M12,0,5,486
2025-03-04,M12,0,2,484
2025-03-05,M12,0,2,482
2025-03-06,M12,0,2,480
2025-03-07,M12,0,1,479
2025-03-08,M12,0,2,477
2025-03-09,M12,0,0,477
2025-03-10,M12,0,3,474
2025-03-11,M12,0,3,471
2025-03-12,M12,65,2,534
2025-03-13,M12,0,6,528
2025-03-14,M12,0,3,525
2025-03-15,M12,0,3,522
2025-03-16,M12,0,5,517
2025-03-17,M12,0,2,515
2025-03-18,M12,0,5,510
2025-03-19,M12,0,5,505
2025-03-20,M12,0,2,503
2025-03-21,M12,0,6,497
2025-03-22,M12,0,4,493
2025-03-23,M12,0,3,490
2025-03-24,M12,0,3,487
2025-03-25,M12,0,3,484
2025-03-26,M12,41,0,525
2025-03-27,M12,0,3,522
2025-03-28,M12,0,2,520
2025-03-29,M12,0,2,518
2025-03-30,M12,0,3,515
2025-03-31,M12,0,8,507
2025-04-01,M12,0,6,501
2025-04-02,M12,0,2,499
2025-04-03,M12,0,5,494
2025-04-04,M12,0,4,490
2025-04-05,M12,0,2,488
2025-04-06,M12,0,1,487
2025-04-07,M12,0,4,483
2025-04-08,M12,0,4,479
2025-04-09,M12,0,2,477
2025-04-10,M12,0,5,472
2025-04-11,M12,0,4,468
2025-04-12,M12,54,4,518
2025-04-13,M12,0,2,516
2025-04-14,M12,0,1,515
2025-04-15,M12,0,2,513
2025-04-16,M12,0,3,510
2025-04-17,M12,0,3,507
2025-04-18,M12,0,3,504
2025-04-19,M12,0,1,503
2025-04-20,M12,0,3,500
2025-04-21,M12,0,4,496
2025-04-22,M12,0,4,492
2025-04-23,M12,0,5,487
2025-04-24,M12,0,5,482
2025-04-25,M12,0,3,479
2025-04-26,M12,52,1,530
2025-04-27,M12,0,2,528
2025-04-28,M12,0,2,526
2025-04-29,M12,0,3,523
2025-04-30,M12,0,2,521
2025-05-01,M12,0,3,518
2025-05-02,M12,0,2,516
2025-05-03,M12,0,2,514
2025-05-04,M12,0,3,511
2025-05-05,M12,0,1,510
2025-05-06,M12,0,5,505
2025-05-07,M12,0,2,503
2025-05-08,M12,0,1,502
2025-05-09,M12,0,3,499
2025-05-10,M12,0,2,497
2025-05-11,M12,0,3,494
2025-05-12,M12,53,3,544
2025-05-13,M12,0,2,542
2025-05-14,M12,0,4,538
2025-05-15,M12,0,0,538
2025-05-16,M12,0,1,537
2025-05-17,M12,0,3,534
2025-05-18,M12,0,3,531
2025-05-19,M12,0,5,526
2025-05-20,M12,0,1,525
2025-05-21,M12,0,2,523
2025-05-22,M12,0,4,519
2025-05-23,M12,0,3,516
2025-05-24,M12,0,3,513
2025-05-25,M12,0,1,512
2025-05-26,M12,50,3,559
2025-05-27,M12,0,3,556
2025-05-28,M12,0,3,553
2025-05-29,M12,0,3,550
2025-05-30,M12,0,1,549
2025-05-31,M12,0,7,542
2025-06-01,M12,0,2,540
2025-06-02,M12,0,4,536
2025-06-03,M12,0,5,531
2025-06-04,M12,0,4,527
2025-06-05,M12,0,3,524
2025-06-06,M12,0,4,520
2025-06-07,M12,0,4,516
2025-06-08,M12,0,2,514
2025-06-09,M12,0,2,512
2025-06-10,M12,0,1,511
2025-06-11,M12,0,4,507
2025-06-12,M12,44,4,547
2025-06-13,M12,0,6,541
2025-06-14,M12,0,3,538
2025-06-15,M12,0,1,537
2025-06-16,M12,0,4,533
2025-06-17,M12,0,2,531
2025-06-18,M12,0,3,528
2025-06-19,M12,0,2,526
2025-06-20,M12,0,4,522
2025-06-21,M12,0,3,519
2025-06-22,M12,0,4,515
2025-06-23,M12,0,2,513
2025-06-24,M12,0,3,510
2025-06-25,M12,0,0,510
2025-06-26,M12,52,2,560
2025-06-27,M12,0,4,556
2025-06-28,M12,0,5,551
2025-06-29,M12,0,3,548
2025-06-30,M12,0,3,545
2025-07-01,M12,0,5,540
2025-07-02,M12,0,1,539
2025-07-03,M12,0,2,537
2025-07-04,M12,0,3,534
2025-07-05,M12,0,4,530
2025-07-06,M12,0,2,528
2025-07-07,M12,0,4,524
2025-07-08,M12,0,3,521
2025-07-09,M12,0,1,520
2025-07-10,M12,0,4,516
2025-07-11,M12,0,3,513
2025-07-12,M12,38,6,545
2025-07-13,M12,0,2,543
2025-07-14,M12,0,1,542
2025-07-15,M12,0,3,539
2025-07-16,M12,0,2,537
2025-07-17,M12,0,3,534
2025-07-18,M12,0,6,528
2025-07-19,M12,0,6,522
2025-07-20,M12,0,2,520
2025-07-21,M12,0,3,517
2025-07-22,M12,0,3,514
2025-07-23,M12,0,1,513
2025-07-24,M12,0,3,510
2025-07-25,M12,0,2,508
2025-07-26,M12,50,4,554
2025-07-27,M12,0,0,554
2025-07-28,M12,0,5,549
2025-07-29,M12,0,4,545
2025-07-30,M12,0,2,543
2025-07-31,M12,0,2,541
2025-08-01,M12,0,2,539
2025-08-02,M12,0,4,535
2025-08-03,M12,0,1,534
2025-08-04,M12,0,6,528
2025-08-05,M12,0,0,528
2025-08-06,M12,0,3,525
2025-08-07,M12,0,2,523
2025-08-08,M12,0,8,515
2025-08-09,M12,0,6,509
2025-08-10,M12,0,7,502
2025-08-11,M12,0,2,500
2025-08-12,M12,41,2,539
2025-08-13,M12,0,2,537
2025-08-14,M12,0,1,536
2025-08-15,M12,0,3,533
2025-08-16,M12,0,0,533
2025-08-17,M12,0,6,527
2025-08-18,M12,0,1,526
2025-08-19,M12,0,2,524
2025-08-20,M12,0,5,519
2025-08-21,M12,0,0,519
2025-08-22,M12,0,3,516
2025-08-23,M12,0,4,512
2025-08-24,M12,0,1,511
2025-08-25,M12,0,2,509
2025-08-26,M12,45,4,550
2025-08-27,M12,0,2,548
2025-08-28,M12,0,6,542
2025-08-29,M12,0,3,539
2025-08-30,M12,0,2,537
2025-08-31,M12,0,4,533
2025-09-01,M12,0,6,527
2025-09-02,M12,0,3,524
2025-09-03,M12,0,2,522
2025-09-04,M12,0,4,518
2025-09-05,M12,0,3,515
2025-09-06,M12,0,4,511
2025-09-07,M12,0,2,509
2025-09-08,M12,0,2,507
2025-09-09,M12,0,5,502
2025-09-10,M12,0,2,500
2025-09-11,M12,0,4,496
2025-09-12,M12,34,3,527
2025-09-13,M12,0,3,524
2025-09-14,M12,0,3,521
2025-09-15,M12,0,4,517
2025-09-16,M12,0,3,514
2025-09-17,M12,0,2,512
2025-09-18,M12,0,3,509
2025-09-19,M12,0,3,506
2025-09-20,M12,0,5,501
2025-09-21,M12,0,2,499
2025-09-22,M12,0,3,496
2025-09-23,M12,0,1,495
2025-09-24,M12,0,2,493
2025-09-25,M12,0,4,489
2025-09-26,M12,43,5,527
2025-09-27,M12,0,3,524
2025-09-28,M12,0,2,522
2025-09-29,M12,0,3,519
2025-09-30,M12,0,4,515
2025-10-01,M12,0,2,513
2025-10-02,M12,0,2,511
2025-10-03,M12,0,4,507
2025-10-04,M12,0,0,507
2025-10-05,M12,0,2,505
2025-10-06,M12,0,2,503
2025-10-07,M12,0,7,496
2025-10-08,M12,0,2,494
2025-10-09,M12,0,4,490
2025-10-10,M12,0,7,483
2025-10-11,M12,0,1,482
2025-10-12,M12,51,5,528
2025-10-13,M12,0,1,527
2025-10-14,M12,0,1,526
2025-10-15,M12,0,2,524
2025-10-16,M12,0,3,521
2025-10-17,M12,0,3,518
2025-10-18,M12,0,1,517
2025-10-19,M12,0,2,515
2025-10-20,M12,0,3,512
2025-10-21,M12,0,3,509
2025-10-22,M12,0,4,505
2025-10-23,M12,0,1,504
2025-10-24,M12,0,2,502
2025-10-25,M12,0,5,497
2025-10-26,M12,66,0,563
2025-10-27,M12,0,2,561
2025-10-28,M12,0,1,560
2025-10-29,M12,0,1,559
2025-10-30,M12,0,6,553
2025-10-31,M12,0,1,552
2025-11-01,M12,0,5,547
2025-11-02,M12,0,3,544
2025-11-03,M12,0,2,542
2025-11-04,M12,0,3,539
2025-11-05,M12,0,1,538
2025-11-06,M12,0,2,536
2025-11-07,M12,0,2,534
2025-11-08,M12,0,2,532
2025-11-09,M12,0,4,528
2025-11-10,M12,0,2,526
2025-11-11,M12,0,2,524
2025-11-12,M12,44,5,563
2025-11-13,M12,0,3,560
2025-11-14,M12,0,4,556
2025-11-15,M12,0,4,552
2025-11-16,M12,0,4,548
2025-11-17,M12,0,2,546
2025-11-18,M12,0,2,544
2025-11-19,M12,0,1,543
2025-11-20,M12,0,1,542
2025-11-21,M12,0,4,538
2025-11-22,M12,0,2,536
2025-11-23,M12,0,1,535
2025-11-24,M12,0,2,533
2025-11-25,M12,0,3,530
2025-11-26,M12,55,3,582
2025-11-27,M12,0,1,581
2025-11-28,M12,0,1,580
2025-11-29,M12,0,3,577
2025-11-30,M12,0,3,574
2025-12-01,M12,0,2,572
2025-12-02,M12,0,5,567
2025-12-03,M12,0,2,565
2025-12-04,M12,0,2,563
2025-12-05,M12,0,9,554
2025-12-06,M12,0,3,551
2025-12-07,M12,0,3,548
2025-12-08,M12,0,1,547
2025-12-09,M12,0,2,545
2025-12-10,M12,0,4,541
2025-12-11,M12,0,2,539
2025-12-12,M12,38,5,572
2025-12-13,M12,0,3,569
2025-12-14,M12,0,1,568
2025-12-15,M12,0,3,565
2025-12-16,M12,0,2,563
2025-12-17,M12,0,0,563
2025-12-18,M12,0,2,561
2025-12-19,M12,0,2,559
2025-12-20,M12,0,4,555
2025-12-21,M12,0,1,554
2025-12-22,M12,0,4,550
2025-12-23,M12,0,5,545
2025-12-24,M12,0,3,542
2025-12-25,M12,0,2,540
2025-12-26,M12,59,4,595
2025-12-27,M12,0,2,593
2025-12-28,M12,0,8,585
2025-12-29,M12,0,4,581
2025-12-30,M12,0,2,579
2025-12-31,M12,0,2,577
2026-01-01,M12,0,3,574
2026-01-02,M12,0,0,574
2026-01-03,M12,0,1,573
2026-01-04,M12,0,3,570
2026-01-05,M12,0,3,567
2026-01-06,M12,0,2,565
2026-01-07,M12,0,3,562
2026-01-08,M12,0,3,559
2026-01-09,M12,0,2,557
2026-01-10,M12,0,3,554
2026-01-11,M12,0,1,553
2026-01-12,M12,40,4,589
2026-01-13,M12,0,1,588
2026-01-14,M12,0,3,585
2026-01-15,M12,0,2,583
2026-01-16,M12,0,4,579
2026-01-17,M12,0,2,577
2026-01-18,M12,0,1,576
2026-01-19,M12,0,2,574
2026-01-20,M12,0,4,570
2026-01-21,M12,0,2,568
2026-01-22,M12,0,2,566
2026-01-23,M12,0,2,564
2026-01-24,M12,0,2,562
2026-01-25,M12,0,5,557
2026-01-26,M12,37,1,593
2026-01-27,M12,0,3,590
2026-01-28,M12,0,0,590
2026-01-29,M12,0,3,587
2026-01-30,M12,0,3,584
2026-01-31,M12,0,1,583
2026-02-01,M12,0,3,580
2026-02-02,M12,0,2,578
2026-02-03,M12,0,1,577
2026-02-04,M12,0,2,575
2026-02-05,M12,0,4,571
2026-02-06,M12,0,4,567
2026-02-07,M12,0,4,563
2026-02-08,M12,0,1,562
2026-02-09,M12,0,4,558
2026-02-10,M12,0,4,554
2026-02-11,M12,0,1,553
2026-02-12,M12,50,3,600
2026-02-13,M12,0,2,598
2026-02-14,M12,0,3,595
2026-02-15,M12,0,0,595
2026-02-16,M12,0,2,593
2026-02-17,M12,0,8,585
2026-02-18,M12,0,4,581
2026-02-19,M12,0,3,578
2026-02-20,M12,0,4,574
2026-02-21,M12,0,1,573
2026-02-22,M12,0,2,571
2026-02-23,M12,0,4,567
2026-02-24,M12,0,1,566
2026-02-25,M12,0,2,564
2026-02-26,M12,38,4,598
2026-02-27,M12,0,1,597
2026-02-28,M12,0,2,595
2026-03-01,M12,0,5,590
2026-03-02,M12,0,3,587
2026-03-03,M12,0,2,585
2026-03-04,M12,0,7,578
2026-03-05,M12,0,3,575
2026-03-06,M12,0,3,572
2026-03-07,M12,0,4,568
2026-03-08,M12,0,2,566
2026-03-09,M12,0,4,562
2026-03-10,M12,0,2,560
2026-03-11,M12,0,6,554
2026-03-12,M12,40,3,591
2026-03-13,M12,0,2,589
2026-03-14,M12,0,4,585
2026-03-15,M12,0,1,584
2026-03-16,M12,0,5,579
2026-03-17,M12,0,3,576
2026-03-18,M12,0,5,571
2026-03-19,M12,0,4,567
2026-03-20,M12,0,2,565
2026-03-21,M12,0,2,563
2026-03-22,M12,0,6,557
2026-03-23,M12,0,2,555
2026-03-24,M12,0,5,550
2026-03-25,M12,0,1,549
2026-03-26,M12,45,4,590
2026-03-27,M12,0,3,587
2026-03-28,M12,0,3,584
2026-03-29,M12,0,4,580
2026-03-30,M12,0,4,576
2026-03-31,M12,0,5,571
2026-04-01,M12,0,4,567
2026-04-02,M12,0,3,564
2026-04-03,M12,0,1,563
2026-04-04,M12,0,2,561
2026-04-05,M12,0,2,559
2026-04-06,M12,0,2,557
2026-04-07,M12,0,2,555
2026-04-08,M12,0,5,550
2026-04-09,M12,0,4,546
2026-04-10,M12,0,3,543
2026-04-11,M12,0,2,541
2026-04-12,M12,43,1,583
2026-04-13,M12,0,3,580
2026-04-14,M12,0,6,574
2026-04-15,M12,0,2,572
2026-04-16,M12,0,5,567
2026-04-17,M12,0,1,566
2026-04-18,M12,0,4,562
2026-04-19,M12,0,3,559
2026-04-20,M12,0,5,554
2026-04-21,M12,0,4,550
2026-04-22,M12,0,1,549
2026-04-23,M12,0,1,548
2026-04-24,M12,0,3,545
2026-04-25,M12,0,5,540
2026-04-26,M12,41,3,578
2026-04-27,M12,0,2,576
2026-04-28,M12,0,4,572
2026-04-29,M12,0,5,567
2026-04-30,M12,0,4,563
2026-05-01,M12,0,3,560
2026-05-02,M12,0,4,556
2026-05-03,M12,0,3,553
2026-05-04,M12,0,3,550
2026-05-05,M12,0,3,547
2026-05-06,M12,0,1,546
2026-05-07,M12,0,5,541
2026-05-08,M12,0,8,533
2026-05-09,M12,0,5,528
2026-05-10,M12,0,3,525
2026-05-11,M12,0,3,522
2026-05-12,M12,65,3,584
2026-05-13,M12,0,3,581
2026-05-14,M12,0,3,578
2026-05-15,M12,0,1,577
2026-05-16,M12,0,3,574
2026-05-17,M12,0,3,571
2026-05-18,M12,0,4,567
2026-05-19,M12,0,0,567
2026-05-20,M12,0,2,565
2026-05-21,M12,0,3,562
2026-05-22,M12,0,3,559
2026-05-23,M12,0,1,558
2026-05-24,M12,0,2,556
2026-05-25,M12,0,6,550
2026-05-26,M12,49,4,595
2026-05-27,M12,0,4,591
2026-05-28,M12,0,2,589
2026-05-29,M12,0,7,582
2026-05-30,M12,0,3,579
2026-05-31,M12,0,3,576
2026-06-01,M12,0,3,573
2026-06-02,M12,0,5,568
2026-06-03,M12,0,1,567
2026-06-04,M12,0,2,565
2026-06-05,M12,0,3,562
2026-06-06,M12,0,3,559
2026-06-07,M12,0,4,555
2026-06-08,M12,0,3,552
2026-06-09,M12,0,4,548
2026-06-10,M12,0,3,545
2026-06-11,M12,0,0,545
2026-06-12,M12,35,4,576
2026-06-13,M12,0,3,573
2026-06-14,M12,0,1,572
2026-06-15,M12,0,6,566
2026-06-16,M12,0,3,563
2026-06-17,M12,0,3,560
2026-06-18,M12,0,4,556
2026-06-19,M12,0,6,550
2026-06-20,M12,0,6,544
2026-06-21,M12,0,2,542
2026-06-22,M12,0,4,538
2026-06-23,M12,0,3,535
2026-06-24,M12,0,3,532
2026-06-25,M12,0,6,526
2026-06-26,M12,50,6,570
2026-06-27,M12,0,0,570
2026-06-28,M12,0,3,567
2026-06-29,M12,0,2,565
2026-06-30,M12,0,5,560
2026-07-01,M12,0,3,557
2026-07-02,M12,0,1,556
2026-07-03,M12,0,3,553
2026-07-04,M12,0,1,552
2026-07-05,M12,0,1,551
2026-07-06,M12,0,3,548
2026-07-07,M12,0,1,547
2026-07-08,M12,0,8,539
2026-07-09,M12,0,2,537
2026-07-10,M12,0,6,531
2026-07-11,M12,0,3,528
2026-07-12,M12,55,4,579
2026-07-13,M12,0,7,572
2026-07-14,M12,0,4,568
2026-07-15,M12,0,3,565
2026-07-16,M12,0,1,564
2026-07-17,M12,0,6,558
2026-07-18,M12,0,0,558
2026-07-19,M12,0,3,555
2026-07-20,M12,0,3,552
2026-07-21,M12,0,0,552
2026-07-22,M12,0,1,551
2026-07-23,M12,0,3,548
2026-07-24,M12,0,5,543
2026-07-25,M12,0,2,541
2026-07-26,M12,52,4,589
2026-07-27,M12,0,3,586
2026-07-28,M12,0,4,582
2026-07-29,M12,0,3,579
2026-07-30,M12,0,5,574
2026-07-31,M12,0,4,570
2026-08-01,M12,0,1,569
2026-08-02,M12,0,3,566
2026-08-03,M12,0,8,558
2026-08-04,M12,0,1,557
2026-08-05,M12,0,3,554
2026-08-06,M12,0,8,546
2026-08-07,M12,0,3,543
2026-08-08,M12,0,2,541
2026-08-09,M12,0,4,537
2026-08-10,M12,0,0,537
2026-08-11,M12,0,3,534
2026-08-12,M12,39,2,571
2026-08-13,M12,0,3,568
2026-08-14,M12,0,3,565
2026-08-15,M12,0,2,563
2026-08-16,M12,0,3,560
2026-08-17,M12,0,3,557
2026-08-18,M12,0,2,555
2026-08-19,M12,0,6,549
2026-08-20,M12,0,2,547
2026-08-21,M12,0,2,545
2026-08-22,M12,0,3,542
2026-08-23,M12,0,2,540
2026-08-24,M12,0,5,535
2026-08-25,M12,0,1,534
2026-08-26,M12,44,6,572
2026-08-27,M12,0,2,570
2026-08-28,M12,0,3,567
2026-08-29,M12,0,3,564
2026-08-30,M12,0,5,559
2026-08-31,M12,0,4,555
2026-09-01,M12,0,4,551
2026-09-02,M12,0,1,550
2026-09-03,M12,0,2,548
2026-09-04,M12,0,3,545
2026-09-05,M12,0,2,543
2026-09-06,M12,0,3,540
2026-09-07,M12,0,5,535
2026-09-08,M12,0,2,533
2026-09-09,M12,0,2,531
2026-09-10,M12,0,3,528
2026-09-11,M12,0,3,525
2026-09-12,M12,55,1,579
2026-09-13,M12,0,1,578
2026-09-14,M12,0,4,574
2026-09-15,M12,0,1,573
2026-09-16,M12,0,2,571
2026-09-17,M12,0,1,570
2026-09-18,M12,0,3,567
2026-09-19,M12,0,3,564
2026-09-20,M12,0,2,562
2026-09-21,M12,0,2,560
2026-09-22,M12,0,2,558
2026-09-23,M12,0,0,558
2026-09-24,M12,0,4,554
2026-09-25,M12,0,1,553
2026-09-26,M12,56,3,606
2026-09-27,M12,0,4,602
2026-09-28,M12,0,2,600
2026-09-29,M12,0,3,597
2026-09-30,M12,0,2,595
2026-10-01,M12,0,5,590
2026-10-02,M12,0,7,583
2026-10-03,M12,0,2,581
2026-10-04,M12,0,1,580
2026-10-05,M12,0,4,576
2026-10-06,M12,0,4,572
2026-10-07,M12,0,7,565
2026-10-08,M12,0,6,559
2026-10-09,M12,0,3,556
2026-10-10,M12,0,6,550
2026-10-11,M12,0,3,547
2026-10-12,M12,35,4,578
2026-10-13,M12,0,5,573
2026-10-14,M12,0,4,569
2026-10-15,M12,0,2,567
2026-10-16,M12,0,2,565
2026-10-17,M12,0,3,562
2026-10-18,M12,0,2,560
2026-10-19,M12,0,3,557
2026-10-20,M12,0,1,556
2026-10-21,M12,0,2,554
2026-10-22,M12,0,3,551
2026-10-23,M12,0,4,547
2026-10-24,M12,0,5,542
2026-10-25,M12,0,3,539
2026-10-26,M12,38,4,573
2026-10-27,M12,0,1,572
2026-10-28,M12,0,5,567
2026-10-29,M12,0,4,563
2026-10-30,M12,0,4,559
2026-10-31,M12,0,6,553
2026-11-01,M12,0,2,551
2026-11-02,M12,0,3,548
2026-11-03,M12,0,3,-12
2026-11-04,M12,0,4,541
2026-11-05,M12,0,3,538
2026-11-06,M12,0,2,536
2026-11-07,M12,0,0,536
2026-11-08,M12,0,3,533
2026-11-09,M12,0,3,530
2026-11-10,M12,0,2,528
2026-11-11,M12,0,4,524
2026-11-12,M12,54,1,577
2026-11-13,M12,0,4,573
2026-11-14,M12,0,3,570
2026-11-15,M12,0,3,567
2026-11-16,M12,0,3,564
2026-11-17,M12,0,2,562
2026-11-18,M12,0,0,562
2026-11-19,M12,0,2,560
2026-11-20,M12,0,1,559
2026-11-21,M12,0,1,558
2026-11-22,M12,0,5,553
2026-11-23,M12,0,1,552
2026-11-24,M12,0,1,551
2026-11-25,M12,0,3,548
2026-11-26,M12,50,0,598
2026-11-27,M12,0,3,595
2026-11-28,M12,0,4,591
2026-11-29,M12,0,10,581
2026-11-30,M12,0,2,579
2026-12-01,M12,0,6,573
2026-12-02,M12,0,2,571
2026-12-03,M12,0,3,568
2026-12-04,M12,0,3,565
2026-12-05,M12,0,3,562
2026-12-06,M12,0,1,561
2026-12-07,M12,0,3,558
2026-12-08,M12,0,3,555
2026-12-09,M12,0,4,551
2026-12-10,M12,0,3,548
2026-12-11,M12,0,1,547
2026-12-12,M12,52,1,598
2026-12-13,M12,0,4,594
2026-12-14,M12,0,3,591
2026-12-15,M12,0,4,587
2026-12-16,M12,0,4,583
2026-12-17,M12,0,2,581
2026-12-18,M12,0,1,580
2026-12-19,M12,0,6,574
2026-12-20,M12,0,4,570
2026-12-21,M12,0,2,568
2026-12-22,M12,0,2,566
2026-12-23,M12,0,3,563
2026-12-24,M12,0,6,557
2026-12-25,M12,0,2,555
2026-12-26,M12,52,3,604
2026-12-27,M12,0,4,600
2026-12-28,M12,0,4,596
2026-12-29,M12,0,3,593
2026-12-30,M12,0,3,590
2026-12-31,M12,0,4,586
